Issuer,Surveillance Score,Stress Tier,Stress Score,Fund Count,Peak Fund Count,Manager Count,Funds,Managers,Primary Industry,Total FV ($M),Total Cost ($M),Unrealized %,Nearest Maturity,Weighted Avg Rate %,Weighted Avg Spread (bps),Non-Accrual,Non-Accrual Funds,PIK,PIK Funds,First Seen,Last Seen,Period Count,Largest Fund,Largest Fund FV ($M)
"Pluralsight, Inc.",36,RED,10,4,4,4,"GSBD, OBDC, OCSL, TCPC","Blue Owl Credit Advisors, Goldman Sachs Asset Management, Oaktree Capital Management, Tennenbaum Capital Partners (BlackRock)",Professional Services,335.142,5171.843,-0.9352,08/22/29,6.69,150.0,True,"GSBD, OBDC, OCSL",True,TCPC,2025-09-30,2025-12-31,2,OBDC,127.492
"STG Distribution, LLC",27,RED,7,3,3,2,"PFLT, PNNT, PSEC","PennantPark Investment Advisers, Prospect Capital Management",Air Freight and Logistics,57.742,73.738,-0.2169,10/03/29,5.98,100.0,True,"PFLT, PNNT",True,PSEC,2025-09-30,2025-12-31,2,PSEC,30.41
Alpine Acquisition Corp II,27,RED,7,3,3,2,"CGBD, PFLT, PNNT","Carlyle Investment Management, PennantPark Investment Advisers",Transportation: Cargo,40.687,75.558,-0.4615,11/30/26,,,True,"CGBD, PFLT",False,,2025-09-30,2025-12-31,2,CGBD,16.076
"Thrasio, LLC",25,RED,6,3,3,3,"GSBD, OCSL, TCPC","Goldman Sachs Asset Management, Oaktree Capital Management, Tennenbaum Capital Partners (BlackRock)",Broadline Retail,122.3886,123.66,-0.0103,06/18/29,10.25,,True,"GSBD, OCSL",True,TCPC,2025-09-30,2025-12-31,2,OCSL,45.015
Walker Edison Furniture Company LLC,25,RED,7,3,3,2,"OBDC, PFLT, PNNT","Blue Owl Credit Advisors, PennantPark Investment Advisers",Household products,57.222,137.996,-0.5853,2/2026,,,True,OBDC,False,,2025-09-30,2025-12-31,2,OBDC,56.028
"HV Watterson Holdings, LLC",23,RED,6,2,3,2,"PNNT, SCM","PennantPark Investment Advisers, Stellus Capital Management",Business Services,16.738,34.018,-0.508,12/17/26,8.0,,True,PNNT,False,,2025-09-30,2025-12-31,2,PNNT,16.738
"Material Holdings, LLC",22,RED,5,2,2,2,"BXSL, CGBD","Blackstone Credit Advisors, Carlyle Investment Management",Professional Services,34.4978,46.205,-0.2534,8/19/2027,,,True,"BXSL, CGBD",False,,2025-09-30,2025-12-31,2,BXSL,22.799
ATX Networks Corp,21,RED,5,2,2,2,"FSK, GSBD","FS/KKR Advisor, Goldman Sachs Asset Management",Capital Goods,289.633,304.076,-0.0475,9/1/26,10.1,,True,"FSK, GSBD",True,FSK,2025-09-30,2025-12-31,2,FSK,284.1
"Pink Lily Holdco, LLC",21,RED,6,2,2,1,"PFLT, PNNT",PennantPark Investment Advisers,"Textiles, Apparel and Luxury Goods",10.023,22.608,-0.5567,11/09/27,4.27,,True,PNNT,False,,2025-09-30,2025-12-31,2,PNNT,6.431
"Buckeye Group Holdings, L.P.",21,RED,7,1,1,1,CGBD,Carlyle Investment Management,Auto Aftermarket & Services,3.042,39.302,-0.9226,,10.97,,True,CGBD,True,CGBD,2025-12-31,2025-12-31,1,CGBD,3.042
"Pluralsight, LLC and Pluralsight Holdings, LLC and Paradigmatic Holdco LLC",21,RED,7,1,1,1,ARCC,Ares Capital Management,,-2.0,43.6,-1.0459,08/2029,8.32,,True,ARCC,True,ARCC,2025-09-30,2025-12-31,2,ARCC,-2.0
"TAC Lifeport Holdings, LLC",20,RED,6,3,3,2,"PFLT, PNNT, SCM","PennantPark Investment Advisers, Stellus Capital Management",Aerospace and Defense,2.097,1068.144,-0.998,2/24/2021,,,False,,False,,2025-09-30,2025-12-31,2,PNNT,1.093
Streamland Media Midco LLC,20,RED,5,2,2,2,"GSBD, TCPC","Goldman Sachs Asset Management, Tennenbaum Capital Partners (BlackRock)",Entertainment,68.4589,88.8421,-0.2294,03/31/25,12.23,,True,GSBD,True,TCPC,2025-09-30,2025-12-31,2,GSBD,67.309
First Brands Group,20,RED,6,1,1,1,PSEC,Prospect Capital Management,Automobile Components,79.4912,211.593,-0.6243,6/29/2026,9.3,480.2,True,PSEC,True,PSEC,2025-09-30,2025-12-31,2,PSEC,79.4912
Eagle Football Holdings BidCo Limited and Eagle Football Holdings Limited,20,RED,6,1,1,1,ARCC,Ares Capital Management,,48.6,143.8,-0.662,12/2026,20.0,,True,ARCC,True,ARCC,2025-09-30,2025-12-31,2,ARCC,48.6
"United Sporting Companies, Inc.",20,RED,6,1,1,1,PSEC,Prospect Capital Management,Distributors,42.974,249.123,-0.8275,11/16/2019,11.0,1100.0,True,PSEC,True,PSEC,2025-09-30,2025-12-31,2,PSEC,42.974
USES Corp.,20,RED,6,1,1,1,PSEC,Prospect Capital Management,Commercial Services & Supplies,29.617,112.769,-0.7374,8/15/2026,13.59,900.0,True,PSEC,True,PSEC,2025-09-30,2025-12-31,2,PSEC,29.617
Bowery Farming Inc,20,RED,6,1,1,1,FSK,FS/KKR Advisor,"Food, Beverage & Tobacco",10.0,74.8,-0.8663,9/10/26,,,True,FSK,True,FSK,2025-09-30,2025-12-31,2,FSK,10.0
"Project 1920, Inc.",20,RED,6,1,1,1,TPVG,TriplePoint Advisers,Consumer Products and Services,4.284,57.6,-0.9256,3/25/2024,,,True,TPVG,False,,2025-09-30,2025-12-31,2,TPVG,4.284
"Mosaic Companies, LLC",20,RED,6,1,1,1,OCSL,Oaktree Capital Management,Home Improvement Retail,3.295,40.139,-0.9179,7/2/2026,8.25,,True,OCSL,False,,2025-09-30,2025-12-31,2,OCSL,3.295
PS Operating Company LLC and PS Op Holdings LLC,20,RED,6,1,1,1,ARCC,Ares Capital Management,,-2.0,54.4,-1.0368,12/2026,,,True,ARCC,False,,2025-09-30,2025-12-31,2,ARCC,-2.0
"Performance Health Holdings, Inc.",19,RED,5,3,3,3,"CGBD, FSK, OCSL","Carlyle Investment Management, FS/KKR Advisor, Oaktree Capital Management",Healthcare & Pharmaceuticals,23.006,115.609,-0.801,7/12/27,3.75,,False,,False,,2025-09-30,2025-12-31,2,OCSL,16.562
"Credit.com Holdings, LLC",19,RED,6,1,1,1,PSEC,Prospect Capital Management,Diversified Consumer Services,103.6341,286.552,-0.6383,9/28/2028,15.39,1100.0,True,PSEC,True,PSEC,2025-09-30,2025-12-31,2,PSEC,103.6341
"Khoros, LLC",19,RED,6,1,1,1,HTGC,Hercules Capital (internal),Debt Investments,33.281,78.263,-0.5748,,6.62,450.0,True,HTGC,True,HTGC,2025-09-30,2025-12-31,2,HTGC,33.281
"Edge Adhesives Holdings, Inc. – Term Debt (S + 5.5 %, 9.6 % Cash, Due 8/2026)",19,RED,6,1,1,1,GLAD,Gladstone Management Corporation,,0.513,6.14,-0.9164,,,,True,GLAD,False,,2025-09-30,2025-12-31,2,GLAD,0.513
"Edge Adhesives Holdings, Inc. – Term Debt (S + 5.5 %, 9.2 % Cash, Due 8/2026)",19,RED,6,1,1,1,GLAD,Gladstone Management Corporation,,0.468,6.14,-0.9238,,,,True,GLAD,False,,2025-12-31,2025-12-31,1,GLAD,0.468
"Daylight Beta Parent LLC and CFCo, LLC",19,RED,6,1,1,1,ARCC,Ares Capital Management,Insurance,0.4,25.0,-0.984,09/2033,,,True,ARCC,False,,2025-09-30,2025-12-31,2,ARCC,0.4
Pathway Vet Alliance LLC and Jedi Group Holdings LLC,19,RED,6,1,1,1,ARCC,Ares Capital Management,,-2.0,75.5,-1.0265,06/2028,,,True,ARCC,False,,2025-09-30,2025-12-31,2,ARCC,-2.0
"Spotless Brands, LLC",18,ORANGE,4,4,4,4,"CGBD, FSK, GSBD, OBDC","Blue Owl Credit Advisors, Carlyle Investment Management, FS/KKR Advisor, Goldman Sachs Asset Management",Consumer Services,371.7714,542.583,-0.3148,7/25/28,9.59,,False,,False,,2025-09-30,2025-12-31,2,OBDC,146.1014
"Maverick Acquisition, Inc.",18,ORANGE,4,2,2,2,"BXSL, CGBD","Blackstone Credit Advisors, Carlyle Investment Management",Aerospace & Defense,37.732,52.969,-0.2877,6/1/2027,,,True,BXSL,False,,2025-09-30,2025-12-31,2,CGBD,25.459
DCA Investment Holding LLC,18,ORANGE,4,2,2,2,"CGBD, GBDC","Carlyle Investment Management, GC Advisors",Healthcare & Pharmaceuticals,26.492,29.118,-0.0902,12/2022,,,True,"CGBD, GBDC",False,,2025-09-30,2025-12-31,2,CGBD,25.828
NBG Home,18,RED,5,1,1,1,FSK,FS/KKR Advisor,Consumer Durables & Apparel,56.3,83.6,-0.3266,3/30/25,,,True,FSK,True,FSK,2025-09-30,2025-12-31,2,FSK,56.3
Mind Candy Limited,18,RED,5,1,1,1,TPVG,TriplePoint Advisers,Entertainment,45.786,96.052,-0.5233,12/31/2025,,,True,TPVG,False,,2025-09-30,2025-12-31,2,TPVG,45.786
Frubana Inc.,18,RED,5,1,1,1,TPVG,TriplePoint Advisers,Consumer Products and Services,33.788,80.605,-0.5808,10/31/2026,,,True,TPVG,False,,2025-09-30,2025-12-31,2,TPVG,33.788
"American Teleconferencing Services, Ltd.",18,RED,5,1,1,1,MAIN,Main Street Capital (internal),,17.196,35.401,-0.5143,4/7/2023,,,True,MAIN,False,,2025-09-30,2025-12-31,2,MAIN,17.196
"Dialyze Holdings, LLC",18,RED,5,1,1,1,OCSL,Oaktree Capital Management,Health Care Equipment,15.865,53.689,-0.7045,2/4/2027,11.0,,True,OCSL,False,,2025-09-30,2025-12-31,2,OCSL,15.865
"North Haven Falcon Buyer, LLC+",18,RED,5,1,1,1,GBDC,GC Advisors,Auto Components,13.836,20.107,-0.3119,05/2021,,,True,GBDC,True,GBDC,2025-09-30,2025-12-31,2,GBDC,13.836
Miami Beach Medical Group LLC,18,RED,5,1,1,1,FSK,FS/KKR Advisor,Health Care Equipment & Services,11.5,18.3,-0.3716,2/18/25,1.5,,True,FSK,True,FSK,2025-12-31,2025-12-31,1,FSK,11.5
"PS Operating Company LLC (fka QC Supply, LLC)",18,RED,5,1,1,1,OBDC,Blue Owl Credit Advisors,Distribution,11.224,51.479,-0.782,12/2026,,,True,OBDC,False,,2025-09-30,2025-12-31,2,OBDC,11.224
Accuride Corp,18,RED,5,1,1,1,FSK,FS/KKR Advisor,Capital Goods,10.1,14.5,-0.3034,4/19/25,3.87,,True,FSK,True,FSK,2025-09-30,2025-12-31,2,FSK,10.1
"Aimbridge Acquisition Co., Inc.",18,RED,5,1,1,1,CGBD,Carlyle Investment Management,Leisure Products & Services,2.258,9.139,-0.7529,2/1/2027,,,True,CGBD,False,,2025-09-30,2025-12-31,2,CGBD,2.258
"Synapse Financial Technologies, Inc.",18,RED,5,1,1,1,TPVG,TriplePoint Advisers,Financial Software,0.079,0.727,-0.8913,7/31/2025,,,True,TPVG,False,,2025-09-30,2025-12-31,2,TPVG,0.079
Kellermeyer Bergensons Services LLC,17,ORANGE,4,2,2,2,"FSK, TCPC","FS/KKR Advisor, Tennenbaum Capital Partners (BlackRock)",Commercial & Professional Services,609.9067,617.201,-0.0118,11/6/28,3.6,457.1,True,FSK,True,"FSK, TCPC",2025-09-30,2025-12-31,2,FSK,606.0
"UniTek Global Services, Inc.",17,RED,5,2,2,2,"MAIN, PFLT","Main Street Capital (internal), PennantPark Investment Advisers",Telecommunications,50.396,2332.289,-0.9784,1/13/2015,17.62,,False,,False,,2025-09-30,2025-12-31,2,MAIN,48.955
Streamland Media Holdings LLC,17,RED,5,2,2,2,"GSBD, SLRC","Goldman Sachs Asset Management, SLR Capital Partners",Entertainment,13.515,166.314,-0.9187,5/2025,,,False,,False,,2025-09-30,2025-12-31,2,SLRC,7.122
Loft Orbital Solutions Inc.,17,RED,5,2,2,2,"HTGC, TPVG","Hercules Capital (internal), TriplePoint Advisers",Space Technologies,9.415,28.6,-0.6708,11/30/2027,1.75,175.0,False,,True,HTGC,2025-09-30,2025-12-31,2,HTGC,8.763
Accommodations Plus Technologies LLC,17,RED,5,2,2,2,"ARCC, GSBD","Ares Capital Management, Goldman Sachs Asset Management",Commercial and Professional Services,4.513,122.013,-0.963,05/28/32,8.94,,False,,False,,2025-09-30,2025-12-31,2,GSBD,4.513
Vital Bidco AB (dba Vitamin Well),17,RED,5,1,1,1,OBDC,Blue Owl Credit Advisors,Food and beverage,111.3382,936.484,-0.8811,10/2030,,,True,OBDC,False,,2025-09-30,2025-12-31,2,OBDC,111.3382
"B+T Group Acquisition, Inc. – Term Debt (SOFR+ 2.0 %, 7.0 % Cash, Due 12/2026)",17,RED,5,1,1,1,GAIN,Gladstone Management Corporation,,7.686,28.0,-0.7255,,,,True,GAIN,False,,2025-09-30,2025-12-31,2,GAIN,7.686
"Daylight Beta Parent, LLC (Benefytt Technologies, Inc.)",17,RED,5,1,1,1,BXSL,Blackstone Credit Advisors,Insurance,2.302,11.118,-0.7929,9/12/2033,,,True,BXSL,False,,2025-12-31,2025-12-31,1,BXSL,2.302
Bird Holding B.V. (fka MessageBird Holding B.V.),17,RED,5,1,1,1,OBDC,Blue Owl Credit Advisors,Internet software and services,0.346,1.543,-0.7758,,,,True,OBDC,False,,2025-09-30,2025-12-31,2,OBDC,0.346
"PetVet Care Centers, LLC",16,ORANGE,4,3,3,3,"ARCC, OBDC, OCSL","Ares Capital Management, Blue Owl Credit Advisors, Oaktree Capital Management",Health Care Services,324.886,480.612,-0.324,11/2029,8.17,,False,,False,,2025-09-30,2025-12-31,2,OBDC,220.478
DRI Holding Inc.,16,ORANGE,4,3,3,2,"PFLT, PNNT, PSEC","PennantPark Investment Advisers, Prospect Capital Management",Media,462.7808,775.281,-0.4031,12/21/28,9.36,525.0,False,,False,,2025-09-30,2025-12-31,2,PSEC,420.6718
"OfferUp, Inc.",16,RED,5,2,2,2,"HTGC, TPVG","Hercules Capital (internal), TriplePoint Advisers",Consumer & Business Services,1.275,135.596,-0.9906,,,,False,,False,,2025-09-30,2025-12-31,2,HTGC,1.233
"Grove Collaborative, Inc.",16,RED,5,2,2,2,"HTGC, TPVG","Hercules Capital (internal), TriplePoint Advisers",Consumer & Business Products,1.022,32.889,-0.9689,,,,False,,False,,2025-09-30,2025-12-31,2,TPVG,0.991
Grey Orange International Inc.,16,RED,5,2,2,2,"TCPC, TPVG","Tennenbaum Capital Partners (BlackRock), TriplePoint Advisers",Software,0.1252,52.784,-0.9976,,,,False,,False,,2025-09-30,2025-12-31,2,TPVG,0.121
"Hyphen Solutions, LLC",16,RED,5,2,2,2,"ARCC, CGBD","Ares Capital Management, Carlyle Investment Management",,-0.011,11.9,-1.0009,08/2032,8.22,,False,,False,,2025-09-30,2025-12-31,2,ARCC,0.0
"Municipal Emergency Services, Inc.",16,RED,5,2,2,1,"PFLT, PNNT",PennantPark Investment Advisers,Distributors,52.7,2019.63,-0.9739,10/01/27,8.84,,False,,False,,2025-09-30,2025-12-31,2,PNNT,37.329
"Penta Group Holdings, Inc.",16,RED,5,2,2,1,"PFLT, PNNT",PennantPark Investment Advisers,Professional Services,37.753,1948.014,-0.9806,7/31/2025,8.81,,False,,False,,2025-09-30,2025-12-31,2,PFLT,33.191
"Quad (U.S.) Co-Invest, LP",16,RED,5,2,2,1,"PFLT, PNNT",PennantPark Investment Advisers,Professional Services,8.661,475.604,-0.9818,10/3/2022,,,False,,False,,2025-09-30,2025-12-31,2,PNNT,8.191
"New Medina Health, LLC",16,RED,5,2,2,1,"PFLT, PNNT",PennantPark Investment Advisers,Healthcare Providers and Services,7.713,2675.504,-0.9971,10/16/2023,,,False,,False,,2025-09-30,2025-12-31,2,PNNT,5.04
"White Tiger Newco, LLC",16,RED,5,2,2,1,"PFLT, PNNT",PennantPark Investment Advisers,Capital Equipment,6.931,77.599,-0.9107,07/31/25,,,False,,False,,2025-09-30,2025-12-31,2,PFLT,5.8
"Sabel InvestCo, LP.",16,RED,5,2,2,1,"PFLT, PNNT",PennantPark Investment Advisers,Government Services,6.643,443.656,-0.985,12/23/2019,,,False,,False,,2025-09-30,2025-12-31,2,PFLT,4.542
"New Insight Holdings, Inc.",16,RED,5,2,2,1,"PFLT, PNNT",PennantPark Investment Advisers,Business Services,5.609,206.21,-0.9728,07/15/24,,,False,,False,,2025-09-30,2025-12-31,2,PFLT,3.565
"Urology Partners Co., LP",16,RED,5,2,2,1,"PFLT, PNNT",PennantPark Investment Advisers,Healthcare Providers and Services,5.35,695.555,-0.9923,1/20/2023,,,False,,False,,2025-09-30,2025-12-31,2,PNNT,4.656
"OceanSound Discovery Equity, LP",16,RED,5,2,2,1,"PFLT, PNNT",PennantPark Investment Advisers,Aerospace and Defense,5.231,214.34,-0.9756,3/28/2024,,,False,,False,,2025-09-30,2025-12-31,2,PNNT,3.112
"RFMG Parent, LP",16,RED,5,2,2,1,"PFLT, PNNT",PennantPark Investment Advisers,Healthcare Equipment and Supplies,4.622,2102.1,-0.9978,5/1/2020,,,False,,False,,2025-09-30,2025-12-31,2,PNNT,2.522
"Rosco Topco, LLC",16,RED,5,2,2,1,"PFLT, PNNT",PennantPark Investment Advisers,Business Services,4.429,3035.884,-0.9985,12/16/2020,,,False,,False,,2025-09-30,2025-12-31,2,PFLT,3.034
"OHCP V BC COI, LP",16,RED,5,2,2,1,"PFLT, PNNT",PennantPark Investment Advisers,Distributors,3.233,2501.407,-0.9987,12/13/2021,,,False,,False,,2025-09-30,2025-12-31,2,PFLT,2.41
NFS,16,RED,5,2,2,1,"PFLT, PNNT",PennantPark Investment Advisers,Commercial Services & Supplies,3.149,1338.343,-0.9976,9/13/2024,,,False,,False,,2025-09-30,2025-12-31,2,PNNT,1.812
"RTIC Parent Holdings, LLC",16,RED,5,2,2,1,"PFLT, PNNT",PennantPark Investment Advisers,Leisure Products,2.867,38.856,-0.9262,5/3/2024,,,False,,False,,2025-09-30,2025-12-31,2,PNNT,1.447
"SP L2 Holdings, LLC",16,RED,5,2,2,1,"PFLT, PNNT",PennantPark Investment Advisers,Leisure Products,2.666,572.623,-0.9953,11/4/2021,,,False,,False,,2025-09-30,2025-12-31,2,PNNT,1.88
"SBI Holdings Investments, LLC",16,RED,5,2,2,1,"PFLT, PNNT",PennantPark Investment Advisers,Professional Services,1.985,130.0,-0.9847,12/23/2019,,,False,,False,,2025-09-30,2025-12-31,2,PFLT,1.292
"Ro Health Holdings, Inc.",16,RED,5,2,2,1,"PFLT, PNNT",PennantPark Investment Advisers,Healthcare Providers and Services,1.913,1073.38,-0.9982,5/1/2020,,,False,,False,,2025-09-30,2025-12-31,2,PFLT,1.072
"PCS Parent, LP",16,RED,5,2,2,1,"PFLT, PNNT",PennantPark Investment Advisers,Professional Services,1.307,424.089,-0.9969,3/1/2024,,,False,,False,,2025-09-30,2025-12-31,2,PNNT,0.884
"Tower Arch Infolinks Media, LP",16,RED,5,2,2,1,"PFLT, PNNT",PennantPark Investment Advisers,Media,1.289,731.582,-0.9982,2/24/2021,,,False,,False,,2025-09-30,2025-12-31,2,PNNT,0.992
"SP DXE Holdings, LLC",16,RED,5,2,2,1,"PFLT, PNNT",PennantPark Investment Advisers,"Electronic Equipment, Instruments, and Components",1.135,554.146,-0.998,12/20/2024,,,False,,False,,2025-12-31,2025-12-31,1,PNNT,0.581
"NXOF Holdings, Inc.",16,RED,5,2,2,1,"PFLT, PNNT",PennantPark Investment Advisers,IT Services,1.045,37.983,-0.9725,9/25/2018,,,False,,False,,2025-09-30,2025-12-31,2,PNNT,0.549
"North Haven Saints Equity Holdings, LP",16,RED,5,2,2,1,"PFLT, PNNT",PennantPark Investment Advisers,Healthcare Technology,0.994,224.306,-0.9956,2/25/2022,,,False,,False,,2025-09-30,2025-12-31,2,PNNT,0.77
"TPC Holding Company, LP",16,RED,5,2,2,1,"PFLT, PNNT",PennantPark Investment Advisers,Food Products,0.94,43.901,-0.9786,12/4/2019,,,False,,False,,2025-09-30,2025-12-31,2,PNNT,0.487
"QuantiTech InvestCo, LP",16,RED,5,2,2,1,"PFLT, PNNT",PennantPark Investment Advisers,Aerospace and Defense,0.193,3.31,-0.9417,5/1/2020,,,False,,False,,2025-09-30,2025-12-31,2,PFLT,0.193
"TWD Parent Holdings, LLC",16,RED,5,2,2,1,"PFLT, PNNT",PennantPark Investment Advisers,Construction & Engineering,0.173,1.761,-0.9018,8/25/2021,,,False,,False,,2025-09-30,2025-12-31,2,PNNT,0.126
"ORL Holdco, Inc.",16,RED,5,2,2,1,"PFLT, PNNT",PennantPark Investment Advisers,Consumer Finance,0.083,1.486,-0.9441,9/1/2021,,,False,,False,,2025-09-30,2025-12-31,2,PNNT,0.068
National Dentex Labs LLC (fka Barracuda Dental LLC),16,ORANGE,4,1,1,1,OBDC,Blue Owl Credit Advisors,,181.035,290.929,-0.3777,1/2026,,,True,OBDC,False,,2025-09-30,2025-12-31,2,OBDC,181.035
"Robbins Bros. Jewelry, Inc.",16,ORANGE,4,1,1,1,MAIN,Main Street Capital (internal),,103.955,153.754,-0.3239,12/15/2026,12.5,,True,MAIN,False,,2025-09-30,2025-12-31,2,MAIN,103.955
"Absolute Dental Group LLC and Absolute Dental Equity, LLC",16,ORANGE,4,1,1,1,ARCC,Ares Capital Management,Health Care Equipment and Services,101.0,176.8,-0.4287,06/2026,,,True,ARCC,False,,2025-09-30,2025-12-31,2,ARCC,101.0
"BAART Programs, Inc.",16,ORANGE,4,1,1,1,OCSL,Oaktree Capital Management,Health Care Services,49.964,71.669,-0.3029,6/11/2026,5.59,,True,OCSL,False,,2025-09-30,2025-12-31,2,OCSL,49.964
"OnAsset Intelligence, Inc.",16,ORANGE,4,1,1,1,MAIN,Main Street Capital (internal),,13.922,21.466,-0.3514,5/10/2027,11.02,,True,MAIN,False,,2025-09-30,2025-12-31,2,MAIN,13.922
U.S. TelePacific Corp.,16,ORANGE,4,1,1,1,MAIN,Main Street Capital (internal),,13.796,26.547,-0.4803,5/2/2027,12.09,,True,MAIN,False,,2025-09-30,2025-12-31,2,MAIN,13.796
"ATS Workholding, LLC",16,ORANGE,4,1,1,1,MAIN,Main Street Capital (internal),,9.198,14.34,-0.3586,9/1/2024,5.0,,True,MAIN,False,,2025-09-30,2025-12-31,2,MAIN,9.198
"Norvax, LLC (dba GoHealth)",16,ORANGE,4,1,1,1,OBDC,Blue Owl Credit Advisors,Insurance,3.469,6.057,-0.4273,6/2025,,,True,OBDC,False,,2025-09-30,2025-12-31,2,OBDC,3.469
"Vardiman Black Holdings, LLC (dba Specialty Dental Brands)",16,ORANGE,4,1,1,1,GSBD,Goldman Sachs Asset Management,Health Care Providers & Services,0.602,0.892,-0.3251,03/18/27,10.97,,True,GSBD,False,,2025-09-30,2025-12-31,2,GSBD,0.602
"Kaseya, Inc.",15,ORANGE,3,6,6,6,"CGBD, GSBD, OBDC, OCSL, SLRC, TCPC","Blue Owl Credit Advisors, Carlyle Investment Management, Goldman Sachs Asset Management, Oaktree Capital Management, SLR Capital Partners, Tennenbaum Capital Partners (BlackRock)",High Tech Industries,153.0634,152.1893,0.0057,06/25/29,6.59,,False,,True,SLRC,2025-09-30,2025-12-31,2,CGBD,36.846
Burgess Point Purchaser Corporation,15,ORANGE,3,4,4,3,"ARCC, PFLT, PNNT, PSEC","Ares Capital Management, PennantPark Investment Advisers, Prospect Capital Management",Auto Components,148.94,188.645,-0.2105,07/25/29,11.68,900.0,False,,False,,2025-09-30,2025-12-31,2,PSEC,105.686
"Iracore International Holdings, Inc.",15,ORANGE,4,2,2,2,"GSBD, TCPC","Goldman Sachs Asset Management, Tennenbaum Capital Partners (BlackRock)",Energy Equipment & Services,9.3326,31.2426,-0.7013,04/12/26,11.91,,False,,False,,2025-09-30,2025-12-31,2,GSBD,8.49
"Connatix Parent, LLC",15,ORANGE,4,2,2,2,"BXSL, PNNT","Blackstone Credit Advisors, PennantPark Investment Advisers",Software,0.517,1.102,-0.5309,7/14/2021,,,False,,False,,2025-09-30,2025-12-31,2,PNNT,0.323
Reliant Rehab Hospital Cincinnati LLC,15,ORANGE,4,1,1,1,FSK,FS/KKR Advisor,Health Care Equipment & Services,140.9,179.7,-0.2159,2/28/26,0.0,,True,FSK,True,FSK,2025-09-30,2025-12-31,2,FSK,140.9
"Inhance Parent, Inc.+",15,ORANGE,4,1,1,1,GBDC,GC Advisors,Chemicals,59.381,70.157,-0.1536,07/2018,,,True,GBDC,True,GBDC,2025-09-30,2025-12-31,2,GBDC,59.381
"Tedder Industries, LLC",15,ORANGE,4,1,1,1,MAIN,Main Street Capital (internal),,37.235,71.955,-0.4825,,12.0,,True,MAIN,False,,2025-09-30,2025-12-31,2,MAIN,37.235
EOS Finco S.A.R.L,15,ORANGE,4,1,1,1,OBDC,Blue Owl Credit Advisors,Telecommunications,33.332,59.182,-0.4368,10/2029,,,True,OBDC,False,,2025-09-30,2025-12-31,2,OBDC,33.332
Elite Dental Partners LLC+,15,ORANGE,4,1,1,1,GBDC,GC Advisors,Healthcare Providers & Services,23.834,34.39,-0.3069,,,,True,GBDC,False,,2025-09-30,2025-12-31,2,GBDC,23.834
"Interface Security Systems, L.L.C",15,ORANGE,4,1,1,1,MAIN,Main Street Capital (internal),,22.612,38.034,-0.4055,,12.02,,True,MAIN,False,,2025-09-30,2025-12-31,2,MAIN,22.612
"AAC Holdings, Inc.",15,ORANGE,4,1,1,1,MAIN,Main Street Capital (internal),,19.337,32.933,-0.4128,,19.86,,True,MAIN,False,,2025-09-30,2025-12-31,2,MAIN,19.337
"Student Resource Center, LLC",15,ORANGE,4,1,1,1,MAIN,Main Street Capital (internal),,9.376,15.947,-0.4121,,8.5,,True,MAIN,False,,2025-09-30,2025-12-31,2,MAIN,9.376
"Atlas Purchaser, Inc.",15,ORANGE,4,1,1,1,PNNT,PennantPark Investment Advisers,Telecommunications,8.501,13.6,-0.3749,05/06/2028,,,True,PNNT,False,,2025-12-31,2025-12-31,1,PNNT,8.501
"Aventiv Technologies, Inc. (Securus)",15,RED,5,1,1,1,TCPC,Tennenbaum Capital Partners (BlackRock),Diversified Telecommunication Services,1.0441,24.9009,-0.9581,10/31/2025,1.26,805.0,False,,True,TCPC,2025-12-31,2025-12-31,1,TCPC,1.0441
Naviga Inc.+,15,ORANGE,4,1,1,1,GBDC,GC Advisors,,0.121,0.184,-0.3424,,,,True,GBDC,False,,2025-09-30,2025-12-31,2,GBDC,0.121
"Professional Fighters League, LLC and PFL MMA, Inc.",15,RED,5,1,1,1,ARCC,Ares Capital Management,,-10.0,56.6,-1.1767,01/2026,,,False,,True,ARCC,2025-09-30,2025-12-31,2,ARCC,-10.0
"PlayPower, Inc.",14,ORANGE,3,4,4,3,"PFLT, PNNT, PSEC, TCPC","PennantPark Investment Advisers, Prospect Capital Management, Tennenbaum Capital Partners (BlackRock)",Leisure Products,69.7734,92.9318,-0.2492,08/28/2030,5.25,,False,,False,,2025-09-30,2025-12-31,2,PFLT,32.086
"Granicus, Inc.",14,ORANGE,3,3,3,3,"BXSL, FSK, OBDC","Blackstone Credit Advisors, Blue Owl Credit Advisors, FS/KKR Advisor",Software (continued),102.035,101.343,0.0068,1/17/31,2.2,,False,,True,FSK,2025-09-30,2025-12-31,2,FSK,49.6
"Einstein Parent, Inc.",14,ORANGE,4,2,2,2,"ARCC, CGBD","Ares Capital Management, Carlyle Investment Management",Software,29.986,75.578,-0.6032,01/2031,10.36,,False,,False,,2025-09-30,2025-12-31,2,CGBD,29.986
Werner Finco LP,14,ORANGE,4,2,2,2,"ARCC, OCSL","Ares Capital Management, Oaktree Capital Management",Building Products,25.189,134.876,-0.8132,06/2031,8.52,,False,,False,,2025-09-30,2025-12-31,2,OCSL,25.189
"The Hiller Companies, LLC",14,ORANGE,4,2,2,2,"ARCC, BXSL","Ares Capital Management, Blackstone Credit Advisors",Commercial Services & Supplies (continued),19.891,124.987,-0.8409,06/2030,8.71,,False,,False,,2025-09-30,2025-12-31,2,BXSL,19.891
"ClubCorp Holdings, Inc.",14,ORANGE,4,2,2,2,"ARCC, SLRC","Ares Capital Management, SLR Capital Partners","Hotels, Restaurants & Leisure",4.55,45.15,-0.8992,07/2032,9.11,,False,,False,,2025-09-30,2025-12-31,2,SLRC,4.55
"Fabletics, Inc.",14,ORANGE,4,2,2,2,"HTGC, TPVG","Hercules Capital (internal), TriplePoint Advisers",Consumer & Business Products,4.481,9.669,-0.5366,4/25/2029,,,False,,False,,2025-09-30,2025-12-31,2,TPVG,3.819
"Artifact Bidco, Inc.",14,ORANGE,4,2,2,2,"ARCC, CGBD","Ares Capital Management, Carlyle Investment Management",Software and Services,2.105,9.492,-0.7782,07/2031,7.82,,False,,False,,2025-09-30,2025-12-31,2,CGBD,2.105
"Medina Health, LLC",14,ORANGE,3,2,2,1,"PFLT, PNNT",PennantPark Investment Advisers,Healthcare Providers and Services,118.436,133.005,-0.1095,10/20/28,10.08,,True,PNNT,False,,2025-09-30,2025-12-31,2,PFLT,79.479
Paving Lessor Corp.,14,ORANGE,4,2,2,1,"PFLT, PNNT",PennantPark Investment Advisers,Business Services,39.431,79.18,-0.502,07/01/2027,,,False,,False,,2025-09-30,2025-12-31,2,PFLT,32.475
"PD Tri-State Holdco, LLC",14,ORANGE,4,2,2,1,"PFLT, PNNT",PennantPark Investment Advisers,Diversified Consumer Services,5.93,14.722,-0.5972,10/14/30,8.92,,False,,False,,2025-12-31,2025-12-31,1,PFLT,2.965
"TCG 3.0 Jogger Co-Invest, LP",14,ORANGE,4,2,2,1,"PFLT, PNNT",PennantPark Investment Advisers,Media,5.088,20.72,-0.7544,12/6/2023,,,False,,False,,2025-09-30,2025-12-31,2,PFLT,3.52
"Watchtower Holdings, LLC",14,ORANGE,4,2,2,1,"PFLT, PNNT",PennantPark Investment Advisers,"Electronic Equipment, Instruments, and Components",4.995,27.322,-0.8172,6/14/2021,,,False,,False,,2025-09-30,2025-12-31,2,PNNT,2.511
"Seaway Topco, LP",14,ORANGE,4,2,2,1,"PFLT, PNNT",PennantPark Investment Advisers,"Chemicals, Plastics and Rubber",2.152,6.554,-0.6717,6/8/2022,,,False,,False,,2025-09-30,2025-12-31,2,PNNT,1.56
"NEPRT Parent Holdings, LLC",14,ORANGE,4,2,2,1,"PFLT, PNNT",PennantPark Investment Advisers,Leisure Products,1.982,3.994,-0.5038,1/27/2021,,,False,,False,,2025-09-30,2025-12-31,2,PFLT,1.438
"Gauge ETE Blocker, LLC",14,ORANGE,4,2,2,1,"PFLT, PNNT",PennantPark Investment Advisers,Diversified Consumer Services,0.573,0.944,-0.393,05/21/2029,12.56,,False,,True,PNNT,2025-09-30,2025-12-31,2,PNNT,0.573
UniVista Insurance,14,ORANGE,4,2,2,1,"PFLT, PNNT",PennantPark Investment Advisers,Insurance,0.226,0.8,-0.7175,6/14/2021,,,False,,False,,2025-09-30,2025-12-31,2,PFLT,0.226
"QuantiTech InvestCo II, LP",14,ORANGE,4,2,2,1,"PFLT, PNNT",PennantPark Investment Advisers,Aerospace and Defense,0.019,0.052,-0.6346,5/1/2020,,,False,,False,,2025-09-30,2025-12-31,2,PFLT,0.012
"MPI Engineered Technologies, LLC",14,ORANGE,3,1,1,1,GSBD,Goldman Sachs Asset Management,Automobile Components,28.666,39.858,-0.2808,07/15/25,12.0,,True,GSBD,False,,2025-09-30,2025-12-31,2,GSBD,28.666
"Beacon Behavioral Support Service, LLC",14,ORANGE,4,1,2,1,PNNT,PennantPark Investment Advisers,"Healthcare, Education and Childcare",0.164,17.507,-0.9906,12/22/2025,,,False,,False,,2025-09-30,2025-12-31,2,PNNT,0.164
AFC Dell Holding Corp.,14,ORANGE,4,1,2,1,PNNT,PennantPark Investment Advisers,Distribution,0.089,4.495,-0.9802,04/09/2027,,,False,,False,,2025-09-30,2025-12-31,2,PNNT,0.089
"CIBT Solutions, Inc.",14,RED,5,1,1,1,TCPC,Tennenbaum Capital Partners (BlackRock),Professional Services,0.057,7.5673,-0.9925,12/31/2027,6.75,,False,,True,TCPC,2025-12-31,2025-12-31,1,TCPC,0.057
Infinite Commerce Holdings LLC (Razor),14,RED,5,1,1,1,TCPC,Tennenbaum Capital Partners (BlackRock),Diversified Consumer Services,0.0005,67.4795,-1.0,12/20/2029,15.0,,False,,True,TCPC,2025-12-31,2025-12-31,1,TCPC,0.0005
Aerin Medical Inc.,14,RED,5,1,1,1,ARCC,Ares Capital Management,,-2.0,33.2,-1.0602,12/2030,10.92,,False,,True,ARCC,2025-09-30,2025-12-31,2,ARCC,-2.0
"Allclear Commercial Inc., Allclear Military Inc., Allclear Space Inc., and Allclear Group LLC",14,RED,5,1,1,1,ARCC,Ares Capital Management,,-2.0,2.8,-1.7143,05/2030,9.56,,False,,True,ARCC,2025-09-30,2025-12-31,2,ARCC,-2.0
City Line Distributors LLC and City Line Investments LLC,14,RED,5,1,1,1,ARCC,Ares Capital Management,Consumer Distribution and Retail,-2.0,9.1,-1.2198,08/2028,10.11,,False,,True,ARCC,2025-09-30,2025-12-31,2,ARCC,-2.0
"Himalaya TopCo LLC and BCPE Hyperlink Holdings, LP",14,RED,5,1,1,1,ARCC,Ares Capital Management,,-2.0,511.6,-1.0039,06/2032,8.72,,False,,True,ARCC,2025-09-30,2025-12-31,2,ARCC,-2.0
"Imaging Business Machines, L.L.C. and Scanner Holdings Corporation",14,RED,5,1,1,1,ARCC,Ares Capital Management,,-2.0,68.8,-1.0291,12/2028,,,False,,True,ARCC,2025-09-30,2025-12-31,2,ARCC,-2.0
"Legends Hospitality Holding Company, LLC, ASM Buyer, Inc., Legends ASM Holdco I, LLC, and Stadium Coinvest -III, L.P.",14,RED,5,1,1,1,ARCC,Ares Capital Management,,-2.0,142.6,-1.014,08/2030,9.18,,False,,True,ARCC,2025-09-30,2025-12-31,2,ARCC,-2.0
"PCMI Parent, LLC and PCMI Ultimate Holdings, LP",14,RED,5,1,1,1,ARCC,Ares Capital Management,,-2.0,36.2,-1.0552,03/2032,9.21,,False,,True,ARCC,2025-09-30,2025-12-31,2,ARCC,-2.0
"PDI TA Holdings, Inc., Peachtree Parent, Inc. and Insight PDI Holdings, LLC",14,RED,5,1,1,1,ARCC,Ares Capital Management,,-2.0,10.6,-1.1887,02/2031,9.34,,False,,True,ARCC,2025-09-30,2025-12-31,2,ARCC,-2.0
"AthenaHealth Group Inc., Minerva Holdco, Inc. and BCPE Co-Invest , LP",14,RED,5,1,1,1,ARCC,Ares Capital Management,,-4.0,623.6,-1.0064,02/2029,6.47,,False,,True,ARCC,2025-09-30,2025-12-31,2,ARCC,-4.0
"HPCC Parent, Inc. and Patriot Container Corp.",14,RED,5,1,1,1,ARCC,Ares Capital Management,,-4.0,177.8,-1.0225,09/2030,,,False,,True,ARCC,2025-09-30,2025-12-31,2,ARCC,-4.0
"Priority Waste Holdings LLC, Priority Waste Holdings Indiana LLC and Priority Waste Super Holdings, LLC",14,RED,5,1,1,1,ARCC,Ares Capital Management,,-4.0,98.2,-1.0407,08/2029,12.13,,False,,True,ARCC,2025-09-30,2025-12-31,2,ARCC,-4.0
"AHR Funding Holdings, Inc. and AHR Parent Holdings, LP",14,RED,5,1,1,1,ARCC,Ares Capital Management,,-6.0,133.8,-1.0448,07/2028,,,False,,True,ARCC,2025-09-30,2025-12-31,2,ARCC,-6.0
"Amerivet Partners Management, Inc. and AVE Holdings LP",14,RED,5,1,1,1,ARCC,Ares Capital Management,,-6.0,159.4,-1.0376,12/2030,,,False,,True,ARCC,2025-09-30,2025-12-31,2,ARCC,-6.0
CFC Funding LLC,14,RED,5,1,1,1,ARCC,Ares Capital Management,,-6.0,20.2,-1.297,,,,False,,True,ARCC,2025-09-30,2025-12-31,2,ARCC,-6.0
"Napa Management Services Corporation and ASP NAPA Holdings, LLC",14,RED,5,1,1,1,ARCC,Ares Capital Management,,-6.0,6.4,-1.9375,,,,False,,True,ARCC,2025-09-30,2025-12-31,2,ARCC,-6.0
"Global Medical Response, Inc. and GMR Buyer Corp.",14,RED,5,1,1,1,ARCC,Ares Capital Management,,-8.0,158.4,-1.0505,03/2028,,,False,,True,ARCC,2025-09-30,2025-12-31,2,ARCC,-8.0
"Barracuda Parent, LLC",13,ORANGE,3,3,3,3,"OBDC, OCSL, PSEC","Blue Owl Credit Advisors, Oaktree Capital Management, Prospect Capital Management",Systems Software,100.986,120.623,-0.1628,8/2029,8.84,700.0,False,,False,,2025-09-30,2025-12-31,2,PSEC,61.372
IQN Holding Corp.,13,ORANGE,3,3,3,3,"ARCC, BXSL, CGBD","Ares Capital Management, Blackstone Credit Advisors, Carlyle Investment Management",Software (continued),27.679,30.518,-0.093,5/2/2028,9.17,,False,,True,ARCC,2025-09-30,2025-12-31,2,CGBD,18.852
Wash & Wax Systems LLC,13,ORANGE,3,3,3,2,"MAIN, PFLT, PNNT","Main Street Capital (internal), PennantPark Investment Advisers",Consumer Services,71.34,76.06,-0.0621,04/30/28,9.91,,False,,True,PNNT,2025-09-30,2025-12-31,2,MAIN,29.482
SpendMend Holdings LLC,13,ORANGE,3,3,3,2,"GSBD, PFLT, PNNT","Goldman Sachs Asset Management, PennantPark Investment Advisers",Health Care Providers & Services,38.938,47.943,-0.1878,03/01/28,9.13,,False,,False,,2025-09-30,2025-12-31,2,PNNT,21.811
"Ledge Lounger, Inc.",13,ORANGE,3,3,3,2,"PFLT, PNNT, SCM","PennantPark Investment Advisers, Stellus Capital Management",Leisure Products,30.863,38.434,-0.197,11/9/2021,,,False,,False,,2025-09-30,2025-12-31,2,PNNT,17.352
"Oxford Global Resources, Inc.",13,ORANGE,3,2,2,2,"BXSL, FSK","Blackstone Credit Advisors, FS/KKR Advisor",Professional Services (continued),155.054,263.342,-0.4112,8/17/27,,,False,,False,,2025-09-30,2025-12-31,2,FSK,107.5
"OEConnection, LLC",13,ORANGE,3,2,2,2,"CGBD, FSK","Carlyle Investment Management, FS/KKR Advisor",Auto Aftermarket & Services,59.123,72.028,-0.1792,4/22/31,0.0,,False,,True,FSK,2025-09-30,2025-12-31,2,FSK,58.0
"NBH Group, LLC",13,ORANGE,3,2,2,1,"PFLT, PNNT",PennantPark Investment Advisers,Healthcare Equipment and Supplies,40.154,42.871,-0.0634,08/19/26,9.92,,True,PFLT,False,,2025-09-30,2025-12-31,2,PFLT,25.812
National Property REIT Corp.,13,ORANGE,4,1,1,1,PSEC,Prospect Capital Management,Residential Real Estate Investment Trusts (REITs) / Consumer Finance / Structured Finance,1555.18,3251.906,-0.5218,3/31/2026,4.13,25.0,False,,True,PSEC,2025-09-30,2025-12-31,2,PSEC,1555.18
"Hydrow, Inc.",13,ORANGE,4,1,1,1,TPVG,TriplePoint Advisers,Consumer Products and Services,93.01,5143.885,-0.9819,12/31/2026,,,False,,False,,2025-09-30,2025-12-31,2,TPVG,93.01
"ADG, LLC, GEDC Equity, LLC and RC IV GEDC Investor LLC",13,ORANGE,3,1,1,1,ARCC,Ares Capital Management,Health Care Equipment and Services,58.5,65.4,-0.1055,09/2026,10.82,,True,ARCC,True,ARCC,2025-09-30,2025-12-31,2,ARCC,58.5
J.R. Hobbs Co.,13,ORANGE,3,1,1,1,GAIN,Gladstone Management Corporation,,50.323,69.938,-0.2805,,,,True,GAIN,False,,2025-09-30,2025-12-31,2,GAIN,50.323
Alacrity Solutions Group LLC,13,ORANGE,3,1,1,1,FSK,FS/KKR Advisor,Insurance,34.7,41.0,-0.1537,12/22/27,,,True,FSK,False,,2025-09-30,2025-12-31,2,FSK,34.7
"Bluestem Brands, Inc.",13,ORANGE,3,1,1,1,MAIN,Main Street Capital (internal),,21.812,30.751,-0.2907,10/19/2032,13.59,,True,MAIN,False,,2025-09-30,2025-12-31,2,MAIN,21.812
Monzo Bank Limited,13,ORANGE,4,1,1,1,TPVG,TriplePoint Advisers,Other Financial Services,18.656,317.167,-0.9412,3/8/2026,,,False,,False,,2025-09-30,2025-12-31,2,TPVG,18.656
"Khoros, LLC (Lithium)",13,ORANGE,4,1,1,1,TCPC,Tennenbaum Capital Partners (BlackRock),Media,14.0496,35.8091,-0.6077,1/3/2025,6.77,450.0,False,,True,TCPC,2025-12-31,2025-12-31,1,TCPC,14.0496
Switchfly LLC+,13,ORANGE,4,1,1,1,GBDC,GC Advisors,Software,10.48,108.429,-0.9033,09/2018,,,False,,False,,2025-09-30,2025-12-31,2,GBDC,10.48
"Fishbowl, Inc.",13,ORANGE,4,1,1,1,TCPC,Tennenbaum Capital Partners (BlackRock),Internet Software and Services,10.4711,26.9645,-0.6117,5/27/2027,3.16,263.0,False,,True,TCPC,2025-12-31,2025-12-31,1,TCPC,10.4711
"Joerns Healthcare, LLC",13,ORANGE,3,1,1,1,MAIN,Main Street Capital (internal),,10.188,12.113,-0.1589,8/21/2024,14.92,,True,MAIN,False,,2025-09-30,2025-12-31,2,MAIN,10.188
"Benetech, Inc.+",13,ORANGE,3,1,1,1,GBDC,GC Advisors,Beverages,8.604,12.246,-0.2974,,,,True,GBDC,False,,2025-09-30,2025-12-31,2,GBDC,8.604
"Output Services Group, Inc.",13,ORANGE,4,1,1,1,PFLT,PennantPark Investment Advisers,Business Services,6.152,132.366,-0.9535,11/30/2023,11.54,,False,,False,,2025-09-30,2025-12-31,2,PFLT,6.152
"BAART Programs, Inc., MedMark Services, Inc., and Canadian Addiction Treatment Centres LP",13,ORANGE,3,1,1,1,ARCC,Ares Capital Management,,4.9,5.9,-0.1695,06/2027,,,True,ARCC,False,,2025-09-30,2025-12-31,2,ARCC,4.9
"H-Food Holdings, LLC",13,ORANGE,4,1,1,1,OBDC,Blue Owl Credit Advisors,Food and beverage,4.872,109.259,-0.9554,3/2026,,,False,,False,,2025-09-30,2025-12-31,2,OBDC,4.872
"Pragmatic Institute, LLC",13,ORANGE,3,1,2,1,PFLT,PennantPark Investment Advisers,Professional Services,4.035,5.362,-0.2475,03/28/2030,9.5,,True,PFLT,False,,2025-09-30,2025-12-31,2,PFLT,4.035
"FlashParking, Inc.",13,ORANGE,4,1,1,1,TPVG,TriplePoint Advisers,Business Applications Software,3.677,87.157,-0.9578,5/31/2027,,,False,,False,,2025-09-30,2025-12-31,2,TPVG,3.677
"Rising Tide Holdings, Inc.",13,ORANGE,4,1,1,1,PSEC,Prospect Capital Management,Specialty Retail,2.9101,6.461,-0.5496,5/1/2027,17.88,,False,,True,PSEC,2025-09-30,2025-12-31,2,PSEC,2.9101
"Kentucky Racing Holdco, LLC",13,ORANGE,4,1,1,1,PFLT,PennantPark Investment Advisers,"Hotels, Restaurants and Leisure",1.942,174.69,-0.9889,4/16/2019,,,False,,False,,2025-09-30,2025-12-31,2,PFLT,1.942
"K Health, Inc.",13,ORANGE,4,1,1,1,TPVG,TriplePoint Advisers,Healthcare Technology Systems,0.432,5.844,-0.9261,7/31/2026,,,False,,False,,2025-09-30,2025-12-31,2,TPVG,0.432
"Arcadia Power, Inc.",13,ORANGE,4,1,1,1,TPVG,TriplePoint Advisers,Business Applications Software,0.399,52.916,-0.9925,11/30/2026,,,False,,False,,2025-09-30,2025-12-31,2,TPVG,0.399
"FPG Intermediate Holdco, LLC",13,ORANGE,3,1,1,1,CGBD,Carlyle Investment Management,Consumer Services,0.375,0.461,-0.1866,3/5/2027,,,True,CGBD,False,,2025-09-30,2025-12-31,2,CGBD,0.375
"StellPen Holdings, LLC (CF512, Inc.)",13,ORANGE,4,1,1,1,PFLT,PennantPark Investment Advisers,Media,0.324,323.076,-0.999,8/17/2021,,,False,,False,,2025-09-30,2025-12-31,2,PFLT,0.324
"Branch Messenger, Inc.",13,ORANGE,4,1,1,1,TPVG,TriplePoint Advisers,Financial Software,0.322,83.756,-0.9962,9/30/2027,,,False,,False,,2025-09-30,2025-12-31,2,TPVG,0.322
Lower Holding Company,13,ORANGE,4,1,1,1,TPVG,TriplePoint Advisers,Consumer Products and Services,0.301,400.478,-0.9992,12/31/2025,,,False,,False,,2025-09-30,2025-12-31,2,TPVG,0.301
"AirStrip Technologies, Inc.",13,ORANGE,4,1,2,1,TPVG,TriplePoint Advisers,Medical Software and Information Services,0.112,8.036,-0.9861,,,,False,,False,,2025-09-30,2025-12-31,2,TPVG,0.112
"Sandbox VR, Inc.",13,ORANGE,4,1,1,1,TPVG,TriplePoint Advisers,Healthcare Technology Systems,0.073,11.721,-0.9938,10/1/2027,,,False,,False,,2025-12-31,2025-12-31,1,TPVG,0.073
"Baby Generation, Inc.",13,ORANGE,4,1,1,1,TPVG,TriplePoint Advisers,Consumer Products and Services,0.05,42.646,-0.9988,1/31/2025,,,False,,False,,2025-09-30,2025-12-31,2,TPVG,0.05
"Farmer's Business Network, Inc.",13,ORANGE,4,1,1,1,TPVG,TriplePoint Advisers,Business Applications Software,0.049,5.055,-0.9903,9/27/2025,,,False,,False,,2025-09-30,2025-12-31,2,TPVG,0.049
"Veranex, Inc.+",13,ORANGE,4,1,1,1,GBDC,GC Advisors,Healthcare Technology,0.03,0.667,-0.955,08/2025,,,False,,False,,2025-09-30,2025-12-31,2,GBDC,0.03
"Don't Run Out, Inc.",13,ORANGE,4,1,1,1,TPVG,TriplePoint Advisers,Consumer Non-Durables,0.026,44.527,-0.9994,6/30/2025,,,False,,False,,2025-09-30,2025-12-31,2,TPVG,0.026
"Infinite Athlete, Inc. (f/k/a Tempus Ex Machina, Inc.)",13,ORANGE,4,1,1,1,TPVG,TriplePoint Advisers,Healthcare Technology Systems,0.009,14.007,-0.9994,2/28/2027,,,False,,False,,2025-09-30,2025-12-31,2,TPVG,0.009
NewStore Inc.,13,ORANGE,4,1,1,1,TPVG,TriplePoint Advisers,Business Applications Software,0.004,2.5,-0.9984,1/31/2027,,,False,,False,,2025-09-30,2025-12-31,2,TPVG,0.004
"Purfoods, LLC+",13,ORANGE,4,1,1,1,GBDC,GC Advisors,Food Products,0.0002,0.945,-0.9998,05/2016,,,False,,False,,2025-09-30,2025-12-31,2,GBDC,0.0002
"Kodiak Cakes, LLC+",13,ORANGE,4,1,1,1,GBDC,GC Advisors,Food Products,-0.0029,0.557,-1.0052,06/2021,,,False,,False,,2025-09-30,2025-12-31,2,GBDC,-0.0029
European Capital UK SME Debt LP,13,ORANGE,4,1,1,1,ARCC,Ares Capital Management,Investment Funds and Vehicles,-6.0,0.2,-31.0,01/2017,,,False,,False,,2025-09-30,2025-12-31,2,ARCC,-6.0
"iCIMS, Inc.",12,YELLOW,2,5,5,5,"CGBD, GSBD, OCSL, SLRC, TCPC","Carlyle Investment Management, Goldman Sachs Asset Management, Oaktree Capital Management, SLR Capital Partners, Tennenbaum Capital Partners (BlackRock)",Software,317.4771,324.0049,-0.0201,08/18/28,7.84,,False,,False,,2025-09-30,2025-12-31,2,GSBD,92.443
"Zendesk, Inc.",12,YELLOW,2,4,4,4,"BXSL, FSK, OBDC, TCPC","Blackstone Credit Advisors, Blue Owl Credit Advisors, FS/KKR Advisor, Tennenbaum Capital Partners (BlackRock)",Software (continued),347.6245,344.1428,0.0101,11/22/28,5.0,,False,,False,,2025-09-30,2025-12-31,2,OBDC,180.311
"Foundation Consumer Brands, LLC",12,YELLOW,2,4,4,4,"ARCC, FSK, OBDC, SLRC","Ares Capital Management, Blue Owl Credit Advisors, FS/KKR Advisor, SLR Capital Partners",Household and Personal Products,280.973,280.239,0.0026,2/12/29,9.09,,False,,False,,2025-09-30,2025-12-31,2,FSK,152.5
MRI Software LLC,12,YELLOW,2,4,4,4,"ARCC, BXSL, GSBD, OCSL","Ares Capital Management, Blackstone Credit Advisors, Goldman Sachs Asset Management, Oaktree Capital Management",Software (continued),260.356,270.829,-0.0387,02/10/27,5.84,,False,,False,,2025-09-30,2025-12-31,2,OCSL,114.385
"Businessolver.com, Inc.",12,YELLOW,2,4,4,4,"ARCC, BXSL, CGBD, GSBD","Ares Capital Management, Blackstone Credit Advisors, Carlyle Investment Management, Goldman Sachs Asset Management",Software,51.623,51.776,-0.003,12/01/27,8.88,,False,,False,,2025-09-30,2025-12-31,2,ARCC,27.9
"IG Investments Holdings, LLC",12,YELLOW,2,4,4,3,"BXSL, CGBD, PFLT, PNNT","Blackstone Credit Advisors, Carlyle Investment Management, PennantPark Investment Advisers",Professional Services (continued),124.3783,127.574,-0.025,09/22/28,9.08,,False,,False,,2025-09-30,2025-12-31,2,BXSL,92.23
Monotype Imaging Holdings Inc.,12,ORANGE,3,2,2,2,"OBDC, OCSL","Blue Owl Credit Advisors, Oaktree Capital Management",Advertising and media,344.8876,535.752,-0.3563,2/28/2030,5.38,,False,,False,,2025-09-30,2025-12-31,2,OBDC,267.4866
"Auctane, Inc.",12,ORANGE,3,2,2,2,"ARCC, BXSL","Ares Capital Management, Blackstone Credit Advisors",Software,277.347,422.75,-0.3439,10/5/2028,9.58,,False,,False,,2025-09-30,2025-12-31,2,BXSL,277.347
"Forescout Technologies, Inc.",12,ORANGE,3,2,2,2,"ARCC, OBDC","Ares Capital Management, Blue Owl Credit Advisors",,78.805,115.93,-0.3202,5/2031,8.24,,False,,False,,2025-09-30,2025-12-31,2,OBDC,78.805
"Color Intermediate, LLC",12,ORANGE,3,2,2,2,"ARCC, BXSL","Ares Capital Management, Blackstone Credit Advisors",Health Care Technology,39.716,58.908,-0.3258,10/1/2029,8.52,,False,,False,,2025-09-30,2025-12-31,2,BXSL,39.716
"AI Titan Parent, Inc.",12,ORANGE,3,2,2,2,"ARCC, BXSL","Ares Capital Management, Blackstone Credit Advisors",Software and Services,8.875,16.107,-0.449,08/2031,8.25,,False,,False,,2025-09-30,2025-12-31,2,BXSL,8.875
"RRA Corporate, LLC",12,ORANGE,3,2,2,1,"PFLT, PNNT",PennantPark Investment Advisers,Diversified Consumer Services,86.109,128.664,-0.3307,08/15/29,9.09,,False,,False,,2025-09-30,2025-12-31,2,PFLT,65.228
"Puget Collision, LLC",12,ORANGE,3,2,2,1,"PFLT, PNNT",PennantPark Investment Advisers,Automobiles,57.191,113.559,-0.4964,10/02/31,8.42,,False,,False,,2025-12-31,2025-12-31,1,PNNT,28.596
"Seacoast Service Partners NA, LLC",12,ORANGE,3,2,2,1,"PFLT, PNNT",PennantPark Investment Advisers,Diversified Consumer Services,39.715,60.218,-0.3405,12/20/29,8.96,,False,,False,,2025-09-30,2025-12-31,2,PFLT,24.085
"Aphix Buyer, Inc.",12,ORANGE,3,2,2,1,"PFLT, PNNT",PennantPark Investment Advisers,Business Services,33.7,64.461,-0.4772,07/16/2027,8.69,,False,,False,,2025-09-30,2025-12-31,2,PFLT,27.563
"Capital Construction, LLC",12,ORANGE,3,2,2,1,"PFLT, PNNT",PennantPark Investment Advisers,Consumer Services,29.865,51.062,-0.4151,12/30/2025,9.89,,False,,False,,2025-09-30,2025-12-31,2,PFLT,24.296
"First Medical MSO, LLC",12,ORANGE,3,2,2,1,"PFLT, PNNT",PennantPark Investment Advisers,Healthcare Providers and Services,24.164,41.348,-0.4156,06/13/2027,,,False,,False,,2025-09-30,2025-12-31,2,PFLT,15.103
"NORA Parent Holdings, LLC",12,ORANGE,3,2,2,1,"PFLT, PNNT",PennantPark Investment Advisers,Healthcare Providers and Services,3.43,5.04,-0.3194,8/22/2023,,,False,,False,,2025-09-30,2025-12-31,2,PFLT,2.525
"Podean Intermediate II, LLC",12,ORANGE,3,2,2,1,"PFLT, PNNT",PennantPark Investment Advisers,Marketing Services,0.857,1.427,-0.3994,8/4/2025,,,False,,False,,2025-09-30,2025-12-31,2,PFLT,0.57
"Town & Country Holdings, Inc.",12,ORANGE,4,1,1,1,PSEC,Prospect Capital Management,Distributors,478.6402,1212.524,-0.6053,8/29/2028,8.0,,False,,True,PSEC,2025-09-30,2025-12-31,2,PSEC,478.6402
48Forty Solutions LLC,12,ORANGE,3,1,1,1,FSK,FS/KKR Advisor,Commercial & Professional Services,347.5,375.1,-0.0736,11/30/29,2.0,,True,FSK,True,FSK,2025-09-30,2025-12-31,2,FSK,347.5
Tangoe LLC,12,ORANGE,3,1,1,1,FSK,FS/KKR Advisor,Software & Services,331.8,363.9,-0.0882,6/30/26,2.28,,True,FSK,True,FSK,2025-09-30,2025-12-31,2,FSK,331.8
Gibraltar Acquisition LLC,12,ORANGE,4,1,1,1,HTGC,Hercules Capital (internal),Diversified Financial Services,135.053,324.922,-0.5844,,5.7,,False,,True,HTGC,2025-09-30,2025-12-31,2,HTGC,135.053
"Feradyne Outdoors, LLC",12,ORANGE,3,1,1,1,OBDC,Blue Owl Credit Advisors,Consumer products,119.725,154.239,-0.2238,5/2028,,,True,OBDC,False,,2025-09-30,2025-12-31,2,OBDC,119.725
Spruce Bidco I Inc.,12,ORANGE,4,1,1,1,OCSL,Oaktree Capital Management,Health Care Equipment,101.004,1682.178,-0.94,1/30/2032,4.9,,False,,False,,2025-12-31,2025-12-31,1,OCSL,101.004
"Eclipse Topco, Inc., Eclipse Investor Parent, L.P. and Eclipse Buyer, Inc.",12,ORANGE,4,1,1,1,ARCC,Ares Capital Management,,92.1,208.8,-0.5589,09/2031,8.25,,False,,True,ARCC,2025-09-30,2025-12-31,2,ARCC,92.1
"American Nuts, LLC",12,ORANGE,3,1,1,1,MAIN,Main Street Capital (internal),,90.806,111.638,-0.1866,,14.83,,True,MAIN,False,,2025-09-30,2025-12-31,2,MAIN,90.806
"Wine.com, LLC",12,ORANGE,3,1,1,1,GSBD,Goldman Sachs Asset Management,Beverages,87.059,31.026,1.806,04/03/27,16.44,,True,GSBD,True,GSBD,2025-09-30,2025-12-31,2,GSBD,87.059
"Modernizing Medicine, Inc. and ModMed Software Midco Holdings, Inc.",12,ORANGE,4,1,1,1,ARCC,Ares Capital Management,,68.5,194.4,-0.6476,04/2032,8.42,,False,,True,ARCC,2025-09-30,2025-12-31,2,ARCC,68.5
Gracent LLC,12,ORANGE,3,1,1,1,FSK,FS/KKR Advisor,Health Care Equipment & Services,63.8,65.5,-0.026,2/28/27,12.0,,True,FSK,True,FSK,2025-09-30,2025-12-31,2,FSK,63.8
Worldwise Inc,12,ORANGE,3,1,1,1,FSK,FS/KKR Advisor,Household & Personal Products,41.9,43.4,-0.0346,3/29/30,,,True,FSK,True,FSK,2025-09-30,2025-12-31,2,FSK,41.9
"New WPCC Parent, LLC",12,ORANGE,4,1,1,1,PSEC,Prospect Capital Management,Health Care Providers & Services,38.0734,89.267,-0.5735,5/9/2030,13.5,950.0,False,,True,PSEC,2025-09-30,2025-12-31,2,PSEC,38.0734
The Avery,12,ORANGE,3,1,1,1,OCSL,Oaktree Capital Management,Real Estate Operating Companies,34.535,41.293,-0.1637,2/16/2028,,,True,OCSL,False,,2025-09-30,2025-12-31,2,OCSL,34.535
Quick Commerce Ltd,12,ORANGE,4,1,1,1,TPVG,TriplePoint Advisers,Business Products and Services,26.868,846.761,-0.9683,12/31/2028,,,False,,False,,2025-09-30,2025-12-31,2,TPVG,26.868
Wipfli Advisory LLC,12,ORANGE,4,1,1,1,OBDC,Blue Owl Credit Advisors,,26.1634,645.564,-0.9595,10/2032,,,False,,False,,2025-12-31,2025-12-31,1,OBDC,26.1634
"FPG Intermediate Holdco, LLC+",12,ORANGE,3,1,1,1,GBDC,GC Advisors,Diversified Consumer Services,23.569,18.037,0.3067,07/2025,,,True,GBDC,True,GBDC,2025-09-30,2025-12-31,2,GBDC,23.569
Strategic Chemical Solutions Corp. (f/k/a USES Corp.),12,ORANGE,3,1,1,1,PSEC,Prospect Capital Management,Commercial Services & Supplies,21.416,23.102,-0.073,8/15/2026,12.98,900.0,True,PSEC,True,PSEC,2025-12-31,2025-12-31,1,PSEC,21.416
"Homeward, Inc.",12,ORANGE,4,1,1,1,TPVG,TriplePoint Advisers,Real Estate Services,19.495,997.011,-0.9804,,,,False,,False,,2025-09-30,2025-12-31,2,TPVG,19.495
Luminary Roli Limited,12,ORANGE,4,1,1,1,TPVG,TriplePoint Advisers,Entertainment,19.284,493.843,-0.961,,,,False,,False,,2025-09-30,2025-12-31,2,TPVG,19.284
"Prairie Provident Resources, Inc.",12,ORANGE,4,1,1,1,GSBD,Goldman Sachs Asset Management,"Oil, Gas & Consumable Fuels",18.474,3589.225,-0.9949,,,,False,,False,,2025-09-30,2025-12-31,2,GSBD,18.474
"Pink Lilly Holdco, LLC",12,ORANGE,3,1,1,1,PFLT,PennantPark Investment Advisers,"Textiles, Apparel and Luxury Goods",17.955,22.019,-0.1846,11/09/2027,,,True,PFLT,False,,2025-12-31,2025-12-31,1,PFLT,17.955
"Sonatus, Inc.",12,ORANGE,4,1,1,1,TPVG,TriplePoint Advisers,Business/Productivity Software,14.934,238.869,-0.9375,,,,False,,False,,2025-12-31,2025-12-31,1,TPVG,14.934
HDC/HW Intermediate Holdings,12,ORANGE,3,1,1,1,MAIN,Main Street Capital (internal),,10.614,12.966,-0.1814,,8.07,,True,MAIN,False,,2025-09-30,2025-12-31,2,MAIN,10.614
"Diligent Delivery Systems – Term Debt (SOFR+ 9.0 %, 12.7 % Cash, Due 10/2025)",12,ORANGE,3,1,1,1,GAIN,Gladstone Management Corporation,,9.933,13.0,-0.2359,,,,True,GAIN,False,,2025-12-31,2025-12-31,1,GAIN,9.933
5.88 %,12,ORANGE,4,1,1,1,BXSL,Blackstone Credit Advisors,,8.251,400.0,-0.9794,11/15/2027,,,False,,False,,2025-09-30,2025-12-31,2,BXSL,8.251
5.30 %,12,ORANGE,4,1,1,1,BXSL,Blackstone Credit Advisors,,7.665,500.0,-0.9847,6/30/2030,,,False,,False,,2025-12-31,2025-12-31,1,BXSL,7.665
5.35 %,12,ORANGE,4,1,1,1,BXSL,Blackstone Credit Advisors,,6.291,700.0,-0.991,4/13/2028,,,False,,False,,2025-12-31,2025-12-31,1,BXSL,6.291
"Upgrade, Inc.",12,ORANGE,4,1,1,1,TPVG,TriplePoint Advisers,Other Financial Services,5.879,1488.45,-0.9961,,,,False,,False,,2025-09-30,2025-12-31,2,TPVG,5.879
"Elah Holdings, Inc.",12,ORANGE,4,1,1,1,GSBD,Goldman Sachs Asset Management,Capital Markets,5.238,111.65,-0.9531,,,,False,,False,,2025-09-30,2025-12-31,2,GSBD,5.238
Ao1 Holdings (Player's Health),12,ORANGE,4,1,1,1,TPVG,TriplePoint Advisers,Business/Productivity Software,4.09,53.657,-0.9238,,,,False,,False,,2025-09-30,2025-12-31,2,TPVG,4.09
"Filevine, Inc.",12,ORANGE,4,1,1,1,TPVG,TriplePoint Advisers,Business Applications Software,3.821,112.706,-0.9661,,,,False,,False,,2025-09-30,2025-12-31,2,TPVG,3.821
"Activehours, Inc. (d/b/a Earnin)",12,ORANGE,4,1,1,1,TPVG,TriplePoint Advisers,Consumer Finance,3.57,143.903,-0.9752,,,,False,,False,,2025-09-30,2025-12-31,2,TPVG,3.57
Merama Inc.,12,ORANGE,4,1,1,1,TPVG,TriplePoint Advisers,E-Commerce - Personal Goods,2.911,43.995,-0.9338,,,,False,,False,,2025-09-30,2025-12-31,2,TPVG,2.911
Omio Corp. (f/k/a GoEuro Corp.),12,ORANGE,4,1,1,1,TPVG,TriplePoint Advisers,Travel & Leisure,2.551,57.723,-0.9558,,,,False,,False,,2025-09-30,2025-12-31,2,TPVG,2.551
OmioCorp. (fka. GoEuro Corp.),12,ORANGE,4,1,1,1,TPVG,TriplePoint Advisers,Travel & Leisure,2.551,57.723,-0.9558,,,,False,,False,,2025-09-30,2025-12-31,2,TPVG,2.551
"Overtime Sports, Inc.",12,ORANGE,4,1,1,1,TPVG,TriplePoint Advisers,General Media and Content,2.121,127.726,-0.9834,,,,False,,False,,2025-09-30,2025-12-31,2,TPVG,2.121
RPC ABC Investment Holdings LLC (dba ABC Plumbing),12,ORANGE,4,1,1,1,GSBD,Goldman Sachs Asset Management,Diversified Consumer Services,2.117,2116.564,-0.999,,,,False,,False,,2025-09-30,2025-12-31,2,GSBD,2.117
"Metropolis Technologies, Inc.",12,ORANGE,4,1,1,1,TPVG,TriplePoint Advisers,Business/Productivity Software,2.078,87.385,-0.9762,,,,False,,False,,2025-09-30,2025-12-31,2,TPVG,2.078
"K&N HoldCo, LLC",12,ORANGE,4,1,1,1,PSEC,Prospect Capital Management,Automobile Components,1.972,103.313,-0.9809,,,,False,,False,,2025-09-30,2025-12-31,2,PSEC,1.972
"Mind Candy, Inc.",12,ORANGE,4,1,1,1,TPVG,TriplePoint Advisers,Entertainment,1.922,511.665,-0.9962,,,,False,,False,,2025-09-30,2025-12-31,2,TPVG,1.922
"Envoy, Inc.",12,ORANGE,4,1,1,1,TPVG,TriplePoint Advisers,Business Applications Software,1.441,424.32,-0.9966,,,,False,,False,,2025-09-30,2025-12-31,2,TPVG,1.441
Capsule Corporation,12,ORANGE,4,1,1,1,TPVG,TriplePoint Advisers,Food & Drug,1.242,129.118,-0.9904,,,,False,,False,,2025-09-30,2025-12-31,2,TPVG,1.242
"Cohesity, Inc.",12,ORANGE,4,1,1,1,TPVG,TriplePoint Advisers,Network Systems Management Software,1.21,18.945,-0.9361,,,,False,,False,,2025-09-30,2025-12-31,2,TPVG,1.21
Hover Inc.,12,ORANGE,4,1,1,1,TPVG,TriplePoint Advisers,Multimedia and Design Software,1.195,260.06,-0.9954,3/31/2029,,,False,,False,,2025-09-30,2025-12-31,2,TPVG,1.195
"Cohesity Global, Inc.",12,ORANGE,4,1,1,1,TPVG,TriplePoint Advisers,Network Management Software,1.166,69.364,-0.9832,,,,False,,False,,2025-09-30,2025-12-31,2,TPVG,1.166
Eridu Corporation,12,ORANGE,4,1,1,1,TPVG,TriplePoint Advisers,Computer Hardware,0.99,21.449,-0.9538,,,,False,,False,,2025-09-30,2025-12-31,2,TPVG,0.99
"Imagine Topco, LP Preferred",12,ORANGE,4,1,1,1,PNNT,PennantPark Investment Advisers,Business Services,0.744,743.826,-0.999,,,,False,,False,,2025-09-30,2025-12-31,2,PNNT,0.744
XOMA Corporation,12,ORANGE,4,1,1,1,OBDC,Blue Owl Credit Advisors,Healthcare providers and services,0.6955,39.919,-0.9826,,,,False,,False,,2025-09-30,2025-12-31,2,OBDC,0.6955
"Radar Labs, Inc.",12,ORANGE,4,1,1,1,TPVG,TriplePoint Advisers,Business Applications Software,0.622,104.336,-0.994,,,,False,,False,,2025-09-30,2025-12-31,2,TPVG,0.622
"Observe, Inc.",12,ORANGE,4,1,1,1,TPVG,TriplePoint Advisers,Business/Productivity Software,0.596,83.431,-0.9929,,,,False,,False,,2025-12-31,2025-12-31,1,TPVG,0.596
"Signifyd, Inc.",12,ORANGE,4,1,1,1,TPVG,TriplePoint Advisers,Network Management Software,0.573,33.445,-0.9829,,,,False,,False,,2025-09-30,2025-12-31,2,TPVG,0.573
"Misfits Market, Inc. (f/k/a Imperfect Foods, Inc.)",12,ORANGE,4,1,1,1,TPVG,TriplePoint Advisers,Consumer Non-Durables,0.537,8.811,-0.9391,,,,False,,False,,2025-09-30,2025-12-31,2,TPVG,0.537
"Talkspace, LLC (f/k/a Groop Internet Platform, Inc.)",12,ORANGE,4,1,1,1,TPVG,TriplePoint Advisers,Healthcare Technology Systems,0.533,146.752,-0.9964,,,,False,,False,,2025-09-30,2025-12-31,2,TPVG,0.533
"Cresta Intelligence, Inc.",12,ORANGE,4,1,1,1,TPVG,TriplePoint Advisers,Business Applications Software,0.523,110.882,-0.9953,,,,False,,False,,2025-09-30,2025-12-31,2,TPVG,0.523
Bestow Inc.,12,ORANGE,4,1,1,1,TPVG,TriplePoint Advisers,Insurance,0.515,81.909,-0.9937,5/1/2029,,,False,,False,,2025-09-30,2025-12-31,2,TPVG,0.515
McN Investments Ltd.,12,ORANGE,4,1,1,1,TPVG,TriplePoint Advisers,Real Estate Services,0.504,48.731,-0.9897,,,,False,,False,,2025-09-30,2025-12-31,2,TPVG,0.504
"Perigon Wealth Management, LLC, Perigon Wealth Advisors Holdings Company, LLC and CWC Fund I Co-Invest (Prism) LP",12,ORANGE,4,1,1,1,ARCC,Ares Capital Management,,0.5,6.5,-0.9231,03/2031,8.47,,False,,False,,2025-09-30,2025-12-31,2,ARCC,0.5
"Corelight, Inc.",12,ORANGE,4,1,1,1,TPVG,TriplePoint Advisers,Network Management Software,0.493,45.977,-0.9893,,,,False,,False,,2025-09-30,2025-12-31,2,TPVG,0.493
"AGY Equity, LLC",12,ORANGE,4,1,1,1,TCPC,Tennenbaum Capital Partners (BlackRock),Chemicals,0.4853,5.9824,-0.9189,,,,False,,False,,2025-12-31,2025-12-31,1,TCPC,0.4853
"Curology, Inc.",12,ORANGE,4,1,1,1,TPVG,TriplePoint Advisers,Healthcare Technology Systems,0.478,209.513,-0.9977,,,,False,,False,,2025-09-30,2025-12-31,2,TPVG,0.478
"Quality Lease Service, LLC",12,ORANGE,4,1,1,1,MAIN,Main Street Capital (internal),,0.46,7.546,-0.939,,,,False,,False,,2025-09-30,2025-12-31,2,MAIN,0.46
"The Black Tux Holdings, Inc.",12,ORANGE,4,1,1,1,TPVG,TriplePoint Advisers,Consumer Products and Services,0.45,142.939,-0.9969,,,,False,,False,,2025-09-30,2025-12-31,2,TPVG,0.45
"Thoughtspot, Inc.",12,ORANGE,4,1,1,1,TPVG,TriplePoint Advisers,Business/Productivity Software,0.404,63.931,-0.9937,,,,False,,False,,2025-09-30,2025-12-31,2,TPVG,0.404
"Transfix, Inc.",12,ORANGE,4,1,1,1,TPVG,TriplePoint Advisers,Commercial Services,0.402,133.502,-0.997,,,,False,,False,,2025-09-30,2025-12-31,2,TPVG,0.402
Astra Acquisition Corp. (Anthology),12,ORANGE,4,1,1,1,TCPC,Tennenbaum Capital Partners (BlackRock),Internet Software and Services,0.3903,20.3447,-0.9808,10/25/2029,9.14,,False,,False,,2025-12-31,2025-12-31,1,TCPC,0.3903
Uniphore Technologies Inc.,12,ORANGE,4,1,1,1,TPVG,TriplePoint Advisers,Business Applications Software,0.387,28.233,-0.9863,,,,False,,False,,2025-09-30,2025-12-31,2,TPVG,0.387
"Verana Health, Inc.",12,ORANGE,4,1,1,1,HTGC,Hercules Capital (internal),Equity Investments,0.37,4.0,-0.9075,,,,False,,False,,2025-09-30,2025-12-31,2,HTGC,0.37
Nerdy Inc. (f/k/a Varsity Tutors LLC),12,ORANGE,4,1,1,1,TPVG,TriplePoint Advisers,Educational/Training Software,0.349,60.926,-0.9943,,,,False,,False,,2025-09-30,2025-12-31,2,TPVG,0.349
"Docker, Inc.",12,ORANGE,4,1,1,1,HTGC,Hercules Capital (internal),,0.323,8.568,-0.9623,,,,False,,False,,2025-09-30,2025-12-31,2,HTGC,0.323
"Forum Brands Holdings, Inc.",12,ORANGE,4,1,1,1,TPVG,TriplePoint Advisers,Business/Productivity Software,0.295,51.536,-0.9943,,,,False,,False,,2025-09-30,2025-12-31,2,TPVG,0.295
ClassPass Inc.,12,ORANGE,4,1,1,1,TPVG,TriplePoint Advisers,Social/Platform Software,0.281,84.507,-0.9967,,,,False,,False,,2025-09-30,2025-12-31,2,TPVG,0.281
Sonder Holdings Inc.,12,ORANGE,4,1,1,1,TPVG,TriplePoint Advisers,Real Estate Services,0.274,11.073,-0.9753,,,,False,,False,,2025-09-30,2025-12-31,2,TPVG,0.274
"Ao1 Holdings, Inc.",12,ORANGE,4,1,1,1,TPVG,TriplePoint Advisers,Business/Productivity Software,0.228,92.599,-0.9975,,,,False,,False,,2025-09-30,2025-12-31,2,TPVG,0.228
"Parry Labs, LLC",12,ORANGE,4,1,1,1,TPVG,TriplePoint Advisers,Aerospace and Defense,0.226,19.174,-0.9882,12/1/2028,,,False,,False,,2025-09-30,2025-12-31,2,TPVG,0.226
"RetailNext, Inc.",12,ORANGE,4,1,1,1,TPVG,TriplePoint Advisers,Business to Business Marketplace,0.222,123.42,-0.9982,,,,False,,False,,2025-09-30,2025-12-31,2,TPVG,0.222
"Incode Technologies, Inc.",12,ORANGE,4,1,1,1,TPVG,TriplePoint Advisers,Business/Productivity Software,0.203,198.805,-0.999,,,,False,,False,,2025-09-30,2025-12-31,2,TPVG,0.203
"Ocrolus, Inc.",12,ORANGE,4,1,1,1,TPVG,TriplePoint Advisers,Financial Software,0.177,27.399,-0.9935,2/1/2028,,,False,,False,,2025-09-30,2025-12-31,2,TPVG,0.177
Foodology Inc.,12,ORANGE,4,1,1,1,TPVG,TriplePoint Advisers,Consumer Products and Services,0.172,26.619,-0.9935,,,,False,,False,,2025-09-30,2025-12-31,2,TPVG,0.172
"Athletic Greens International, Inc.",12,ORANGE,4,1,1,1,TPVG,TriplePoint Advisers,Consumer Non-Durables,0.168,2.262,-0.9257,,,,False,,False,,2025-09-30,2025-12-31,2,TPVG,0.168
"23andMe, Inc.",12,ORANGE,4,1,1,1,HTGC,Hercules Capital (internal),Electronics & Computer Hardware,0.134,5.094,-0.9737,,,,False,,False,,2025-09-30,2025-12-31,2,HTGC,0.134
"DialPad, Inc.",12,ORANGE,4,1,1,1,TPVG,TriplePoint Advisers,Business Applications Software,0.13,15.456,-0.9916,,,,False,,False,,2025-09-30,2025-12-31,2,TPVG,0.13
"Lively, Inc.",12,ORANGE,4,1,1,1,TPVG,TriplePoint Advisers,Healthcare Technology Systems,0.124,12.756,-0.9903,12/1/2029,,,False,,False,,2025-12-31,2025-12-31,1,TPVG,0.124
"HomeLight, Inc.",12,ORANGE,4,1,1,1,TPVG,TriplePoint Advisers,Real Estate Services,0.12,109.33,-0.9989,,,,False,,False,,2025-09-30,2025-12-31,2,TPVG,0.12
"Impossible Foods, Inc.",12,ORANGE,4,1,1,1,HTGC,Hercules Capital (internal),Sustainable and Renewable Technology,0.106,2.0,-0.947,,,,False,,False,,2025-09-30,2025-12-31,2,HTGC,0.106
"KKR Chord IP Aggregator LP, Partnership Interest",12,ORANGE,4,1,1,1,FSK,FS/KKR Advisor,Media & Entertainment,0.1001,35.994,-0.9972,,,,False,,False,,2025-09-30,2025-12-31,2,FSK,0.1001
Redesign Health Inc.,12,ORANGE,4,1,1,1,TPVG,TriplePoint Advisers,Other Financial Services,0.1,5.919,-0.9831,,,,False,,False,,2025-09-30,2025-12-31,2,TPVG,0.1
"Fortress Biotech, Inc.",12,ORANGE,4,1,1,1,OCSL,Oaktree Capital Management,Biotechnology,0.085,0.854,-0.9005,,,,False,,False,,2025-09-30,2025-12-31,2,OCSL,0.085
"Rudderstack, Inc.",12,ORANGE,4,1,1,1,TPVG,TriplePoint Advisers,Business/Productivity Software,0.068,20.215,-0.9966,,,,False,,False,,2025-09-30,2025-12-31,2,TPVG,0.068
"Synack, Inc.",12,ORANGE,4,1,1,1,TPVG,TriplePoint Advisers,Network Management Software,0.068,8.842,-0.9923,12/1/2028,,,False,,False,,2025-12-31,2025-12-31,1,TPVG,0.068
"All Inspire Health, Inc.",12,ORANGE,4,1,1,1,TPVG,TriplePoint Advisers,Healthcare Technology Systems,0.05,16.428,-0.997,,,,False,,False,,2025-09-30,2025-12-31,2,TPVG,0.05
"Bitonic Technology Labs, Inc.",12,ORANGE,4,1,1,1,TPVG,TriplePoint Advisers,Business/Productivity Software,0.049,42.415,-0.9988,,,,False,,False,,2025-09-30,2025-12-31,2,TPVG,0.049
"Inspirato, Inc.",12,ORANGE,4,1,1,1,TPVG,TriplePoint Advisers,Travel & Leisure,0.045,12.162,-0.9963,,,,False,,False,,2025-09-30,2025-12-31,2,TPVG,0.045
Investment Funds Total,12,ORANGE,4,1,1,1,CGBD,Carlyle Investment Management,Investment Funds,0.0412,410.247,-0.9999,,,,False,,False,,2025-09-30,2025-12-31,2,CGBD,0.0412
"Belong Home, Inc.",12,ORANGE,4,1,1,1,TPVG,TriplePoint Advisers,Real Estate Services,0.035,13.763,-0.9975,,,,False,,False,,2025-09-30,2025-12-31,2,TPVG,0.035
"VideoAmp, Inc.",12,ORANGE,4,1,1,1,HTGC,Hercules Capital (internal),,0.034,2.55,-0.9867,,,,False,,False,,2025-09-30,2025-12-31,2,HTGC,0.034
Tempo Interactive Inc.,12,ORANGE,4,1,1,1,TPVG,TriplePoint Advisers,Consumer Products and Services,0.025,14.709,-0.9983,,,,False,,False,,2025-09-30,2025-12-31,2,TPVG,0.025
"Pair Eyewear, Inc.",12,ORANGE,4,1,1,1,TPVG,TriplePoint Advisers,Consumer Products and Services,0.024,4.168,-0.9942,,,,False,,False,,2025-09-30,2025-12-31,2,TPVG,0.024
"Printful, Inc. Holdco. (fka.Printify, Inc.)",12,ORANGE,4,1,1,1,TPVG,TriplePoint Advisers,Commercial Services,0.024,11.12,-0.9978,,,,False,,False,,2025-09-30,2025-12-31,2,TPVG,0.024
Bidgely Inc.,12,ORANGE,4,1,1,1,TPVG,TriplePoint Advisers,Business/Productivity Software,0.023,17.273,-0.9987,,,,False,,False,,2025-09-30,2025-12-31,2,TPVG,0.023
"Argano, LLC – Unfunded Revolver",12,ORANGE,4,1,1,1,PFLT,PennantPark Investment Advisers,Business Services,0.021,1.421,-0.9852,09/13/2029,,,False,,False,,2025-09-30,2025-12-31,2,PFLT,0.021
"Roofstock, Inc.",12,ORANGE,4,1,1,1,TPVG,TriplePoint Advisers,Real Estate Services,0.019,56.839,-0.9997,,,,False,,False,,2025-09-30,2025-12-31,2,TPVG,0.019
"Roofstock, Inc. (fka.Mynd Management, Inc. )",12,ORANGE,4,1,1,1,TPVG,TriplePoint Advisers,Real Estate Services,0.019,56.839,-0.9997,,,,False,,False,,2025-09-30,2025-12-31,2,TPVG,0.019
"Encharge AI, Inc.",12,ORANGE,4,1,1,1,TPVG,TriplePoint Advisers,Semiconductors,0.018,2.346,-0.9923,,,,False,,False,,2025-12-31,2025-12-31,1,TPVG,0.018
"Rocket Pharmaceuticals, Ltd.",12,ORANGE,4,1,1,1,HTGC,Hercules Capital (internal),Drug Discovery & Development,0.015,3.0,-0.995,,,,False,,False,,2025-09-30,2025-12-31,2,HTGC,0.015
"Talphera, Inc.",12,ORANGE,4,1,1,1,HTGC,Hercules Capital (internal),Drug Delivery,0.015,2.658,-0.9944,,,,False,,False,,2025-09-30,2025-12-31,2,HTGC,0.015
"Open Space Labs, Inc.",12,ORANGE,4,1,1,1,TPVG,TriplePoint Advisers,Multimedia and Design Software,0.011,2.954,-0.9963,,,,False,,False,,2025-09-30,2025-12-31,2,TPVG,0.011
Capella Space Corp.,12,ORANGE,4,1,1,1,HTGC,Hercules Capital (internal),Space Technologies,0.01,0.207,-0.9517,,,,False,,False,,2025-12-31,2025-12-31,1,HTGC,0.01
"Blend Labs, Inc.",12,ORANGE,4,1,1,1,OBDC,Blue Owl Credit Advisors,Financial services,0.009,1.95,-0.9954,,,,False,,False,,2025-09-30,2025-12-31,2,OBDC,0.009
Scilex Holding Co,12,ORANGE,4,1,1,1,OCSL,Oaktree Capital Management,Pharmaceuticals,0.008,0.156,-0.9487,,,,False,,False,,2025-09-30,2025-12-31,2,OCSL,0.008
"Outset Medical, Inc.",12,ORANGE,4,1,1,1,HTGC,Hercules Capital (internal),Medical Devices & Equipment,0.007,0.401,-0.9825,,,,False,,False,,2025-09-30,2025-12-31,2,HTGC,0.007
PDS Biotechnology Corporation,12,ORANGE,4,1,1,1,HTGC,Hercules Capital (internal),Drug Delivery,0.006,0.618,-0.9903,,,,False,,False,,2025-09-30,2025-12-31,2,HTGC,0.006
"Dare Biosciences, Inc.",12,ORANGE,4,1,1,1,HTGC,Hercules Capital (internal),Drug Discovery & Development,0.004,1.0,-0.996,,,,False,,False,,2025-09-30,2025-12-31,2,HTGC,0.004
Total non-controlled/affiliate company debt investments,12,ORANGE,4,1,1,1,GBDC,GC Advisors,Specialty Retail,0.0037,172.176,-1.0,,,,False,,False,,2025-09-30,2025-12-31,2,GBDC,0.0037
"Aytu BioScience, Inc.",12,ORANGE,4,1,1,1,HTGC,Hercules Capital (internal),Drug Delivery,0.003,3.0,-0.999,,,,False,,False,,2025-09-30,2025-12-31,2,HTGC,0.003
"Polyconcept North America Inc, Class A",12,ORANGE,4,1,1,1,FSK,FS/KKR Advisor,Household & Personal Products,0.003,30.0,-0.9999,,,,False,,False,,2025-09-30,2025-12-31,2,FSK,0.003
Hg Saturn Luchaco Limited,12,ORANGE,4,1,1,1,OBDC,Blue Owl Credit Advisors,Asset based lending and fund finance,0.0021,152.465,-1.0,,,,False,,False,,2025-09-30,2025-12-31,2,OBDC,0.0021
"Daré Bioscience, Inc.",12,ORANGE,4,1,1,1,HTGC,Hercules Capital (internal),Drug Discovery & Development,0.002,1.0,-0.998,,,,False,,False,,2025-09-30,2025-12-31,2,HTGC,0.002
"Pair Team, PBC",12,ORANGE,4,1,1,1,TPVG,TriplePoint Advisers,Healthcare Services,0.002,1.994,-0.999,6/1/2028,,,False,,False,,2025-09-30,2025-12-31,2,TPVG,0.002
Vingil Holdings 2 S.a r.l (Germany),12,ORANGE,4,1,1,1,TCPC,Tennenbaum Capital Partners (BlackRock),Diversified Consumer Services,0.0005,48.5765,-1.0,,,,False,,False,,2025-12-31,2025-12-31,1,TCPC,0.0005
"Quorum Health Corp, Trust Initial Funding Units",12,ORANGE,4,1,1,1,FSK,FS/KKR Advisor,Health Care Equipment & Services,0.0002,143.4,-1.0,,,,False,,False,,2025-09-30,2025-12-31,2,FSK,0.0002
"Fidelis (SVC), LLC",12,ORANGE,4,1,1,1,TCPC,Tennenbaum Capital Partners (BlackRock),IT Services,0.0,0.6579,-1.0,,,,False,,False,,2025-12-31,2025-12-31,1,TCPC,0.0
"Tradeshift, Inc.",12,ORANGE,4,1,1,1,TCPC,Tennenbaum Capital Partners (BlackRock),Software,0.0,0.5778,-1.0,,,,False,,False,,2025-12-31,2025-12-31,1,TCPC,0.0
"Scynexis, Inc.",12,ORANGE,4,1,1,1,HTGC,Hercules Capital (internal),Drug Discovery & Development,-0.002,0.592,-1.0034,,,,False,,False,,2025-09-30,2025-12-31,2,HTGC,-0.002
"Avalo Therapeutics, Inc.",12,ORANGE,4,1,1,1,HTGC,Hercules Capital (internal),Drug Discovery & Development,-0.003,2.0,-1.0015,,,,False,,False,,2025-09-30,2025-12-31,2,HTGC,-0.003
"Century Therapeutics, Inc.",12,ORANGE,4,1,1,1,HTGC,Hercules Capital (internal),Drug Discovery & Development,-0.004,0.037,-1.1081,,,,False,,False,,2025-09-30,2025-12-31,2,HTGC,-0.004
"Fresh Tracks Therapeutics, Inc.",12,ORANGE,4,1,1,1,HTGC,Hercules Capital (internal),Drug Discovery & Development,-0.004,0.119,-1.0336,,,,False,,False,,2025-09-30,2025-12-31,2,HTGC,-0.004
"Kineta, Inc.",12,ORANGE,4,1,1,1,HTGC,Hercules Capital (internal),Drug Discovery & Development,-0.004,0.11,-1.0364,,,,False,,False,,2025-09-30,2025-12-31,2,HTGC,-0.004
"SUNation Energy, Inc.",12,ORANGE,4,1,1,1,HTGC,Hercules Capital (internal),Sustainable and Renewable Technology,-0.004,3.153,-1.0013,,,,False,,False,,2025-09-30,2025-12-31,2,HTGC,-0.004
"Tela Bio, Inc.",12,ORANGE,4,1,1,1,HTGC,Hercules Capital (internal),Medical Devices & Equipment,-0.004,0.061,-1.0656,,,,False,,False,,2025-09-30,2025-12-31,2,HTGC,-0.004
"Rhino Labs, Inc.",12,ORANGE,4,1,1,1,HTGC,Hercules Capital (internal),Consumer & Business Services,-0.015,1.47,-1.0102,,,,False,,False,,2025-09-30,2025-12-31,2,HTGC,-0.015
"OEI, Inc.",12,ORANGE,4,1,1,1,CGBD,Carlyle Investment Management,Construction & Building,-0.11,23.144,-1.0048,12/29/2032,,,False,,False,,2025-12-31,2025-12-31,1,CGBD,-0.11
SOFR + 3.139 %,12,ORANGE,4,1,1,1,CGBD,Carlyle Investment Management,,-0.821,0.164,-6.0061,,,,False,,False,,2025-12-31,2025-12-31,1,CGBD,-0.821
6.875 %,12,ORANGE,4,1,1,1,FSK,FS/KKR Advisor,,-1.0,9.0,-1.1111,8/15/2029,,,False,,False,,2025-09-30,2025-12-31,2,FSK,-1.0
5.13 %,12,ORANGE,4,1,1,1,BXSL,Blackstone Credit Advisors,,-1.889,500.0,-1.0038,1/31/2031,,,False,,False,,2025-12-31,2025-12-31,1,BXSL,-1.889
"APG Intermediate Holdings Corporation and APG Holdings, LLC",12,ORANGE,4,1,1,1,ARCC,Ares Capital Management,Software and Services,-2.0,7.6,-1.2632,,,,False,,False,,2025-09-30,2025-12-31,2,ARCC,-2.0
"Arrowhead Holdco Company and Arrowhead GS Holdings, Inc.",12,ORANGE,4,1,1,1,ARCC,Ares Capital Management,,-2.0,0.1,-21.0,08/2028,6.34,,False,,False,,2025-09-30,2025-12-31,2,ARCC,-2.0
"Bambino Group Holdings, LLC",12,ORANGE,4,1,1,1,ARCC,Ares Capital Management,,-2.0,0.8,-3.5,,,,False,,False,,2025-09-30,2025-12-31,2,ARCC,-2.0
"GHX Ultimate Parent Corporation, Commerce Parent, Inc. and Commerce Topco, LLC",12,ORANGE,4,1,1,1,ARCC,Ares Capital Management,,-2.0,286.2,-1.007,12/2031,8.42,,False,,False,,2025-09-30,2025-12-31,2,ARCC,-2.0
"Ground Penetrating Radar Systems, LLC and RC VI Buckeye Holdings LLC",12,ORANGE,4,1,1,1,ARCC,Ares Capital Management,,-2.0,41.0,-1.0488,01/2032,8.23,,False,,False,,2025-09-30,2025-12-31,2,ARCC,-2.0
"Honor Technology, Inc.",12,ORANGE,4,1,1,1,ARCC,Ares Capital Management,,-2.0,0.1,-21.0,08/2031,,,False,,False,,2025-09-30,2025-12-31,2,ARCC,-2.0
Mari Events Midco LLC and AE EventsCo Holdings LLC,12,ORANGE,4,1,1,1,ARCC,Ares Capital Management,,-2.0,38.0,-1.0526,10/2032,7.75,,False,,False,,2025-12-31,2025-12-31,1,ARCC,-2.0
"Monolith Brands Group, Inc.",12,ORANGE,4,1,1,1,ARCC,Ares Capital Management,,-2.0,15.5,-1.129,,,,False,,False,,2025-09-30,2025-12-31,2,ARCC,-2.0
Mountaineer Merger Corporation,12,ORANGE,4,1,1,1,ARCC,Ares Capital Management,,-2.0,5.2,-1.3846,10/2027,,,False,,False,,2025-09-30,2025-12-31,2,ARCC,-2.0
"Mr. Greens Intermediate, LLC, Florida Veg Investments LLC, MRG Texas, LLC and Restaurant Produce and Services Blocker, LLC",12,ORANGE,4,1,1,1,ARCC,Ares Capital Management,,-2.0,48.0,-1.0417,05/2031,9.7,,False,,False,,2025-09-30,2025-12-31,2,ARCC,-2.0
NMN Holdings III Corp. and NMN Holdings LP,12,ORANGE,4,1,1,1,ARCC,Ares Capital Management,,-2.0,115.9,-1.0173,07/2031,8.13,,False,,False,,2025-09-30,2025-12-31,2,ARCC,-2.0
"Nest Topco Borrower Inc., KKR Nest Co-Invest L.P., and NBLY 2021-1",12,ORANGE,4,1,1,1,ARCC,Ares Capital Management,,-2.0,9.7,-1.2062,,,,False,,False,,2025-09-30,2025-12-31,2,ARCC,-2.0
Premise Health Holding Corp. and OMERS Bluejay Investment Holdings LP,12,ORANGE,4,1,1,1,ARCC,Ares Capital Management,,-2.0,55.9,-1.0358,11/2031,8.17,,False,,False,,2025-09-30,2025-12-31,2,ARCC,-2.0
"Pritchard Industries, LLC and LJ Pritchard TopCo Holdings, LLC",12,ORANGE,4,1,1,1,ARCC,Ares Capital Management,,-2.0,188.2,-1.0106,10/2027,9.63,,False,,False,,2025-09-30,2025-12-31,2,ARCC,-2.0
"Qnnect, LLC and Connector TopCo, LP",12,ORANGE,4,1,1,1,ARCC,Ares Capital Management,,-2.0,19.0,-1.1053,,,,False,,False,,2025-09-30,2025-12-31,2,ARCC,-2.0
R2 Acquisition Corp.,12,ORANGE,4,1,1,1,ARCC,Ares Capital Management,,-2.0,0.2,-11.0,,,,False,,False,,2025-09-30,2025-12-31,2,ARCC,-2.0
"Registrar Intermediate, LLC and PSP Registrar Co-Investment Fund, L.P.",12,ORANGE,4,1,1,1,ARCC,Ares Capital Management,,-2.0,15.1,-1.1325,08/2029,8.79,,False,,False,,2025-09-30,2025-12-31,2,ARCC,-2.0
"SSE Buyer, Inc., Supply Source Enterprises, Inc., Impact Products LLC, The Safety Zone, LLC and SSE Parent, LP",12,ORANGE,4,1,1,1,ARCC,Ares Capital Management,,-2.0,3.3,-1.6061,,,,False,,False,,2025-09-30,2025-12-31,2,ARCC,-2.0
"The Teaching Company Holdings, Inc.",12,ORANGE,4,1,1,1,ARCC,Ares Capital Management,,-2.0,1.1,-2.8182,,,,False,,False,,2025-09-30,2025-12-31,2,ARCC,-2.0
"VRS Buyer, Inc.",12,ORANGE,4,1,1,1,ARCC,Ares Capital Management,,-2.0,66.2,-1.0302,10/2032,,,False,,False,,2025-09-30,2025-12-31,2,ARCC,-2.0
"ESCP PPG Holdings, LLC",12,ORANGE,4,1,1,1,ARCC,Ares Capital Management,,-4.0,11.6,-1.3448,,,,False,,False,,2025-09-30,2025-12-31,2,ARCC,-4.0
"Midco Holding, LLC and Nivel Topco, LLC",12,ORANGE,4,1,1,1,ARCC,Ares Capital Management,,-4.0,26.8,-1.1493,11/2029,11.36,,False,,False,,2025-12-31,2025-12-31,1,ARCC,-4.0
GSM Rights Fund II LP,12,ORANGE,4,1,1,1,ARCC,Ares Capital Management,,-6.0,2.2,-3.7273,03/2031,,,False,,False,,2025-09-30,2025-12-31,2,ARCC,-6.0
"GPM Investments, LLC and ARKO Corp.",12,ORANGE,4,1,1,1,ARCC,Ares Capital Management,,-16.0,9.5,-2.6842,,,,False,,False,,2025-09-30,2025-12-31,2,ARCC,-16.0
Flexera Software LLC,11,YELLOW,2,5,5,5,"ARCC, BXSL, CGBD, FSK, OBDC","Ares Capital Management, Blackstone Credit Advisors, Blue Owl Credit Advisors, Carlyle Investment Management, FS/KKR Advisor",Software (continued),429.892,290.07,0.482,08/2032,8.37,,False,,False,,2025-09-30,2025-12-31,2,ARCC,284.0
"Integrity Marketing Acquisition, LLC",11,YELLOW,2,4,4,4,"BXSL, OBDC, OCSL, TCPC","Blackstone Credit Advisors, Blue Owl Credit Advisors, Oaktree Capital Management, Tennenbaum Capital Partners (BlackRock)",Insurance,525.3706,522.1853,0.0061,8/2028,5.0,,False,,False,,2025-09-30,2025-12-31,2,BXSL,316.473
"Icefall Parent, Inc.",11,YELLOW,2,4,4,4,"ARCC, BXSL, CGBD, OCSL","Ares Capital Management, Blackstone Credit Advisors, Carlyle Investment Management, Oaktree Capital Management",Software (continued),93.743,96.517,-0.0287,01/2030,4.86,,False,,False,,2025-09-30,2025-12-31,2,BXSL,39.632
"Jeppesen Holdings, LLC",11,YELLOW,2,4,4,4,"ARCC, BXSL, FSK, OCSL","Ares Capital Management, Blackstone Credit Advisors, FS/KKR Advisor, Oaktree Capital Management",Software (continued),91.027,91.137,-0.0012,10/31/2032,6.91,,False,,False,,2025-12-31,2025-12-31,1,BXSL,63.901
Peraton Corp,11,YELLOW,2,3,3,3,"FSK, OBDC, OCSL","Blue Owl Credit Advisors, FS/KKR Advisor, Oaktree Capital Management",Capital Goods,674.2,409.807,0.6452,2/1/29,3.75,,False,,False,,2025-09-30,2025-12-31,2,FSK,588.2
"Foundation Risk Partners, Corp.",11,YELLOW,2,3,3,3,"ARCC, BXSL, FSK","Ares Capital Management, Blackstone Credit Advisors, FS/KKR Advisor",Insurance,391.578,390.987,0.0015,10/29/29,8.42,,False,,False,,2025-09-30,2025-12-31,2,FSK,208.5
"Acquia, Inc.",11,YELLOW,2,3,3,3,"GSBD, OCSL, TCPC","Goldman Sachs Asset Management, Oaktree Capital Management, Tennenbaum Capital Partners (BlackRock)",Software,231.6315,231.955,-0.0014,10/31/25,8.21,,False,,False,,2025-09-30,2025-12-31,2,GSBD,109.414
"Blazing Star Parent, LLC",11,YELLOW,2,3,3,3,"ARCC, OCSL, SLRC","Ares Capital Management, Oaktree Capital Management, SLR Capital Partners",Consumer Distribution and Retail,173.951,175.645,-0.0096,8/2025,9.39,,False,,False,,2025-09-30,2025-12-31,2,ARCC,98.6
Fullsteam Operations LLC,11,YELLOW,2,3,3,3,"CGBD, GSBD, OBDC","Blue Owl Credit Advisors, Carlyle Investment Management, Goldman Sachs Asset Management",High Tech Industries,101.439,99.701,0.0174,11/27/29,11.61,,False,,False,,2025-09-30,2025-12-31,2,GSBD,81.219
Smarsh Inc.,11,YELLOW,2,3,3,3,"CGBD, GSBD, OBDC","Blue Owl Credit Advisors, Carlyle Investment Management, Goldman Sachs Asset Management",Software,86.559,86.347,0.0025,02/16/29,9.18,,False,,False,,2025-09-30,2025-12-31,2,GSBD,67.09
"Higginbotham Insurance Agency, Inc.",11,YELLOW,2,3,3,3,"BXSL, CGBD, FSK","Blackstone Credit Advisors, Carlyle Investment Management, FS/KKR Advisor",Insurance,34.996,35.093,-0.0028,11/24/28,,,False,,False,,2025-09-30,2025-12-31,2,FSK,25.2
"Systems Planning and Analysis, Inc.",11,YELLOW,2,3,3,2,"ARCC, PFLT, PNNT","Ares Capital Management, PennantPark Investment Advisers",Aerospace and Defense,158.292,180.227,-0.1217,08/16/27,8.67,,False,,False,,2025-09-30,2025-12-31,2,PFLT,124.681
"Medallia, Inc.",11,YELLOW,2,2,2,2,"BXSL, FSK","Blackstone Credit Advisors, FS/KKR Advisor",Software (continued),762.096,852.508,-0.1061,10/29/28,4.0,,False,,True,FSK,2025-09-30,2025-12-31,2,FSK,454.2
"Shiftkey, LLC",11,YELLOW,2,2,2,2,"PNNT, PSEC","PennantPark Investment Advisers, Prospect Capital Management",Business Services,270.985,317.25,-0.1458,06/21/2027,10.0,575.0,False,,True,PSEC,2025-09-30,2025-12-31,2,PSEC,239.14
"Wealth Enhancement Group, LLC",11,YELLOW,2,2,2,2,"ARCC, FSK","Ares Capital Management, FS/KKR Advisor",Financial Services,84.1,118.0,-0.2873,10/4/28,8.44,,False,,False,,2025-09-30,2025-12-31,2,FSK,50.3
"Frontline Road Safety Operations, LLC",11,YELLOW,2,2,2,2,"ARCC, GSBD","Ares Capital Management, Goldman Sachs Asset Management",Commercial Services & Supplies,24.811,28.831,-0.1394,03/04/32,8.7,,False,,True,ARCC,2025-09-30,2025-12-31,2,GSBD,16.311
"InterDent, Inc.",11,ORANGE,3,1,1,1,PSEC,Prospect Capital Management,Health Care Providers & Services,828.844,1477.433,-0.439,9/5/2027,5.0,,False,,True,PSEC,2025-09-30,2025-12-31,2,PSEC,828.844
"Credit Central Loan Company, LLC",11,ORANGE,3,1,1,1,PSEC,Prospect Capital Management,Consumer Finance,161.892,291.291,-0.4442,9/15/2027,5.39,,False,,True,PSEC,2025-09-30,2025-12-31,2,PSEC,161.892
"BCPE Osprey Buyer, Inc.",11,ORANGE,3,1,1,1,PSEC,Prospect Capital Management,Health Care Technology,145.6536,300.584,-0.5154,8/21/2026,9.81,575.0,False,,False,,2025-09-30,2025-12-31,2,PSEC,145.6536
"JTI Electrical & Mechanical, LLC",11,YELLOW,2,1,1,1,MAIN,Main Street Capital (internal),,140.276,158.762,-0.1164,12/22/2026,11.57,,True,MAIN,False,,2025-09-30,2025-12-31,2,MAIN,140.276
PartsSource Inc,11,ORANGE,3,1,1,1,FSK,FS/KKR Advisor,Health Care Equipment & Services,86.3,179.2,-0.5184,8/21/26,,,False,,False,,2025-09-30,2025-12-31,2,FSK,86.3
"Titan Investment Company, Inc.",11,YELLOW,2,1,1,1,BXSL,Blackstone Credit Advisors,Professional Services (continued),69.73,80.906,-0.1381,3/20/2027,,,True,BXSL,False,,2025-12-31,2025-12-31,1,BXSL,69.73
"Kellermeyer Bergensons Services, LLC and KBS TopCo, LLC",11,ORANGE,3,1,1,1,ARCC,Ares Capital Management,,54.6,59.7,-0.0854,11/2028,9.24,,True,ARCC,True,ARCC,2025-09-30,2025-12-31,2,ARCC,54.6
"Shutterfly Finance, LLC",11,ORANGE,3,1,1,1,PSEC,Prospect Capital Management,Household Durables,43.3642,81.595,-0.4685,10/1/2027,9.84,600.0,False,,True,PSEC,2025-09-30,2025-12-31,2,PSEC,43.3642
Alpine Acquisition Corp II (48Forty),11,ORANGE,3,1,1,1,TCPC,Tennenbaum Capital Partners (BlackRock),Paper and Forest Products,41.2777,62.6884,-0.3415,11/30/2026,5.61,533.0,False,,True,TCPC,2025-12-31,2025-12-31,1,TCPC,41.2777
SellerX Germany GmbH (Germany),11,ORANGE,3,1,1,1,TCPC,Tennenbaum Capital Partners (BlackRock),Debt Investments (continued),36.9543,55.7878,-0.3376,5/23/2026,4.67,450.0,False,,True,TCPC,2025-12-31,2025-12-31,1,TCPC,36.9543
"Moda Operandi, Inc.",11,ORANGE,3,1,1,1,TPVG,TriplePoint Advisers,Shopping Facilitators,36.299,73.217,-0.5042,12/31/2025,,,False,,False,,2025-09-30,2025-12-31,2,TPVG,36.299
"Offen, Inc.",11,ORANGE,3,1,1,1,OBDC,Blue Owl Credit Advisors,Distribution,34.7358,241.753,-0.8563,6/2026,,,False,,False,,2025-09-30,2025-12-31,2,OBDC,34.7358
"Lithium Technologies, Inc.",11,ORANGE,3,1,1,1,GSBD,Goldman Sachs Asset Management,Interactive Media & Services,34.272,97.01,-0.6467,01/03/25,,,False,,False,,2025-09-30,2025-12-31,2,GSBD,34.272
"Abita Brewing Co., L.L.C.+",11,YELLOW,2,1,1,1,GBDC,GC Advisors,Beverages,27.786,32.356,-0.1412,02/2021,,,True,GBDC,False,,2025-09-30,2025-12-31,2,GBDC,27.786
"Razor Group Holdings II, Inc. (Germany)",11,ORANGE,3,1,1,1,TCPC,Tennenbaum Capital Partners (BlackRock),Diversified Consumer Services,25.2491,60.84,-0.585,9/15/2027,15.0,,False,,False,,2025-09-30,2025-12-31,2,TCPC,25.2491
Fiton Inc.,11,ORANGE,3,1,1,1,TPVG,TriplePoint Advisers,Consumer Products and Services,22.238,117.375,-0.8105,8/1/2027,,,False,,False,,2025-09-30,2025-12-31,2,TPVG,22.238
True Footage Inc.,11,ORANGE,3,1,1,1,TPVG,TriplePoint Advisers,Real Estate Services,19.861,146.474,-0.8644,12/31/2024,,,False,,False,,2025-09-30,2025-12-31,2,TPVG,19.861
"Minted, Inc.",11,ORANGE,3,1,1,1,TPVG,TriplePoint Advisers,E-Commerce - Clothing and Accessories,18.41,51.877,-0.6451,6/15/2025,,,False,,False,,2025-09-30,2025-12-31,2,TPVG,18.41
JOKR S.à r.l.,11,ORANGE,3,1,1,1,TPVG,TriplePoint Advisers,Consumer Products and Services,18.147,83.612,-0.783,7/31/2025,,,False,,False,,2025-09-30,2025-12-31,2,TPVG,18.147
"KKR Central Park Leasing Aggregator L.P., Partnership Interest",11,ORANGE,3,1,1,1,FSK,FS/KKR Advisor,Capital Goods,15.8391,39.1391,-0.5953,5/31/26,14.3,,False,,False,,2025-09-30,2025-12-31,2,FSK,15.8391
"Kalderos, Inc.",11,ORANGE,3,1,1,1,TPVG,TriplePoint Advisers,Healthcare Technology Systems,13.881,81.758,-0.8302,6/30/2026,,,False,,False,,2025-09-30,2025-12-31,2,TPVG,13.881
"Abacus Data Holdings, Inc. (dba Clutch Intermediate Holdings)",11,ORANGE,3,1,1,1,GSBD,Goldman Sachs Asset Management,Software,13.393,42.969,-0.6883,03/10/27,10.95,,False,,False,,2025-09-30,2025-12-31,2,GSBD,13.393
"AvantStay, Inc.",11,ORANGE,3,1,1,1,TPVG,TriplePoint Advisers,Consumer Products and Services,10.512,34.489,-0.6952,4/30/2027,,,False,,False,,2025-09-30,2025-12-31,2,TPVG,10.512
"Homerenew Buyer, Inc. (Renovo)",11,ORANGE,3,1,1,1,TCPC,Tennenbaum Capital Partners (BlackRock),Construction and Engineering,10.2687,19.357,-0.4695,3/13/2025,9.34,,False,,True,TCPC,2025-12-31,2025-12-31,1,TCPC,10.2687
"Bamboo Purchaser, Inc.",11,ORANGE,3,1,1,1,ARCC,Ares Capital Management,Consumer Distribution and Retail,9.9,7.4,0.3378,12/2028,14.01,,True,ARCC,True,ARCC,2025-09-30,2025-12-31,2,ARCC,9.9
"Savage X, Inc.",11,ORANGE,3,1,1,1,TPVG,TriplePoint Advisers,Consumer Retail,7.712,45.341,-0.8299,5/31/2027,,,False,,False,,2025-09-30,2025-12-31,2,TPVG,7.712
"Ziegler’s NYPD, LLC",11,ORANGE,3,1,1,1,MAIN,Main Street Capital (internal),,6.827,18.766,-0.6362,10/1/2025,12.0,,False,,False,,2025-09-30,2025-12-31,2,MAIN,6.827
Gordon Brothers Finance Company,11,ORANGE,3,1,1,1,TCPC,Tennenbaum Capital Partners (BlackRock),Debt Investments (continued),5.1435,23.6897,-0.7829,10/31/2025,11.0,,False,,False,,2025-12-31,2025-12-31,1,TCPC,5.1435
"SOINT, LLC",11,ORANGE,3,1,1,1,SLRC,SLR Capital Partners,Aerospace & Defense,3.459,9.841,-0.6485,6/30/2025,0.0,,False,,False,,2025-09-30,2025-12-31,2,SLRC,3.459
Kawa Solar Holdings Limited,11,ORANGE,3,1,1,1,GSBD,Goldman Sachs Asset Management,Construction & Engineering,2.319,4.381,-0.4707,06/30/25,8.0,,False,,True,GSBD,2025-09-30,2025-12-31,2,GSBD,2.319
"JHC Investment Intermediate Holdings, LLC+",11,ORANGE,3,1,1,1,GBDC,GC Advisors,Healthcare Equipment & Supplies,1.9961,7.45,-0.7321,03/2024,,,False,,False,,2025-09-30,2025-12-31,2,GBDC,1.9961
"Mode Holdings, LP",11,ORANGE,3,1,1,1,BXSL,Blackstone Credit Advisors,Air Freight & Logistics,1.646,5.487,-0.7,12/9/2019,,,False,,False,,2025-12-31,2025-12-31,1,BXSL,1.646
"Red Griffin ParentCo, LLC",11,ORANGE,3,1,1,1,BXSL,Blackstone Credit Advisors,Air Freight & Logistics,1.071,3.968,-0.7301,11/27/2024,,,False,,False,,2025-12-31,2025-12-31,1,BXSL,1.071
"PL Acquisitionco, LLC",11,ORANGE,3,1,2,1,PNNT,PennantPark Investment Advisers,Retail,0.798,1.618,-0.5068,11/09/2027,,,False,,False,,2025-09-30,2025-12-31,2,PNNT,0.798
"Celerion Buyer, Inc.+",11,ORANGE,3,1,1,1,GBDC,GC Advisors,Life Sciences Tools & Services,0.577,1.802,-0.6798,11/2022,,,False,,False,,2025-09-30,2025-12-31,2,GBDC,0.577
"Go Car Wash Parent, Corp.+",11,ORANGE,3,1,1,1,GBDC,GC Advisors,Automobiles,0.5531,3.959,-0.8603,04/2022,,,False,,False,,2025-09-30,2025-12-31,2,GBDC,0.5531
"PCG-Ares Sidecar Investment, L.P.",11,ORANGE,3,1,1,1,ARCC,Ares Capital Management,Investment Funds and Vehicles,0.5,4.5,-0.8889,05/2014,,,False,,False,,2025-09-30,2025-12-31,2,ARCC,0.5
"Meadowlark Title, LLC",11,ORANGE,3,1,2,1,PNNT,PennantPark Investment Advisers,Business Services,0.383,0.802,-0.5224,,,,False,,False,,2025-09-30,2025-12-31,2,PNNT,0.383
"GCX Corporation Group Holdings, L.P.",11,ORANGE,3,1,1,1,BXSL,Blackstone Credit Advisors,Health Care Equipment & Supplies,0.243,0.539,-0.5492,9/10/2021,,,False,,False,,2025-12-31,2025-12-31,1,BXSL,0.243
"Massage Envy, LLC+",11,ORANGE,3,1,1,1,GBDC,GC Advisors,Leisure Products,0.21,0.749,-0.7196,09/2012,,,False,,False,,2025-09-30,2025-12-31,2,GBDC,0.21
"HPA SPQ Aggregator, LP",11,ORANGE,3,1,2,1,PNNT,PennantPark Investment Advisers,Business Services,0.098,0.802,-0.8778,,,,False,,False,,2025-09-30,2025-12-31,2,PNNT,0.098
"Safe Haven Defense MidCo, LLC",11,ORANGE,3,1,2,1,PNNT,PennantPark Investment Advisers,Building Materials,0.091,0.49,-0.8143,,,,False,,False,,2025-09-30,2025-12-31,2,PNNT,0.091
"Jayhawk Holdings, LP",11,ORANGE,3,1,1,1,BXSL,Blackstone Credit Advisors,Health Care Providers & Services,0.082,0.603,-0.864,5/26/2021,,,False,,False,,2025-12-31,2025-12-31,1,BXSL,0.082
"Anaplan, Inc.",10,YELLOW,2,3,3,3,"ARCC, BXSL, OBDC","Ares Capital Management, Blackstone Credit Advisors, Blue Owl Credit Advisors",Software and Services,248.587,254.013,-0.0214,06/2029,8.32,,False,,False,,2025-09-30,2025-12-31,2,OBDC,203.314
Nexus Buyer LLC,10,YELLOW,2,3,3,3,"ARCC, OCSL, PSEC","Ares Capital Management, Oaktree Capital Management, Prospect Capital Management",Specialized Finance,207.965,208.218,-0.0012,11/5/2029,8.69,625.0,False,,False,,2025-09-30,2025-12-31,2,ARCC,123.4
Relativity ODA LLC,10,YELLOW,2,3,3,3,"ARCC, BXSL, OBDC","Ares Capital Management, Blackstone Credit Advisors, Blue Owl Credit Advisors",Software (continued),196.997,202.708,-0.0282,5/12/2029,8.22,,False,,False,,2025-09-30,2025-12-31,2,OBDC,177.74
"Crewline Buyer, Inc.",10,YELLOW,2,3,3,3,"BXSL, OCSL, SLRC","Blackstone Credit Advisors, Oaktree Capital Management, SLR Capital Partners",Software (continued),177.761,175.298,0.0141,11/8/2030,6.75,,False,,False,,2025-09-30,2025-12-31,2,BXSL,123.571
"Amerilife Holdings, LLC",10,YELLOW,2,3,3,3,"BXSL, OBDC, TCPC","Blackstone Credit Advisors, Blue Owl Credit Advisors, Tennenbaum Capital Partners (BlackRock)",Insurance,131.2062,130.913,0.0022,8/2028,5.0,,False,,False,,2025-09-30,2025-12-31,2,BXSL,102.118
"PDI TA Holdings, Inc.",10,YELLOW,2,3,3,3,"BXSL, CGBD, OBDC","Blackstone Credit Advisors, Blue Owl Credit Advisors, Carlyle Investment Management",Software (continued),106.355,106.142,0.002,2/1/2031,,,False,,False,,2025-09-30,2025-12-31,2,BXSL,50.088
"AlphaSense, Inc.",10,YELLOW,2,3,3,3,"HTGC, OBDC, TCPC","Blue Owl Credit Advisors, Hercules Capital (internal), Tennenbaum Capital Partners (BlackRock)",Debt Investments,87.3215,87.3056,0.0002,6/2029,6.25,625.0,False,,False,,2025-09-30,2025-12-31,2,TCPC,46.0595
"Rialto Management Group, LLC",10,YELLOW,2,3,3,3,"ARCC, CGBD, TCPC","Ares Capital Management, Carlyle Investment Management, Tennenbaum Capital Partners (BlackRock)",Diversified Financial Services,84.5987,61.4627,0.3764,12/5/2030,8.17,,False,,False,,2025-09-30,2025-12-31,2,ARCC,51.7
Bamboo US BidCo LLC,10,YELLOW,2,3,3,3,"ARCC, BXSL, OBDC","Ares Capital Management, Blackstone Credit Advisors, Blue Owl Credit Advisors",Health Care Equipment & Supplies,59.414,59.28,0.0023,10/2029,8.84,,False,,False,,2025-09-30,2025-12-31,2,ARCC,40.8
"PPV Intermediate Holdings, LLC",10,YELLOW,2,3,3,3,"BXSL, CGBD, OBDC","Blackstone Credit Advisors, Blue Owl Credit Advisors, Carlyle Investment Management",Health Care Providers & Services (continued),56.165,55.97,0.0035,8/2029,,,False,,False,,2025-09-30,2025-12-31,2,OBDC,31.094
Galway Borrower LLC,10,YELLOW,2,3,3,3,"ARCC, BXSL, OBDC","Ares Capital Management, Blackstone Credit Advisors, Blue Owl Credit Advisors",Insurance,54.386,53.96,0.0079,09/2028,8.17,,False,,False,,2025-09-30,2025-12-31,2,BXSL,43.439
"Optimizely North America, Inc.",10,YELLOW,2,3,3,3,"BXSL, CGBD, OCSL","Blackstone Credit Advisors, Carlyle Investment Management, Oaktree Capital Management",Software (continued),48.068,48.108,-0.0008,10/30/2031,5.0,,False,,False,,2025-09-30,2025-12-31,2,OCSL,22.252
"Coupa Holdings, LLC",10,YELLOW,2,3,3,3,"CGBD, OBDC, OCSL","Blue Owl Credit Advisors, Carlyle Investment Management, Oaktree Capital Management",Software,47.518,46.938,0.0124,2/27/2029,5.25,,False,,False,,2025-09-30,2025-12-31,2,OCSL,25.737
"QBS Parent, Inc.",10,YELLOW,2,3,3,3,"ARCC, BXSL, CGBD","Ares Capital Management, Blackstone Credit Advisors, Carlyle Investment Management",Software (continued),30.341,30.068,0.0091,6/3/2032,8.17,,False,,False,,2025-09-30,2025-12-31,2,ARCC,15.4
"Avalara, Inc.",10,YELLOW,2,3,3,3,"CGBD, OCSL, TCPC","Carlyle Investment Management, Oaktree Capital Management, Tennenbaum Capital Partners (BlackRock)",Diversified Financial Services,28.1283,27.6219,0.0183,10/19/2028,4.98,,False,,False,,2025-09-30,2025-12-31,2,CGBD,23.853
Inovex Information Systems Incorporated,10,YELLOW,2,3,3,2,"PFLT, PNNT, SCM","PennantPark Investment Advisers, Stellus Capital Management",Software,5048.544,5060.179,-0.0023,12/17/30,9.09,,False,,False,,2025-09-30,2025-12-31,2,SCM,5000.0
MAG DS Corp.,10,YELLOW,2,3,3,2,"BXSL, PFLT, PNNT","Blackstone Credit Advisors, PennantPark Investment Advisers",Aerospace & Defense,198.27,198.355,-0.0004,04/01/27,9.44,,False,,False,,2025-09-30,2025-12-31,2,BXSL,153.398
"Team Services Group, LLC",10,YELLOW,2,3,3,2,"PFLT, PNNT, TCPC","PennantPark Investment Advisers, Tennenbaum Capital Partners (BlackRock)",Healthcare Providers and Services,129.4767,127.4118,0.0162,12/20/27,9.23,,False,,False,,2025-09-30,2025-12-31,2,TCPC,68.4767
"Inventus Power, Inc.",10,YELLOW,2,3,3,2,"OCSL, PFLT, PNNT","Oaktree Capital Management, PennantPark Investment Advisers",Electrical Components & Equipment,118.538,124.947,-0.0513,01/15/26,9.08,,False,,False,,2025-09-30,2025-12-31,2,OCSL,65.925
"Riverpoint Medical, LLC",10,YELLOW,2,3,3,2,"GSBD, PFLT, PNNT","Goldman Sachs Asset Management, PennantPark Investment Advisers",Health Care Equipment & Supplies,81.379,82.353,-0.0118,06/21/27,8.85,,False,,False,,2025-09-30,2025-12-31,2,GSBD,54.771
Arcfield Acquisition Corp,10,YELLOW,2,3,3,2,"FSK, PFLT, PNNT","FS/KKR Advisor, PennantPark Investment Advisers",Capital Goods,72.742,77.509,-0.0615,10/28/31,9.08,,False,,False,,2025-09-30,2025-12-31,2,PFLT,31.145
"Cf512, Inc.",10,YELLOW,2,3,3,2,"PFLT, PNNT, SCM","PennantPark Investment Advisers, Stellus Capital Management",Media,51.25,53.173,-0.0362,08/20/26,10.17,,False,,False,,2025-09-30,2025-12-31,2,PFLT,33.28
"Infolinks Media Buyco, LLC",10,YELLOW,2,3,3,2,"PFLT, PNNT, SCM","PennantPark Investment Advisers, Stellus Capital Management",Media,45.585,46.272,-0.0148,11/01/26,9.46,,False,,False,,2025-09-30,2025-12-31,2,PNNT,25.632
"Confluent Health, LLC",10,YELLOW,2,3,3,2,"OBDC, PFLT, PNNT","Blue Owl Credit Advisors, PennantPark Investment Advisers",Healthcare providers and services,42.876,43.972,-0.0249,11/30/28,11.44,,False,,False,,2025-09-30,2025-12-31,2,PFLT,34.576
"Ad.net Acquisition, LLC",10,YELLOW,2,3,3,2,"PFLT, PNNT, SCM","PennantPark Investment Advisers, Stellus Capital Management",Media,42.265,42.746,-0.0113,05/07/26,10.09,,False,,False,,2025-09-30,2025-12-31,2,PFLT,31.76
"Urology Management Holdings, Inc.",10,YELLOW,2,3,3,2,"PFLT, PNNT, SLRC","PennantPark Investment Advisers, SLR Capital Partners",Healthcare Providers and Services,40.418,44.002,-0.0815,06/15/27,9.66,,False,,False,,2025-09-30,2025-12-31,2,SLRC,15.718
"Sales Benchmark Index, LLC",10,YELLOW,2,3,3,2,"PFLT, PNNT, SCM","PennantPark Investment Advisers, Stellus Capital Management",Professional Services,37.234,38.179,-0.0248,07/07/26,10.04,,False,,False,,2025-09-30,2025-12-31,2,PFLT,23.776
"DRS Holdings III, Inc.",10,YELLOW,2,3,3,2,"PFLT, PNNT, SCM","PennantPark Investment Advisers, Stellus Capital Management","Chemicals, Plastics and Rubber",31.438,33.263,-0.0549,11/03/25,9.19,,False,,False,,2025-09-30,2025-12-31,2,PFLT,22.456
"Integrity Marketing Group, LLC",10,YELLOW,2,2,2,2,"CGBD, FSK","Carlyle Investment Management, FS/KKR Advisor",Diversified Financial Services,242.855,242.927,-0.0003,8/25/28,10.5,,False,,True,CGBD,2025-09-30,2025-12-31,2,FSK,199.5
"Netsmart Technologies, Inc.",10,YELLOW,2,2,2,2,"BXSL, FSK","Blackstone Credit Advisors, FS/KKR Advisor",Health Care Technology (continued),188.726,188.344,0.002,8/25/31,2.7,,False,,True,FSK,2025-09-30,2025-12-31,2,FSK,131.9
Diligent Corporation,10,YELLOW,2,2,2,2,"CGBD, GSBD","Carlyle Investment Management, Goldman Sachs Asset Management",Telecommunications,176.026,146.129,0.2046,08/02/30,9.64,,False,,True,CGBD,2025-09-30,2025-12-31,2,GSBD,137.261
"Madison Logic Holdings, Inc.",10,YELLOW,2,2,2,2,"SCM, TCPC","Stellus Capital Management, Tennenbaum Capital Partners (BlackRock)",​,36.3644,38.4137,-0.0533,12/30/2022,5.18,192.2,False,,True,TCPC,2025-09-30,2025-12-31,2,TCPC,36.3644
"Infinity Home Services Holdco, Inc.",10,YELLOW,2,2,2,1,"PFLT, PNNT",PennantPark Investment Advisers,Commercial Services & Supplies,87.193,123.74,-0.2954,12/28/28,9.92,,False,,False,,2025-09-30,2025-12-31,2,PNNT,45.595
"BLC Holding Company, Inc.",10,YELLOW,2,2,2,1,"PFLT, PNNT",PennantPark Investment Advisers,Business Services,83.385,112.273,-0.2573,11/20/30,8.32,,False,,False,,2025-09-30,2025-12-31,2,PFLT,56.754
"Carisk Buyer, Inc.",10,YELLOW,2,2,2,1,"PFLT, PNNT",PennantPark Investment Advisers,Healthcare Technology,65.642,92.019,-0.2866,12/01/29,8.81,,False,,False,,2025-09-30,2025-12-31,2,PFLT,42.787
"Impact Advisors, LLC",10,YELLOW,2,2,2,1,"PFLT, PNNT",PennantPark Investment Advisers,Business Services,48.965,65.985,-0.2579,03/19/32,8.17,,False,,False,,2025-09-30,2025-12-31,2,PFLT,33.042
"Duggal Acquisition, LLC",10,YELLOW,2,2,2,1,"PFLT, PNNT",PennantPark Investment Advisers,Marketing Services,40.538,54.845,-0.2609,09/30/30,8.59,,False,,False,,2025-09-30,2025-12-31,2,PFLT,30.343
Pregis Topco LLC,10,ORANGE,3,1,1,1,OBDC,Blue Owl Credit Advisors,Containers and packaging,352.5056,762.641,-0.5378,8/2029,,,False,,False,,2025-09-30,2025-12-31,2,OBDC,352.5056
Intelerad Medical Systems Incorporated (fka 11849573 Canada Inc.),10,YELLOW,2,1,1,1,OBDC,Blue Owl Credit Advisors,Healthcare technology,289.128,290.626,-0.0052,8/2026,,,True,OBDC,False,,2025-09-30,2025-12-31,2,OBDC,289.128
Pacific World Corporation,10,ORANGE,3,1,1,1,PSEC,Prospect Capital Management,Personal Care Products,215.596,374.875,-0.4249,3/26/2029,8.28,425.0,False,,True,PSEC,2025-09-30,2025-12-31,2,PSEC,215.596
Dental Care Alliance Inc,10,YELLOW,2,1,1,1,FSK,FS/KKR Advisor,Health Care Equipment & Services,214.2,216.1,-0.0088,4/3/28,,,True,FSK,False,,2025-09-30,2025-12-31,2,FSK,214.2
Lionbridge Technologies Inc,10,YELLOW,2,1,1,1,FSK,FS/KKR Advisor,Media & Entertainment,189.0,188.2,0.0043,12/29/25,,,True,FSK,False,,2025-09-30,2025-12-31,2,FSK,189.0
"Vessco Midco Holdings, LLC",10,ORANGE,3,1,1,1,OBDC,Blue Owl Credit Advisors,Infrastructure and environmental services,113.667,333.855,-0.6595,7/2031,,,False,,False,,2025-09-30,2025-12-31,2,OBDC,113.667
"Odevo, AB",10,ORANGE,3,1,1,1,BXSL,Blackstone Credit Advisors,Real Estate Management & Development,106.318,268.246,-0.6037,12/31/2030,,,False,,False,,2025-12-31,2025-12-31,1,BXSL,106.318
"SPF Borrower, LLC",10,ORANGE,3,1,1,1,CGBD,Carlyle Investment Management,Healthcare & Pharmaceuticals,101.1177,208.269,-0.5145,2/1/2028,,,False,,False,,2025-09-30,2025-12-31,2,CGBD,101.1177
"Medical Solutions Holdings, Inc.",10,ORANGE,3,1,1,1,PSEC,Prospect Capital Management,Health Care Providers & Services,100.798,217.762,-0.5371,11/1/2029,11.19,700.0,False,,False,,2025-09-30,2025-12-31,2,PSEC,100.798
"WU Holdco, Inc. (dba PurposeBuilt Brands)",10,ORANGE,3,1,1,1,OBDC,Blue Owl Credit Advisors,,94.2062,478.397,-0.8031,4/2032,,,False,,False,,2025-09-30,2025-12-31,2,OBDC,94.2062
Redstone Holdco 2 LP,10,ORANGE,3,1,1,1,PSEC,Prospect Capital Management,IT Services,92.114,216.287,-0.5741,4/27/2029,12.09,775.0,False,,False,,2025-09-30,2025-12-31,2,PSEC,92.114
"USRP Holdings, Inc. (dba U.S. Retirement and Benefits Partners)",10,ORANGE,3,1,1,1,OBDC,Blue Owl Credit Advisors,Insurance,89.8967,656.248,-0.863,12/2029,,,False,,False,,2025-09-30,2025-12-31,2,OBDC,89.8967
"USG Intermediate, LLC",10,ORANGE,3,1,1,1,PSEC,Prospect Capital Management,Leisure Products,84.6904,307.051,-0.7242,2/9/2029,15.26,1133.7,False,,False,,2025-09-30,2025-12-31,2,PSEC,84.6904
Cubic Corp,10,YELLOW,2,1,1,1,FSK,FS/KKR Advisor,Software & Services,65.0,34.7,0.8732,5/25/29,,,True,FSK,False,,2025-09-30,2025-12-31,2,FSK,65.0
"Netsmart, Inc. and Netsmart Technologies, Inc.",10,ORANGE,3,1,1,1,ARCC,Ares Capital Management,,60.9,121.8,-0.5,08/2031,8.92,,False,,True,ARCC,2025-09-30,2025-12-31,2,ARCC,60.9
"Freedom Marine Solutions, LLC",10,ORANGE,3,1,1,1,PSEC,Prospect Capital Management,Marine Transport,47.084,275.704,-0.8292,,,,False,,False,,2025-09-30,2025-12-31,2,PSEC,47.084
Dukes Root Control Inc.,10,ORANGE,3,1,1,1,PSEC,Prospect Capital Management,Commercial Services & Supplies,41.6853,88.043,-0.5265,12/8/2028,10.98,650.0,False,,False,,2025-09-30,2025-12-31,2,PSEC,41.6853
"Zoro TopCo, L.P.",10,ORANGE,3,1,1,1,OBDC,Blue Owl Credit Advisors,Internet software and services,39.3027,235.678,-0.8332,,,,False,,False,,2025-09-30,2025-12-31,2,OBDC,39.3027
"Dominion Diagnostics, LLC",10,YELLOW,2,1,1,1,OCSL,Oaktree Capital Management,Health Care Services,38.146,13.934,1.7376,8/28/2025,5.86,,True,OCSL,False,,2025-09-30,2025-12-31,2,OCSL,38.146
"PCF Holdco, LLC (dba Trucordia)",10,ORANGE,3,1,1,1,OBDC,Blue Owl Credit Advisors,,35.3309,95.455,-0.6299,,,,False,,False,,2025-09-30,2025-12-31,2,OBDC,35.3309
EMPIRE BIDCO AB,10,ORANGE,3,1,1,1,OCSL,Oaktree Capital Management,Life Sciences Tools & Services,33.727,176.314,-0.8087,9/22/2032,5.25,,False,,False,,2025-12-31,2025-12-31,1,OCSL,33.727
"Ave Holdings III, Corp+",10,YELLOW,2,1,1,1,GBDC,GC Advisors,Specialty Retail,29.234,6.838,3.2752,02/2022,,,True,GBDC,False,,2025-09-30,2025-12-31,2,GBDC,29.234
"Horizon Facilities Services, Inc. – Term Debt (SOFR+ 0.5 %, 6.0 % Cash, Due 6/2028)",10,ORANGE,3,1,1,1,GAIN,Gladstone Management Corporation,,26.391,57.7,-0.5426,,,,False,,False,,2025-09-30,2025-12-31,2,GAIN,26.391
"SLR-AMI Topco Blocker, LLC *",10,ORANGE,3,1,1,1,SLRC,SLR Capital Partners,Broadline Retail,24.784,49.691,-0.5012,,,,False,,False,,2025-09-30,2025-12-31,2,SLRC,24.784
"KMS, LLC",10,YELLOW,2,1,1,1,MAIN,Main Street Capital (internal),,23.137,23.399,-0.0112,10/4/2026,13.96,,True,MAIN,False,,2025-09-30,2025-12-31,2,MAIN,23.137
Tectura Corporation,10,ORANGE,3,1,1,1,HTGC,Hercules Capital (internal),Consumer & Business Services,23.039,77.358,-0.7022,,8.25,,False,,False,,2025-09-30,2025-12-31,2,HTGC,23.039
Astra Acquisition Corp.,10,YELLOW,2,1,1,1,OCSL,Oaktree Capital Management,Application Software,21.614,13.235,0.6331,3/31/2026,5.82,,True,OCSL,False,,2025-09-30,2025-12-31,2,OCSL,21.614
"All Web Leads, Inc.",10,YELLOW,2,1,1,1,OCSL,Oaktree Capital Management,Advertising,21.585,21.267,0.015,3/30/2026,4.54,,True,OCSL,False,,2025-09-30,2025-12-31,2,OCSL,21.585
"Ideal Image Development, LLC",10,YELLOW,2,1,1,1,OBDC,Blue Owl Credit Advisors,Specialty retail,20.923,22.766,-0.081,5/2026,,,True,OBDC,False,,2025-09-30,2025-12-31,2,OBDC,20.923
"Chase Industries, Inc. (dba Senneca Holdings)",10,YELLOW,2,1,1,1,GSBD,Goldman Sachs Asset Management,Building Products,20.412,19.428,0.0506,05/11/27,,,True,GSBD,False,,2025-09-30,2025-12-31,2,GSBD,20.412
Nakdcom One World AB,10,YELLOW,2,1,1,1,TPVG,TriplePoint Advisers,Consumer Products and Services,18.023,18.599,-0.031,12/31/2026,,,True,TPVG,False,,2025-09-30,2025-12-31,2,TPVG,18.023
"Brainworks Software, LLC",10,YELLOW,2,1,1,1,MAIN,Main Street Capital (internal),,17.145,15.634,0.0966,7/22/2019,14.75,,True,MAIN,False,,2025-09-30,2025-12-31,2,MAIN,17.145
"Pluralsight, LLC+",10,YELLOW,2,1,1,1,GBDC,GC Advisors,,16.389,14.979,0.0941,08/2024,,,True,GBDC,False,,2025-09-30,2025-12-31,2,GBDC,16.389
"Red Pathway Bidco, AB",10,ORANGE,3,1,1,1,BXSL,Blackstone Credit Advisors,Professional Services (continued),14.369,98.019,-0.8534,10/15/2032,,,False,,False,,2025-12-31,2025-12-31,1,BXSL,14.369
"Gulf Publishing Holdings, LLC",10,YELLOW,2,1,1,1,MAIN,Main Street Capital (internal),,13.098,13.98,-0.0631,7/1/2027,12.5,,True,MAIN,False,,2025-09-30,2025-12-31,2,MAIN,13.098
"InMoment, Inc.",10,ORANGE,3,1,1,1,TCPC,Tennenbaum Capital Partners (BlackRock),Debt Investments (continued),13.0441,19.3251,-0.325,6/8/2028,5.0,250.0,False,,True,TCPC,2025-12-31,2025-12-31,1,TCPC,13.0441
"TCI Buyer LLC and TCI Holdings, LP",10,ORANGE,3,1,1,1,ARCC,Ares Capital Management,,12.8,34.4,-0.6279,11/2030,8.47,,False,,False,,2025-12-31,2025-12-31,1,ARCC,12.8
Simpplr Inc.,10,ORANGE,3,1,1,1,TPVG,TriplePoint Advisers,Communication Software,12.766,69.097,-0.8152,,,,False,,False,,2025-09-30,2025-12-31,2,TPVG,12.766
A.T. Holdings II SÀRL,10,YELLOW,2,1,1,1,OCSL,Oaktree Capital Management,Biotechnology,12.66,8.02,0.5786,4/30/2024,,,True,OCSL,False,,2025-09-30,2025-12-31,2,OCSL,12.66
"FabFitFun, Inc.",10,ORANGE,3,1,1,1,TPVG,TriplePoint Advisers,E-Commerce - Clothing and Accessories,12.253,97.672,-0.8745,11/30/2027,,,False,,False,,2025-09-30,2025-12-31,2,TPVG,12.253
"Magenta Buyer, LLC (McAfee)",10,ORANGE,3,1,1,1,TCPC,Tennenbaum Capital Partners (BlackRock),Debt Investments (continued),11.7213,18.5649,-0.3686,7/27/2028,3.06,578.5,False,,True,TCPC,2025-12-31,2025-12-31,1,TCPC,11.7213
"Octagon Investment Partners XV, Ltd.",10,ORANGE,3,1,1,1,PSEC,Prospect Capital Management,Structured Finance,10.154,20.744,-0.5105,7/19/2030,0.0,,False,,False,,2025-09-30,2025-12-31,2,PSEC,10.154
ASP Conair Holdings LP,10,ORANGE,3,1,1,1,OBDC,Blue Owl Credit Advisors,Consumer products,8.99,20.955,-0.571,,,,False,,False,,2025-09-30,2025-12-31,2,OBDC,8.99
Ospemifene Royalty Sub LLC,10,YELLOW,2,1,1,1,MAIN,Main Street Capital (internal),,8.746,8.746,0.0,11/15/2026,,,True,MAIN,False,,2025-09-30,2025-12-31,2,MAIN,8.746
"Research Now Group, LLC and Dynata, LLC",10,ORANGE,3,1,1,1,PSEC,Prospect Capital Management,IT Services,7.7683,17.699,-0.5611,7/15/2028,9.64,547.7,False,,False,,2025-09-30,2025-12-31,2,PSEC,7.7683
"Suited Connector, LLC",10,ORANGE,3,1,1,1,TCPC,Tennenbaum Capital Partners (BlackRock),Internet Software and Services,7.1045,12.7656,-0.4435,12/1/2027,6.52,186.6,False,,True,TCPC,2025-12-31,2025-12-31,1,TCPC,7.1045
"Hibercell, Inc.",10,ORANGE,3,1,1,1,HTGC,Hercules Capital (internal),Drug Discovery & Development,5.299,13.255,-0.6002,,5.4,540.0,False,,False,,2025-09-30,2025-12-31,2,HTGC,5.299
"Clarius BIGS, LLC",10,YELLOW,2,1,1,1,MAIN,Main Street Capital (internal),,5.277,5.277,0.0,1/5/2015,,,True,MAIN,False,,2025-09-30,2025-12-31,2,MAIN,5.277
"B+T Group Acquisition, Inc. – Term Debt (S + 2.0 %, 7.0 % Cash, Due 12/2026)",10,ORANGE,3,1,1,1,GLAD,Gladstone Management Corporation,,5.269,12.0,-0.5609,,,,False,,False,,2025-09-30,2025-12-31,2,GLAD,5.269
"Nextdoor.com, Inc.",10,ORANGE,3,1,1,1,HTGC,Hercules Capital (internal),Equity Investments,4.556,9.708,-0.5307,,,,False,,False,,2025-09-30,2025-12-31,2,HTGC,4.556
VCI Intermediate TopCo 1 LLC,10,ORANGE,3,1,1,1,OBDC,Blue Owl Credit Advisors,Infrastructure and environmental services,4.5221,10.629,-0.5746,,,,False,,False,,2025-12-31,2025-12-31,1,OBDC,4.5221
"Monterey Financing, S.à r.l.",10,ORANGE,3,1,1,1,BXSL,Blackstone Credit Advisors,IT Services (continued),4.381,26.02,-0.8316,9/28/2029,,,False,,False,,2025-12-31,2025-12-31,1,BXSL,4.381
"Valo Health, LLC",10,ORANGE,3,1,1,1,HTGC,Hercules Capital (internal),Drug Discovery & Development,4.218,8.512,-0.5045,,,,False,,False,,2025-09-30,2025-12-31,2,HTGC,4.218
"InMobi, Inc. (Singapore)",10,ORANGE,3,1,1,1,TCPC,Tennenbaum Capital Partners (BlackRock),Equity Securities (continued),3.4251,7.7778,-0.5596,,,,False,,False,,2025-12-31,2025-12-31,1,TCPC,3.4251
"Lyft, Inc.",10,ORANGE,3,1,1,1,HTGC,Hercules Capital (internal),Consumer & Business Services,3.25,10.526,-0.6912,,,,False,,False,,2025-09-30,2025-12-31,2,HTGC,3.25
"WP Irving Co-Invest, L.P.",10,ORANGE,3,1,1,1,OBDC,Blue Owl Credit Advisors,Healthcare technology,3.0812,19.067,-0.8384,,,,False,,False,,2025-09-30,2025-12-31,2,OBDC,3.0812
Vermont Aus Pty Ltd,10,YELLOW,2,1,1,1,OBDC,Blue Owl Credit Advisors,,2.593,2.993,-0.1336,3/2028,,,True,OBDC,False,,2025-09-30,2025-12-31,2,OBDC,2.593
"Black Crow AI, Inc. affiliates",10,ORANGE,3,1,1,1,HTGC,Hercules Capital (internal),Equity Investments,2.385,5.252,-0.5459,,,,False,,False,,2025-09-30,2025-12-31,2,HTGC,2.385
NCWS Holdings LP,10,ORANGE,3,1,1,1,ARCC,Ares Capital Management,,2.3,12.9,-0.8217,,,,False,,False,,2025-12-31,2025-12-31,1,ARCC,2.3
"SiroMed Physician Services, Inc. and SiroMed Equity Holdings, LLC",10,ORANGE,3,1,1,1,ARCC,Ares Capital Management,,2.3,4.8,-0.5208,,,,False,,False,,2025-09-30,2025-12-31,2,ARCC,2.3
"Pivot Bio, Inc.",10,ORANGE,3,1,1,1,HTGC,Hercules Capital (internal),Sustainable and Renewable Technology,2.282,9.0,-0.7464,,,,False,,False,,2025-09-30,2025-12-31,2,HTGC,2.282
"Cobepa BlueSky Aggregator, SCSp+",10,YELLOW,2,1,1,1,GBDC,GC Advisors,Biotechnology,2.0,0.228,7.7719,12/2021,,,True,GBDC,False,,2025-09-30,2025-12-31,2,GBDC,2.0
Plasma Buyer LLC (dba PathGroup),10,YELLOW,2,1,1,1,OBDC,Blue Owl Credit Advisors,,1.96,2.248,-0.1281,5/2028,,,True,OBDC,False,,2025-09-30,2025-12-31,2,OBDC,1.96
"B+T Group Acquisition, Inc. – Line of Credit, $ 0 available (S + 2.0 %, 7.0 % Cash, Due 12/2026)",10,ORANGE,3,1,1,1,GLAD,Gladstone Management Corporation,,1.555,3.54,-0.5607,,,,False,,False,,2025-09-30,2025-12-31,2,GLAD,1.555
"Community Brands ParentCo, LLC",10,ORANGE,3,1,1,1,ARCC,Ares Capital Management,,1.5,5.0,-0.7,,,,False,,False,,2025-09-30,2025-12-31,2,ARCC,1.5
"SUNation Energy, Inc. (p.k.a. Pineapple Energy LLC)",10,ORANGE,3,1,1,1,HTGC,Hercules Capital (internal),Sustainable and Renewable Technology,1.273,4.45,-0.7139,,10.0,,False,,False,,2025-09-30,2025-12-31,2,HTGC,1.273
Conergy Asia & ME Pte. LTD.,10,YELLOW,2,1,1,1,GSBD,Goldman Sachs Asset Management,Construction & Engineering,1.055,0.0,,06/30/24,,,True,GSBD,False,,2025-09-30,2025-12-31,2,GSBD,1.055
"Dodge Construction Network Holdings, L.P.",10,ORANGE,3,1,1,1,OBDC,Blue Owl Credit Advisors,Buildings and real estate,1.028,5.845,-0.8241,,,,False,,False,,2025-09-30,2025-12-31,2,OBDC,1.028
"Standard Bots, Inc.",10,ORANGE,3,1,1,1,TPVG,TriplePoint Advisers,Computer Hardware,0.99,5.827,-0.8301,,,,False,,False,,2025-12-31,2025-12-31,1,TPVG,0.99
"Better Life Health, Inc. (fka. Thirty Madison Inc..)",10,ORANGE,3,1,1,1,TPVG,TriplePoint Advisers,Healthcare Technology Systems,0.927,4.261,-0.7824,,,,False,,False,,2025-12-31,2025-12-31,1,TPVG,0.927
"GoHealth, Inc.",10,ORANGE,3,1,1,1,OBDC,Blue Owl Credit Advisors,Insurance,0.912,5.42,-0.8317,,,,False,,False,,2025-09-30,2025-12-31,2,OBDC,0.912
Essential Services Holding Corporation,10,ORANGE,3,1,1,1,CGBD,Carlyle Investment Management,Consumer Services,0.7551,2.334,-0.6765,6/17/2031,,,False,,False,,2025-09-30,2025-12-31,2,CGBD,0.7551
"Foursquare Labs, Inc.",10,ORANGE,3,1,1,1,TCPC,Tennenbaum Capital Partners (BlackRock),Equity Securities (continued),0.5952,4.375,-0.864,,,,False,,False,,2025-12-31,2025-12-31,1,TCPC,0.5952
"RMS HoldCo II, LLC & RMS Group Holdings, Inc.",10,ORANGE,3,1,1,1,ARCC,Ares Capital Management,,0.5,2.5,-0.8,12/2028,9.34,,False,,False,,2025-09-30,2025-12-31,2,ARCC,0.5
"HilleVax, Inc.",10,ORANGE,3,1,1,1,HTGC,Hercules Capital (internal),Drug Discovery & Development,0.487,4.0,-0.8782,,,,False,,False,,2025-09-30,2025-12-31,2,HTGC,0.487
Oportun,10,ORANGE,3,1,1,1,HTGC,Hercules Capital (internal),Consumer & Business Services,0.444,1.154,-0.6153,,,,False,,False,,2025-09-30,2025-12-31,2,HTGC,0.444
"PPT Management Holdings, LLC (dba Pro-PT)",10,ORANGE,3,1,1,1,GSBD,Goldman Sachs Asset Management,Health Care Providers & Services,0.338,1.293,-0.7386,,,,False,,False,,2025-09-30,2025-12-31,2,GSBD,0.338
"MacroFab, Inc.",10,ORANGE,3,1,1,1,HTGC,Hercules Capital (internal),Manufacturing Technology,0.291,1.056,-0.7244,,,,False,,False,,2025-09-30,2025-12-31,2,HTGC,0.291
"Demandbase, Inc.",10,ORANGE,3,1,1,1,HTGC,Hercules Capital (internal),Warrant Investments,0.275,1.09,-0.7477,,,,False,,False,,2025-09-30,2025-12-31,2,HTGC,0.275
ResearchGate Corporation (Germany),10,ORANGE,3,1,1,1,TCPC,Tennenbaum Capital Partners (BlackRock),Equity Securities (continued),0.2326,0.6668,-0.6512,,,,False,,False,,2025-12-31,2025-12-31,1,TCPC,0.2326
"ECP Parent, LLC",10,ORANGE,3,1,1,1,CGBD,Carlyle Investment Management,Healthcare & Pharmaceuticals,0.213,0.536,-0.6026,,,,False,,False,,2025-12-31,2025-12-31,1,CGBD,0.213
"Cellarity, Inc.",10,ORANGE,3,1,1,1,HTGC,Hercules Capital (internal),Drug Discovery & Development,0.168,0.574,-0.7073,,,,False,,False,,2025-09-30,2025-12-31,2,HTGC,0.168
"Quora, Inc.",10,ORANGE,3,1,1,1,TCPC,Tennenbaum Capital Partners (BlackRock),Media,0.1147,1.0154,-0.887,,,,False,,False,,2025-12-31,2025-12-31,1,TCPC,0.1147
"Lightbend, Inc.",10,ORANGE,3,1,1,1,HTGC,Hercules Capital (internal),,0.107,0.792,-0.8649,,,,False,,False,,2025-09-30,2025-12-31,2,HTGC,0.107
"Appfire Technologies, LLC+",10,ORANGE,3,1,1,1,GBDC,GC Advisors,Software,0.054,0.242,-0.7769,,,,False,,False,,2025-09-30,2025-12-31,2,GBDC,0.054
"Seres Therapeutics, Inc.",10,ORANGE,3,1,1,1,OCSL,Oaktree Capital Management,Biotechnology,0.042,0.364,-0.8846,,,,False,,False,,2025-09-30,2025-12-31,2,OCSL,0.042
"First Insight, Inc.",10,ORANGE,3,1,1,1,HTGC,Hercules Capital (internal),Warrant Investments,0.034,0.192,-0.8229,,,,False,,False,,2025-09-30,2025-12-31,2,HTGC,0.034
"908 Devices, Inc.",10,ORANGE,3,1,1,1,HTGC,Hercules Capital (internal),Electronics & Computer Hardware,0.031,0.202,-0.8465,,,,False,,False,,2025-09-30,2025-12-31,2,HTGC,0.031
"Looking Glass Investments, LLC",10,ORANGE,3,1,1,1,MAIN,Main Street Capital (internal),,0.025,0.125,-0.8,,,,False,,False,,2025-12-31,2025-12-31,1,MAIN,0.025
"Assertio Holdings, Inc. *",10,ORANGE,3,1,1,1,SLRC,SLR Capital Partners,Pharmaceuticals,0.019,0.102,-0.8137,,,,False,,False,,2025-09-30,2025-12-31,2,SLRC,0.019
"Lendio, Inc.",10,ORANGE,3,1,1,1,HTGC,Hercules Capital (internal),Consumer & Business Services,0.017,0.078,-0.7821,,,,False,,False,,2025-09-30,2025-12-31,2,HTGC,0.017
Signal Media Limited,10,ORANGE,3,1,1,1,HTGC,Hercules Capital (internal),Information Services,0.013,0.114,-0.886,,,,False,,False,,2025-09-30,2025-12-31,2,HTGC,0.013
"KBHS Acquisition, LLC (d/b/a Alita Care, LLC)",10,YELLOW,2,1,1,1,ARCC,Ares Capital Management,,0.0,4.4,,03/2027,,,True,ARCC,False,,2025-09-30,2025-12-31,2,ARCC,0.0
By Light Professional IT Services LLC,9,YELLOW,2,3,3,2,"OBDC, PFLT, PNNT","Blue Owl Credit Advisors, PennantPark Investment Advisers",High Tech Industries,135.95,144.436,-0.0588,7/2031,9.29,,False,,False,,2025-09-30,2025-12-31,2,PFLT,92.144
BCPE North Star US Holdco 2 Inc,9,YELLOW,2,2,2,2,"OCSL, PSEC","Oaktree Capital Management, Prospect Capital Management",Packaged Foods & Meats,336.556,408.145,-0.1754,6/9/2028,11.4,725.0,False,,False,,2025-09-30,2025-12-31,2,PSEC,335.71
"Galileo Parent, Inc.",9,YELLOW,2,2,2,2,"CGBD, OCSL","Carlyle Investment Management, Oaktree Capital Management",Telecommunications,119.2087,143.053,-0.1667,5/3/2029,5.75,,False,,False,,2025-09-30,2025-12-31,2,OCSL,83.947
"Pave America Holding, LLC",9,YELLOW,2,2,2,2,"ARCC, BXSL","Ares Capital Management, Blackstone Credit Advisors",Construction & Engineering,70.206,70.521,-0.0045,08/2032,8.9,,False,,True,ARCC,2025-09-30,2025-12-31,2,ARCC,53.4
Sisense Ltd.,9,YELLOW,2,2,2,2,"HTGC, TPVG","Hercules Capital (internal), TriplePoint Advisers",Warrant Investments,65.327,66.314,-0.0149,,1.5,150.0,False,,True,HTGC,2025-09-30,2025-12-31,2,HTGC,65.327
"EMB Purchaser, Inc.",9,YELLOW,2,2,2,2,"ARCC, BXSL","Ares Capital Management, Blackstone Credit Advisors",Commercial Services & Supplies,37.03,45.176,-0.1803,3/12/2032,8.3,,False,,False,,2025-09-30,2025-12-31,2,BXSL,37.03
"Skydio, Inc.",9,YELLOW,2,2,2,2,"HTGC, TCPC","Hercules Capital (internal), Tennenbaum Capital Partners (BlackRock)",Electronics & Computer Hardware,34.9258,37.2193,-0.0616,12/4/2029,3.2,275.0,False,,True,TCPC,2025-09-30,2025-12-31,2,TCPC,33.0608
"Align Precision Group, LLC",9,YELLOW,2,2,2,2,"BXSL, CGBD","Blackstone Credit Advisors, Carlyle Investment Management",Aerospace & Defense,30.014,39.122,-0.2328,7/3/2030,,,False,,False,,2025-09-30,2025-12-31,2,CGBD,28.644
"Dragos, Inc.",9,YELLOW,2,2,2,2,"HTGC, TCPC","Hercules Capital (internal), Tennenbaum Capital Partners (BlackRock)",Sustainable and Renewable Technology,17.973,19.1215,-0.0601,6/30/2030,2.73,200.0,False,,True,HTGC,2025-09-30,2025-12-31,2,HTGC,14.385
SCIH Salt Holdings Inc.,9,YELLOW,2,2,2,2,"ARCC, OCSL","Ares Capital Management, Oaktree Capital Management",Diversified Chemicals,8.845,10.72,-0.1749,11/2028,3.3,,False,,False,,2025-09-30,2025-12-31,2,OCSL,8.845
"VRC Companies, LLC",9,YELLOW,2,2,2,2,"ARCC, CGBD","Ares Capital Management, Carlyle Investment Management",,5.3,5.4,-0.0185,06/2028,12.0,,False,,True,ARCC,2025-09-30,2025-12-31,2,ARCC,5.3
Harris & Co. LLC,9,YELLOW,2,2,2,1,"PFLT, PNNT",PennantPark Investment Advisers,Professional Services,278.916,352.562,-0.2089,08/09/30,8.92,,False,,False,,2025-09-30,2025-12-31,2,PFLT,216.705
"Commercial Fire Protection Holdings, LLC",9,YELLOW,2,2,2,1,"PFLT, PNNT",PennantPark Investment Advisers,Commercial Services & Supplies,163.703,204.42,-0.1992,09/23/30,8.32,,False,,False,,2025-09-30,2025-12-31,2,PFLT,120.135
"Loving Tan Intermediate II, Inc.",9,YELLOW,2,2,2,1,"PFLT, PNNT",PennantPark Investment Advisers,Personal Products,157.475,195.723,-0.1954,07/12/2026,8.84,,False,,False,,2025-09-30,2025-12-31,2,PFLT,141.505
"Carnegie Dartlet, LLC",9,YELLOW,2,2,2,1,"PFLT, PNNT",PennantPark Investment Advisers,Professional Services,146.179,174.589,-0.1627,02/07/30,9.44,,False,,False,,2025-09-30,2025-12-31,2,PFLT,96.747
"ACP Avenu Buyer, LLC",9,YELLOW,2,2,2,1,"PFLT, PNNT",PennantPark Investment Advisers,IT Services,130.233,154.097,-0.1549,10/02/29,8.88,,False,,False,,2025-09-30,2025-12-31,2,PFLT,83.527
"MOREgroup Holdings, Inc.",9,YELLOW,2,2,2,1,"PFLT, PNNT",PennantPark Investment Advisers,Construction & Engineering,129.304,155.242,-0.1671,01/16/30,9.07,,False,,False,,2025-09-30,2025-12-31,2,PFLT,89.893
"Beacon Behavioral Support Services, LLC",9,YELLOW,2,2,2,1,"PFLT, PNNT",PennantPark Investment Advisers,Healthcare Providers and Services,129.185,160.816,-0.1967,06/21/29,9.31,,False,,False,,2025-09-30,2025-12-31,2,PFLT,80.033
"Omnia Exterior Solutions, LLC",9,YELLOW,2,2,2,1,"PFLT, PNNT",PennantPark Investment Advisers,Diversified Consumer Services,125.653,156.896,-0.1991,12/29/29,9.09,,False,,False,,2025-09-30,2025-12-31,2,PFLT,84.372
"C5MI Acquisition, LLC",9,YELLOW,2,2,2,1,"PFLT, PNNT",PennantPark Investment Advisers,IT Services,112.052,131.959,-0.1509,07/31/29,9.83,,False,,False,,2025-09-30,2025-12-31,2,PFLT,90.648
"Watchtower Buyer, LLC",9,YELLOW,2,2,2,1,"PFLT, PNNT",PennantPark Investment Advisers,"Electronic Equipment, Instruments, and Components",97.534,120.054,-0.1876,12/01/29,9.83,,False,,False,,2025-09-30,2025-12-31,2,PFLT,50.478
"Archer Lewis, LLC",9,YELLOW,2,2,2,1,"PFLT, PNNT",PennantPark Investment Advisers,Healthcare Technology,91.364,113.604,-0.1958,08/28/29,9.57,,False,,False,,2025-09-30,2025-12-31,2,PFLT,58.7
"Kinetic Purchaser, LLC",9,YELLOW,2,2,2,1,"PFLT, PNNT",PennantPark Investment Advisers,Personal Products,90.235,113.317,-0.2037,11/10/27,9.99,,False,,False,,2025-09-30,2025-12-31,2,PFLT,56.318
"Dynata, LLC",9,YELLOW,2,2,2,1,"PFLT, PNNT",PennantPark Investment Advisers,Business Services,56.993,74.478,-0.2348,07/17/28,9.73,,False,,False,,2025-09-30,2025-12-31,2,PFLT,40.036
"LJ Avalon Holdings, LLC",9,YELLOW,2,2,2,1,"PFLT, PNNT",PennantPark Investment Advisers,Construction & Engineering,54.336,65.829,-0.1746,02/01/30,8.59,,False,,False,,2025-09-30,2025-12-31,2,PFLT,28.684
"PCS MIDCO, Inc.",9,YELLOW,2,2,2,1,"PFLT, PNNT",PennantPark Investment Advisers,Professional Services,47.689,62.422,-0.236,03/01/30,9.56,,False,,False,,2025-09-30,2025-12-31,2,PFLT,31.458
"APT OPCO, LLC",9,YELLOW,2,2,2,1,"PFLT, PNNT",PennantPark Investment Advisers,Healthcare Providers and Services,45.287,53.311,-0.1505,09/30/31,8.67,,False,,False,,2025-09-30,2025-12-31,2,PFLT,34.629
"Peninsula Pacific Entertainment, LLC",9,YELLOW,2,2,2,1,"PFLT, PNNT",PennantPark Investment Advisers,Gaming,40.554,49.597,-0.1823,08/25/2027,,,False,,False,,2025-09-30,2025-12-31,2,PFLT,30.04
"Graffiti Buyer, Inc.",9,YELLOW,2,2,2,1,"PFLT, PNNT",PennantPark Investment Advisers,Trading Companies & Distributors,26.395,33.408,-0.2099,08/10/27,9.61,,False,,False,,2025-09-30,2025-12-31,2,PFLT,18.089
"ORL Acquisition, Inc.",9,YELLOW,2,2,2,1,"PFLT, PNNT",PennantPark Investment Advisers,Consumer Finance,24.308,29.157,-0.1663,09/03/2027,13.4,,False,,False,,2025-09-30,2025-12-31,2,PFLT,16.807
"PN Buyer, Inc.",9,YELLOW,2,2,2,1,"PFLT, PNNT",PennantPark Investment Advisers,Professional Services,14.681,17.544,-0.1632,07/31/31,8.17,,False,,False,,2025-12-31,2025-12-31,1,PFLT,9.95
"DX Electric Company, LLC",9,YELLOW,2,2,2,1,"PFLT, PNNT",PennantPark Investment Advisers,"Electronic Equipment, Instruments, and Components",14.006,16.507,-0.1515,10/01/31,8.92,,False,,False,,2025-12-31,2025-12-31,1,PFLT,7.003
"Echelon Transportation, LLC",9,YELLOW,2,1,1,1,PSEC,Prospect Capital Management,Trading Companies & Distributors,171.622,310.765,-0.4477,12/7/2026,6.0,,False,,False,,2025-09-30,2025-12-31,2,PSEC,171.622
"Interventional Management Services, LLC",9,YELLOW,2,1,1,1,PSEC,Prospect Capital Management,Health Care Providers & Services,147.4502,280.073,-0.4735,2/20/2026,13.23,900.0,False,,False,,2025-09-30,2025-12-31,2,PSEC,147.4502
"Watterson Brands, LLC",9,YELLOW,2,1,1,1,MAIN,Main Street Capital (internal),,116.109,128.261,-0.0947,,12.0,,True,MAIN,False,,2025-09-30,2025-12-31,2,MAIN,116.109
"SIO2 Medical Products, Inc.",9,YELLOW,2,1,1,1,OCSL,Oaktree Capital Management,"Metal, Glass & Plastic Containers",102.704,59.604,0.7231,8/3/2028,,,True,OCSL,False,,2025-09-30,2025-12-31,2,OCSL,102.704
"Eze Castle Integration, Inc.",9,YELLOW,2,1,1,1,PSEC,Prospect Capital Management,Software,101.846,195.988,-0.4803,1/15/2027,11.34,712.6,False,,False,,2025-09-30,2025-12-31,2,PSEC,101.846
Pacific BidCo Inc.,9,YELLOW,2,1,1,1,OBDC,Blue Owl Credit Advisors,,83.709,83.161,0.0066,8/2029,,,True,OBDC,False,,2025-09-30,2025-12-31,2,OBDC,83.709
Rosa Mexicano,9,YELLOW,2,1,1,1,PSEC,Prospect Capital Management,"Hotels, Restaurants & Leisure",66.1994,125.949,-0.4744,6/13/2026,16.0,,False,,False,,2025-09-30,2025-12-31,2,PSEC,66.1994
"Jerry Services, Inc.",9,YELLOW,2,1,1,1,TPVG,TriplePoint Advisers,Other Financial Services,62.652,120.109,-0.4784,9/30/2025,,,False,,False,,2025-09-30,2025-12-31,2,TPVG,62.652
"DCA Investment Holdings, LLC",9,YELLOW,2,1,1,1,BXSL,Blackstone Credit Advisors,Health Care Providers & Services (continued),60.415,66.219,-0.0876,4/3/2028,,,True,BXSL,False,,2025-12-31,2025-12-31,1,BXSL,60.415
FR Flow Control CB LLC (dba Trillium Flow Technologies),9,YELLOW,2,1,1,1,OBDC,Blue Owl Credit Advisors,Manufacturing,55.418,55.095,0.0059,12/2029,,,True,OBDC,False,,2025-09-30,2025-12-31,2,OBDC,55.418
"WHCG Purchaser III, Inc.",9,YELLOW,2,1,1,1,BXSL,Blackstone Credit Advisors,Health Care Providers & Services (continued),54.599,53.656,0.0176,6/30/2029,,,True,BXSL,False,,2025-12-31,2025-12-31,1,BXSL,54.599
RW AM Holdco LLC+,9,YELLOW,2,1,1,1,GBDC,GC Advisors,,45.948,47.21,-0.0267,,,,True,GBDC,False,,2025-09-30,2025-12-31,2,GBDC,45.948
"Buca C, LLC",9,YELLOW,2,1,1,1,MAIN,Main Street Capital (internal),,38.85,24.404,0.592,,13.1,,True,MAIN,False,,2025-09-30,2025-12-31,2,MAIN,38.85
"Julie Lindsey, Inc.",9,YELLOW,2,1,1,1,PSEC,Prospect Capital Management,"Textiles, Apparel & Luxury Goods",38.2012,76.4,-0.5,7/27/2027,,,False,,False,,2025-09-30,2025-12-31,2,PSEC,38.2012
Whitewater Holding Company LLC,9,YELLOW,2,1,1,1,GSBD,Goldman Sachs Asset Management,Diversified Consumer Services,35.439,56.416,-0.3718,12/21/27,10.25,,False,,False,,2025-09-30,2025-12-31,2,GSBD,35.439
"Tall Tree Foods, Inc.",9,YELLOW,2,1,1,1,OBDC,Blue Owl Credit Advisors,,33.395,48.964,-0.318,3/2025,,,False,,False,,2025-09-30,2025-12-31,2,OBDC,33.395
"Bayside OPCP, LLC",9,YELLOW,2,1,1,1,CGBD,Carlyle Investment Management,Healthcare & Pharmaceuticals,30.813,48.882,-0.3696,5/31/2026,,,False,,False,,2025-09-30,2025-12-31,2,CGBD,30.813
"Patriot Holdings SCSp (dba Corza Health, Inc.)",9,YELLOW,2,1,1,1,OBDC,Blue Owl Credit Advisors,Healthcare equipment and services,25.941,25.009,0.0373,,,,True,OBDC,False,,2025-09-30,2025-12-31,2,OBDC,25.941
"NRP Jones, LLC",9,YELLOW,2,1,1,1,MAIN,Main Street Capital (internal),,17.444,15.362,0.1355,9/18/2028,12.0,,True,MAIN,False,,2025-09-30,2025-12-31,2,MAIN,17.444
"Jeg's Automotive, LLC",9,YELLOW,2,1,1,1,CGBD,Carlyle Investment Management,Auto Aftermarket & Services,15.252,14.61,0.0439,12/31/2029,,,True,CGBD,False,,2025-09-30,2025-12-31,2,CGBD,15.252
MA Micro Limited,9,YELLOW,2,1,1,1,TPVG,TriplePoint Advisers,Consumer Products and Services,11.856,21.364,-0.445,12/31/2026,,,False,,False,,2025-09-30,2025-12-31,2,TPVG,11.856
"Panorama Education, Inc.",9,YELLOW,2,1,1,1,TPVG,TriplePoint Advisers,Educational/Training Software,11.807,18.055,-0.3461,7/31/2026,,,False,,False,,2025-09-30,2025-12-31,2,TPVG,11.807
Plasma Buyer LLC+,9,YELLOW,2,1,1,1,GBDC,GC Advisors,,8.224,8.811,-0.0666,,,,True,GBDC,False,,2025-09-30,2025-12-31,2,GBDC,8.224
"Centerline Communications, LLC",9,YELLOW,2,1,1,1,OCSL,Oaktree Capital Management,Wireless Telecommunication Services,7.13,13.631,-0.4769,8/10/2027,6.0,,False,,False,,2025-09-30,2025-12-31,2,OCSL,7.13
"TI Intermediate Holdings, LLC+",9,YELLOW,2,1,1,1,GBDC,GC Advisors,,6.897,6.915,-0.0026,,,,True,GBDC,False,,2025-09-30,2025-12-31,2,GBDC,6.897
"Fuse, LLC",9,YELLOW,2,1,1,1,MAIN,Main Street Capital (internal),,5.131,7.752,-0.3381,12/31/2026,12.0,,False,,False,,2025-09-30,2025-12-31,2,MAIN,5.131
"Dollfus Mieg Company, Inc.+",9,YELLOW,2,1,1,1,GBDC,GC Advisors,,4.51,4.544,-0.0075,,,,True,GBDC,False,,2025-09-30,2025-12-31,2,GBDC,4.51
"B+T Group Acquisition, Inc. – Line of Credit, $ 0 available (SOFR+ 2.0 %, 7.0 % Cash, Due 12/2026)",9,YELLOW,2,1,1,1,GAIN,Gladstone Management Corporation,,4.13,4.13,0.0,,,,True,GAIN,False,,2025-09-30,2025-12-31,2,GAIN,4.13
Engage Debtco Limited,9,YELLOW,2,1,1,1,OBDC,Blue Owl Credit Advisors,Healthcare providers and services,3.022,3.09,-0.022,7/2029,,,True,OBDC,False,,2025-09-30,2025-12-31,2,OBDC,3.022
"B+T Group Acquisition, Inc. – Line of Credit, $ 120 available (SOFR+ 2.0 %, 7.0 % Cash, Due 6/2025)",9,YELLOW,2,1,1,1,GAIN,Gladstone Management Corporation,,0.93,0.93,0.0,,,,True,GAIN,False,,2025-09-30,2025-12-31,2,GAIN,0.93
"Louisiana Fish Fry Products, Ltd.+",9,YELLOW,2,1,1,1,GBDC,GC Advisors,Food Products,0.742,1.131,-0.3439,07/2021,,,False,,False,,2025-09-30,2025-12-31,2,GBDC,0.742
"GCOM InvestCo, LP",9,YELLOW,2,1,2,1,PNNT,PennantPark Investment Advisers,Business Services,0.649,1.003,-0.3529,,,,False,,False,,2025-09-30,2025-12-31,2,PNNT,0.649
AVE Holdings I Corp.,9,YELLOW,2,1,1,1,BXSL,Blackstone Credit Advisors,Health Care Providers & Services,0.382,0.607,-0.3707,2/25/2022,,,False,,False,,2025-12-31,2025-12-31,1,BXSL,0.382
"Hancock Claims Consultants Investors, LLC",9,YELLOW,2,1,2,1,PNNT,PennantPark Investment Advisers,Insurance,0.328,0.526,-0.3764,,,,False,,False,,2025-09-30,2025-12-31,2,PNNT,0.328
"RegEd Aquireco, LLC+",9,YELLOW,2,1,1,1,GBDC,GC Advisors,,0.216,0.391,-0.4476,12/2018,,,False,,False,,2025-09-30,2025-12-31,2,GBDC,0.216
"Exigo, LLC",8,YELLOW,1,2,3,2,"PNNT, SCM","PennantPark Investment Advisers, Stellus Capital Management",Business Services,1.547,1.458,0.061,3/16/2022,,,False,,False,,2025-09-30,2025-12-31,2,PNNT,1.547
"MITY, Inc.",8,YELLOW,2,1,1,1,PSEC,Prospect Capital Management,Commercial Services & Supplies,301.802,424.542,-0.2891,11/30/2027,13.26,902.0,False,,True,PSEC,2025-09-30,2025-12-31,2,PSEC,301.802
"STS PARENT, LLC (dba STS Aviation Group)",8,YELLOW,2,1,1,1,OBDC,Blue Owl Credit Advisors,Aerospace and defense,221.5848,428.774,-0.4832,10/2030,,,False,,False,,2025-09-30,2025-12-31,2,OBDC,221.5848
SLR Equipment Finance Equity Interests *,8,YELLOW,2,1,1,1,SLRC,SLR Capital Partners,Multi-Sector Holdings,202.6,290.0,-0.3014,,,,False,,False,,2025-09-30,2025-12-31,2,SLRC,202.6
Conair Holdings LLC,8,YELLOW,2,1,1,1,OBDC,Blue Owl Credit Advisors,Consumer products,198.67,299.859,-0.3375,5/2028,,,False,,False,,2025-09-30,2025-12-31,2,OBDC,198.67
"Help/Systems Holdings, Inc. (d/b/a Forta, LLC)",8,YELLOW,2,1,1,1,PSEC,Prospect Capital Management,Software,196.278,267.169,-0.2653,11/19/2027,7.53,336.5,False,,True,PSEC,2025-09-30,2025-12-31,2,PSEC,196.278
"Dresser Utility Solutions, LLC",8,YELLOW,2,1,1,1,OBDC,Blue Owl Credit Advisors,Energy equipment and services,135.8051,214.643,-0.3673,3/2029,,,False,,False,,2025-09-30,2025-12-31,2,OBDC,135.8051
"Senior Loan Fund JV I, LLC",8,YELLOW,2,1,1,1,OCSL,Oaktree Capital Management,Multi-Sector Holdings,132.864,222.238,-0.4022,12/29/2028,7.0,,False,,False,,2025-09-30,2025-12-31,2,OCSL,132.864
"The RK Logistics Group, Inc.",8,YELLOW,2,1,1,1,PSEC,Prospect Capital Management,Commercial Services & Supplies,118.8863,209.478,-0.4325,12/18/2028,14.78,1050.0,False,,False,,2025-09-30,2025-12-31,2,PSEC,118.8863
"AQ Sunshine, Inc.",8,YELLOW,2,1,1,1,ARCC,Ares Capital Management,Insurance,118.6,237.2,-0.5,07/2030,8.67,,False,,False,,2025-09-30,2025-12-31,2,ARCC,118.6
"Sunshine Software Holdings, Inc. (dba Cornerstone OnDemand, Inc.)",8,YELLOW,2,1,1,1,OBDC,Blue Owl Credit Advisors,Human resource support services,109.1449,194.873,-0.4399,,,,False,,False,,2025-09-30,2025-12-31,2,OBDC,109.1449
Hercules Adviser LLC,8,YELLOW,2,1,1,1,HTGC,Hercules Capital (internal),Diversified Financial Services,101.682,150.247,-0.3232,,5.0,,False,,False,,2025-09-30,2025-12-31,2,HTGC,101.682
Industria Chimica Emiliana Srl,8,YELLOW,2,1,1,1,FSK,FS/KKR Advisor,"Pharmaceuticals, Biotechnology & Life Sciences",86.6,104.0,-0.1673,9/27/26,2.5,,False,,True,FSK,2025-09-30,2025-12-31,2,FSK,86.6
"LeanTaaS Holdings, Inc.",8,YELLOW,2,1,1,1,ARCC,Ares Capital Management,,73.8,147.6,-0.5,07/2028,11.41,,False,,False,,2025-09-30,2025-12-31,2,ARCC,73.8
Lucky US BuyerCo LLC,8,YELLOW,2,1,1,1,PSEC,Prospect Capital Management,Financial Services,51.5194,98.462,-0.4768,4/1/2029,11.49,750.0,False,,False,,2025-09-30,2025-12-31,2,PSEC,51.5194
Adonis Acquisition Holdings LLC and Adonis Acquisition Holdings Parent LLC,8,YELLOW,2,1,1,1,ARCC,Ares Capital Management,Materials,48.8,68.8,-0.2907,02/2030,9.3,,False,,True,ARCC,2025-09-30,2025-12-31,2,ARCC,48.8
"Zorro Bidco, Ltd.",8,YELLOW,2,1,1,1,BXSL,Blackstone Credit Advisors,Software (continued),44.051,75.471,-0.4163,8/13/2031,,,False,,False,,2025-12-31,2025-12-31,1,BXSL,44.051
"Upstream Holdco, Inc.",8,YELLOW,2,1,1,1,PSEC,Prospect Capital Management,Health Care Providers & Services,41.3042,57.458,-0.2811,5/20/2030,13.3,950.0,False,,True,PSEC,2025-12-31,2025-12-31,1,PSEC,41.3042
"OTG Management, LLC",8,YELLOW,2,1,1,1,OCSL,Oaktree Capital Management,Airport Services,40.886,72.774,-0.4382,2/11/2030,8.5,,False,,False,,2025-09-30,2025-12-31,2,OCSL,40.886
EnCap Energy Fund Investments,8,YELLOW,2,1,1,1,MAIN,Main Street Capital (internal),,31.116,57.418,-0.4581,,,,False,,False,,2025-09-30,2025-12-31,2,MAIN,31.116
"Horizon Facilities Services, Inc. – Term Debt (SOFR+ 0.5 %, 6.0 % Cash, Due 6/2026)",8,YELLOW,2,1,1,1,GAIN,Gladstone Management Corporation,,29.634,57.7,-0.4864,,,,False,,False,,2025-09-30,2025-12-31,2,GAIN,29.634
Redwood Services LP,8,YELLOW,2,1,1,1,ARCC,Ares Capital Management,,27.2,54.4,-0.5,06/2032,8.42,,False,,False,,2025-09-30,2025-12-31,2,ARCC,27.2
SellerX Germany GMBH & Co. KG (Germany),8,YELLOW,2,1,1,1,TCPC,Tennenbaum Capital Partners (BlackRock),Diversified Consumer Services,25.3222,30.865,-0.1796,11/5/2026,4.12,600.0,False,,True,TCPC,2025-12-31,2025-12-31,1,TCPC,25.3222
Continental Intermodal Group LP,8,YELLOW,2,1,1,1,OCSL,Oaktree Capital Management,Oil & Gas Storage & Transportation,25.118,36.736,-0.3163,,,,False,,False,,2025-09-30,2025-12-31,2,OCSL,25.118
"DriveCentric Holdings, LLC",8,YELLOW,2,1,1,1,ARCC,Ares Capital Management,,23.7,47.4,-0.5,08/2031,8.18,,False,,False,,2025-09-30,2025-12-31,2,ARCC,23.7
"Reagent Chemical & Research, LLC",8,YELLOW,2,1,1,1,ARCC,Ares Capital Management,,23.5,47.0,-0.5,04/2030,9.06,,False,,False,,2025-09-30,2025-12-31,2,ARCC,23.5
"Thermostat Purchaser III, Inc.",8,YELLOW,2,1,1,1,ARCC,Ares Capital Management,,23.0,46.0,-0.5,08/2028,11.22,,False,,False,,2025-09-30,2025-12-31,2,ARCC,23.0
"System Planning and Analysis, Inc.",8,YELLOW,1,1,2,1,PNNT,PennantPark Investment Advisers,Aerospace and Defense,21.049,29.442,-0.2851,06/12/2027,,,False,,False,,2025-09-30,2025-12-31,2,PNNT,21.049
Diamond Mezzanine 24 LLC,8,YELLOW,2,1,1,1,ARCC,Ares Capital Management,Insurance,19.7,39.4,-0.5,10/2030,8.84,,False,,False,,2025-09-30,2025-12-31,2,ARCC,19.7
"BW Holding, Inc. (Brook & Whittle)",8,YELLOW,2,1,1,1,TCPC,Tennenbaum Capital Partners (BlackRock),Containers & Packaging,17.6222,33.7677,-0.4781,3/14/2029,7.88,,False,,False,,2025-12-31,2025-12-31,1,TCPC,17.6222
Mai Capital Management Intermediate LLC,8,YELLOW,2,1,1,1,ARCC,Ares Capital Management,,15.6,31.2,-0.5,08/2031,8.42,,False,,False,,2025-09-30,2025-12-31,2,ARCC,15.6
3 Step Sports LLC,8,YELLOW,2,1,1,1,ARCC,Ares Capital Management,,15.4,30.8,-0.5,10/2029,10.17,,False,,False,,2025-09-30,2025-12-31,2,ARCC,15.4
"PCIA SPV-3, LLC and ASE Royal Aggregator, LLC",8,YELLOW,2,1,1,1,ARCC,Ares Capital Management,,11.2,17.2,-0.3488,08/2029,8.92,,False,,False,,2025-09-30,2025-12-31,2,ARCC,11.2
Kickapoo Ranch Pet Resort,8,YELLOW,2,1,1,1,PSEC,Prospect Capital Management,Diversified Consumer Services,8.301,13.113,-0.367,1/10/2029,11.17,750.0,False,,False,,2025-09-30,2025-12-31,2,PSEC,8.301
"Home Concepts Acquisition, Inc. – Term Debt (SOFR+ 9.0 %, 13.0 % Cash, Due 5/2028)",8,YELLOW,2,1,1,1,GAIN,Gladstone Management Corporation,,7.873,12.0,-0.3439,,,,False,,False,,2025-12-31,2025-12-31,1,GAIN,7.873
"Isagenix International, LLC",8,YELLOW,2,1,1,1,MAIN,Main Street Capital (internal),,7.095,12.292,-0.4228,4/14/2028,6.83,,False,,False,,2025-09-30,2025-12-31,2,MAIN,7.095
"Premiere Buyer, LLC",8,YELLOW,2,1,1,1,ARCC,Ares Capital Management,,6.5,13.0,-0.5,05/2031,8.17,,False,,False,,2025-09-30,2025-12-31,2,ARCC,6.5
Waste Services Group Pty Ltd,8,YELLOW,2,1,1,1,FSK,FS/KKR Advisor,Commercial & Professional Services,4.8,7.4,-0.3514,,,,False,,False,,2025-09-30,2025-12-31,2,FSK,4.8
"INH Buyer, Inc. (IMA Health)",8,YELLOW,2,1,1,1,TCPC,Tennenbaum Capital Partners (BlackRock),Healthcare Providers and Services,3.5998,6.5842,-0.4533,6/28/2028,7.0,,False,,False,,2025-12-31,2025-12-31,1,TCPC,3.5998
NorthSea Therapeutics,8,YELLOW,2,1,1,1,HTGC,Hercules Capital (internal),Drug Discovery & Development,3.165,4.646,-0.3188,,6.0,,False,,False,,2025-09-30,2025-12-31,2,HTGC,3.165
"Lorient Peregrine Investments, LP",8,YELLOW,2,1,1,1,PNNT,PennantPark Investment Advisers,Business Services,2.339,4.53,-0.4837,,,,False,,False,,2025-09-30,2025-12-31,2,PNNT,2.339
"GlassPoint, Inc.",8,YELLOW,2,1,1,1,TCPC,Tennenbaum Capital Partners (BlackRock),Energy Equipment and Services,2.1736,4.1764,-0.4796,,,,False,,False,,2025-12-31,2025-12-31,1,TCPC,2.1736
Bicycle Therapeutics PLC,8,YELLOW,2,1,1,1,HTGC,Hercules Capital (internal),Drug Discovery & Development,2.068,3.742,-0.4474,,,,False,,False,,2025-09-30,2025-12-31,2,HTGC,2.068
"Gusto Sing Bidco Pte, Ltd.",8,YELLOW,2,1,1,1,BXSL,Blackstone Credit Advisors,Pharmaceuticals,1.275,2.0,-0.3625,11/15/2031,,,False,,False,,2025-12-31,2025-12-31,1,BXSL,1.275
"Café Brazil, LLC",8,YELLOW,2,1,1,1,MAIN,Main Street Capital (internal),,1.2,1.742,-0.3111,,,,False,,False,,2025-09-30,2025-12-31,2,MAIN,1.2
Doc Generici (Diocle S.p.A.),8,YELLOW,2,1,1,1,BXSL,Blackstone Credit Advisors,Pharmaceuticals,1.02,1.758,-0.4198,10/27/2028,,,False,,False,,2025-12-31,2025-12-31,1,BXSL,1.02
Hylan Global LLC,8,YELLOW,2,1,1,1,TCPC,Tennenbaum Capital Partners (BlackRock),Construction & Engineering,0.7384,1.4768,-0.5,,,,False,,False,,2025-12-31,2025-12-31,1,TCPC,0.7384
"Passport Labs, Inc.",8,YELLOW,2,1,1,1,TPVG,TriplePoint Advisers,Business Applications Software,0.693,1.302,-0.4677,,,,False,,False,,2025-09-30,2025-12-31,2,TPVG,0.693
"Binswanger Enterprises, LLC",8,YELLOW,2,1,1,1,MAIN,Main Street Capital (internal),,0.65,1.05,-0.381,,,,False,,False,,2025-09-30,2025-12-31,2,MAIN,0.65
Dynavax Technologies,8,YELLOW,2,1,1,1,HTGC,Hercules Capital (internal),Drug Discovery & Development,0.564,1.1,-0.4873,,,,False,,False,,2025-09-30,2025-12-31,2,HTGC,0.564
"Paris US Holdco, Inc. & 1001028292 Ontario Inc.",8,YELLOW,2,1,1,1,ARCC,Ares Capital Management,,0.4,0.8,-0.5,12/2031,8.47,,False,,False,,2025-09-30,2025-12-31,2,ARCC,0.4
"Fulfil Solutions, Inc.",8,YELLOW,2,1,1,1,HTGC,Hercules Capital (internal),Warrant Investments,0.384,0.65,-0.4092,,,,False,,False,,2025-09-30,2025-12-31,2,HTGC,0.384
"Kore.ai, Inc.",8,YELLOW,2,1,1,1,HTGC,Hercules Capital (internal),Warrant Investments,0.246,0.416,-0.4087,,,,False,,False,,2025-09-30,2025-12-31,2,HTGC,0.246
Landing Holdings Inc.,8,YELLOW,2,1,1,1,HTGC,Hercules Capital (internal),Consumer & Business Services,0.126,0.232,-0.4569,,,,False,,False,,2025-09-30,2025-12-31,2,HTGC,0.126
"Rocket Bidco, Inc. (dba Recochem)",7,YELLOW,1,2,2,2,"GSBD, OBDC","Blue Owl Credit Advisors, Goldman Sachs Asset Management",Chemicals,477.811,471.007,0.0144,11/01/30,8.27,,False,,False,,2025-09-30,2025-12-31,2,OBDC,455.884
"MB2 Dental Solutions, LLC",7,YELLOW,1,2,2,2,"BXSL, FSK","Blackstone Credit Advisors, FS/KKR Advisor",Health Care Providers & Services (continued),435.948,433.802,0.0049,2/13/31,,,False,,False,,2025-09-30,2025-12-31,2,FSK,376.9
USIC Holdings Inc,7,YELLOW,1,2,2,2,"FSK, OCSL","FS/KKR Advisor, Oaktree Capital Management",Commercial & Professional Services,327.253,326.102,0.0035,9/10/31,5.55,,False,,False,,2025-09-30,2025-12-31,2,FSK,281.8
Doxim Inc.,7,YELLOW,1,2,2,2,"ARCC, GSBD","Ares Capital Management, Goldman Sachs Asset Management",Financial Services,265.661,269.81,-0.0154,06/01/26,10.71,,False,,False,,2025-09-30,2025-12-31,2,ARCC,167.8
"Crewline Buyer, Inc. (dba New Relic)",7,YELLOW,1,2,2,2,"GSBD, OBDC","Blue Owl Credit Advisors, Goldman Sachs Asset Management",Software,263.146,261.812,0.0051,11/08/30,10.85,,False,,False,,2025-09-30,2025-12-31,2,OBDC,255.998
"Gigamon, Inc.",7,YELLOW,1,2,2,2,"BXSL, FSK","Blackstone Credit Advisors, FS/KKR Advisor",Software (continued),231.059,234.182,-0.0133,3/10/28,,,False,,False,,2025-09-30,2025-12-31,2,FSK,223.9
"Computer Services, Inc.",7,YELLOW,1,2,2,2,"ARCC, GSBD","Ares Capital Management, Goldman Sachs Asset Management",Financial Services,223.457,223.369,0.0004,11/15/29,8.3,,False,,False,,2025-09-30,2025-12-31,2,ARCC,160.4
"MINDBODY, Inc.",7,YELLOW,1,2,2,2,"OBDC, OCSL","Blue Owl Credit Advisors, Oaktree Capital Management",Internet Services & Infrastructure,205.937,205.439,0.0024,9/2025,6.02,,False,,False,,2025-09-30,2025-12-31,2,OBDC,124.036
"Channel Partners Intermediateco, LLC",7,YELLOW,1,2,2,2,"MAIN, SCM","Main Street Capital (internal), Stellus Capital Management",​,192.688,194.998,-0.0118,2/24/2022,11.35,,False,,False,,2025-09-30,2025-12-31,2,MAIN,192.688
"Axsome Therapeutics, Inc.",7,YELLOW,1,2,2,2,"BXSL, HTGC","Blackstone Credit Advisors, Hercules Capital (internal)",Biotechnology,189.909,171.011,0.1105,5/6/2025,2.2,220.0,False,,False,,2025-09-30,2025-12-31,2,HTGC,170.985
Sorenson Communications LLC,7,YELLOW,1,2,2,2,"FSK, OCSL","FS/KKR Advisor, Oaktree Capital Management",Telecommunication Services,180.531,191.308,-0.0563,4/1/30,5.75,,False,,False,,2025-09-30,2025-12-31,2,FSK,94.8
"Amerivet Partners Management, Inc.",7,YELLOW,1,2,2,2,"BXSL, FSK","Blackstone Credit Advisors, FS/KKR Advisor",Health Care Providers & Services,161.996,162.113,-0.0007,2/25/28,,,False,,False,,2025-09-30,2025-12-31,2,FSK,151.2
"ESO Solutions, Inc.",7,YELLOW,1,2,2,2,"GSBD, TCPC","Goldman Sachs Asset Management, Tennenbaum Capital Partners (BlackRock)",Health Care Technology,161.5856,160.929,0.0041,05/03/27,9.17,,False,,False,,2025-09-30,2025-12-31,2,GSBD,93.883
Xactly Corporation,7,YELLOW,1,2,2,2,"GSBD, TCPC","Goldman Sachs Asset Management, Tennenbaum Capital Partners (BlackRock)",IT Services,151.911,152.4144,-0.0033,07/30/27,9.71,,False,,False,,2025-09-30,2025-12-31,2,GSBD,122.597
"Gainsight, Inc.",7,YELLOW,1,2,2,2,"GSBD, OBDC","Blue Owl Credit Advisors, Goldman Sachs Asset Management",Software,147.453,147.081,0.0025,07/30/27,10.35,,False,,False,,2025-09-30,2025-12-31,2,GSBD,86.527
CivicPlus LLC,7,YELLOW,1,2,2,2,"GSBD, OBDC","Blue Owl Credit Advisors, Goldman Sachs Asset Management",Software,141.42,140.919,0.0036,08/24/27,12.47,,False,,False,,2025-09-30,2025-12-31,2,OBDC,116.262
"MonitorUS Holding, LLC",7,YELLOW,1,2,2,2,"MAIN, SCM","Main Street Capital (internal), Stellus Capital Management",​,139.209,138.096,0.0081,5/24/2022,10.86,,False,,False,,2025-09-30,2025-12-31,2,MAIN,139.209
"TCFI AEVEX, LLC",7,YELLOW,1,2,2,2,"BXSL, CGBD","Blackstone Credit Advisors, Carlyle Investment Management",Aerospace & Defense,131.946,131.736,0.0016,3/18/2026,,,False,,False,,2025-09-30,2025-12-31,2,BXSL,109.088
"Microbe Formulas, LLC",7,YELLOW,1,2,2,2,"MAIN, SCM","Main Street Capital (internal), Stellus Capital Management",​,111.096,111.096,0.0,4/4/2022,9.81,,False,,False,,2025-09-30,2025-12-31,2,MAIN,111.096
"STV Group, Inc.",7,YELLOW,1,2,2,2,"BXSL, FSK","Blackstone Credit Advisors, FS/KKR Advisor",Professional Services (continued),108.474,108.345,0.0012,3/20/30,,,False,,False,,2025-09-30,2025-12-31,2,FSK,60.1
"ArborWorks, LLC",7,YELLOW,1,2,2,2,"MAIN, SCM","Main Street Capital (internal), Stellus Capital Management",​,105.082,103.134,0.0189,11/6/2023,11.84,,False,,False,,2025-09-30,2025-12-31,2,MAIN,105.082
"Simplicity Financial Marketing Group Holdings, Inc.",7,YELLOW,1,2,3,2,"BXSL, OBDC","Blackstone Credit Advisors, Blue Owl Credit Advisors",Insurance (continued),93.445,92.76,0.0074,12/2031,,,False,,False,,2025-09-30,2025-12-31,2,OBDC,76.461
"NAVEX TopCo, Inc.",7,YELLOW,1,2,2,2,"BXSL, GSBD","Blackstone Credit Advisors, Goldman Sachs Asset Management",Software (continued),91.487,90.386,0.0122,11/09/28,9.88,,False,,False,,2025-09-30,2025-12-31,2,BXSL,82.387
"GS HVAM Intermediate, LLC",7,YELLOW,1,2,2,2,"MAIN, SCM","Main Street Capital (internal), Stellus Capital Management",​,86.265,86.265,0.0,10/18/2019,10.78,,False,,False,,2025-09-30,2025-12-31,2,MAIN,86.265
"Veregy Consolidated, Inc.",7,YELLOW,1,2,2,2,"BXSL, MAIN","Blackstone Credit Advisors, Main Street Capital (internal)",Commercial Services & Supplies (continued),83.026,82.569,0.0055,11/3/2025,10.85,,False,,False,,2025-09-30,2025-12-31,2,BXSL,48.055
"Ascend Buyer, LLC",7,YELLOW,1,2,2,2,"BXSL, CGBD","Blackstone Credit Advisors, Carlyle Investment Management",Containers & Packaging,75.923,75.524,0.0053,9/30/2027,,,False,,False,,2025-09-30,2025-12-31,2,BXSL,43.374
Blast Bidco Inc. (dba Bazooka Candy Brands),7,YELLOW,1,2,2,2,"GSBD, OBDC","Blue Owl Credit Advisors, Goldman Sachs Asset Management",Consumer Staples Distribution & Retail,75.442,74.073,0.0185,10/05/29,10.0,,False,,False,,2025-09-30,2025-12-31,2,OBDC,66.725
Excelitas Technologies Corp.,7,YELLOW,1,2,2,2,"CGBD, FSK","Carlyle Investment Management, FS/KKR Advisor",Capital Equipment,74.364,73.849,0.007,8/12/28,,,False,,False,,2025-09-30,2025-12-31,2,FSK,54.7
"Invincible Boat Company, LLC.",7,YELLOW,1,2,2,2,"MAIN, SCM","Main Street Capital (internal), Stellus Capital Management",​,69.604,72.01,-0.0334,8/28/2019,11.69,,False,,False,,2025-09-30,2025-12-31,2,MAIN,69.604
"GS AcquisitionCo, Inc. (dba Insightsoftware)",7,YELLOW,1,2,2,2,"GSBD, OBDC","Blue Owl Credit Advisors, Goldman Sachs Asset Management",Financial Services,65.664,66.305,-0.0097,05/25/28,9.25,,False,,False,,2025-09-30,2025-12-31,2,GSBD,56.182
"Paris US Holdco, Inc. (dba Precinmac)",7,YELLOW,1,2,2,2,"GSBD, OBDC","Blue Owl Credit Advisors, Goldman Sachs Asset Management",Machinery,64.556,64.23,0.0051,12/02/31,8.47,,False,,False,,2025-09-30,2025-12-31,2,OBDC,50.231
"Next Holdco, LLC",7,YELLOW,1,2,2,2,"ARCC, OCSL","Ares Capital Management, Oaktree Capital Management",Health Care Technology,54.276,60.688,-0.1057,11/8/2029,5.65,,False,,False,,2025-09-30,2025-12-31,2,OCSL,54.276
"Aria Systems, LLC",7,YELLOW,1,2,2,2,"GSBD, HTGC","Goldman Sachs Asset Management, Hercules Capital (internal)",Financial Services,52.881,52.996,-0.0022,06/30/26,12.15,,False,,False,,2025-09-30,2025-12-31,2,GSBD,52.881
"Nellson Nutraceutical, LLC",7,YELLOW,1,2,2,2,"OBDC, OCSL","Blue Owl Credit Advisors, Oaktree Capital Management",Food and beverage,50.93,50.845,0.0017,12/2025,5.75,,False,,False,,2025-09-30,2025-12-31,2,OBDC,25.567
SitusAMC Holdings Corporation,7,YELLOW,1,2,2,2,"CGBD, TCPC","Carlyle Investment Management, Tennenbaum Capital Partners (BlackRock)",Diversified Financial Services,48.2311,48.0644,0.0035,6/28/2025,5.51,,False,,False,,2025-09-30,2025-12-31,2,CGBD,27.419
Eyesouth Eye Care Holdco LLC,7,YELLOW,1,2,2,2,"OCSL, SLRC","Oaktree Capital Management, SLR Capital Partners",Health Care Services,45.118,44.965,0.0034,10/6/2022,5.5,,False,,False,,2025-09-30,2025-12-31,2,SLRC,24.034
"Artifact Bidco, Inc. (dba Avetta)",7,YELLOW,1,2,2,2,"GSBD, OBDC","Blue Owl Credit Advisors, Goldman Sachs Asset Management",Software,42.112,41.972,0.0033,07/26/30,8.32,,False,,False,,2025-09-30,2025-12-31,2,OBDC,21.07
"SpecialtyCare, Inc.",7,YELLOW,1,2,2,2,"BXSL, GSBD","Blackstone Credit Advisors, Goldman Sachs Asset Management",Health Care Providers & Services (continued),33.683,33.745,-0.0018,12/18/29,8.99,,False,,False,,2025-09-30,2025-12-31,2,BXSL,24.615
"MHE Intermediate Holdings, LLC",7,YELLOW,1,2,2,2,"BXSL, OCSL","Blackstone Credit Advisors, Oaktree Capital Management",Machinery,24.738,24.987,-0.01,7/21/2027,6.0,,False,,False,,2025-09-30,2025-12-31,2,OCSL,20.677
"OnPoint Industrial Services, LLC",7,YELLOW,1,2,2,2,"MAIN, SCM","Main Street Capital (internal), Stellus Capital Management",​,20.909,20.953,-0.0021,11/16/2022,10.38,,False,,False,,2025-09-30,2025-12-31,2,MAIN,20.909
Quantcast Corporation,7,YELLOW,1,2,2,2,"SLRC, TPVG","SLR Capital Partners, TriplePoint Advisers",Commercial Services & Supplies,18.595,19.013,-0.022,6/14/2024,,,False,,False,,2025-09-30,2025-12-31,2,SLRC,18.595
"Tilley Distribution, Inc.",7,YELLOW,1,2,2,2,"SCM, SLRC","SLR Capital Partners, Stellus Capital Management",​,18.496,18.644,-0.0079,4/1/2022,,,False,,False,,2025-09-30,2025-12-31,2,SLRC,18.496
"Experity, Inc.",7,YELLOW,1,2,2,2,"BXSL, GSBD","Blackstone Credit Advisors, Goldman Sachs Asset Management",Software (continued),17.342,17.191,0.0088,02/24/28,9.49,,False,,False,,2025-09-30,2025-12-31,2,BXSL,16.149
"Accession Risk Management Group, Inc.",7,YELLOW,1,2,3,2,"CGBD, SLRC","Carlyle Investment Management, SLR Capital Partners",Diversified Financial Services,17.034,16.889,0.0086,11/1/2029,,,False,,False,,2025-09-30,2025-12-31,2,CGBD,10.169
"United Flow Technologies Intermediate Holdco II, LLC",7,YELLOW,1,2,2,2,"CGBD, GSBD","Carlyle Investment Management, Goldman Sachs Asset Management",Environmental Industries,11.487,11.381,0.0093,06/21/30,9.59,,False,,False,,2025-09-30,2025-12-31,2,GSBD,6.225
"Frontgrade Technologies Holdings, Inc.",7,YELLOW,1,2,2,2,"BXSL, GSBD","Blackstone Credit Advisors, Goldman Sachs Asset Management",Aerospace & Defense,8.886,8.836,0.0057,01/09/28,9.29,,False,,False,,2025-09-30,2025-12-31,2,BXSL,5.139
Eagle Family Foods Group LLC,7,YELLOW,1,2,2,2,"GSBD, OBDC","Blue Owl Credit Advisors, Goldman Sachs Asset Management",Food Products,4.854,4.815,0.0081,08/12/30,8.79,,False,,False,,2025-09-30,2025-12-31,2,OBDC,4.052
"48forty Intermediate Holdings, Inc.",7,YELLOW,1,2,2,2,"CGBD, PNNT","Carlyle Investment Management, PennantPark Investment Advisers",Transportation: Cargo,0.0,1.992,,11/05/24,,,False,,False,,2025-09-30,2025-12-31,2,CGBD,0.0
"Marketplace Events Acquisition, LLC",7,YELLOW,1,2,2,1,"PFLT, PNNT",PennantPark Investment Advisers,Media,204.8,228.2,-0.1025,12/19/30,9.12,,False,,False,,2025-09-30,2025-12-31,2,PFLT,156.792
"RTIC Subsidiary Holdings, LLC",7,YELLOW,1,2,2,1,"PFLT, PNNT",PennantPark Investment Advisers,Leisure Products,167.373,191.25,-0.1248,05/03/29,9.57,,False,,False,,2025-09-30,2025-12-31,2,PFLT,116.561
"Sigma Defense Systems, LLC",7,YELLOW,1,2,2,1,"PFLT, PNNT",PennantPark Investment Advisers,IT Services,167.245,187.912,-0.11,12/20/27,10.48,,False,,False,,2025-09-30,2025-12-31,2,PFLT,93.958
"North American Rail Solutions, LLC",7,YELLOW,1,2,2,1,"PFLT, PNNT",PennantPark Investment Advisers,Manufacturing/Basic Industry,166.697,187.556,-0.1112,08/29/31,8.42,,False,,False,,2025-09-30,2025-12-31,2,PFLT,111.833
"GGG Midco, LLC",7,YELLOW,1,2,2,1,"PFLT, PNNT",PennantPark Investment Advisers,Diversified Consumer Services,150.492,173.303,-0.1316,09/27/30,8.8,,False,,False,,2025-09-30,2025-12-31,2,PFLT,113.125
"Rancho Health MSO, Inc.",7,YELLOW,1,2,2,1,"PFLT, PNNT",PennantPark Investment Advisers,Healthcare Equipment and Supplies,105.839,118.066,-0.1036,06/20/29,9.13,,False,,False,,2025-09-30,2025-12-31,2,PFLT,58.536
"Hills Distribution, Inc.",7,YELLOW,1,2,2,1,"PFLT, PNNT",PennantPark Investment Advisers,Distributors,91.507,105.507,-0.1327,11/08/29,9.74,,False,,False,,2025-09-30,2025-12-31,2,PFLT,55.249
"TransGo, LLC",7,YELLOW,1,2,2,1,"PFLT, PNNT",PennantPark Investment Advisers,Auto Components,86.535,99.71,-0.1321,12/29/28,9.69,,False,,False,,2025-09-30,2025-12-31,2,PFLT,53.716
"MDI Buyer, Inc.",7,YELLOW,1,2,2,1,"PFLT, PNNT",PennantPark Investment Advisers,Commodity Chemicals,69.85,78.507,-0.1103,07/25/28,8.76,,False,,False,,2025-09-30,2025-12-31,2,PNNT,42.763
"Megawatt Acquisitionco, Inc.",7,YELLOW,1,2,2,1,"PFLT, PNNT",PennantPark Investment Advisers,"Electronic Equipment, Instruments, and Components",65.63,75.499,-0.1307,03/01/30,9.21,,False,,False,,2025-09-30,2025-12-31,2,PFLT,49.969
"Rosco Parent, LLC",7,YELLOW,1,2,2,1,"PFLT, PNNT",PennantPark Investment Advisers,Business Services,64.907,72.412,-0.1036,09/12/31,8.42,,False,,False,,2025-09-30,2025-12-31,2,PFLT,44.401
"Emergency Care Partners, LLC",7,YELLOW,1,2,2,1,"PFLT, PNNT",PennantPark Investment Advisers,Healthcare Providers and Services,57.963,66.029,-0.1222,10/18/27,8.8,,False,,False,,2025-09-30,2025-12-31,2,PFLT,42.81
"ETE Intermediate II, LLC",7,YELLOW,1,2,2,1,"PFLT, PNNT",PennantPark Investment Advisers,Diversified Consumer Services,55.127,63.837,-0.1364,05/29/29,8.94,,False,,False,,2025-09-30,2025-12-31,2,PFLT,29.642
"Rural Sourcing Holdings, Inc.",7,YELLOW,1,2,2,1,"PFLT, PNNT",PennantPark Investment Advisers,Professional Services,22.555,25.408,-0.1123,06/16/29,9.88,,False,,False,,2025-09-30,2025-12-31,2,PFLT,12.245
"MES Intermediate, Inc.",7,YELLOW,1,2,2,1,"PFLT, PNNT",PennantPark Investment Advisers,Distributors,21.721,24.158,-0.1009,10/01/2027,8.42,,False,,False,,2025-12-31,2025-12-31,1,PFLT,18.924
"Compex Legal Services, Inc.",7,YELLOW,1,2,3,1,"PFLT, PNNT",PennantPark Investment Advisers,Professional Services,13.094,13.709,-0.0449,02/09/26,9.55,,False,,False,,2025-09-30,2025-12-31,2,PFLT,11.704
"Symplr Software Inc. and Symplr Software Intermediate Holdings, Inc.",7,YELLOW,2,1,1,1,ARCC,Ares Capital Management,,683.8,811.6,-0.1575,12/2027,11.31,,False,,True,ARCC,2025-09-30,2025-12-31,2,ARCC,683.8
"Shoes West, LLC (d/b/a Taos Footwear)",7,YELLOW,2,1,1,1,PSEC,Prospect Capital Management,"Textiles, Apparel & Luxury Goods",255.5755,310.125,-0.1759,1/23/2030,11.25,700.0,False,,True,PSEC,2025-09-30,2025-12-31,2,PSEC,255.5755
RME Group Holding Company,7,YELLOW,1,1,1,1,PSEC,Prospect Capital Management,Media,114.3824,159.154,-0.2813,5/6/2026,9.75,550.0,False,,False,,2025-09-30,2025-12-31,2,PSEC,114.3824
Aventine Intermediate LLC & Aventine Holdings II LLC,7,YELLOW,2,1,1,1,ARCC,Ares Capital Management,,93.4,118.8,-0.2138,06/2029,10.19,,False,,True,ARCC,2025-09-30,2025-12-31,2,ARCC,93.4
"Prime ST LLC, Structured Mezzanine",7,YELLOW,1,1,1,1,FSK,FS/KKR Advisor,Equity Real Estate Investment Trusts (REITs),92.6,127.2,-0.272,3/12/30,5.0,,False,,False,,2025-09-30,2025-12-31,2,FSK,92.6
Wellful Inc.,7,YELLOW,2,1,1,1,PSEC,Prospect Capital Management,Food Products,60.554,74.162,-0.1835,4/19/2030,9.51,537.9,False,,True,PSEC,2025-09-30,2025-12-31,2,PSEC,60.554
"bluebird bio, Inc.",7,YELLOW,2,1,1,1,HTGC,Hercules Capital (internal),Drug Discovery & Development,55.344,65.772,-0.1585,,1.45,145.0,False,,True,HTGC,2025-09-30,2025-12-31,2,HTGC,55.344
"IMPLUS Footcare, LLC+",7,YELLOW,1,1,1,1,GBDC,GC Advisors,Personal Products,23.8903,33.188,-0.2802,07/2025,,,False,,False,,2025-09-30,2025-12-31,2,GBDC,23.8903
Porcelain Acquisition Corporation (Paramount),7,YELLOW,1,1,1,1,TCPC,Tennenbaum Capital Partners (BlackRock),Building Products,13.8539,18.6726,-0.2581,4/30/2027,6.1,,False,,False,,2025-12-31,2025-12-31,1,TCPC,13.8539
"Emerald Technologies (U.S.) AcquisitionCo, Inc.",7,YELLOW,1,1,1,1,TCPC,Tennenbaum Capital Partners (BlackRock),Semiconductors and Semiconductor Equipment,12.7158,17.5084,-0.2737,12/29/2026,6.17,,False,,False,,2025-12-31,2025-12-31,1,TCPC,12.7158
"Northwinds Topco, Inc.",7,YELLOW,2,1,1,1,PNNT,PennantPark Investment Advisers,Consumer Services,11.86,15.314,-0.2255,10/30/2029,15.0,,False,,True,PNNT,2025-09-30,2025-12-31,2,PNNT,11.86
Boccella Precast Products LLC,7,YELLOW,1,1,1,1,MAIN,Main Street Capital (internal),,7.358,10.176,-0.2769,2/28/2027,10.0,,False,,False,,2025-09-30,2025-12-31,2,MAIN,7.358
"CAP-KSI Holdings, LLC+",7,YELLOW,1,1,1,1,GBDC,GC Advisors,Automobiles,1.515,2.082,-0.2723,06/2024,,,False,,False,,2025-09-30,2025-12-31,2,GBDC,1.515
"Associations, Inc.",6,YELLOW,1,2,2,2,"CGBD, OBDC","Blue Owl Credit Advisors, Carlyle Investment Management",Construction & Building,867.88,865.451,0.0028,7/2/2028,,,False,,False,,2025-09-30,2025-12-31,2,OBDC,818.913
"Inovalon Holdings, Inc.",6,YELLOW,1,2,2,2,"BXSL, OBDC","Blackstone Credit Advisors, Blue Owl Credit Advisors",IT Services,862.905,866.948,-0.0047,11/2028,,,False,,False,,2025-09-30,2025-12-31,2,OBDC,541.76
"Guidehouse, Inc.",6,YELLOW,1,2,2,2,"BXSL, OBDC","Blackstone Credit Advisors, Blue Owl Credit Advisors",Professional Services (continued),678.953,674.993,0.0059,12/2030,,,False,,False,,2025-09-30,2025-12-31,2,BXSL,625.396
"Vensure Employer Services, Inc.",6,YELLOW,1,2,2,2,"CGBD, OBDC","Blue Owl Credit Advisors, Carlyle Investment Management",Business Services,525.271,520.962,0.0083,9/2031,,,False,,False,,2025-09-30,2025-12-31,2,OBDC,476.44
"SG Acquisition, Inc.",6,YELLOW,1,2,2,2,"ARCC, BXSL","Ares Capital Management, Blackstone Credit Advisors",Insurance (continued),272.455,270.483,0.0073,4/3/2030,8.71,,False,,False,,2025-09-30,2025-12-31,2,BXSL,258.855
"Baker Tilly Advisory Group, LP",6,YELLOW,1,2,2,2,"BXSL, OBDC","Blackstone Credit Advisors, Blue Owl Credit Advisors",Professional Services,248.392,245.121,0.0133,6/3/2031,,,False,,False,,2025-09-30,2025-12-31,2,OBDC,145.054
Duraserv LLC,6,YELLOW,1,2,2,2,"ARCC, OBDC","Ares Capital Management, Blue Owl Credit Advisors",Business services,234.104,234.417,-0.0013,06/2030,8.48,,False,,False,,2025-09-30,2025-12-31,2,OBDC,218.804
Pike Corporation,6,YELLOW,1,2,2,2,"ARCC, OCSL","Ares Capital Management, Oaktree Capital Management",Construction & Engineering,231.331,232.328,-0.0043,12/2032,7.88,,False,,False,,2025-12-31,2025-12-31,1,ARCC,211.1
"Lytx, Inc.",6,YELLOW,1,2,2,2,"BXSL, OBDC","Blackstone Credit Advisors, Blue Owl Credit Advisors",Specialty Retail,231.253,230.88,0.0016,2/2028,,,False,,False,,2025-09-30,2025-12-31,2,OBDC,146.799
"Creek Parent, Inc.",6,YELLOW,1,2,2,2,"BXSL, OCSL","Blackstone Credit Advisors, Oaktree Capital Management",Life Sciences Tools & Services,228.491,229.624,-0.0049,12/18/2031,5.0,,False,,False,,2025-12-31,2025-12-31,1,BXSL,135.026
"Unified Women's Healthcare, LP",6,YELLOW,1,2,2,2,"BXSL, OBDC","Blackstone Credit Advisors, Blue Owl Credit Advisors",Health Care Providers & Services (continued),222.56,220.969,0.0072,6/2029,,,False,,False,,2025-09-30,2025-12-31,2,BXSL,126.995
"Hyland Software, Inc.",6,YELLOW,1,2,2,2,"ARCC, OBDC","Ares Capital Management, Blue Owl Credit Advisors",,214.37,212.685,0.0079,09/2030,8.67,,False,,False,,2025-09-30,2025-12-31,2,OBDC,118.77
"High Street Buyer, Inc.",6,YELLOW,1,2,2,2,"BXSL, SLRC","Blackstone Credit Advisors, SLR Capital Partners",Insurance,192.017,190.301,0.009,4/14/2028,,,False,,False,,2025-09-30,2025-12-31,2,BXSL,184.49
Aurelia Netherlands B.V.,6,YELLOW,1,2,2,2,"OBDC, OCSL","Blue Owl Credit Advisors, Oaktree Capital Management",Business services,181.813,167.851,0.0832,5/2031,4.75,,False,,False,,2025-12-31,2025-12-31,1,OCSL,106.488
"IEM New Sub 2, LLC",6,YELLOW,1,2,2,2,"BXSL, CGBD","Blackstone Credit Advisors, Carlyle Investment Management",Electrical Equipment,171.908,171.163,0.0044,8/8/2030,,,False,,False,,2025-12-31,2025-12-31,1,BXSL,171.927
"Frontline Road Safety, LLC",6,YELLOW,1,2,2,2,"BXSL, FSK","Blackstone Credit Advisors, FS/KKR Advisor",Transportation Infrastructure,164.341,164.616,-0.0017,3/4/2032,,,False,,False,,2025-09-30,2025-12-31,2,FSK,135.1
"Pye-Barker Fire & Safety, LLC",6,YELLOW,1,2,2,2,"BXSL, OBDC","Blackstone Credit Advisors, Blue Owl Credit Advisors",Commercial Services & Supplies (continued),154.115,153.686,0.0028,5/2030,,,False,,False,,2025-09-30,2025-12-31,2,OBDC,135.907
"Kings Buyer, LLC",6,YELLOW,1,2,2,2,"ARCC, OCSL","Ares Capital Management, Oaktree Capital Management",Environmental & Facilities Services,138.981,129.884,0.07,10/2027,5.8,,False,,False,,2025-09-30,2025-12-31,2,OCSL,106.581
"Finastra USA, Inc.",6,YELLOW,1,2,2,2,"OBDC, OCSL","Blue Owl Credit Advisors, Oaktree Capital Management",Financial services,135.604,134.288,0.0098,9/13/2029,5.57,,False,,False,,2025-09-30,2025-12-31,2,OBDC,122.231
Premise Health Holding Corp,6,YELLOW,1,2,2,2,"FSK, OBDC","Blue Owl Credit Advisors, FS/KKR Advisor",Health Care Equipment & Services,132.92,132.958,-0.0003,3/2031,,,False,,False,,2025-09-30,2025-12-31,2,OBDC,124.72
"Park Place Technologies, LLC",6,YELLOW,1,2,2,2,"BXSL, OBDC","Blackstone Credit Advisors, Blue Owl Credit Advisors",IT Services,119.045,118.341,0.0059,3/2030,,,False,,False,,2025-09-30,2025-12-31,2,BXSL,116.634
"Seahawk Bidco, LLC",6,YELLOW,1,2,2,2,"BXSL, CGBD","Blackstone Credit Advisors, Carlyle Investment Management",Diversified Consumer Services,113.7454,125.358,-0.0926,12/19/2031,,,False,,False,,2025-09-30,2025-12-31,2,BXSL,88.968
"Horizon CTS Buyer, LLC",6,YELLOW,1,2,2,2,"BXSL, FSK","Blackstone Credit Advisors, FS/KKR Advisor",Aerospace & Defense,113.591,113.885,-0.0026,3/29/2032,,,False,,False,,2025-09-30,2025-12-31,2,FSK,112.3
"Blackhawk Network Holdings, Inc.",6,YELLOW,1,2,2,2,"OBDC, OCSL","Blue Owl Credit Advisors, Oaktree Capital Management",Financial services,92.956,90.696,0.0249,3/12/2029,4.0,,False,,False,,2025-09-30,2025-12-31,2,OBDC,75.453
"ML Holdco, Inc.",6,YELLOW,1,2,2,2,"ARCC, BXSL","Ares Capital Management, Blackstone Credit Advisors",Software (continued),90.247,90.747,-0.0055,10/2032,8.37,,False,,False,,2025-12-31,2025-12-31,1,ARCC,89.1
Oak Funding LLC,6,YELLOW,1,2,2,2,"ARCC, TCPC","Ares Capital Management, Tennenbaum Capital Partners (BlackRock)",Debt Investments (continued),89.0149,89.913,-0.01,12/2/2032,8.1,,False,,False,,2025-12-31,2025-12-31,1,ARCC,84.5
"Azurite Intermediate Holdings, Inc.",6,YELLOW,1,2,2,2,"BXSL, CGBD","Blackstone Credit Advisors, Carlyle Investment Management",Software,84.889,84.844,0.0005,3/19/2031,,,False,,False,,2025-09-30,2025-12-31,2,BXSL,73.309
"Spaceship Purchaser, Inc.",6,YELLOW,1,2,2,2,"ARCC, BXSL","Ares Capital Management, Blackstone Credit Advisors",Software (continued),79.885,79.915,-0.0004,10/2031,7.92,,False,,False,,2025-09-30,2025-12-31,2,ARCC,74.8
Cambrex Corp.,6,YELLOW,1,2,2,2,"BXSL, FSK","Blackstone Credit Advisors, FS/KKR Advisor",Life Sciences Tools & Services,76.105,76.237,-0.0017,3/5/2032,,,False,,False,,2025-09-30,2025-12-31,2,FSK,54.0
"Dwyer Instruments, LLC",6,YELLOW,1,2,2,2,"BXSL, CGBD","Blackstone Credit Advisors, Carlyle Investment Management",Electrical Equipment,57.517,57.189,0.0057,7/20/2029,,,False,,False,,2025-09-30,2025-12-31,2,CGBD,39.524
"THG Acquisition, LLC",6,YELLOW,1,2,2,2,"ARCC, BXSL","Ares Capital Management, Blackstone Credit Advisors",Insurance (continued),57.495,57.378,0.002,10/2031,8.9,,False,,False,,2025-09-30,2025-12-31,2,ARCC,33.4
"Bayou Intermediate II, LLC",6,YELLOW,1,2,2,2,"ARCC, OCSL","Ares Capital Management, Oaktree Capital Management",Health Care Supplies,55.634,55.832,-0.0035,09/2032,6.61,,False,,False,,2025-09-30,2025-12-31,2,ARCC,28.2
"Cart.Com, Inc.",6,YELLOW,1,2,2,2,"TCPC, TPVG","Tennenbaum Capital Partners (BlackRock), TriplePoint Advisers",Software,52.9802,52.477,0.0096,5/22/2029,7.75,,False,,False,,2025-09-30,2025-12-31,2,TCPC,51.6862
"West Star Aviation Acquisition, LLC",6,YELLOW,1,2,2,2,"BXSL, MAIN","Blackstone Credit Advisors, Main Street Capital (internal)",Aerospace & Defense,48.365,41.588,0.163,3/1/2028,9.58,,False,,False,,2025-09-30,2025-12-31,2,MAIN,45.963
"AuditBoard, Inc.",6,YELLOW,1,2,2,2,"BXSL, CGBD","Blackstone Credit Advisors, Carlyle Investment Management",Software,46.902,46.665,0.0051,7/12/2031,,,False,,False,,2025-09-30,2025-12-31,2,BXSL,24.574
Allied Benefit Systems Intermediate LLC,6,YELLOW,1,2,2,2,"CGBD, OBDC","Blue Owl Credit Advisors, Carlyle Investment Management",Healthcare & Pharmaceuticals,45.809,45.983,-0.0038,10/2030,,,False,,False,,2025-09-30,2025-12-31,2,CGBD,37.97
GI Ranger Intermediate LLC,6,YELLOW,1,2,2,2,"ARCC, BXSL","Ares Capital Management, Blackstone Credit Advisors",Health Care Technology (continued),44.948,45.932,-0.0214,10/2027,9.82,,False,,False,,2025-09-30,2025-12-31,2,BXSL,32.648
"Whitney Merger Sub, Inc.",6,YELLOW,1,2,2,2,"CGBD, OCSL","Carlyle Investment Management, Oaktree Capital Management",Leisure Products & Services,40.464,40.513,-0.0012,7/3/2032,4.75,,False,,False,,2025-09-30,2025-12-31,2,CGBD,23.927
"Alera Group, Inc.",6,YELLOW,1,2,2,2,"BXSL, OBDC","Blackstone Credit Advisors, Blue Owl Credit Advisors",Insurance,38.955,38.93,0.0006,10/2/2028,,,False,,False,,2025-09-30,2025-12-31,2,OBDC,34.109
"Covetrus, Inc.",6,YELLOW,1,2,2,2,"OBDC, OCSL","Blue Owl Credit Advisors, Oaktree Capital Management",Healthcare providers and services,34.382,34.304,0.0023,10/13/2029,5.0,,False,,False,,2025-09-30,2025-12-31,2,OBDC,33.888
"Radwell Parent, LLC",6,YELLOW,1,2,2,2,"ARCC, CGBD","Ares Capital Management, Carlyle Investment Management",Wholesale,33.797,33.366,0.0129,4/1/2029,9.17,,False,,False,,2025-09-30,2025-12-31,2,CGBD,31.397
"SailPoint Technologies Holdings, Inc.",6,YELLOW,1,2,2,2,"OBDC, TCPC","Blue Owl Credit Advisors, Tennenbaum Capital Partners (BlackRock)",Debt Investments (continued),32.8449,32.2976,0.0169,8/2029,6.0,,False,,False,,2025-09-30,2025-12-31,2,OBDC,29.853
"Patriot Growth Insurance Services, LLC",6,YELLOW,1,2,2,2,"ARCC, BXSL","Ares Capital Management, Blackstone Credit Advisors",Insurance (continued),31.934,31.876,0.0018,10/2028,8.82,,False,,False,,2025-09-30,2025-12-31,2,BXSL,16.434
"Fever Labs, Inc.",6,YELLOW,1,2,2,2,"ARCC, HTGC","Ares Capital Management, Hercules Capital (internal)",Media/Content/Info,28.195,27.334,0.0315,11/2028,10.97,,False,,False,,2025-09-30,2025-12-31,2,ARCC,28.1
"CoolSys, Inc.",6,YELLOW,1,2,2,2,"OBDC, PFLT","Blue Owl Credit Advisors, PennantPark Investment Advisers",Business services,25.994,27.178,-0.0436,08/11/2028,,,False,,False,,2025-09-30,2025-12-31,2,OBDC,22.026
"Koala Investment Holdings, Inc.",6,YELLOW,1,2,2,2,"ARCC, BXSL","Ares Capital Management, Blackstone Credit Advisors",Insurance,25.37,25.564,-0.0076,08/2032,8.17,,False,,False,,2025-09-30,2025-12-31,2,ARCC,24.0
"LogicMonitor, Inc.",6,YELLOW,1,2,2,2,"BXSL, TCPC","Blackstone Credit Advisors, Tennenbaum Capital Partners (BlackRock)",Software (continued),22.0353,21.9119,0.0056,11/19/2031,5.5,,False,,False,,2025-09-30,2025-12-31,2,BXSL,21.232
"Modernizing Medicine, Inc.",6,YELLOW,1,2,2,2,"BXSL, CGBD","Blackstone Credit Advisors, Carlyle Investment Management",Health Care Technology (continued),20.905,20.691,0.0103,4/30/2032,,,False,,False,,2025-09-30,2025-12-31,2,CGBD,11.942
CST Holding Company,6,YELLOW,1,2,2,2,"ARCC, CGBD","Ares Capital Management, Carlyle Investment Management",Consumer Goods: Non-Durable,16.4,16.266,0.0082,11/1/2028,8.82,,False,,False,,2025-09-30,2025-12-31,2,ARCC,11.5
"More Cowbell II, LLC",6,YELLOW,1,2,2,2,"BXSL, CGBD","Blackstone Credit Advisors, Carlyle Investment Management",Financial Services,16.224,15.924,0.0188,9/1/2029,,,False,,False,,2025-09-30,2025-12-31,2,BXSL,16.225
"CoreRx, Inc.",6,YELLOW,1,2,2,2,"ARCC, OCSL","Ares Capital Management, Oaktree Capital Management",Pharmaceuticals,16.178,16.28,-0.0063,4/6/2029,9.55,,False,,False,,2025-09-30,2025-12-31,2,ARCC,9.7
"Accordion Partners, LLC",6,YELLOW,1,2,2,2,"BXSL, TCPC","Blackstone Credit Advisors, Tennenbaum Capital Partners (BlackRock)",Professional Services,16.0494,16.0492,0.0,11/15/2031,5.25,,False,,False,,2025-09-30,2025-12-31,2,BXSL,10.165
"DNAnexus, Inc.",6,YELLOW,1,2,2,2,"HTGC, TCPC","Hercules Capital (internal), Tennenbaum Capital Partners (BlackRock)",Equity Investments,15.448,15.4713,-0.0015,12/18/2029,5.25,,False,,False,,2025-09-30,2025-12-31,2,TCPC,15.435
"UserZoom Technologies, Inc.",6,YELLOW,1,2,2,2,"ARCC, MAIN","Ares Capital Management, Main Street Capital (internal)",,13.556,13.8,-0.0177,4/5/2029,11.95,,False,,False,,2025-09-30,2025-12-31,2,MAIN,7.856
"GS Acquisitionco, Inc.",6,YELLOW,1,2,2,2,"BXSL, CGBD","Blackstone Credit Advisors, Carlyle Investment Management",Software (continued),13.538,13.629,-0.0067,5/25/2028,,,False,,False,,2025-09-30,2025-12-31,2,BXSL,6.891
"Petrus Buyer, Inc.",6,YELLOW,1,2,2,2,"ARCC, BXSL","Ares Capital Management, Blackstone Credit Advisors",Professional Services (continued),12.99,12.89,0.0078,10/2029,8.42,,False,,False,,2025-09-30,2025-12-31,2,ARCC,7.7
"Denali Intermediate Holdings, Inc.",6,YELLOW,1,2,2,2,"BXSL, CGBD","Blackstone Credit Advisors, Carlyle Investment Management",Professional Services (continued),9.123,9.142,-0.0021,8/26/2032,,,False,,False,,2025-09-30,2025-12-31,2,BXSL,9.137
Worldremit Group Limited,6,YELLOW,1,2,2,2,"HTGC, TPVG","Hercules Capital (internal), TriplePoint Advisers",Consumer & Business Services,7.829,3.682,1.1263,,,,False,,False,,2025-09-30,2025-12-31,2,TPVG,5.805
Ping Identity Holding Corp.,6,YELLOW,1,2,2,2,"OBDC, OCSL","Blue Owl Credit Advisors, Oaktree Capital Management",Systems Software,2.309,2.309,0.0,10/2029,2.75,,False,,False,,2025-09-30,2025-12-31,2,OCSL,1.405
"Kona Buyer, LLC",6,YELLOW,1,2,2,2,"BXSL, CGBD","Blackstone Credit Advisors, Carlyle Investment Management",Health Care Technology (continued),2.269,2.195,0.0337,7/23/2031,,,False,,False,,2025-09-30,2025-12-31,2,BXSL,2.199
"Acrisure, LLC",6,YELLOW,1,2,2,2,"ARCC, OCSL","Ares Capital Management, Oaktree Capital Management",Insurance,1.048,1.051,-0.0029,11/6/2030,3.71,,False,,False,,2025-09-30,2025-12-31,2,OCSL,0.848
"Cartessa Aesthetics, LLC",6,YELLOW,1,2,2,1,"PFLT, PNNT",PennantPark Investment Advisers,Distributors,150.755,153.296,-0.0166,06/14/28,9.84,,False,,False,,2025-09-30,2025-12-31,2,PNNT,99.984
"OSP Embedded Purchaser, LLC",6,YELLOW,1,2,2,1,"PFLT, PNNT",PennantPark Investment Advisers,Aerospace and Defense,149.462,161.076,-0.0721,12/17/29,9.58,,False,,False,,2025-09-30,2025-12-31,2,PFLT,100.338
"NORA Acquisition, LLC",6,YELLOW,1,2,2,1,"PFLT, PNNT",PennantPark Investment Advisers,Healthcare Providers and Services,128.71,138.404,-0.07,08/31/29,10.19,,False,,False,,2025-09-30,2025-12-31,2,PFLT,86.886
"The Vertex Companies, LLC",6,YELLOW,1,2,2,1,"PFLT, PNNT",PennantPark Investment Advisers,Construction & Engineering,127.832,140.215,-0.0883,08/31/28,8.84,,False,,False,,2025-09-30,2025-12-31,2,PFLT,83.213
"Best Practice Associates, LLC",6,YELLOW,1,2,2,1,"PFLT, PNNT",PennantPark Investment Advisers,Aerospace and Defense,127.353,134.422,-0.0526,11/08/29,10.69,,False,,False,,2025-09-30,2025-12-31,2,PFLT,87.987
"Sabel Systems Technology Solutions, LLC",6,YELLOW,1,2,2,1,"PFLT, PNNT",PennantPark Investment Advisers,Government Services,126.568,136.805,-0.0748,10/31/30,9.83,,False,,False,,2025-09-30,2025-12-31,2,PFLT,92.41
"Lightspeed Buyer, Inc.",6,YELLOW,1,2,2,1,"PFLT, PNNT",PennantPark Investment Advisers,Healthcare Technology,122.398,125.626,-0.0257,02/03/27,8.59,,False,,False,,2025-09-30,2025-12-31,2,PFLT,78.201
"PAR Excellence Holdings, Inc.",6,YELLOW,1,2,2,1,"PFLT, PNNT",PennantPark Investment Advisers,Healthcare Technology,118.329,126.633,-0.0656,09/03/30,8.94,,False,,False,,2025-09-30,2025-12-31,2,PFLT,75.371
"Argano, LLC",6,YELLOW,1,2,2,1,"PFLT, PNNT",PennantPark Investment Advisers,Business Services,117.784,120.942,-0.0261,09/13/29,9.5,,False,,False,,2025-09-30,2025-12-31,2,PFLT,72.333
"Lash OpCo, LLC",6,YELLOW,1,2,2,1,"PFLT, PNNT",PennantPark Investment Advisers,Personal Products,113.002,124.931,-0.0955,02/18/27,11.55,,False,,False,,2025-09-30,2025-12-31,2,PFLT,63.491
"Blackhawk Industrial Distribution, Inc.",6,YELLOW,1,2,2,1,"PFLT, PNNT",PennantPark Investment Advisers,Distributors,101.577,109.564,-0.0729,09/17/26,9.24,,False,,False,,2025-09-30,2025-12-31,2,PNNT,52.916
"Exigo Intermediate II, LLC",6,YELLOW,1,2,2,1,"PFLT, PNNT",PennantPark Investment Advisers,Software,100.916,105.73,-0.0455,03/15/27,10.29,,False,,False,,2025-09-30,2025-12-31,2,PNNT,66.637
"Case Works, LLC",6,YELLOW,1,2,2,1,"PFLT, PNNT",PennantPark Investment Advisers,Professional Services,99.226,104.475,-0.0502,10/01/29,9.07,,False,,False,,2025-09-30,2025-12-31,2,PFLT,74.574
"TCG 3.0 Jogger Acquisitionco, Inc.",6,YELLOW,1,2,2,1,"PFLT, PNNT",PennantPark Investment Advisers,Media,96.667,102.064,-0.0529,01/23/29,10.35,,False,,False,,2025-09-30,2025-12-31,2,PFLT,58.512
"SV-Aero Holdings, LLC",6,YELLOW,1,2,2,1,"PFLT, PNNT",PennantPark Investment Advisers,Aerospace and Defense,90.197,99.706,-0.0954,11/01/30,8.84,,False,,False,,2025-09-30,2025-12-31,2,PFLT,60.835
"EDS Buyer, LLC",6,YELLOW,1,2,2,1,"PFLT, PNNT",PennantPark Investment Advisers,"Electronic Equipment, Instruments, and Components",89.114,92.257,-0.0341,01/10/29,8.45,,False,,False,,2025-09-30,2025-12-31,2,PNNT,46.414
"Big Top Holdings, LLC",6,YELLOW,1,2,2,1,"PFLT, PNNT",PennantPark Investment Advisers,Construction & Engineering,84.332,88.937,-0.0518,02/28/30,9.06,,False,,False,,2025-09-30,2025-12-31,2,PFLT,71.098
"Tyto Athene, LLC",6,YELLOW,1,2,2,1,"PFLT, PNNT",PennantPark Investment Advisers,IT Services,82.128,84.249,-0.0252,04/01/28,9.02,,False,,False,,2025-09-30,2025-12-31,2,PFLT,60.182
"Beta Plus Technologies, Inc.",6,YELLOW,1,2,2,1,"PFLT, PNNT",PennantPark Investment Advisers,Internet Software and Services,81.315,80.834,0.006,07/02/29,9.59,,False,,False,,2025-09-30,2025-12-31,2,PFLT,42.006
"TPC US Parent, LLC",6,YELLOW,1,2,2,1,"PFLT, PNNT",PennantPark Investment Advisers,Food Products,79.317,79.623,-0.0038,11/24/25,10.04,,False,,False,,2025-09-30,2025-12-31,2,PFLT,56.897
"HW Holdco, LLC",6,YELLOW,1,2,2,1,"PFLT, PNNT",PennantPark Investment Advisers,Media,78.056,82.752,-0.0567,05/10/26,9.85,,False,,False,,2025-09-30,2025-12-31,2,PNNT,46.714
"Ro Health, LLC",6,YELLOW,1,2,2,1,"PFLT, PNNT",PennantPark Investment Advisers,Healthcare Providers and Services,73.843,81.758,-0.0968,01/17/31,8.34,,False,,False,,2025-09-30,2025-12-31,2,PFLT,53.969
"One Stop Mailing, LLC",6,YELLOW,1,2,2,1,"PFLT, PNNT",PennantPark Investment Advisers,Air Freight and Logistics,73.186,72.695,0.0068,05/07/27,10.31,,False,,False,,2025-09-30,2025-12-31,2,PFLT,56.685
"The Bluebird Group, LLC",6,YELLOW,1,2,2,1,"PFLT, PNNT",PennantPark Investment Advisers,Professional Services,72.218,73.611,-0.0189,07/28/26,9.73,,False,,False,,2025-09-30,2025-12-31,2,PFLT,41.101
"Aechelon Technology, Inc.",6,YELLOW,1,2,2,1,"PFLT, PNNT",PennantPark Investment Advisers,Aerospace and Defense,71.937,76.382,-0.0582,08/16/29,9.63,,False,,False,,2025-09-30,2025-12-31,2,PFLT,38.266
"ACP Falcon Buyer, Inc.",6,YELLOW,1,2,2,1,"PFLT, PNNT",PennantPark Investment Advisers,Professional Services,69.779,73.755,-0.0539,08/01/29,9.64,,False,,False,,2025-09-30,2025-12-31,2,PFLT,39.122
HEC Purchaser Corp.,6,YELLOW,1,2,2,1,"PFLT, PNNT",PennantPark Investment Advisers,"Healthcare, Education and Childcare",67.325,66.875,0.0067,06/17/29,8.84,,False,,False,,2025-09-30,2025-12-31,2,PFLT,42.127
AFC-Dell Holding Corp.,6,YELLOW,1,2,2,1,"PFLT, PNNT",PennantPark Investment Advisers,Distributors,67.148,74.499,-0.0987,04/09/27,9.33,,False,,False,,2025-09-30,2025-12-31,2,PFLT,34.877
"Eval Home Care Solutions Intermediate, LLC",6,YELLOW,1,2,2,1,"PFLT, PNNT",PennantPark Investment Advisers,"Healthcare, Education and Childcare",66.481,68.356,-0.0274,05/10/30,9.69,,False,,False,,2025-09-30,2025-12-31,2,PFLT,52.56
"Sath Industries, LLC",6,YELLOW,1,2,2,1,"PFLT, PNNT",PennantPark Investment Advisers,Event Services,65.896,69.219,-0.048,12/17/29,9.31,,False,,False,,2025-09-30,2025-12-31,2,PFLT,43.147
"Anteriad, LLC (f/k/a MeritDirect, LLC)",6,YELLOW,1,2,2,1,"PFLT, PNNT",PennantPark Investment Advisers,Media,64.732,68.291,-0.0521,06/30/26,9.73,,False,,False,,2025-09-30,2025-12-31,2,PFLT,37.047
"Pacific Purchaser, LLC",6,YELLOW,1,2,2,1,"PFLT, PNNT",PennantPark Investment Advisers,Professional Services,62.579,68.932,-0.0922,10/02/28,10.13,,False,,False,,2025-09-30,2025-12-31,2,PFLT,37.354
"Boss Industries, LLC",6,YELLOW,1,2,2,1,"PFLT, PNNT",PennantPark Investment Advisers,Independent Power and Renewable Electricity Producers,57.69,61.33,-0.0594,12/27/30,8.81,,False,,False,,2025-09-30,2025-12-31,2,PFLT,45.795
"Seaway Buyer, LLC",6,YELLOW,1,2,2,1,"PFLT, PNNT",PennantPark Investment Advisers,"Chemicals, Plastics and Rubber",54.154,57.55,-0.059,06/13/29,9.98,,False,,False,,2025-09-30,2025-12-31,2,PNNT,41.464
"TMII Enterprises, LLC",6,YELLOW,1,2,2,1,"PFLT, PNNT",PennantPark Investment Advisers,Commercial Services & Supplies,52.521,55.338,-0.0509,12/22/28,8.43,,False,,False,,2025-09-30,2025-12-31,2,PNNT,39.705
"LAV Gear Holdings, Inc.",6,YELLOW,1,2,2,1,"PFLT, PNNT",PennantPark Investment Advisers,Capital Equipment,49.547,48.356,0.0246,07/31/29,9.87,,False,,False,,2025-09-30,2025-12-31,2,PFLT,43.153
"Project Granite Buyer, Inc.",6,YELLOW,1,2,2,1,"PFLT, PNNT",PennantPark Investment Advisers,Professional Services,49.139,54.184,-0.0931,12/31/30,9.56,,False,,False,,2025-09-30,2025-12-31,2,PFLT,37.105
Amsive Holdings Corporation,6,YELLOW,1,2,2,1,"PFLT, PNNT",PennantPark Investment Advisers,Media,46.378,46.628,-0.0054,12/10/26,10.14,,False,,False,,2025-09-30,2025-12-31,2,PNNT,27.298
"CJX Borrower, LLC",6,YELLOW,1,2,2,1,"PFLT, PNNT",PennantPark Investment Advisers,Media,44.895,48.872,-0.0814,07/13/27,9.89,,False,,False,,2025-09-30,2025-12-31,2,PFLT,25.231
"MBS Holdings, Inc.",6,YELLOW,1,2,2,1,"PFLT, PNNT",PennantPark Investment Advisers,Internet Software and Services,44.464,46.114,-0.0358,04/16/27,9.08,,False,,False,,2025-09-30,2025-12-31,2,PFLT,27.73
"Recteq, LLC",6,YELLOW,1,2,2,1,"PFLT, PNNT",PennantPark Investment Advisers,Leisure Products,37.962,41.049,-0.0752,01/29/26,10.24,,False,,False,,2025-09-30,2025-12-31,2,PNNT,19.872
"Bioderm, Inc.",6,YELLOW,1,2,2,1,"PFLT, PNNT",PennantPark Investment Advisers,Healthcare Equipment and Supplies,37.802,38.001,-0.0052,01/31/28,10.57,,False,,False,,2025-09-30,2025-12-31,2,PFLT,19.391
"Global Holdings InterCo, LLC",6,YELLOW,1,2,2,1,"PFLT, PNNT",PennantPark Investment Advisers,Diversified Financial Services,37.581,37.326,0.0068,03/16/26,9.54,,False,,False,,2025-09-30,2025-12-31,2,PFLT,24.698
"Cornerstone Advisors of Arizona, LLC",6,YELLOW,1,2,2,1,"PFLT, PNNT",PennantPark Investment Advisers,Consulting Services,37.444,39.933,-0.0623,05/13/32,8.42,,False,,False,,2025-09-30,2025-12-31,2,PFLT,25.515
"Schlesinger Global, Inc.",6,YELLOW,1,2,2,1,"PFLT, PNNT",PennantPark Investment Advisers,Professional Services,36.578,39.246,-0.068,10/24/2025,11.28,,False,,False,,2025-09-30,2025-12-31,2,PFLT,31.525
"Imagine Acquisitionco, Inc.",6,YELLOW,1,2,2,1,"PFLT, PNNT",PennantPark Investment Advisers,Software,28.986,31.582,-0.0822,11/15/27,9.14,,False,,False,,2025-09-30,2025-12-31,2,PFLT,18.096
"Crane 1 Services, Inc.",6,YELLOW,1,2,2,1,"PFLT, PNNT",PennantPark Investment Advisers,Commercial Services & Supplies,27.906,28.869,-0.0334,08/16/27,9.49,,False,,False,,2025-09-30,2025-12-31,2,PFLT,17.453
"Hancock Roofing and Construction, LLC",6,YELLOW,1,2,2,1,"PFLT, PNNT",PennantPark Investment Advisers,Insurance,26.303,27.046,-0.0275,12/31/26,9.44,,False,,False,,2025-09-30,2025-12-31,2,PFLT,13.152
"Meadowlark Acquirer, LLC",6,YELLOW,1,2,2,1,"PFLT, PNNT",PennantPark Investment Advisers,Professional Services,23.572,24.725,-0.0466,12/10/27,9.49,,False,,False,,2025-09-30,2025-12-31,2,PFLT,13.656
"Five Star Buyer, Inc.",6,YELLOW,1,2,2,1,"PFLT, PNNT",PennantPark Investment Advisers,"Hotels, Restaurants and Leisure",18.677,20.36,-0.0827,02/23/28,13.17,,False,,False,,2025-09-30,2025-12-31,2,PFLT,10.195
"Wash & Wax Group, LP",6,YELLOW,1,2,2,1,"PFLT, PNNT",PennantPark Investment Advisers,Consumer Services,15.047,10.496,0.4336,04/30/25,,,False,,False,,2025-09-30,2025-12-31,2,PFLT,9.882
"Tinicum Space Coast Co-Invest, LLC",6,YELLOW,1,2,2,1,"PFLT, PNNT",PennantPark Investment Advisers,Aerospace and Defense,13.981,5.236,1.6702,12/4/2019,,,False,,False,,2025-09-30,2025-12-31,2,PFLT,9.296
"WCP Ivyrehab Coinvestment, LP",6,YELLOW,1,2,2,1,"PFLT, PNNT",PennantPark Investment Advisers,Healthcare Providers and Services,8.683,8.586,0.0113,6/27/2022,,,False,,False,,2025-09-30,2025-12-31,2,PFLT,8.122
"US Fertility Enterprises, LLC",6,YELLOW,1,2,2,1,"PFLT, PNNT",PennantPark Investment Advisers,Healthcare Providers and Services,7.277,7.234,0.0059,10/11/31,8.67,,False,,False,,2025-09-30,2025-12-31,2,PNNT,5.238
"Paving Parent, LLC",6,YELLOW,1,2,2,1,"PFLT, PNNT",PennantPark Investment Advisers,Business Services,5.458,5.389,0.0128,7/1/2025,,,False,,False,,2025-09-30,2025-12-31,2,PFLT,3.057
"SSC Dominion Holdings, LLC",6,YELLOW,1,2,2,1,"PFLT, PNNT",PennantPark Investment Advisers,Capital Equipment,4.297,0.06,70.6167,7/11/2018,,,False,,False,,2025-09-30,2025-12-31,2,PNNT,3.478
"OSP Embedded Aggregator, LP",6,YELLOW,1,2,2,1,"PFLT, PNNT",PennantPark Investment Advisers,Aerospace and Defense,3.973,3.494,0.1371,12/11/2023,,,False,,False,,2025-09-30,2025-12-31,2,PNNT,2.245
"OES Co-Invest, LP",6,YELLOW,1,2,2,1,"PFLT, PNNT",PennantPark Investment Advisers,Diversified Consumer Services,3.31,3.262,0.0147,5/31/2024,,,False,,False,,2025-09-30,2025-12-31,2,PNNT,1.73
"Project Granite Holdings, LLC",6,YELLOW,1,2,2,1,"PFLT, PNNT",PennantPark Investment Advisers,Professional Services,3.056,3.016,0.0133,12/31/2024,,,False,,False,,2025-09-30,2025-12-31,2,PFLT,2.278
"Seacoast Service Partners, LLC",6,YELLOW,1,2,2,1,"PFLT, PNNT",PennantPark Investment Advisers,Diversified Consumer Services,1.361,1.209,0.1257,10/31/2024,,,False,,False,,2025-09-30,2025-12-31,2,PFLT,1.098
"PeopleConnect Holdings, Inc",6,YELLOW,1,1,1,1,PSEC,Prospect Capital Management,Interactive Media & Services,271.704,353.709,-0.2318,1/22/2026,12.42,825.0,False,,False,,2025-09-30,2025-12-31,2,PSEC,271.704
"Atlantis Health Care Group (Puerto Rico), Inc.",6,YELLOW,1,1,1,1,PSEC,Prospect Capital Management,Health Care Providers & Services,225.48,267.48,-0.157,5/15/2026,12.99,875.0,False,,False,,2025-09-30,2025-12-31,2,PSEC,225.48
"SOC Telemed, Inc. and PSC Spark Holdings, LP",6,YELLOW,1,1,1,1,ARCC,Ares Capital Management,,211.4,235.0,-0.1004,08/2027,11.19,,False,,True,ARCC,2025-09-30,2025-12-31,2,ARCC,211.4
"Collections Acquisition Company, Inc.",6,YELLOW,1,1,1,1,PSEC,Prospect Capital Management,Financial Services,197.736,239.386,-0.174,6/3/2027,11.23,701.8,False,,False,,2025-09-30,2025-12-31,2,PSEC,197.736
"NMMB, Inc.",6,YELLOW,1,1,1,1,PSEC,Prospect Capital Management,Media,185.991,226.119,-0.1775,3/31/2027,12.43,850.0,False,,False,,2025-09-30,2025-12-31,2,PSEC,185.991
"Faraday Buyer, LLC",6,YELLOW,1,1,1,1,PSEC,Prospect Capital Management,Electrical Equipment,183.4771,244.842,-0.2506,10/11/2028,9.67,600.0,False,,False,,2025-09-30,2025-12-31,2,PSEC,183.4771
Outfittery GMBH,6,YELLOW,1,1,1,1,TPVG,TriplePoint Advisers,E-Commerce - Clothing and Accessories,130.038,159.77,-0.1861,1/1/2026,,,False,,False,,2025-09-30,2025-12-31,2,TPVG,130.038
SPF Borrower LLC+,6,YELLOW,1,1,1,1,GBDC,GC Advisors,Healthcare Providers & Services,102.5783,122.636,-0.1636,02/2024,,,False,,False,,2025-09-30,2025-12-31,2,GBDC,102.5783
"Spectrum Vision Holdings, LLC",6,YELLOW,1,1,1,1,PSEC,Prospect Capital Management,Health Care Providers & Services,88.413,116.982,-0.2442,11/17/2025,10.62,650.0,False,,False,,2025-09-30,2025-12-31,2,PSEC,88.413
"Windows Acquisition Holdings, Inc.",6,YELLOW,1,1,1,1,BXSL,Blackstone Credit Advisors,Building Products,85.661,104.447,-0.1799,12/29/2026,,,False,,False,,2025-12-31,2025-12-31,1,BXSL,85.661
"Premier Imaging, LLC (dba Lucid Health)",6,YELLOW,1,1,1,1,GSBD,Goldman Sachs Asset Management,Health Care Providers & Services,73.306,96.802,-0.2427,03/31/26,10.35,,False,,False,,2025-09-30,2025-12-31,2,GSBD,73.306
"Thirty Madison, Inc.",6,YELLOW,1,1,1,1,TPVG,TriplePoint Advisers,Healthcare Technology Systems,72.278,93.765,-0.2292,12/31/2025,,,False,,False,,2025-09-30,2025-12-31,2,TPVG,72.278
Wittur Holding GmbH,6,YELLOW,1,1,1,1,FSK,FS/KKR Advisor,Capital Goods,60.4,69.3,-0.1284,12/29/28,0.1,,False,,True,FSK,2025-09-30,2025-12-31,2,FSK,60.4
Equity in PSLF,6,YELLOW,1,1,1,1,PNNT,PennantPark Investment Advisers,,59.767,82.358,-0.2743,,,,False,,False,,2025-12-31,2025-12-31,1,PNNT,59.767
"Premier Specialties, Inc. and RMCF V CIV XLIV, L.P.",6,YELLOW,1,1,1,1,ARCC,Ares Capital Management,,59.4,71.8,-0.1727,08/2027,10.82,,False,,False,,2025-12-31,2025-12-31,1,ARCC,59.4
"Canadian Hospital Specialties, Ltd.",6,YELLOW,1,1,1,1,BXSL,Blackstone Credit Advisors,Health Care Providers & Services,57.709,73.028,-0.2098,4/15/2027,,,False,,False,,2025-12-31,2025-12-31,1,BXSL,57.709
"BDB Holdings, LLC",6,YELLOW,1,1,1,1,MAIN,Main Street Capital (internal),,47.746,62.157,-0.2318,2/27/2027,12.0,,False,,False,,2025-09-30,2025-12-31,2,MAIN,47.746
"Applied Composites Holdings, LLC (fka AC&A Enterprises Holdings, LLC)",6,YELLOW,1,1,1,1,OBDC,Blue Owl Credit Advisors,Aerospace and defense,44.664,57.865,-0.2281,1/2025,,,False,,False,,2025-09-30,2025-12-31,2,OBDC,44.664
"Volusion, LLC",6,YELLOW,1,1,1,1,MAIN,Main Street Capital (internal),,42.702,51.068,-0.1638,3/31/2025,10.0,,False,,False,,2025-09-30,2025-12-31,2,MAIN,42.702
"Paramount Global Surfaces, Inc.",6,YELLOW,1,1,1,1,BXSL,Blackstone Credit Advisors,Trading Companies & Distributors,41.393,55.217,-0.2504,12/31/2028,,,False,,False,,2025-12-31,2025-12-31,1,BXSL,41.393
"Datacom, LLC",6,YELLOW,1,1,1,1,MAIN,Main Street Capital (internal),,33.661,42.181,-0.202,12/31/2025,9.83,,False,,False,,2025-09-30,2025-12-31,2,MAIN,33.661
"LS Clinical Services Holdings, Inc (dba CATO)",6,YELLOW,1,1,1,1,GSBD,Goldman Sachs Asset Management,Pharmaceuticals,33.491,40.113,-0.1651,06/16/27,11.47,,False,,False,,2025-09-30,2025-12-31,2,GSBD,33.491
"Upstream Newco, Inc.",6,YELLOW,1,1,1,1,PSEC,Prospect Capital Management,Health Care Providers & Services,32.212,43.876,-0.2658,11/20/2027,12.88,850.0,False,,False,,2025-09-30,2025-12-31,2,PSEC,32.212
"C5 Technology Holdings, LLC",6,YELLOW,1,1,1,1,OCSL,Oaktree Capital Management,Data Processing & Outsourced Services,31.212,42.178,-0.26,,,,False,,False,,2025-09-30,2025-12-31,2,OCSL,31.212
"BCC Blueprint Holdings I, LLC and BCC Blueprint Investments, LLC",6,YELLOW,1,1,1,1,ARCC,Ares Capital Management,Financial Services,27.0,31.0,-0.129,09/2026,10.44,,False,,True,ARCC,2025-09-30,2025-12-31,2,ARCC,27.0
"United Land Services Intermediate Parent Holdings, LLC",6,YELLOW,1,1,1,1,PNNT,PennantPark Investment Advisers,Environmental Services,17.944,20.413,-0.121,01/12/2026,14.75,,False,,True,PNNT,2025-09-30,2025-12-31,2,PNNT,17.944
"Hylan Intermediate Holding II, LLC",6,YELLOW,1,1,1,1,TCPC,Tennenbaum Capital Partners (BlackRock),Construction and Engineering,17.2009,23.1514,-0.257,4/5/2029,6.25,,False,,False,,2025-12-31,2025-12-31,1,TCPC,17.2009
Wineshipping.com LLC,6,YELLOW,1,1,1,1,CGBD,Carlyle Investment Management,Beverage & Food,16.654,22.239,-0.2511,10/29/2027,,,False,,False,,2025-09-30,2025-12-31,2,CGBD,16.654
"NEP Group, Inc. et al",6,YELLOW,1,1,1,1,TCPC,Tennenbaum Capital Partners (BlackRock),Media,14.9636,17.5365,-0.1467,8/19/2026,3.36,150.0,False,,True,TCPC,2025-09-30,2025-12-31,2,TCPC,14.9636
"Pathstone Family Office LLC and Kelso XI Tailwind Co-Investment, L.P.",6,YELLOW,1,1,1,1,ARCC,Ares Capital Management,,14.2,20.2,-0.297,05/2028,8.82,,False,,False,,2025-09-30,2025-12-31,2,ARCC,14.2
"Efficient Collaborative Retail Marketing Company, LLC",6,YELLOW,1,1,1,1,PFLT,PennantPark Investment Advisers,Media: Diversified and Production,13.399,16.792,-0.2021,09/30/2026,,,False,,False,,2025-09-30,2025-12-31,2,PFLT,13.399
Freeport Financial Funds,6,YELLOW,1,1,1,1,MAIN,Main Street Capital (internal),,10.492,14.494,-0.2761,,,,False,,False,,2025-09-30,2025-12-31,2,MAIN,10.492
"ASC Interests, LLC",6,YELLOW,1,1,1,1,MAIN,Main Street Capital (internal),,9.161,10.922,-0.1612,7/31/2024,13.0,,False,,False,,2025-09-30,2025-12-31,2,MAIN,9.161
"123Dentist, Inc.",6,YELLOW,1,1,1,1,BXSL,Blackstone Credit Advisors,Health Care Providers & Services,8.619,11.922,-0.2771,8/10/2029,,,False,,False,,2025-12-31,2025-12-31,1,BXSL,8.619
Sweep Midco LLC,6,YELLOW,1,1,1,1,GSBD,Goldman Sachs Asset Management,Commercial Services & Supplies,6.801,8.431,-0.1933,03/12/34,,,False,,False,,2025-09-30,2025-12-31,2,GSBD,6.801
"Triwizard Holdings, Inc. and Triwizard Parent, LP",6,YELLOW,1,1,1,1,ARCC,Ares Capital Management,,4.8,6.8,-0.2941,06/2029,8.86,,False,,False,,2025-09-30,2025-12-31,2,ARCC,4.8
"Abzena Holdings, Inc. and Astro Group Holdings Ltd.",6,YELLOW,1,1,1,1,ARCC,Ares Capital Management,Investment Funds and Vehicles,4.6,5.7,-0.193,05/2021,,,False,,False,,2025-09-30,2025-12-31,2,ARCC,4.6
Congruent Credit Opportunities Funds,6,YELLOW,1,1,1,1,MAIN,Main Street Capital (internal),,2.3,3.121,-0.2631,,,,False,,False,,2025-09-30,2025-12-31,2,MAIN,2.3
"Shoes for Crews Holdings, LLC",6,YELLOW,1,1,1,1,SLRC,SLR Capital Partners,Diversified Consumer Services,2.04,2.759,-0.2606,,,,False,,False,,2025-09-30,2025-12-31,2,SLRC,2.04
"Carnegie Holdco, LLC",6,YELLOW,1,1,2,1,PNNT,PennantPark Investment Advisers,Education,1.26,1.603,-0.214,,,,False,,False,,2025-09-30,2025-12-31,2,PNNT,1.26
"Verista, Inc.",6,YELLOW,1,1,1,1,ARCC,Ares Capital Management,,0.7,0.8,-0.125,02/2027,10.85,,False,,True,ARCC,2025-09-30,2025-12-31,2,ARCC,0.7
"Automation Anywhere, Inc.",6,YELLOW,1,1,1,1,HTGC,Hercules Capital (internal),Warrant Investments,0.628,0.896,-0.2991,,,,False,,False,,2025-09-30,2025-12-31,2,HTGC,0.628
"MWD Management, LLC & MWD Services, Inc.+",6,YELLOW,1,1,1,1,GBDC,GC Advisors,Healthcare Providers & Services,0.335,0.412,-0.1869,06/2017,,,False,,False,,2025-09-30,2025-12-31,2,GBDC,0.335
"StellPen Holdings, LLC",6,YELLOW,1,1,1,1,PNNT,PennantPark Investment Advisers,Media,0.226,0.308,-0.2662,,,,False,,False,,2025-09-30,2025-12-31,2,PNNT,0.226
"Expedition Holdco, LLC",6,YELLOW,1,1,1,1,BXSL,Blackstone Credit Advisors,Software,0.072,0.09,-0.2,2/24/2022,,,False,,False,,2025-12-31,2025-12-31,1,BXSL,0.072
Untuckit LLC,6,YELLOW,1,1,1,1,TPVG,TriplePoint Advisers,E-Commerce - Clothing and Accessories,0.057,0.078,-0.2692,,,,False,,False,,2025-09-30,2025-12-31,2,TPVG,0.057
Caerus Midco 2 S.à r.l.,6,YELLOW,1,1,1,1,BXSL,Blackstone Credit Advisors,Health Care Technology,0.055,0.07,-0.2143,5/25/2022,,,False,,False,,2025-12-31,2025-12-31,1,BXSL,0.055
"Halo Buyer, Inc.",5,YELLOW,1,2,2,1,"PFLT, PNNT",PennantPark Investment Advisers,Consumer products,70.859,77.977,-0.0913,08/07/2029,9.94,,False,,False,,2025-09-30,2025-12-31,2,PFLT,35.587
"Safe Haven Defense US, LLC",5,YELLOW,1,2,2,1,"PFLT, PNNT",PennantPark Investment Advisers,Building Products,67.428,74.591,-0.096,05/23/2029,9.35,,False,,False,,2025-09-30,2025-12-31,2,PFLT,59.368
"Podean Buyer, LLC",5,YELLOW,1,2,2,1,"PFLT, PNNT",PennantPark Investment Advisers,Marketing Services,23.815,26.17,-0.09,08/04/2031,9.66,,False,,False,,2025-09-30,2025-12-31,2,PFLT,15.837
"Infinity Home Services Holdco, Inc. (CAD)",5,YELLOW,1,2,2,1,"PFLT, PNNT",PennantPark Investment Advisers,Commercial Services & Supplies,6.243,6.231,0.0019,12/28/2028,,,False,,False,,2025-09-30,2025-12-31,2,PNNT,3.778
Production Resource Group LLC,5,YELLOW,1,1,1,1,FSK,FS/KKR Advisor,Media & Entertainment,672.4,663.6,0.0133,8/21/29,3.0,,False,,True,FSK,2025-09-30,2025-12-31,2,FSK,672.4
"Cornerstone OnDemand, Inc. and Sunshine Software Holdings, Inc.",5,YELLOW,1,1,1,1,ARCC,Ares Capital Management,,639.8,707.4,-0.0956,10/2026,10.19,,False,,True,ARCC,2025-09-30,2025-12-31,2,ARCC,639.8
Clarience Technologies LLC,5,YELLOW,1,1,1,1,FSK,FS/KKR Advisor,Capital Goods,335.0,331.8,0.0096,2/13/30,0.0,,False,,True,FSK,2025-09-30,2025-12-31,2,FSK,335.0
"Imperative Worldwide, LLC",5,YELLOW,1,1,1,1,PSEC,Prospect Capital Management,Air Freight & Logistics,333.4144,442.119,-0.2459,12/30/2028,9.66,550.0,False,,False,,2025-09-30,2025-12-31,2,PSEC,333.4144
Precisely Software Incorporated,5,YELLOW,1,1,1,1,PSEC,Prospect Capital Management,Software,293.368,377.697,-0.2233,4/23/2029,11.58,725.0,False,,False,,2025-09-30,2025-12-31,2,PSEC,293.368
Apex Service Partners LLC,5,YELLOW,1,1,1,1,FSK,FS/KKR Advisor,Commercial & Professional Services,280.5,272.8,0.0282,10/24/29,14.3,,False,,True,FSK,2025-09-30,2025-12-31,2,FSK,280.5
"Druid City Infusion, LLC",5,YELLOW,1,1,1,1,PSEC,Prospect Capital Management,Pharmaceuticals,246.2213,284.887,-0.1357,10/4/2029,11.52,750.0,False,,True,PSEC,2025-09-30,2025-12-31,2,PSEC,246.2213
CP Energy Services Inc.,5,YELLOW,1,1,1,1,PSEC,Prospect Capital Management,Energy Equipment & Services,241.674,174.24,0.387,4/4/2027,13.23,900.0,False,,True,PSEC,2025-09-30,2025-12-31,2,PSEC,241.674
Legends Hospitality LLC,5,YELLOW,1,1,1,1,FSK,FS/KKR Advisor,Consumer Services,230.9,230.8,0.0004,8/22/30,2.52,,False,,True,FSK,2025-09-30,2025-12-31,2,FSK,230.9
Neptune Bidco US Inc. and Elliott Metron Co-Investor Aggregator L.P.,5,YELLOW,1,1,1,1,ARCC,Ares Capital Management,,227.2,287.6,-0.21,10/2027,10.06,,False,,False,,2025-09-30,2025-12-31,2,ARCC,227.2
Zeus Industrial Products Inc,5,YELLOW,1,1,1,1,FSK,FS/KKR Advisor,Health Care Equipment & Services,212.7,184.5,0.1528,2/28/30,0.0,,False,,True,FSK,2025-09-30,2025-12-31,2,FSK,212.7
"Emerge Intermediate, Inc.",5,YELLOW,1,1,1,1,PSEC,Prospect Capital Management,Pharmaceuticals,212.514,231.383,-0.0815,8/31/2027,8.03,625.0,False,,True,PSEC,2025-09-30,2025-12-31,2,PSEC,212.514
Galway Partners Holdings LLC,5,YELLOW,1,1,1,1,FSK,FS/KKR Advisor,Insurance,195.2,195.0,0.001,9/29/28,0.0,,False,,True,FSK,2025-09-30,2025-12-31,2,FSK,195.2
"North American Science Associates, LLC, Cardinal Purchaser LLC and Cardinal Topco Holdings, L.P.",5,YELLOW,1,1,1,1,ARCC,Ares Capital Management,,178.0,165.4,0.0762,03/2027,9.27,,False,,True,ARCC,2025-09-30,2025-12-31,2,ARCC,178.0
"Belnick, LLC (d/b/a The Ubique Group)",5,YELLOW,1,1,1,1,PSEC,Prospect Capital Management,Household Durables,175.427,193.427,-0.0931,1/20/2027,12.77,850.0,False,,True,PSEC,2025-09-30,2025-12-31,2,PSEC,175.427
Service Express Inc,5,YELLOW,1,1,1,1,FSK,FS/KKR Advisor,Commercial & Professional Services,158.0,161.8,-0.0235,8/15/31,0.0,,False,,True,FSK,2025-09-30,2025-12-31,2,FSK,158.0
Ultra Electronics Holdings Ltd,5,YELLOW,1,1,1,1,FSK,FS/KKR Advisor,Capital Goods,154.6,153.8,0.0052,8/3/29,,,False,,True,FSK,2025-09-30,2025-12-31,2,FSK,154.6
Affordable Care Inc,5,YELLOW,1,1,1,1,FSK,FS/KKR Advisor,Health Care Equipment & Services,139.9,140.0,-0.0007,8/2/27,0.0,,False,,True,FSK,2025-09-30,2025-12-31,2,FSK,139.9
Sweeping Corp of America LLC,5,YELLOW,1,1,1,1,FSK,FS/KKR Advisor,Commercial & Professional Services,139.2,113.6,0.2254,6/30/27,,,False,,True,FSK,2025-09-30,2025-12-31,2,FSK,139.2
Nationwide Loan Company LLC,5,YELLOW,1,1,1,1,PSEC,Prospect Capital Management,Consumer Finance,136.352,158.059,-0.1373,5/15/2029,10.0,,False,,True,PSEC,2025-09-30,2025-12-31,2,PSEC,136.352
Time Manufacturing Co,5,YELLOW,1,1,1,1,FSK,FS/KKR Advisor,Capital Goods,132.1,138.1,-0.0434,12/1/27,2.0,,False,,True,FSK,2025-09-30,2025-12-31,2,FSK,132.1
"JobandTalent USA, Inc. (United Kingdom)",5,YELLOW,1,1,1,1,TCPC,Tennenbaum Capital Partners (BlackRock),Professional Services,128.1891,116.8511,0.097,8/17/2025,6.06,325.0,False,,True,TCPC,2025-12-31,2025-12-31,1,TCPC,128.1891
"Visual Edge Technology, Inc., VEIT, LLC, and VEIT Topco, LLC",5,YELLOW,1,1,1,1,ARCC,Ares Capital Management,,124.3,142.6,-0.1283,01/2029,12.19,,False,,True,ARCC,2025-12-31,2025-12-31,1,ARCC,124.3
"Equinox Holdings, Inc.",5,YELLOW,1,1,1,1,ARCC,Ares Capital Management,,101.6,50.0,1.032,06/2027,12.29,,False,,True,ARCC,2025-09-30,2025-12-31,2,ARCC,101.6
Flink SE,5,YELLOW,1,1,1,1,TPVG,TriplePoint Advisers,Consumer Products and Services,99.342,117.654,-0.1556,8/31/2028,,,False,,False,,2025-09-30,2025-12-31,2,TPVG,99.342
ThreeSixty Group,5,YELLOW,1,1,1,1,FSK,FS/KKR Advisor,Consumer Discretionary Distribution & Retail,90.8,92.7,-0.0205,9/30/25,2.5,,False,,True,FSK,2025-09-30,2025-12-31,2,FSK,90.8
OCSI Glick JV LLC,5,YELLOW,1,1,1,1,OCSL,Oaktree Capital Management,Multi-Sector Holdings,89.98,106.593,-0.1559,10/20/2028,4.5,,False,,False,,2025-09-30,2025-12-31,2,OCSL,89.98
"Valley Electric Company, Inc.",5,YELLOW,1,1,1,1,PSEC,Prospect Capital Management,Construction & Engineering,83.859,66.083,0.269,6/30/2026,8.93,500.0,False,,True,PSEC,2025-09-30,2025-12-31,2,PSEC,83.859
Model N Inc,5,YELLOW,1,1,1,1,FSK,FS/KKR Advisor,Software & Services,77.8,77.7,0.0013,6/27/31,0.0,,False,,True,FSK,2025-09-30,2025-12-31,2,FSK,77.8
HM Dunn Co Inc,5,YELLOW,1,1,1,1,FSK,FS/KKR Advisor,Capital Goods,68.9,68.9,0.0,6/30/26,0.0,,False,,True,FSK,2025-09-30,2025-12-31,2,FSK,68.9
"Middle Market Credit Fund II, LLC, Member's Interest",5,YELLOW,1,1,1,1,CGBD,Carlyle Investment Management,Investment Funds,63.997,78.096,-0.1805,12/31/2030,,,False,,False,,2025-09-30,2025-12-31,2,CGBD,63.997
NCI Inc,5,YELLOW,1,1,1,1,FSK,FS/KKR Advisor,Software & Services,63.0,63.0,0.0,8/15/28,0.0,,False,,True,FSK,2025-09-30,2025-12-31,2,FSK,63.0
One Call Care Management Inc,5,YELLOW,1,1,1,1,FSK,FS/KKR Advisor,Health Care Equipment & Services,61.2,37.5,0.632,4/22/27,8.5,,False,,True,FSK,2025-09-30,2025-12-31,2,FSK,61.2
RQM+ Corp.,5,YELLOW,1,1,1,1,SLRC,SLR Capital Partners,Life Sciences Tools & Services,59.405,59.866,-0.0077,8/2021,,,False,,True,SLRC,2025-09-30,2025-12-31,2,SLRC,59.405
"TVG-MGT Upper Intermediate Holdings, LLC",5,YELLOW,1,1,1,1,ARCC,Ares Capital Management,,52.7,60.4,-0.1275,08/2031,14.0,,False,,True,ARCC,2025-09-30,2025-12-31,2,ARCC,52.7
"Novipax Buyer, L.L.C. and Novipax Parent Holding Company, L.L.C.",5,YELLOW,1,1,1,1,ARCC,Ares Capital Management,,52.6,54.4,-0.0331,12/2026,12.07,,False,,True,ARCC,2025-09-30,2025-12-31,2,ARCC,52.6
CLEAResult Consulting Inc,5,YELLOW,1,1,1,1,FSK,FS/KKR Advisor,Commercial & Professional Services,50.9,51.1,-0.0039,8/27/31,0.0,,False,,True,FSK,2025-09-30,2025-12-31,2,FSK,50.9
"Speedster Bidco, GmbH",5,YELLOW,1,1,1,1,BXSL,Blackstone Credit Advisors,Interactive Media & Services,50.348,64.588,-0.2205,6/10/2031,,,False,,False,,2025-12-31,2025-12-31,1,BXSL,50.348
"Steward Partners Global Advisory, LLC, Steward Partners Investment Advisory, LLC, Steward Partners Intermediate II, LLC, and Steward Partners New Holdings, LLC",5,YELLOW,1,1,1,1,ARCC,Ares Capital Management,,49.1,29.8,0.6477,03/2026,10.43,,False,,True,ARCC,2025-12-31,2025-12-31,1,ARCC,49.1
RD Holdco Inc.,5,YELLOW,1,1,1,1,ARCC,Ares Capital Management,,48.4,63.0,-0.2317,,,,False,,False,,2025-12-31,2025-12-31,1,ARCC,48.4
"PT Intermediate Holdings III, LLC+",5,YELLOW,1,1,1,1,GBDC,GC Advisors,Commercial Services & Supplies,44.5,42.762,0.0406,12/2021,,,False,,True,GBDC,2025-09-30,2025-12-31,2,GBDC,44.5
Brightwood Capital Fund Investments,5,YELLOW,1,1,1,1,MAIN,Main Street Capital (internal),,44.014,52.028,-0.154,,,,False,,False,,2025-09-30,2025-12-31,2,MAIN,44.014
"Appriss Health, LLC",5,YELLOW,1,1,1,1,CGBD,Carlyle Investment Management,Healthcare & Pharmaceuticals,42.083,35.722,0.1781,5/6/2027,11.0,,False,,True,CGBD,2025-09-30,2025-12-31,2,CGBD,42.083
"Carbon Health Technologies, Inc.",5,YELLOW,1,1,1,1,HTGC,Hercules Capital (internal),Electronics & Computer Hardware,41.612,46.945,-0.1136,,1.5,,False,,True,HTGC,2025-09-30,2025-12-31,2,HTGC,41.612
Avetta LLC,5,YELLOW,1,1,1,1,FSK,FS/KKR Advisor,Software & Services,35.8,35.8,0.0,7/26/30,0.0,,False,,True,FSK,2025-09-30,2025-12-31,2,FSK,35.8
"Victor Technology, LLC",5,YELLOW,1,1,1,1,PSEC,Prospect Capital Management,Commercial Services & Supplies,33.646,43.5,-0.2265,12/3/2028,11.84,750.0,False,,False,,2025-09-30,2025-12-31,2,PSEC,33.646
"Discovery Education, Inc.",5,YELLOW,1,1,1,1,BXSL,Blackstone Credit Advisors,Software (continued),33.434,40.063,-0.1655,4/9/2029,,,False,,False,,2025-12-31,2025-12-31,1,BXSL,33.434
"Marigold Group, Inc. (p.k.a. Campaign Monitor Limited)",5,YELLOW,1,1,1,1,HTGC,Hercules Capital (internal),Debt Investments,32.773,38.336,-0.1451,,10.55,1055.0,False,,True,HTGC,2025-09-30,2025-12-31,2,HTGC,32.773
"Spanx, LLC",5,YELLOW,1,1,1,1,OCSL,Oaktree Capital Management,Apparel Retail,31.073,36.672,-0.1527,11/18/2027,5.5,,False,,False,,2025-09-30,2025-12-31,2,OCSL,31.073
"Clifford Loan Ventures, LLC & Clifford Preferred Ventures Holdings LLC",5,YELLOW,1,1,1,1,SLRC,SLR Capital Partners,Capital Markets,30.356,30.833,-0.0155,9/2025,,,False,,True,SLRC,2025-12-31,2025-12-31,1,SLRC,30.356
"Powin Energy Corp/NV, Revolver",5,YELLOW,1,1,1,1,FSK,FS/KKR Advisor,Capital Goods,30.0,30.0,0.0,9/30/27,13.5,,False,,True,FSK,2025-09-30,2025-12-31,2,FSK,30.0
Carrier Fire Protection,5,YELLOW,1,1,1,1,FSK,FS/KKR Advisor,Commercial & Professional Services,29.7,29.7,0.0,7/1/30,0.0,,False,,True,FSK,2025-09-30,2025-12-31,2,FSK,29.7
Turnpoint Services Inc,5,YELLOW,1,1,1,1,FSK,FS/KKR Advisor,Capital Goods,29.2,29.3,-0.0034,6/17/30,0.0,,False,,True,FSK,2025-09-30,2025-12-31,2,FSK,29.2
"Quoizel, LLC",5,YELLOW,1,1,1,1,FSK,FS/KKR Advisor,Consumer Durables & Apparel,29.0,14.5,1.0,7/11/27,0.0,,False,,True,FSK,2025-09-30,2025-12-31,2,FSK,29.0
"Smart Energy Systems, Inc.+",5,YELLOW,1,1,1,1,GBDC,GC Advisors,Electric Utilities,28.238,28.672,-0.0151,01/2025,,,False,,True,GBDC,2025-09-30,2025-12-31,2,GBDC,28.238
"LABL, Inc.",5,YELLOW,1,1,1,1,OCSL,Oaktree Capital Management,Paper & Plastic Packaging Products & Materials,28.086,37.415,-0.2493,10/30/2028,5.0,,False,,False,,2025-09-30,2025-12-31,2,OCSL,28.086
Lloyd's Register Quality Assurance Ltd,5,YELLOW,1,1,1,1,FSK,FS/KKR Advisor,Commercial & Professional Services,27.5,24.8,0.1089,12/4/28,0.0,,False,,True,FSK,2025-09-30,2025-12-31,2,FSK,27.5
Version1 Software Ltd,5,YELLOW,1,1,1,1,FSK,FS/KKR Advisor,Software & Services,27.4,26.5,0.034,7/11/29,0.0,,False,,True,FSK,2025-09-30,2025-12-31,2,FSK,27.4
"Terraboost Media Operating Company, LLC",5,YELLOW,1,1,1,1,TCPC,Tennenbaum Capital Partners (BlackRock),Media,26.5665,26.6453,-0.003,8/23/2026,5.35,,False,,True,TCPC,2025-12-31,2025-12-31,1,TCPC,26.5665
Aareon AG,5,YELLOW,1,1,1,1,FSK,FS/KKR Advisor,Software & Services,26.4,25.2,0.0476,9/30/31,0.0,,False,,True,FSK,2025-09-30,2025-12-31,2,FSK,26.4
SHO Holding I Corporation,5,YELLOW,1,1,1,1,OCSL,Oaktree Capital Management,Footwear,26.22,32.557,-0.1946,6/30/2029,6.64,,False,,False,,2025-09-30,2025-12-31,2,OCSL,26.22
Industry City TI Lessor LP,5,YELLOW,1,1,1,1,FSK,FS/KKR Advisor,Consumer Services,25.8,25.3,0.0198,6/30/26,10.8,,False,,True,FSK,2025-09-30,2025-12-31,2,FSK,25.8
"Logix Holding Company, LLC",5,YELLOW,1,1,1,1,SLRC,SLR Capital Partners,Communications Equipment,24.392,24.468,-0.0031,9/14/2018,,,False,,True,SLRC,2025-09-30,2025-12-31,2,SLRC,24.392
"Safe Home Security, Inc., Security Systems Inc., Safe Home Monitoring, Inc., National Protective Services, Inc., Bright Integrations LLC and Medguard Alert, Inc.",5,YELLOW,1,1,1,1,ARCC,Ares Capital Management,,23.5,24.0,-0.0208,05/2026,10.43,,False,,True,ARCC,2025-09-30,2025-12-31,2,ARCC,23.5
Therapy Brands Holdings LLC,5,YELLOW,1,1,1,1,ARCC,Ares Capital Management,,23.3,29.0,-0.1966,05/2029,10.58,,False,,False,,2025-09-30,2025-12-31,2,ARCC,23.3
MAI Capital Management LLC,5,YELLOW,1,1,1,1,FSK,FS/KKR Advisor,Financial Services,21.8,21.8,0.0,8/29/31,0.0,,False,,True,FSK,2025-09-30,2025-12-31,2,FSK,21.8
Civica Group Ltd,5,YELLOW,1,1,1,1,FSK,FS/KKR Advisor,Software & Services,20.5,18.4,0.1141,8/30/30,0.0,,False,,True,FSK,2025-09-30,2025-12-31,2,FSK,20.5
"WMD Funding, LLC",5,YELLOW,1,1,1,1,SLRC,SLR Capital Partners,Diversified Financial Services,18.33,18.33,0.0,12/4/2024,,,False,,True,SLRC,2025-09-30,2025-12-31,2,SLRC,18.33
Arcos LLC/VA,5,YELLOW,1,1,1,1,FSK,FS/KKR Advisor,Software & Services,16.1,17.3,-0.0694,4/20/27,3.3,,False,,True,FSK,2025-09-30,2025-12-31,2,FSK,16.1
"LJP Purchaser, Inc. and LJP Topco, LP",5,YELLOW,1,1,1,1,ARCC,Ares Capital Management,,15.7,17.7,-0.113,09/2028,10.05,,False,,True,ARCC,2025-09-30,2025-12-31,2,ARCC,15.7
"Radius Aerospace, Inc. and Radius Aerospace Europe Limited",5,YELLOW,1,1,1,1,ARCC,Ares Capital Management,,15.4,13.2,0.1667,03/2027,9.83,,False,,True,ARCC,2025-09-30,2025-12-31,2,ARCC,15.4
Constellis Holdings LLC,5,YELLOW,1,1,1,1,FSK,FS/KKR Advisor,Capital Goods,14.6,7.7,0.8961,12/31/28,0.0,,False,,True,FSK,2025-09-30,2025-12-31,2,FSK,14.6
"PennantPark-TSO Senior Loan Fund II, LP",5,YELLOW,1,1,1,1,PNNT,PennantPark Investment Advisers,Financial Services,13.277,16.232,-0.182,,,,False,,False,,2025-09-30,2025-12-31,2,PNNT,13.277
"Bayside Parent, LLC",5,YELLOW,1,1,1,1,SLRC,SLR Capital Partners,Health Care Providers & Services,12.941,12.941,0.0,5/2023,,,False,,True,SLRC,2025-09-30,2025-12-31,2,SLRC,12.941
"TAUC Management, LLC",5,YELLOW,1,1,1,1,SLRC,SLR Capital Partners,Health Care Providers & Services,12.824,13.078,-0.0194,4/1/2022,,,False,,True,SLRC,2025-09-30,2025-12-31,2,SLRC,12.824
"Align Precision Group, LLC and Align Precision Topco, L.P.",5,YELLOW,1,1,1,1,ARCC,Ares Capital Management,Capital Goods,12.6,14.6,-0.137,07/2030,10.71,,False,,True,ARCC,2025-09-30,2025-12-31,2,ARCC,12.6
Zellis Holdings Ltd,5,YELLOW,1,1,1,1,FSK,FS/KKR Advisor,Software & Services,12.3,11.4,0.0789,8/13/31,0.0,,False,,True,FSK,2025-09-30,2025-12-31,2,FSK,12.3
Colosseum Dental Group,5,YELLOW,1,1,1,1,FSK,FS/KKR Advisor,Health Care Equipment & Services,11.7,12.1,-0.0331,4/23/29,8.5,,False,,True,FSK,2025-09-30,2025-12-31,2,FSK,11.7
"Project Castle, Inc.",5,YELLOW,1,1,1,1,CGBD,Carlyle Investment Management,Capital Equipment,11.683,14.429,-0.1903,6/1/2029,,,False,,False,,2025-09-30,2025-12-31,2,CGBD,11.683
"Smarsh Inc. and Skywalker TopCo, LLC",5,YELLOW,1,1,1,1,ARCC,Ares Capital Management,,10.8,12.8,-0.1562,02/2029,8.42,,False,,False,,2025-09-30,2025-12-31,2,ARCC,10.8
PVHC Holding Corp.,5,YELLOW,1,1,1,1,TCPC,Tennenbaum Capital Partners (BlackRock),Containers & Packaging,9.861,9.8647,-0.0004,2/17/2027,4.21,487.5,False,,True,TCPC,2025-12-31,2025-12-31,1,TCPC,9.861
"Home Concepts Acquisition, Inc. – Term Debt (SOFR+ 9.0 %, 13.3 % Cash, Due 5/2028)",5,YELLOW,1,1,1,1,GAIN,Gladstone Management Corporation,,9.281,12.0,-0.2266,,,,False,,False,,2025-09-30,2025-12-31,2,GAIN,9.281
"DTI Holdco, Inc. and OPE DTI Holdings, Inc.",5,YELLOW,1,1,1,1,ARCC,Ares Capital Management,,9.1,11.1,-0.1802,,,,False,,False,,2025-09-30,2025-12-31,2,ARCC,9.1
"Bonterra LLC (fka CyberGrants Holdings, LLC)",5,YELLOW,1,1,1,1,TCPC,Tennenbaum Capital Partners (BlackRock),Software,8.5288,8.3704,0.0189,9/8/2027,7.17,,False,,True,TCPC,2025-12-31,2025-12-31,1,TCPC,8.5288
"All States Ag Parts, LLC",5,YELLOW,1,1,1,1,SLRC,SLR Capital Partners,Trading Companies & Distributors,8.409,8.434,-0.003,4/1/2022,,,False,,True,SLRC,2025-09-30,2025-12-31,2,SLRC,8.409
"Cornerstone Building Brands, Inc.",5,YELLOW,1,1,1,1,CGBD,Carlyle Investment Management,Construction & Building,8.383,10.392,-0.1933,8/1/2028,,,False,,False,,2025-09-30,2025-12-31,2,CGBD,8.383
"Higginbotham Insurance Agency, Inc., HIG Operations Holdings, Inc., and HIG Intermediate, Inc.",5,YELLOW,1,1,1,1,ARCC,Ares Capital Management,,8.1,10.1,-0.198,06/2031,8.22,,False,,False,,2025-12-31,2025-12-31,1,ARCC,8.1
Wellington Bidco Inc. and Wellington TopCo LP,5,YELLOW,1,1,1,1,ARCC,Ares Capital Management,,7.5,9.5,-0.2105,06/2030,8.42,,False,,False,,2025-09-30,2025-12-31,2,ARCC,7.5
"PCS MidCo, Inc. and PCS Parent, L.P.",5,YELLOW,1,1,1,1,ARCC,Ares Capital Management,,7.4,9.4,-0.2128,03/2030,9.42,,False,,False,,2025-09-30,2025-12-31,2,ARCC,7.4
Dechra Pharmaceuticals Ltd,5,YELLOW,1,1,1,1,FSK,FS/KKR Advisor,"Pharmaceuticals, Biotechnology & Life Sciences",7.2,7.0,0.0286,1/24/31,0.0,,False,,True,FSK,2025-09-30,2025-12-31,2,FSK,7.2
Zilliant Incorporated,5,YELLOW,1,1,1,1,TCPC,Tennenbaum Capital Partners (BlackRock),Debt Investments (continued),7.1569,8.187,-0.1258,12/21/2027,3.88,500.0,False,,True,TCPC,2025-09-30,2025-12-31,2,TCPC,7.1569
"Shoes for Crews Global, LLC",5,YELLOW,1,1,1,1,SLRC,SLR Capital Partners,Diversified Consumer Services,6.824,6.824,0.0,6/2024,,,False,,True,SLRC,2025-09-30,2025-12-31,2,SLRC,6.824
"Etched.AI, Inc.",5,YELLOW,1,1,1,1,TPVG,TriplePoint Advisers,Semiconductors,4.542,5.711,-0.2047,,,,False,,False,,2025-09-30,2025-12-31,2,TPVG,4.542
HKA,5,YELLOW,1,1,1,1,FSK,FS/KKR Advisor,Commercial & Professional Services,3.5,3.4,0.0294,8/9/29,0.0,,False,,True,FSK,2025-09-30,2025-12-31,2,FSK,3.5
"Equipment Operating Leases, LLC",5,YELLOW,1,1,1,1,SLRC,SLR Capital Partners,Multi-Sector Holdings,2.812,2.884,-0.025,4/27/2025,8.37,,False,,True,SLRC,2025-09-30,2025-12-31,2,SLRC,2.812
Envirotainer Ltd,5,YELLOW,1,1,1,1,FSK,FS/KKR Advisor,Transportation,2.8,2.7,0.037,7/30/29,0.0,,False,,True,FSK,2025-09-30,2025-12-31,2,FSK,2.8
iNova Pharmaceuticals (Australia) Pty Limited,5,YELLOW,1,1,1,1,FSK,FS/KKR Advisor,"Pharmaceuticals, Biotechnology & Life Sciences",2.7,2.5,0.08,11/15/31,0.0,,False,,True,FSK,2025-09-30,2025-12-31,2,FSK,2.7
"CG Group Holdings, LLC+",5,YELLOW,1,1,1,1,GBDC,GC Advisors,Automobiles,2.586,1.613,0.6032,07/2021,,,False,,True,GBDC,2025-09-30,2025-12-31,2,GBDC,2.586
"Alamar Biosciences, Inc.",5,YELLOW,1,1,1,1,HTGC,Hercules Capital (internal),Biotechnology Tools,2.417,3.072,-0.2132,,,,False,,False,,2025-09-30,2025-12-31,2,HTGC,2.417
"Blue Star Sports Holdings, Inc.",5,YELLOW,1,1,1,1,TCPC,Tennenbaum Capital Partners (BlackRock),Leisure Products,2.3341,2.3819,-0.0201,6/15/2026,5.9,350.0,False,,True,TCPC,2025-12-31,2025-12-31,1,TCPC,2.3341
Assembled Brands Capital LLC,5,YELLOW,1,1,1,1,OCSL,Oaktree Capital Management,Specialized Finance,1.496,1.963,-0.2379,,,,False,,False,,2025-09-30,2025-12-31,2,OCSL,1.496
"Lucky Bucks, LLC",5,YELLOW,1,1,1,1,PFLT,PennantPark Investment Advisers,"Hotels, Restaurants and Leisure",1.328,1.57,-0.1541,10/02/2028,11.66,,False,,False,,2025-09-30,2025-12-31,2,PFLT,1.328
"Utilidata, Inc.",5,YELLOW,1,1,1,1,TCPC,Tennenbaum Capital Partners (BlackRock),Electric Utilities,1.2495,1.574,-0.2062,,,,False,,False,,2025-12-31,2025-12-31,1,TCPC,1.2495
Laboratoires Vivacy SAS,5,YELLOW,1,1,1,1,FSK,FS/KKR Advisor,"Pharmaceuticals, Biotechnology & Life Sciences",1.2,1.2,0.0,3/20/30,0.0,,False,,True,FSK,2025-09-30,2025-12-31,2,FSK,1.2
"Consello Pacific Aggregator, LLC",5,YELLOW,1,1,1,1,PNNT,PennantPark Investment Advisers,Business Services,0.603,0.743,-0.1884,,,,False,,False,,2025-09-30,2025-12-31,2,PNNT,0.603
EIG Fund Investments,5,YELLOW,1,1,1,1,MAIN,Main Street Capital (internal),,0.406,0.5,-0.188,,,,False,,False,,2025-09-30,2025-12-31,2,MAIN,0.406
MXP Prime GmbH,5,YELLOW,1,1,1,1,TPVG,TriplePoint Advisers,Commercial Services,0.395,0.468,-0.156,,,,False,,False,,2025-09-30,2025-12-31,2,TPVG,0.395
"Senseonics Holdings, Inc. *",5,YELLOW,1,1,1,1,SLRC,SLR Capital Partners,Health Care Equipment & Supplies,0.376,0.47,-0.2,,,,False,,False,,2025-09-30,2025-12-31,2,SLRC,0.376
"Global Lending Services LLC, Bond",5,YELLOW,1,1,1,1,FSK,FS/KKR Advisor,Financial Services,0.3,0.3,0.0,12/31/32,12.5,,False,,True,FSK,2025-09-30,2025-12-31,2,FSK,0.3
"Summit K2 Midco, Inc.",5,YELLOW,1,1,1,1,CGBD,Carlyle Investment Management,Diversified Financial Services,0.263,0.333,-0.2102,,,,False,,False,,2025-12-31,2025-12-31,1,CGBD,0.263
Leia Acquisition Ltd. (fka Swift Worldwide Resources Holdco Ltd),5,YELLOW,1,1,1,1,FSK,FS/KKR Advisor,Commercial & Professional Services,0.2,0.2,0.0,7/1/29,10.0,,False,,True,FSK,2025-09-30,2025-12-31,2,FSK,0.2
"Redshift Bioanalytics, Inc.",5,YELLOW,1,1,1,1,HTGC,Hercules Capital (internal),Drug Discovery & Development,0.032,0.04,-0.2,,,,False,,False,,2025-09-30,2025-12-31,2,HTGC,0.032
"Builders Capital Loan Acquisition Trust 2022-RTL1, Structured Mezzanine",5,YELLOW,1,1,1,1,FSK,FS/KKR Advisor,Real Estate Management & Development,0.0026,0.0034,-0.2353,,,,False,,False,,2025-12-31,2025-12-31,1,FSK,0.0026
First Tower Finance Company LLC,4,YELLOW,1,1,1,1,PSEC,Prospect Capital Management,Consumer Finance,3323.076,1965.741,0.6905,12/18/2027,10.5,,False,,True,PSEC,2025-09-30,2025-12-31,2,PSEC,3323.076
"Denali Intermediate Holdings, Inc. and Denali Parent Holdings, L.P.",4,YELLOW,1,1,1,1,ARCC,Ares Capital Management,,754.8,384.9,0.961,08/2032,9.23,,False,,True,ARCC,2025-09-30,2025-12-31,2,ARCC,754.8
"Digicert, Inc., Dcert Buyer, Inc., DCert Preferred Holdings, Inc. and Destiny Digital Holdings, L.P.",4,YELLOW,1,1,1,1,ARCC,Ares Capital Management,,670.0,724.8,-0.0756,02/2029,10.12,,False,,True,ARCC,2025-09-30,2025-12-31,2,ARCC,670.0
Plaskolite PPC Intermediate II LLC and Plaskolite PPC Blocker LLC,4,YELLOW,1,1,1,1,ARCC,Ares Capital Management,,518.7,534.4,-0.0294,02/2030,11.85,,False,,True,ARCC,2025-09-30,2025-12-31,2,ARCC,518.7
PHM NL SP Bidco B.V.+,4,YELLOW,1,1,1,1,GBDC,GC Advisors,Chemicals,447.192,488.386,-0.0843,,,,False,,True,GBDC,2025-09-30,2025-12-31,2,GBDC,447.192
"Navigator Acquiror, Inc.",4,GREEN,0,1,1,1,BXSL,Blackstone Credit Advisors,Health Care Providers & Services (continued),440.363,513.254,-0.142,7/16/2027,,,False,,False,,2025-12-31,2025-12-31,1,BXSL,440.363
"R-V Industries, Inc.",4,YELLOW,1,1,1,1,PSEC,Prospect Capital Management,Machinery,406.482,229.274,0.7729,12/15/2028,13.25,900.0,False,,True,PSEC,2025-09-30,2025-12-31,2,PSEC,406.482
"High Street Buyer, Inc. and High Street Holdco LLC",4,YELLOW,1,1,1,1,ARCC,Ares Capital Management,,360.5,372.5,-0.0322,04/2028,8.17,,False,,True,ARCC,2025-09-30,2025-12-31,2,ARCC,360.5
"Phathom Pharmaceuticals, Inc.",4,YELLOW,1,1,1,1,HTGC,Hercules Capital (internal),Drug Discovery & Development,360.231,354.173,0.0171,,1.35,135.0,False,,True,HTGC,2025-09-30,2025-12-31,2,HTGC,360.231
"Marathon Health, LLC",4,YELLOW,1,1,1,1,HTGC,Hercules Capital (internal),Electronics & Computer Hardware,343.219,341.859,0.004,,0.85,81.2,False,,True,HTGC,2025-09-30,2025-12-31,2,HTGC,343.219
Essential Services Holding Corporation and OMERS Mahomes Investment Holdings LLC,4,YELLOW,1,1,1,1,ARCC,Ares Capital Management,,340.3,194.4,0.7505,06/2030,8.88,,False,,True,ARCC,2025-09-30,2025-12-31,2,ARCC,340.3
"Sunrun Atlas Depositor 2019-2, LLC and Sunrun Atlas Holdings 2019-2, LLC",4,GREEN,0,1,1,1,ARCC,Ares Capital Management,Independent Power and Renewable Electricity Producers,317.0,372.8,-0.1497,11/2026,10.74,,False,,False,,2025-09-30,2025-12-31,2,ARCC,317.0
"QC Holdings TopCo, LLC",4,YELLOW,1,1,1,1,PSEC,Prospect Capital Management,Consumer Finance,290.919,211.275,0.377,7/1/2030,23.5,1850.0,False,,True,PSEC,2025-09-30,2025-12-31,2,PSEC,290.919
"WorkWave Intermediate II, LLC",4,YELLOW,1,1,1,1,ARCC,Ares Capital Management,,285.7,144.7,0.9744,09/2032,9.94,,False,,True,ARCC,2025-09-30,2025-12-31,2,ARCC,285.7
"BVI Medical, Inc. and BVI Group Limited",4,YELLOW,1,1,1,1,ARCC,Ares Capital Management,,284.6,143.8,0.9791,03/2032,9.97,,False,,True,ARCC,2025-09-30,2025-12-31,2,ARCC,284.6
"Banyan Software Holdings, LLC and Banyan Software Intermediate, Inc.",4,YELLOW,1,1,1,1,ARCC,Ares Capital Management,,248.0,252.0,-0.0159,01/2031,9.22,,False,,True,ARCC,2025-09-30,2025-12-31,2,ARCC,248.0
Adonis Bidco Inc.,4,YELLOW,1,1,1,1,ARCC,Ares Capital Management,Software and Services,246.5,246.5,0.0,02/2032,9.41,,False,,True,ARCC,2025-09-30,2025-12-31,2,ARCC,246.5
"ACI Group Holdings, Inc.",4,GREEN,0,1,1,1,BXSL,Blackstone Credit Advisors,Health Care Providers & Services,243.622,273.272,-0.1085,8/2/2027,,,False,,False,,2025-12-31,2025-12-31,1,BXSL,243.622
"Armis, Inc.",4,YELLOW,1,1,1,1,HTGC,Hercules Capital (internal),Sustainable and Renewable Technology,238.111,232.162,0.0256,,0.69,68.9,False,,True,HTGC,2025-09-30,2025-12-31,2,HTGC,238.111
"Shield AI, Inc.",4,YELLOW,1,1,1,1,HTGC,Hercules Capital (internal),Defense Technologies,231.828,231.696,0.0006,,0.85,85.0,False,,True,HTGC,2025-09-30,2025-12-31,2,HTGC,231.828
"Cardinal Parent, Inc. and Packers Software Intermediate Holdings, Inc.",4,YELLOW,1,1,1,1,ARCC,Ares Capital Management,,225.7,161.1,0.401,11/2027,10.97,,False,,True,ARCC,2025-09-30,2025-12-31,2,ARCC,225.7
"Recovery Solutions Parent, LLC",4,YELLOW,1,1,1,1,PSEC,Prospect Capital Management,Health Care Providers & Services,223.426,222.709,0.0032,1/27/2030,11.49,750.0,False,,True,PSEC,2025-09-30,2025-12-31,2,PSEC,223.426
"SeatGeek, Inc.",4,YELLOW,1,1,1,1,HTGC,Hercules Capital (internal),Consumer & Business Services,221.444,211.27,0.0482,,3.61,360.8,False,,True,HTGC,2025-09-30,2025-12-31,2,HTGC,221.444
"Cobalt Buyer Sub, Inc., Cobalt Holdings I, LP, and Cobalt Intermediate I, Inc.",4,YELLOW,1,1,1,1,ARCC,Ares Capital Management,,203.2,159.3,0.2756,10/2027,9.57,,False,,True,ARCC,2025-09-30,2025-12-31,2,ARCC,203.2
WSHP FC Acquisition LLC and WSHP FC Holdings LLC,4,YELLOW,1,1,1,1,ARCC,Ares Capital Management,,191.6,203.2,-0.0571,03/2028,11.74,,False,,True,ARCC,2025-09-30,2025-12-31,2,ARCC,191.6
"Huskies Parent, Inc., GI Insurity Parent LLC and GI Insurity TopCo LP",4,YELLOW,1,1,1,1,ARCC,Ares Capital Management,,185.1,201.6,-0.0818,11/2029,9.93,,False,,True,ARCC,2025-09-30,2025-12-31,2,ARCC,185.1
"Sunrun Xanadu Issuer 2019-1, LLC and Sunrun Xanadu Holdings 2019-1, LLC",4,YELLOW,1,1,1,1,ARCC,Ares Capital Management,Independent Power and Renewable Electricity Producers,170.2,173.8,-0.0207,07/2030,10.55,,False,,True,ARCC,2025-09-30,2025-12-31,2,ARCC,170.2
"Centric Brands LLC, Centric Brands TopCo, LLC, and Centric Brands L.P.",4,YELLOW,1,1,1,1,ARCC,Ares Capital Management,Consumer Durables and Apparel,169.6,150.8,0.1247,08/2029,10.61,,False,,True,ARCC,2025-09-30,2025-12-31,2,ARCC,169.6
"Implus Footcare, LLC, Implus Holdings, LLC, and Implus Topco, LLC",4,YELLOW,1,1,1,1,ARCC,Ares Capital Management,Consumer Durables and Apparel,164.4,170.6,-0.0363,10/2028,9.68,,False,,True,ARCC,2025-09-30,2025-12-31,2,ARCC,164.4
Tipalti Solutions Ltd.,4,YELLOW,1,1,1,1,HTGC,Hercules Capital (internal),Warrant Investments,157.227,157.947,-0.0046,,0.45,45.0,False,,True,HTGC,2025-09-30,2025-12-31,2,HTGC,157.227
"Blue Sprig Pediatrics, Inc.",4,YELLOW,1,1,1,1,HTGC,Hercules Capital (internal),Electronics & Computer Hardware,143.845,146.942,-0.0211,,5.18,518.3,False,,True,HTGC,2025-09-30,2025-12-31,2,HTGC,143.845
"Equality Health, LLC",4,YELLOW,1,1,1,1,HTGC,Hercules Capital (internal),Electronics & Computer Hardware,142.255,142.759,-0.0035,,5.06,506.2,False,,True,HTGC,2025-09-30,2025-12-31,2,HTGC,142.255
"Severin Acquisition, LLC",4,YELLOW,1,1,1,1,ARCC,Ares Capital Management,,141.4,142.8,-0.0098,10/2031,8.47,,False,,True,ARCC,2025-09-30,2025-12-31,2,ARCC,141.4
"Domo, Inc.",4,YELLOW,1,1,1,1,TCPC,Tennenbaum Capital Partners (BlackRock),Internet Software and Services,141.331,127.0357,0.1125,8/19/2028,3.2,500.0,False,,True,TCPC,2025-09-30,2025-12-31,2,TCPC,141.331
"WebPT, Inc. and WPT Intermediate Holdco, Inc.",4,YELLOW,1,1,1,1,ARCC,Ares Capital Management,,133.2,75.2,0.7713,01/2028,13.21,,False,,True,ARCC,2025-09-30,2025-12-31,2,ARCC,133.2
"Cority Software Inc., Cority Software (USA) Inc., and Cority Parent, Inc.",4,YELLOW,1,1,1,1,ARCC,Ares Capital Management,,124.6,124.2,0.0032,11/2032,8.35,,False,,True,ARCC,2025-09-30,2025-12-31,2,ARCC,124.6
"Arcus Biosciences, Inc.",4,YELLOW,1,1,1,1,HTGC,Hercules Capital (internal),Drug Discovery & Development,122.041,115.802,0.0539,,0.66,195.0,False,,True,HTGC,2025-09-30,2025-12-31,2,HTGC,122.041
"ID.me, LLC and ID.me, Inc.",4,YELLOW,1,1,1,1,ARCC,Ares Capital Management,,119.7,118.3,0.0118,01/2031,10.25,,False,,True,ARCC,2025-09-30,2025-12-31,2,ARCC,119.7
"PracticeTek Purchaser, LLC, PracticeTek MidCo, LLC and GSV PracticeTek Holdings, LLC",4,YELLOW,1,1,1,1,ARCC,Ares Capital Management,,118.8,122.8,-0.0326,08/2029,9.45,,False,,True,ARCC,2025-09-30,2025-12-31,2,ARCC,118.8
"Balrog Acquisition, Inc., Balrog Topco, Inc. and Balrog Parent, L.P.",4,YELLOW,1,1,1,1,ARCC,Ares Capital Management,Consumer Distribution and Retail,113.2,82.8,0.3671,09/2028,9.96,,False,,True,ARCC,2025-09-30,2025-12-31,2,ARCC,113.2
Titan BW Borrower L.P.+,4,YELLOW,1,1,1,1,GBDC,GC Advisors,Aerospace & Defense,112.173,113.075,-0.008,,,,False,,True,GBDC,2025-09-30,2025-12-31,2,GBDC,112.173
"MAPF Holdings, Inc.+",4,YELLOW,1,1,1,1,GBDC,GC Advisors,Food Products,111.701,112.108,-0.0036,,,,False,,True,GBDC,2025-09-30,2025-12-31,2,GBDC,111.701
"Braeburn, Inc.",4,YELLOW,1,1,1,1,HTGC,Hercules Capital (internal),Drug Discovery & Development,111.346,107.837,0.0325,,2.73,272.5,False,,True,HTGC,2025-09-30,2025-12-31,2,HTGC,111.346
"Cascade Parent Inc., Cascade Intermediate II, Inc., and Haveli Cascade Co-Invest I, L.P.",4,YELLOW,1,1,1,1,ARCC,Ares Capital Management,,110.1,59.6,0.8473,09/2031,11.06,,False,,True,ARCC,2025-09-30,2025-12-31,2,ARCC,110.1
15484880 Canada Inc. and 15484910 Canada Inc.,4,YELLOW,1,1,1,1,ARCC,Ares Capital Management,Insurance,102.4,112.8,-0.0922,04/2031,9.87,,False,,True,ARCC,2025-09-30,2025-12-31,2,ARCC,102.4
"Heron Therapeutics, Inc.",4,YELLOW,1,1,1,1,HTGC,Hercules Capital (internal),Drug Discovery & Development,102.171,101.832,0.0033,,1.9,189.8,False,,True,HTGC,2025-09-30,2025-12-31,2,HTGC,102.171
"Dashlane, Inc.",4,YELLOW,1,1,1,1,HTGC,Hercules Capital (internal),Debt Investments,97.708,94.161,0.0377,,3.05,305.0,False,,True,HTGC,2025-09-30,2025-12-31,2,HTGC,97.708
"CG Group Holdings, LLC*+",4,YELLOW,1,1,1,1,GBDC,GC Advisors,Automobiles,92.629,92.915,-0.0031,,,,False,,True,GBDC,2025-09-30,2025-12-31,2,GBDC,92.629
"Berner Food & Beverage, LLC",4,GREEN,0,1,2,1,OCSL,Oaktree Capital Management,Soft Drinks & Non-alcoholic Beverages,90.447,91.706,-0.0137,7/30/2026,6.5,,False,,False,,2025-09-30,2025-12-31,2,OCSL,90.447
"Diligent Corporation and Diligent Preferred Issuer, Inc.",4,YELLOW,1,1,1,1,ARCC,Ares Capital Management,,88.2,89.0,-0.009,08/2030,9.59,,False,,True,ARCC,2025-09-30,2025-12-31,2,ARCC,88.2
Reveleer,4,YELLOW,1,1,1,1,HTGC,Hercules Capital (internal),Debt Investments,87.463,87.455,0.0001,,0.65,65.0,False,,True,HTGC,2025-09-30,2025-12-31,2,HTGC,87.463
Wizard Bidco Limited+,4,YELLOW,1,1,1,1,GBDC,GC Advisors,Food Products,82.717,85.073,-0.0277,,,,False,,True,GBDC,2025-09-30,2025-12-31,2,GBDC,82.717
Semperis Technologies Inc.,4,YELLOW,1,1,1,1,HTGC,Hercules Capital (internal),Sustainable and Renewable Technology,80.82,79.82,0.0125,,1.23,,False,,True,HTGC,2025-09-30,2025-12-31,2,HTGC,80.82
"Harness, Inc.",4,YELLOW,1,1,1,1,HTGC,Hercules Capital (internal),Sustainable and Renewable Technology,79.105,76.393,0.0355,,2.25,,False,,True,HTGC,2025-09-30,2025-12-31,2,HTGC,79.105
"OPH NEP Investment, LLC",4,YELLOW,1,1,1,1,ARCC,Ares Capital Management,,77.4,74.6,0.0375,05/2032,10.0,,False,,True,ARCC,2025-09-30,2025-12-31,2,ARCC,77.4
"Vida Health, Inc.",4,YELLOW,1,1,1,1,HTGC,Hercules Capital (internal),Electronics & Computer Hardware,76.536,77.614,-0.0139,,2.75,,False,,True,HTGC,2025-09-30,2025-12-31,2,HTGC,76.536
"LD Lower Holdings, Inc.",4,GREEN,0,1,1,1,BXSL,Blackstone Credit Advisors,Software (continued),74.609,83.308,-0.1044,8/9/2027,,,False,,False,,2025-12-31,2025-12-31,1,BXSL,74.609
"Severin Acquisition, LLC+",4,YELLOW,1,1,1,1,GBDC,GC Advisors,,73.662,74.321,-0.0089,,,,False,,True,GBDC,2025-09-30,2025-12-31,2,GBDC,73.662
Wineshipping.com LLC+,4,YELLOW,1,1,1,1,GBDC,GC Advisors,Food & Staples Retailing,72.512,73.367,-0.0117,,,,False,,True,GBDC,2025-09-30,2025-12-31,2,GBDC,72.512
"Lido Advisors, LLC and LAL Group Holdings, LLC",4,YELLOW,1,1,1,1,ARCC,Ares Capital Management,,72.2,77.8,-0.072,05/2032,8.1,,False,,True,ARCC,2025-12-31,2025-12-31,1,ARCC,72.2
"Denali Midco 2, LLC+",4,YELLOW,1,1,1,1,GBDC,GC Advisors,Automobiles,71.423,71.264,0.0022,,,,False,,True,GBDC,2025-09-30,2025-12-31,2,GBDC,71.423
"NeueHealth, Inc.",4,YELLOW,1,1,1,1,HTGC,Hercules Capital (internal),Electronics & Computer Hardware,71.088,69.769,0.0189,,1.15,115.0,False,,True,HTGC,2025-09-30,2025-12-31,2,HTGC,71.088
"Tempus AI, Inc.",4,YELLOW,1,1,1,1,ARCC,Ares Capital Management,,70.8,67.4,0.0504,02/2030,11.92,,False,,True,ARCC,2025-09-30,2025-12-31,2,ARCC,70.8
22 HoldCo Limited,4,YELLOW,1,1,1,1,ARCC,Ares Capital Management,,69.1,65.5,0.055,08/2033,11.47,,False,,True,ARCC,2025-09-30,2025-12-31,2,ARCC,69.1
"The Arcticom Group, LLC and AMCP Mechanical Holdings, LP",4,YELLOW,1,1,1,1,ARCC,Ares Capital Management,,67.8,31.0,1.1871,12/2027,11.72,,False,,True,ARCC,2025-09-30,2025-12-31,2,ARCC,67.8
"Replimune Group, Inc.",4,YELLOW,1,1,1,1,HTGC,Hercules Capital (internal),Drug Discovery & Development,67.025,65.499,0.0233,,1.75,175.0,False,,True,HTGC,2025-09-30,2025-12-31,2,HTGC,67.025
"Genetix Biotherapeutics Inc. (p.k.a. bluebird bio, Inc.)",4,YELLOW,1,1,1,1,HTGC,Hercules Capital (internal),Drug Discovery & Development,66.664,66.811,-0.0022,,2.45,245.0,False,,True,HTGC,2025-09-30,2025-12-31,2,HTGC,66.664
Brain Corporation,4,YELLOW,1,1,1,1,HTGC,Hercules Capital (internal),Debt Investments,65.559,64.999,0.0086,,1.35,135.0,False,,True,HTGC,2025-09-30,2025-12-31,2,HTGC,65.559
"NMC Skincare Intermediate Holdings II, LLC",4,YELLOW,1,1,1,1,ARCC,Ares Capital Management,,65.0,35.1,0.8519,10/2028,10.62,,False,,True,ARCC,2025-09-30,2025-12-31,2,ARCC,65.0
"WellBe Senior Medical, LLC",4,YELLOW,1,1,1,1,HTGC,Hercules Capital (internal),Electronics & Computer Hardware,64.068,64.583,-0.008,,0.75,75.0,False,,True,HTGC,2025-09-30,2025-12-31,2,HTGC,64.068
"ZenDesk, Inc., Zoro TopCo, Inc. and Zoro TopCo, LP",4,YELLOW,1,1,1,1,ARCC,Ares Capital Management,,63.6,38.8,0.6392,11/2028,9.99,,False,,True,ARCC,2025-09-30,2025-12-31,2,ARCC,63.6
Titan BW Borrower L.P.,4,YELLOW,1,1,1,1,ARCC,Ares Capital Management,,62.5,62.9,-0.0064,07/2032,9.25,,False,,True,ARCC,2025-09-30,2025-12-31,2,ARCC,62.5
"Meyer Laboratory, LLC and Meyer Parent, LLC",4,YELLOW,1,1,1,1,ARCC,Ares Capital Management,,61.0,66.0,-0.0758,02/2030,10.45,,False,,True,ARCC,2025-09-30,2025-12-31,2,ARCC,61.0
"LifeStyles Bidco Ltd., Lifestyles US Holdco, Inc. and LifeStyles Parent, L.P.",4,YELLOW,1,1,1,1,ARCC,Ares Capital Management,,59.9,61.8,-0.0307,11/2028,9.24,,False,,True,ARCC,2025-12-31,2025-12-31,1,ARCC,59.9
"Forum Brands, LLC",4,GREEN,0,1,1,1,TPVG,TriplePoint Advisers,Business/Productivity Software,59.075,66.186,-0.1074,6/30/2025,,,False,,False,,2025-09-30,2025-12-31,2,TPVG,59.075
"Modigent, LLC and OMERS PMC Investment Holdings LLC",4,YELLOW,1,1,1,1,ARCC,Ares Capital Management,,58.8,58.2,0.0103,08/2028,9.16,,False,,True,ARCC,2025-09-30,2025-12-31,2,ARCC,58.8
"W.S. Connelly & Co., LLC and WSC Ultimate Holdings, LLC",4,YELLOW,1,1,1,1,ARCC,Ares Capital Management,,58.4,57.6,0.0139,05/2030,8.48,,False,,True,ARCC,2025-09-30,2025-12-31,2,ARCC,58.4
"Houzz, Inc.",4,YELLOW,1,1,1,1,HTGC,Hercules Capital (internal),Consumer & Business Services,57.855,54.608,0.0595,,11.77,,False,,True,HTGC,2025-09-30,2025-12-31,2,HTGC,57.855
Moonraker AcquisitionCo LLC and Moonraker HoldCo LLC,4,YELLOW,1,1,1,1,ARCC,Ares Capital Management,,56.0,59.6,-0.0604,08/2028,9.24,,False,,True,ARCC,2025-09-30,2025-12-31,2,ARCC,56.0
"RVShare, LLC",4,YELLOW,1,1,1,1,HTGC,Hercules Capital (internal),Consumer & Business Services,55.397,55.517,-0.0022,,7.36,735.7,False,,True,HTGC,2025-09-30,2025-12-31,2,HTGC,55.397
Carwow LTD,4,YELLOW,1,1,1,1,HTGC,Hercules Capital (internal),Consumer & Business Services,55.247,59.021,-0.0639,,4.7,470.0,False,,True,HTGC,2025-09-30,2025-12-31,2,HTGC,55.247
"AppDirect, Inc.",4,YELLOW,1,1,1,1,HTGC,Hercules Capital (internal),Consumer & Business Services,54.901,54.941,-0.0007,,2.05,205.0,False,,True,HTGC,2025-09-30,2025-12-31,2,HTGC,54.901
"801 5th Ave, Seattle, Structured Mezzanine",4,GREEN,0,1,1,1,FSK,FS/KKR Advisor,Equity Real Estate Investment Trusts (REITs),54.5631,61.0643,-0.1065,12/19/29,8.0,,False,,False,,2025-09-30,2025-12-31,2,FSK,54.5631
"Aryaka Networks, Inc.",4,YELLOW,1,1,1,1,HTGC,Hercules Capital (internal),Communications & Networking,53.951,56.713,-0.0487,,1.8,180.0,False,,True,HTGC,2025-09-30,2025-12-31,2,HTGC,53.951
"AutoAlert, LLC",4,YELLOW,1,1,1,1,TCPC,Tennenbaum Capital Partners (BlackRock),Automobiles,53.5855,53.5855,0.0,3/31/2028,7.12,,False,,True,TCPC,2025-12-31,2025-12-31,1,TCPC,53.5855
COMPASS Pathways plc,4,YELLOW,1,1,1,1,HTGC,Hercules Capital (internal),Drug Discovery & Development,51.326,50.633,0.0137,,1.5,150.0,False,,True,HTGC,2025-09-30,2025-12-31,2,HTGC,51.326
"Preventics, Inc. (d/b/a Legere Pharmaceuticals)",4,GREEN,0,1,1,1,PSEC,Prospect Capital Management,Personal Care Products,51.3076,57.542,-0.1083,11/12/2026,14.75,1050.0,False,,False,,2025-09-30,2025-12-31,2,PSEC,51.3076
Electric Hydrogen Co.,4,YELLOW,1,1,1,1,HTGC,Hercules Capital (internal),Sustainable and Renewable Technology,50.525,50.997,-0.0093,,2.25,225.0,False,,True,HTGC,2025-09-30,2025-12-31,2,HTGC,50.525
"Suzy, Inc.",4,YELLOW,1,1,1,1,HTGC,Hercules Capital (internal),Warrant Investments,49.786,49.666,0.0024,,1.75,175.0,False,,True,HTGC,2025-09-30,2025-12-31,2,HTGC,49.786
SEP Eiger BidCo Ltd. (Beqom) (Switzerland),4,YELLOW,1,1,1,1,TCPC,Tennenbaum Capital Partners (BlackRock),Debt Investments (continued),49.729,52.6723,-0.0559,5/9/2028,3.07,350.0,False,,True,TCPC,2025-09-30,2025-12-31,2,TCPC,49.729
"GAPCO AIV Interholdco (CP), L.P.",4,YELLOW,1,1,1,1,ARCC,Ares Capital Management,,49.5,49.5,0.0,03/2033,10.42,,False,,True,ARCC,2025-09-30,2025-12-31,2,ARCC,49.5
"Majesco and Magic Topco, L.P.",4,YELLOW,1,1,1,1,ARCC,Ares Capital Management,,49.4,43.8,0.1279,09/2028,8.62,,False,,True,ARCC,2025-09-30,2025-12-31,2,ARCC,49.4
"Connatix Buyer, Inc.",4,GREEN,0,1,2,1,BXSL,Blackstone Credit Advisors,Software (continued),48.122,48.698,-0.0118,7/14/2027,,,False,,False,,2025-09-30,2025-12-31,2,BXSL,48.122
"CFS Management, LLC (dba Center for Sight Management)",4,GREEN,0,1,1,1,GSBD,Goldman Sachs Asset Management,Health Care Providers & Services,45.824,52.749,-0.1313,09/30/26,12.77,,False,,False,,2025-09-30,2025-12-31,2,GSBD,45.824
"Voyager Technologies, Inc.",4,YELLOW,1,1,1,1,HTGC,Hercules Capital (internal),Space Technologies,45.69,45.302,0.0086,,1.25,125.0,False,,True,HTGC,2025-09-30,2025-12-31,2,HTGC,45.69
"Thumbtack, Inc.",4,YELLOW,1,1,1,1,HTGC,Hercules Capital (internal),Consumer & Business Services,44.947,43.507,0.0331,,2.45,245.0,False,,True,HTGC,2025-09-30,2025-12-31,2,HTGC,44.947
UP Intermediate II LLC and UPBW Blocker LLC,4,YELLOW,1,1,1,1,ARCC,Ares Capital Management,,44.9,45.2,-0.0066,03/2031,8.42,,False,,True,ARCC,2025-09-30,2025-12-31,2,ARCC,44.9
"Saama Technologies, LLC",4,YELLOW,1,1,1,1,HTGC,Hercules Capital (internal),Information Services,43.134,42.038,0.0261,,0.7,70.0,False,,True,HTGC,2025-09-30,2025-12-31,2,HTGC,43.134
"iSpot.tv, Inc.",4,YELLOW,1,1,1,1,HTGC,Hercules Capital (internal),Debt Investments,42.412,42.265,0.0035,,1.47,146.5,False,,True,HTGC,2025-09-30,2025-12-31,2,HTGC,42.412
"Birdie Bidco, Inc.",4,YELLOW,1,1,1,1,ARCC,Ares Capital Management,Consumer Services,40.8,41.0,-0.0049,11/2032,8.43,,False,,True,ARCC,2025-12-31,2025-12-31,1,ARCC,40.8
"Marigold Group, Inc.",4,YELLOW,1,1,1,1,HTGC,Hercules Capital (internal),Debt Investments,40.736,43.96,-0.0733,,4.75,475.0,False,,True,HTGC,2025-09-30,2025-12-31,2,HTGC,40.736
Ceres Groupe SAS & Ceres PikCo+,4,YELLOW,1,1,1,1,GBDC,GC Advisors,Diversified Financial Services,40.58,44.483,-0.0877,,,,False,,True,GBDC,2025-09-30,2025-12-31,2,GBDC,40.58
"Earnix, Inc.",4,YELLOW,1,1,1,1,HTGC,Hercules Capital (internal),Debt Investments,39.574,39.086,0.0125,,1.15,,False,,True,HTGC,2025-09-30,2025-12-31,2,HTGC,39.574
CORA Health Holdings Corp,4,GREEN,0,1,1,1,GSBD,Goldman Sachs Asset Management,Health Care Providers & Services,38.995,45.551,-0.1439,06/15/27,10.23,,False,,False,,2025-09-30,2025-12-31,2,GSBD,38.995
"PayIt, LLC",4,YELLOW,1,1,1,1,HTGC,Hercules Capital (internal),Sustainable and Renewable Technology,37.749,38.099,-0.0092,,1.45,145.0,False,,True,HTGC,2025-09-30,2025-12-31,2,HTGC,37.749
"Honey Intermediate, Inc. (iLobby) (Canada)",4,YELLOW,1,1,1,1,TCPC,Tennenbaum Capital Partners (BlackRock),Software,35.7602,35.7898,-0.0008,9/26/2030,2.88,338.0,False,,True,TCPC,2025-09-30,2025-12-31,2,TCPC,35.7602
"Vertex Service Partners, LLC and Vertex Service Partners Holdings, LLC",4,YELLOW,1,1,1,1,ARCC,Ares Capital Management,,34.0,18.6,0.828,11/2030,9.67,,False,,True,ARCC,2025-09-30,2025-12-31,2,ARCC,34.0
"enGene, Inc.",4,YELLOW,1,1,1,1,HTGC,Hercules Capital (internal),Drug Discovery & Development,33.093,32.761,0.0101,,0.75,75.0,False,,True,HTGC,2025-09-30,2025-12-31,2,HTGC,33.093
"Douglas Holdings, Inc (Docupace)",4,YELLOW,1,1,1,1,TCPC,Tennenbaum Capital Partners (BlackRock),Software,32.2011,32.2404,-0.0012,8/27/2030,5.75,38.0,False,,True,TCPC,2025-09-30,2025-12-31,2,TCPC,32.2011
JAMS Holdings LP and Jams Buyer LLC,4,YELLOW,1,1,1,1,ARCC,Ares Capital Management,,31.6,30.8,0.026,06/2032,9.07,,False,,True,ARCC,2025-09-30,2025-12-31,2,ARCC,31.6
Adaptimmune Therapeutics plc,4,YELLOW,1,1,1,1,HTGC,Hercules Capital (internal),Drug Discovery & Development,31.198,30.121,0.0358,,1.15,115.0,False,,True,HTGC,2025-09-30,2025-12-31,2,HTGC,31.198
"Stoke Space Technologies, Inc.",4,YELLOW,1,1,1,1,HTGC,Hercules Capital (internal),Space Technologies,31.096,29.836,0.0422,,1.0,100.0,False,,True,HTGC,2025-09-30,2025-12-31,2,HTGC,31.096
Behavox Limited,4,YELLOW,1,1,1,1,HTGC,Hercules Capital (internal),Debt Investments,29.958,30.13,-0.0057,,0.55,,False,,True,HTGC,2025-09-30,2025-12-31,2,HTGC,29.958
"Blackbird Holdco, Inc.",4,YELLOW,1,1,1,1,CGBD,Carlyle Investment Management,Capital Equipment,29.946,0.03,997.2,,12.5,,False,,True,CGBD,2025-12-31,2025-12-31,1,CGBD,29.946
Spartan Bidco Pty Ltd (StarRez) (Australia),4,YELLOW,1,1,1,1,TCPC,Tennenbaum Capital Partners (BlackRock),Internet Software and Services,29.44,28.9657,0.0164,1/24/2028,5.78,625.0,False,,True,TCPC,2025-09-30,2025-12-31,2,TCPC,29.44
"North Haven Stack Buyer, LLC+",4,YELLOW,1,1,1,1,GBDC,GC Advisors,Commercial Services & Supplies,28.885,29.002,-0.004,,,,False,,True,GBDC,2025-09-30,2025-12-31,2,GBDC,28.885
"DP Flores Holdings, LLC",4,YELLOW,1,1,1,1,ARCC,Ares Capital Management,,27.9,27.8,0.0036,09/2030,10.22,,False,,True,ARCC,2025-09-30,2025-12-31,2,ARCC,27.9
"Jobandtalent USA, Inc.",4,YELLOW,1,1,1,1,HTGC,Hercules Capital (internal),Consumer & Business Services,27.301,28.678,-0.048,,6.07,607.2,False,,True,HTGC,2025-09-30,2025-12-31,2,HTGC,27.301
"Implus Footcare, LLC",4,GREEN,0,1,1,1,MAIN,Main Street Capital (internal),,27.171,30.723,-0.1156,7/31/2025,12.57,,False,,False,,2025-09-30,2025-12-31,2,MAIN,27.171
"Elation Health, Inc.",4,YELLOW,1,1,1,1,HTGC,Hercules Capital (internal),Debt Investments,27.148,27.465,-0.0115,,2.99,298.8,False,,True,HTGC,2025-09-30,2025-12-31,2,HTGC,27.148
"LinenMaster, LLC",4,YELLOW,1,1,1,1,HTGC,Hercules Capital (internal),Debt Investments,26.577,26.368,0.0079,,7.1,709.8,False,,True,HTGC,2025-09-30,2025-12-31,2,HTGC,26.577
"Pyramid-BMC IntermediateCo I, LLC and Pyramid Investors, LLC",4,YELLOW,1,1,1,1,ARCC,Ares Capital Management,,26.2,22.4,0.1696,01/2028,8.84,,False,,True,ARCC,2025-09-30,2025-12-31,2,ARCC,26.2
"The Mather Group, LLC, TVG-TMG Topco, Inc., and TVG-TMG Holdings, LLC",4,YELLOW,1,1,1,1,ARCC,Ares Capital Management,,25.4,8.7,1.9195,03/2028,10.54,,False,,True,ARCC,2025-09-30,2025-12-31,2,ARCC,25.4
"SPay, Inc.",4,GREEN,0,1,1,1,CGBD,Carlyle Investment Management,Leisure Products & Services,25.109,29.195,-0.14,6/15/2026,,,False,,False,,2025-09-30,2025-12-31,2,CGBD,25.109
"Simon Data, Inc.",4,YELLOW,1,1,1,1,HTGC,Hercules Capital (internal),Debt Investments,24.547,24.904,-0.0143,,1.0,100.0,False,,True,HTGC,2025-09-30,2025-12-31,2,HTGC,24.547
"Quantic Electronics, LLC",4,GREEN,0,1,3,1,CGBD,Carlyle Investment Management,Aerospace & Defense,24.544,24.338,0.0085,11/19/2026,,,False,,False,,2025-09-30,2025-12-31,2,CGBD,24.544
"Radius Aerospace, Inc.",4,GREEN,0,1,1,1,PNNT,PennantPark Investment Advisers,Aerospace and Defense,24.295,27.889,-0.1289,03/29/27,10.13,,False,,False,,2025-09-30,2025-12-31,2,PNNT,24.295
"Mario Purchaser, LLC+",4,YELLOW,1,1,1,1,GBDC,GC Advisors,,21.872,21.804,0.0031,,,,False,,True,GBDC,2025-09-30,2025-12-31,2,GBDC,21.872
"Applied Technical Services, LLC",4,GREEN,0,1,3,1,CGBD,Carlyle Investment Management,Business Services,19.805,19.834,-0.0015,12/29/2026,,,False,,False,,2025-09-30,2025-12-31,2,CGBD,19.805
"Snappt, Inc.",4,YELLOW,1,1,1,1,HTGC,Hercules Capital (internal),,19.753,20.071,-0.0158,,2.35,235.0,False,,True,HTGC,2025-09-30,2025-12-31,2,HTGC,19.753
Funnel Holding AB (publ),4,YELLOW,1,1,1,1,HTGC,Hercules Capital (internal),Debt Investments,18.243,18.242,0.0001,,0.6,60.0,False,,True,HTGC,2025-12-31,2025-12-31,1,HTGC,18.243
Coronet Cyber Security Ltd.,4,YELLOW,1,1,1,1,HTGC,Hercules Capital (internal),Sustainable and Renewable Technology,17.496,17.953,-0.0255,,2.95,,False,,True,HTGC,2025-09-30,2025-12-31,2,HTGC,17.496
"The Fertility Partners, Inc.",4,GREEN,0,1,1,1,BXSL,Blackstone Credit Advisors,Health Care Providers & Services (continued),17.256,19.956,-0.1353,9/16/2027,,,False,,False,,2025-12-31,2025-12-31,1,BXSL,17.256
"US INFRA SVCS Buyer, LLC",4,GREEN,0,1,1,1,CGBD,Carlyle Investment Management,Environmental Industries,16.515,19.347,-0.1464,4/13/2027,,,False,,False,,2025-09-30,2025-12-31,2,CGBD,16.515
"Peek Travel, Inc.",4,YELLOW,1,1,1,1,HTGC,Hercules Capital (internal),Consumer & Business Services,16.443,16.437,0.0004,,1.75,175.0,False,,True,HTGC,2025-12-31,2025-12-31,1,HTGC,16.443
"OTG Concessions Management, LLC and Octa Parent Holdings, LLC",4,YELLOW,1,1,1,1,ARCC,Ares Capital Management,,16.4,17.6,-0.0682,02/2031,10.0,,False,,True,ARCC,2025-09-30,2025-12-31,2,ARCC,16.4
"ZeroEyes, Inc.",4,YELLOW,1,1,1,1,HTGC,Hercules Capital (internal),,16.252,16.278,-0.0016,,2.0,200.0,False,,True,HTGC,2025-09-30,2025-12-31,2,HTGC,16.252
"BioXcel Therapeutics, Inc.",4,GREEN,0,1,1,1,OCSL,Oaktree Capital Management,Pharmaceuticals,15.711,18.257,-0.1395,4/19/2027,,,False,,False,,2025-09-30,2025-12-31,2,OCSL,15.711
"Gympass US, LLC",4,YELLOW,1,1,1,1,TCPC,Tennenbaum Capital Partners (BlackRock),Internet Software and Services,15.2932,15.1281,0.0109,8/29/2029,3.25,325.0,False,,True,TCPC,2025-12-31,2025-12-31,1,TCPC,15.2932
"Chase Industries, Inc.+",4,YELLOW,1,1,1,1,GBDC,GC Advisors,Machinery,14.915,15.027,-0.0075,,,,False,,True,GBDC,2025-09-30,2025-12-31,2,GBDC,14.915
"Roof Opco, LLC",4,GREEN,0,1,1,1,MAIN,Main Street Capital (internal),,14.277,16.791,-0.1497,8/27/2026,10.76,,False,,False,,2025-09-30,2025-12-31,2,MAIN,14.277
"Eclipse Buyer, Inc.+",4,GREEN,0,1,1,1,GBDC,GC Advisors,Professional Services,14.1011,16.165,-0.1277,09/2024,,,False,,False,,2025-09-30,2025-12-31,2,GBDC,14.1011
GTY Technology Holdings Inc.,4,YELLOW,1,1,1,1,TCPC,Tennenbaum Capital Partners (BlackRock),Software,13.5249,13.2457,0.0211,7/9/2029,2.53,419.5,False,,True,TCPC,2025-09-30,2025-12-31,2,TCPC,13.5249
"Skyword, Inc.",4,YELLOW,1,1,1,1,HTGC,Hercules Capital (internal),Consumer & Business Services,13.375,13.908,-0.0383,,2.75,275.0,False,,True,HTGC,2025-09-30,2025-12-31,2,HTGC,13.375
"Integrate.com, Inc.",4,YELLOW,1,1,1,1,TCPC,Tennenbaum Capital Partners (BlackRock),Debt Investments (continued),12.9852,13.2949,-0.0233,12/17/2027,4.65,225.0,False,,True,TCPC,2025-12-31,2025-12-31,1,TCPC,12.9852
"Supreme Fitness Group NY Holdings, LLC",4,GREEN,0,1,2,1,GSBD,Goldman Sachs Asset Management,"Hotels, Restaurants & Leisure",12.447,12.466,-0.0015,04/14/31,8.98,,False,,False,,2025-09-30,2025-12-31,2,GSBD,12.447
Skopima Consilio Parent LLC,4,GREEN,0,1,3,1,OCSL,Oaktree Capital Management,Research & Consulting Services,12.131,13.657,-0.1117,5/12/2028,3.75,,False,,False,,2025-09-30,2025-12-31,2,OCSL,12.131
"Titan DI Preferred Holdings, Inc.",4,YELLOW,1,1,1,1,CGBD,Carlyle Investment Management,Energy: Oil & Gas,11.933,12.031,-0.0081,,13.5,,False,,True,CGBD,2025-12-31,2025-12-31,1,CGBD,11.933
"Next Insurance, Inc.",4,YELLOW,1,1,1,1,HTGC,Hercules Capital (internal),Diversified Financial Services,11.634,11.132,0.0451,,1.5,,False,,True,HTGC,2025-09-30,2025-12-31,2,HTGC,11.634
"Fusion Risk Management, Inc.",4,YELLOW,1,1,1,1,TCPC,Tennenbaum Capital Partners (BlackRock),Software,11.4589,11.0749,0.0347,5/22/2029,4.54,325.0,False,,True,TCPC,2025-09-30,2025-12-31,2,TCPC,11.4589
"Veem, Inc.",4,YELLOW,1,1,1,1,HTGC,Hercules Capital (internal),Consumer & Business Services,10.681,10.972,-0.0265,,4.35,435.1,False,,True,HTGC,2025-09-30,2025-12-31,2,HTGC,10.681
Kong Inc.,4,YELLOW,1,1,1,1,TCPC,Tennenbaum Capital Partners (BlackRock),Debt Investments (continued),10.0346,9.8416,0.0196,11/1/2027,5.5,325.0,False,,True,TCPC,2025-12-31,2025-12-31,1,TCPC,10.0346
"Tungsten Health Holdings, LLC",4,YELLOW,1,1,1,1,HTGC,Hercules Capital (internal),Electronics & Computer Hardware,10.033,10.033,0.0,,1.0,100.0,False,,True,HTGC,2025-12-31,2025-12-31,1,HTGC,10.033
Leapwork ApS,4,YELLOW,1,1,1,1,HTGC,Hercules Capital (internal),Equity Investments,9.452,9.461,-0.001,,0.25,25.0,False,,True,HTGC,2025-09-30,2025-12-31,2,HTGC,9.452
Corsair Blade IV S.A R.L.+,4,YELLOW,1,1,1,1,GBDC,GC Advisors,Diversified Financial Services,9.266,9.816,-0.056,,,,False,,True,GBDC,2025-09-30,2025-12-31,2,GBDC,9.266
Accelya Lux Finco S.A.R.L.+,4,YELLOW,1,1,1,1,GBDC,GC Advisors,Airlines,8.93,9.085,-0.0171,,,,False,,True,GBDC,2025-09-30,2025-12-31,2,GBDC,8.93
"Copper CRM, Inc",4,YELLOW,1,1,1,1,HTGC,Hercules Capital (internal),Debt Investments,8.839,8.839,0.0,,4.5,450.0,False,,True,HTGC,2025-09-30,2025-12-31,2,HTGC,8.839
"Any Hour, LLC+",4,YELLOW,1,1,1,1,GBDC,GC Advisors,Diversified Consumer Services,8.392,8.531,-0.0163,,,,False,,True,GBDC,2025-09-30,2025-12-31,2,GBDC,8.392
"HawkEye 360, Inc.",4,YELLOW,1,1,1,1,HTGC,Hercules Capital (internal),Space Technologies,7.957,7.937,0.0025,,2.1,210.0,False,,True,HTGC,2025-12-31,2025-12-31,1,HTGC,7.957
"Firebird Acquisition Corp, Inc.",4,YELLOW,1,1,1,1,ARCC,Ares Capital Management,,7.7,7.7,0.0,02/2032,8.61,,False,,True,ARCC,2025-09-30,2025-12-31,2,ARCC,7.7
"Saluda Grade Alternative Mortgage Trust 2023-LOC2, Structured Mezzanine",4,GREEN,0,1,1,1,FSK,FS/KKR Advisor,Real Estate Management & Development,7.5,8.5,-0.1176,10/25/53,,,False,,False,,2025-09-30,2025-12-31,2,FSK,7.5
"Imagen Technologies, Inc.",4,YELLOW,1,1,1,1,HTGC,Hercules Capital (internal),Debt Investments,7.452,7.47,-0.0024,,1.55,155.0,False,,True,HTGC,2025-12-31,2025-12-31,1,HTGC,7.452
Loyer Capital LLC,4,YELLOW,1,1,1,1,SLRC,SLR Capital Partners,Multi-Sector Holdings,7.361,7.5,-0.0185,,11.52,,False,,True,SLRC,2025-09-30,2025-12-31,2,SLRC,7.361
American Residential Services L.L.C. and Aragorn Parent Holdings LP,4,YELLOW,1,1,1,1,ARCC,Ares Capital Management,Consumer Services,7.3,3.6,1.0278,,10.0,,False,,True,ARCC,2025-09-30,2025-12-31,2,ARCC,7.3
"BCTO Ignition Purchaser, Inc.",4,YELLOW,1,1,1,1,ARCC,Ares Capital Management,,7.0,7.0,0.0,10/2030,11.37,,False,,True,ARCC,2025-09-30,2025-12-31,2,ARCC,7.0
"Pinnacle MEP Intermediate Holdco LLC and BPCP Pinnacle Holdings, Inc.",4,YELLOW,1,1,1,1,ARCC,Ares Capital Management,,6.8,7.3,-0.0685,10/2030,10.66,,False,,True,ARCC,2025-09-30,2025-12-31,2,ARCC,6.8
"Beacon Behavioral Holdings, LLC",4,YELLOW,1,1,1,1,PNNT,PennantPark Investment Advisers,"Healthcare, Education and Childcare",5.948,5.885,0.0107,06/21/2030,15.0,,False,,True,PNNT,2025-09-30,2025-12-31,2,PNNT,5.948
"DNSFilter, Inc.",4,YELLOW,1,1,1,1,HTGC,Hercules Capital (internal),Sustainable and Renewable Technology,4.968,4.968,0.0,,2.15,215.0,False,,True,HTGC,2025-09-30,2025-12-31,2,HTGC,4.968
"Ampion, PBC",4,YELLOW,1,1,1,1,HTGC,Hercules Capital (internal),Sustainable and Renewable Technology,4.253,4.206,0.0112,,4.7,470.0,False,,True,HTGC,2025-09-30,2025-12-31,2,HTGC,4.253
"Deerfield Dakota Holding, LLC+",4,YELLOW,1,1,1,1,GBDC,GC Advisors,Diversified Financial Services,3.632,3.671,-0.0106,,,,False,,True,GBDC,2025-09-30,2025-12-31,2,GBDC,3.632
"Beacon Wellness Brands, Inc. and CDI Holdings I Corp.",4,YELLOW,1,1,1,1,ARCC,Ares Capital Management,Household and Personal Products,3.3,3.5,-0.0571,12/2027,12.27,,False,,True,ARCC,2025-12-31,2025-12-31,1,ARCC,3.3
Project Carbo S.a.r.l. (Luxemburg),4,YELLOW,1,1,1,1,CGBD,Carlyle Investment Management,High Tech Industries,2.409,2.172,0.1091,,14.3,,False,,True,CGBD,2025-12-31,2025-12-31,1,CGBD,2.409
"Revalize, Inc.",4,YELLOW,1,1,1,1,ARCC,Ares Capital Management,,2.2,1.3,0.6923,04/2029,10.21,,False,,True,ARCC,2025-09-30,2025-12-31,2,ARCC,2.2
"Adweek Purchaser, LLC",4,GREEN,0,1,1,1,PNNT,PennantPark Investment Advisers,Printing and Publishing,2.105,2.374,-0.1133,11/30/2025,,,False,,False,,2025-09-30,2025-12-31,2,PNNT,2.105
"Megawatt Acquisition Partners, LLC",4,GREEN,0,1,2,1,PNNT,PennantPark Investment Advisers,Electronics,0.476,0.535,-0.1103,,,,False,,False,,2025-09-30,2025-12-31,2,PNNT,0.476
"CRH Healthcare Purchaser, Inc.+",4,GREEN,0,1,1,1,GBDC,GC Advisors,Healthcare Providers & Services,0.456,0.531,-0.1412,12/2018,,,False,,False,,2025-09-30,2025-12-31,2,GBDC,0.456
"FS NU Investors, LP",4,YELLOW,1,1,1,1,CGBD,Carlyle Investment Management,Consumer Services,0.346,0.003,114.3333,,20.0,,False,,True,CGBD,2025-09-30,2025-12-31,2,CGBD,0.346
"Gauge Schlesinger Coinvest, LLC",4,GREEN,0,1,2,1,PNNT,PennantPark Investment Advisers,Business Services,0.014,0.001,13.0,01/08/2026,,,False,,False,,2025-09-30,2025-12-31,2,PNNT,0.014
"DFS Holding Company, Inc.",4,YELLOW,1,1,1,1,ARCC,Ares Capital Management,,0.0,2.1,,01/2029,11.17,,False,,True,ARCC,2025-09-30,2025-12-31,2,ARCC,0.0
Kaseya Inc. and Knockout Intermediate Holdings I Inc.,4,YELLOW,1,1,1,1,ARCC,Ares Capital Management,,0.0,34.1,,,14.35,,False,,True,ARCC,2025-09-30,2025-12-31,2,ARCC,0.0
MC Accelerate Co-Invest Feeder LP and MC CIF Wealth Management (UK) Ltd.,4,YELLOW,1,1,1,1,ARCC,Ares Capital Management,,0.0,26.5,,08/2031,12.0,,False,,True,ARCC,2025-09-30,2025-12-31,2,ARCC,0.0
"Mari Miami II LLC and South Florida Tennis, LLC",4,YELLOW,1,1,1,1,ARCC,Ares Capital Management,,0.0,16.2,,10/2032,8.67,,False,,True,ARCC,2025-12-31,2025-12-31,1,ARCC,0.0
Miami Beckham United LLC,4,YELLOW,1,1,1,1,ARCC,Ares Capital Management,,0.0,357.2,,,9.5,,False,,True,ARCC,2025-09-30,2025-12-31,2,ARCC,0.0
"Production Resource Group, L.L.C. and PRG III, LLC",4,YELLOW,1,1,1,1,ARCC,Ares Capital Management,,0.0,64.8,,10/2030,11.58,,False,,True,ARCC,2025-09-30,2025-12-31,2,ARCC,0.0
Propagate Content LLC,4,YELLOW,1,1,1,1,ARCC,Ares Capital Management,,0.0,3.5,,,8.0,,False,,True,ARCC,2025-12-31,2025-12-31,1,ARCC,0.0
"Reef Lifestyle, LLC",4,YELLOW,1,1,1,1,ARCC,Ares Capital Management,,0.0,53.4,,10/2027,11.81,,False,,True,ARCC,2025-09-30,2025-12-31,2,ARCC,0.0
"Royal Borrower, LLC and Royal Parent, LP",4,YELLOW,1,1,1,1,ARCC,Ares Capital Management,,0.0,46.2,,07/2030,9.11,,False,,True,ARCC,2025-09-30,2025-12-31,2,ARCC,0.0
"Zendesk, Inc.+",3,GREEN,0,1,1,1,GBDC,GC Advisors,,2134.742,2161.996,-0.0126,11/2022,,,False,,False,,2025-09-30,2025-12-31,2,GBDC,2134.742
"Yorkshire Parent, Inc.+",3,GREEN,0,1,1,1,GBDC,GC Advisors,Automobiles,828.834,831.13,-0.0028,12/2023,,,False,,False,,2025-09-30,2025-12-31,2,GBDC,828.834
2.633 %,3,GREEN,0,1,1,1,TCPC,Tennenbaum Capital Partners (BlackRock),,731.83,0.0,,6/9/2025,,,False,,False,,2025-12-31,2025-12-31,1,TCPC,731.83
Solera LLC,3,GREEN,0,1,1,1,FSK,FS/KKR Advisor,Software & Services,606.8,280.2,1.1656,6/4/29,,,False,,False,,2025-09-30,2025-12-31,2,FSK,606.8
"Sonny's Enterprises, LLC",3,GREEN,0,1,1,1,OBDC,Blue Owl Credit Advisors,Manufacturing,552.629,550.778,0.0034,8/2027,,,False,,False,,2025-09-30,2025-12-31,2,OBDC,552.629
"Suveto Buyer, LLC+",3,GREEN,0,1,1,1,GBDC,GC Advisors,Healthcare Providers & Services,517.641,517.858,-0.0004,11/2021,,,False,,False,,2025-09-30,2025-12-31,2,GBDC,517.641
"Zullas, L.C.+",3,GREEN,0,1,1,1,GBDC,GC Advisors,Food Products,444.539,449.034,-0.01,06/2025,,,False,,False,,2025-09-30,2025-12-31,2,GBDC,444.539
"PCS Software, Inc.",3,GREEN,0,1,1,1,SCM,Stellus Capital Management,​,438.0,440.0,-0.0045,7/1/2019,,,False,,False,,2025-09-30,2025-12-31,2,SCM,438.0
"Cody Pools, Inc.",3,GREEN,0,1,1,1,MAIN,Main Street Capital (internal),,413.411,180.845,1.286,12/17/2026,12.5,,False,,False,,2025-09-30,2025-12-31,2,MAIN,413.411
"OMi Topco, LLC",3,GREEN,0,1,1,1,MAIN,Main Street Capital (internal),,377.166,80.246,3.7001,8/31/2026,12.0,,False,,False,,2025-09-30,2025-12-31,2,MAIN,377.166
"HGH Purchaser, Inc. (dba Horizon Services)",3,GREEN,0,1,1,1,OBDC,Blue Owl Credit Advisors,Household products,368.694,393.517,-0.0631,11/2026,,,False,,False,,2025-09-30,2025-12-31,2,OBDC,368.694
U.S. Treasury Bill ( 3.61 % yield),3,GREEN,0,1,1,1,SLRC,SLR Capital Partners,Government,348.585,0.0,,2/2026,,,False,,False,,2025-12-31,2025-12-31,1,SLRC,348.585
Galaxy Universal LLC,3,GREEN,0,1,1,1,FSK,FS/KKR Advisor,Consumer Durables & Apparel,344.7,345.2,-0.0014,11/12/26,,,False,,False,,2025-09-30,2025-12-31,2,FSK,344.7
Swipe Acquisition Corporation (dba PLI),3,GREEN,0,1,1,1,OBDC,Blue Owl Credit Advisors,Advertising and media,337.589,337.257,0.001,6/2026,,,False,,False,,2025-09-30,2025-12-31,2,OBDC,337.589
"BCPE Osprey Buyer, Inc. (dba PartsSource)",3,GREEN,0,1,1,1,OBDC,Blue Owl Credit Advisors,Healthcare technology,336.377,336.21,0.0005,8/2026,,,False,,False,,2025-09-30,2025-12-31,2,OBDC,336.377
U.S. Treasury Bill,3,GREEN,0,1,1,1,PNNT,PennantPark Investment Advisers,Short-Term U.S. Government Securities,334.364,335.0,-0.0019,10/31/2025,,,False,,False,,2025-09-30,2025-12-31,2,PNNT,334.364
Qualus Power Services Corp.,3,GREEN,0,1,1,1,BXSL,Blackstone Credit Advisors,Electric Utilities,322.716,318.716,0.0126,3/26/2027,,,False,,False,,2025-12-31,2025-12-31,1,BXSL,322.716
"ZimVie, Inc.+",3,GREEN,0,1,1,1,GBDC,GC Advisors,Healthcare Equipment & Supplies,320.151,324.266,-0.0127,10/2025,,,False,,False,,2025-12-31,2025-12-31,1,GBDC,320.151
"Genuine Cable Group, LLC",3,GREEN,0,1,1,1,BXSL,Blackstone Credit Advisors,Distributors,318.839,329.669,-0.0329,11/2/2026,,,False,,False,,2025-12-31,2025-12-31,1,BXSL,318.839
"Hercules Borrower, LLC (dba The Vincit Group)",3,GREEN,0,1,1,1,OBDC,Blue Owl Credit Advisors,Business services,300.642,300.284,0.0012,12/2026,,,False,,False,,2025-09-30,2025-12-31,2,OBDC,300.642
"Hawk Ridge Systems, LLC",3,GREEN,0,1,1,1,MAIN,Main Street Capital (internal),,290.735,204.695,0.4203,1/15/2026,11.66,,False,,False,,2025-09-30,2025-12-31,2,MAIN,290.735
Med-Metrix,3,GREEN,0,1,1,1,FSK,FS/KKR Advisor,Software & Services,276.9,275.4,0.0054,9/15/27,,,False,,False,,2025-09-30,2025-12-31,2,FSK,276.9
Hibu Inc,3,GREEN,0,1,1,1,FSK,FS/KKR Advisor,Commercial & Professional Services,273.8,272.1,0.0062,5/4/27,,,False,,False,,2025-09-30,2025-12-31,2,FSK,273.8
"OB Hospitalist Group, Inc.",3,GREEN,0,1,1,1,OBDC,Blue Owl Credit Advisors,,271.852,269.133,0.0101,9/2027,,,False,,False,,2025-09-30,2025-12-31,2,OBDC,271.852
"Mode Purchaser, Inc.",3,GREEN,0,1,1,1,BXSL,Blackstone Credit Advisors,Air Freight & Logistics,268.345,284.201,-0.0558,12/9/2026,,,False,,False,,2025-12-31,2025-12-31,1,BXSL,268.345
Chamberlin Holding LLC,3,GREEN,0,1,1,1,MAIN,Main Street Capital (internal),,267.76,167.748,0.5962,2/26/2026,12.19,,False,,False,,2025-09-30,2025-12-31,2,MAIN,267.76
Radwell International LLC,3,GREEN,0,1,1,1,FSK,FS/KKR Advisor,Capital Goods,267.5,267.5,0.0,4/1/28,,,False,,False,,2025-09-30,2025-12-31,2,FSK,267.5
"Packaging Coordinators Midco, Inc.+",3,GREEN,0,1,1,1,GBDC,GC Advisors,Containers & Packaging,258.986,259.23,-0.0009,09/2025,,,False,,False,,2025-09-30,2025-12-31,2,GBDC,258.986
3Pillar Global Inc,3,GREEN,0,1,1,1,FSK,FS/KKR Advisor,Software & Services,257.6,263.4,-0.022,11/23/26,,,False,,False,,2025-09-30,2025-12-31,2,FSK,257.6
Summit Interconnect Inc,3,GREEN,0,1,1,1,FSK,FS/KKR Advisor,Capital Goods,254.0,265.8,-0.0444,9/22/28,,,False,,False,,2025-09-30,2025-12-31,2,FSK,254.0
Western Veterinary Partners LLC,3,GREEN,0,1,1,1,SLRC,SLR Capital Partners,Diversified Consumer Services,253.717,253.752,-0.0001,1/2024,,,False,,False,,2025-09-30,2025-12-31,2,SLRC,253.717
"Jayhawk Buyer, LLC",3,GREEN,0,1,1,1,BXSL,Blackstone Credit Advisors,Health Care Providers & Services (continued),248.744,256.252,-0.0293,10/15/2026,,,False,,False,,2025-12-31,2025-12-31,1,BXSL,248.744
"Kingsbridge Holdings, LLC",3,GREEN,0,1,1,1,SLRC,SLR Capital Partners,Multi-Sector Holdings,242.632,243.0,-0.0015,12/2018,,,False,,False,,2025-09-30,2025-12-31,2,SLRC,242.632
"WU Holdco, Inc. (dba Weiman Products, LLC)",3,GREEN,0,1,1,1,OBDC,Blue Owl Credit Advisors,Consumer products,241.806,240.44,0.0057,3/2027,,,False,,False,,2025-09-30,2025-12-31,2,OBDC,241.806
General Datatech LP,3,GREEN,0,1,1,1,FSK,FS/KKR Advisor,Software & Services,233.3,233.5,-0.0009,6/18/27,,,False,,False,,2025-09-30,2025-12-31,2,FSK,233.3
VetCor Professional Practices LLC,3,GREEN,0,1,1,1,FSK,FS/KKR Advisor,Health Care Equipment & Services,233.2,233.0,0.0009,8/31/29,,,False,,False,,2025-09-30,2025-12-31,2,FSK,233.2
J S Held LLC,3,GREEN,0,1,1,1,FSK,FS/KKR Advisor,Insurance,220.2,219.7,0.0023,6/1/28,,,False,,False,,2025-09-30,2025-12-31,2,FSK,220.2
CSafe Global,3,GREEN,0,1,1,1,FSK,FS/KKR Advisor,Transportation,217.9,217.2,0.0032,12/14/28,,,False,,False,,2025-09-30,2025-12-31,2,FSK,217.9
RSC Insurance Brokerage Inc,3,GREEN,0,1,1,1,FSK,FS/KKR Advisor,Insurance,214.2,208.6,0.0268,11/1/29,,,False,,False,,2025-09-30,2025-12-31,2,FSK,214.2
Vytalogy Wellness LLC (fka Jarrow Formulas Inc),3,GREEN,0,1,1,1,FSK,FS/KKR Advisor,Household & Personal Products,212.2,213.5,-0.0061,11/30/26,,,False,,False,,2025-09-30,2025-12-31,2,FSK,212.2
Heniff Transportation Systems LLC,3,GREEN,0,1,1,1,FSK,FS/KKR Advisor,Transportation,209.1,207.4,0.0082,12/3/26,,,False,,False,,2025-09-30,2025-12-31,2,FSK,209.1
"The Better Being Co., LLC (fka Nutraceutical International Corporation)",3,GREEN,0,1,1,1,OBDC,Blue Owl Credit Advisors,,208.85,207.901,0.0046,9/2026,,,False,,False,,2025-09-30,2025-12-31,2,OBDC,208.85
"Albireo Energy, LLC",3,GREEN,0,1,1,1,BXSL,Blackstone Credit Advisors,Electrical Equipment,207.715,211.548,-0.0181,12/23/2026,,,False,,False,,2025-12-31,2025-12-31,1,BXSL,207.715
PSKW LLC (dba ConnectiveRx),3,GREEN,0,1,1,1,FSK,FS/KKR Advisor,Health Care Equipment & Services,203.6,203.6,0.0,3/9/28,,,False,,False,,2025-09-30,2025-12-31,2,FSK,203.6
"RJW Group Holdings, Inc.+",3,GREEN,0,1,1,1,GBDC,GC Advisors,Air Freight & Logistics,203.291,208.593,-0.0254,11/2024,,,False,,False,,2025-09-30,2025-12-31,2,GBDC,203.291
People Corporation,3,GREEN,0,1,1,1,ARCC,Ares Capital Management,,203.0,210.4,-0.0352,02/2027,7.57,,False,,False,,2025-09-30,2025-12-31,2,ARCC,203.0
"Bolder Panther Group, LLC",3,GREEN,0,1,1,1,MAIN,Main Street Capital (internal),,202.066,202.689,-0.0031,12/31/2025,11.83,,False,,False,,2025-09-30,2025-12-31,2,MAIN,202.066
"Aevex Holdings, LLC",3,GREEN,0,1,1,1,BXSL,Blackstone Credit Advisors,Aerospace & Defense,201.192,202.011,-0.0041,3/18/2026,,,False,,False,,2025-12-31,2025-12-31,1,BXSL,201.192
"36th Street Capital Partners Holdings, LLC",3,GREEN,0,1,1,1,TCPC,Tennenbaum Capital Partners (BlackRock),Diversified Financial Services,198.8331,176.0676,0.1293,11/30/2025,12.0,,False,,False,,2025-09-30,2025-12-31,2,TCPC,198.8331
"Healthcomp Holding Company, LLC",3,GREEN,0,1,1,1,BXSL,Blackstone Credit Advisors,Health Care Technology (continued),198.108,203.064,-0.0244,11/8/2023,,,False,,False,,2025-12-31,2025-12-31,1,BXSL,198.108
Insight Global LLC,3,GREEN,0,1,1,1,FSK,FS/KKR Advisor,Commercial & Professional Services,197.8,197.7,0.0005,9/22/28,,,False,,False,,2025-09-30,2025-12-31,2,FSK,197.8
"Nebraska Vet AcquireCo, LLC",3,GREEN,0,1,1,1,MAIN,Main Street Capital (internal),,197.494,147.381,0.34,5/9/2027,12.5,,False,,False,,2025-09-30,2025-12-31,2,MAIN,197.494
Lipari Foods LLC,3,GREEN,0,1,1,1,FSK,FS/KKR Advisor,Consumer Staples Distribution & Retail,195.8,196.7,-0.0046,10/31/28,,,False,,False,,2025-09-30,2025-12-31,2,FSK,195.8
"Nello Industries Investco, LLC",3,GREEN,0,1,1,1,MAIN,Main Street Capital (internal),,195.621,164.716,0.1876,6/4/2025,12.96,,False,,False,,2025-09-30,2025-12-31,2,MAIN,195.621
American Vision Partners,3,GREEN,0,1,1,1,FSK,FS/KKR Advisor,Health Care Equipment & Services,194.8,195.3,-0.0026,9/30/26,,,False,,False,,2025-09-30,2025-12-31,2,FSK,194.8
"Bayshore Intermediate #2, LP",3,GREEN,0,1,1,1,BXSL,Blackstone Credit Advisors,Software,194.084,193.859,0.0012,10/1/2027,,,False,,False,,2025-12-31,2025-12-31,1,BXSL,194.084
"AGI-CFI Holdings, Inc.",3,GREEN,0,1,1,1,BXSL,Blackstone Credit Advisors,Air Freight & Logistics,193.969,192.681,0.0067,6/11/2027,,,False,,False,,2025-12-31,2025-12-31,1,BXSL,193.969
"Liminex, Inc.+",3,GREEN,0,1,1,1,GBDC,GC Advisors,Diversified Consumer Services,189.906,189.225,0.0036,11/2020,,,False,,False,,2025-09-30,2025-12-31,2,GBDC,189.906
"MHE Intermediate Holdings, LLC (dba OnPoint Group)",3,GREEN,0,1,1,1,OBDC,Blue Owl Credit Advisors,Manufacturing,187.867,189.848,-0.0104,7/2027,,,False,,False,,2025-09-30,2025-12-31,2,OBDC,187.867
"CustomInk, LLC",3,GREEN,0,1,1,1,BXSL,Blackstone Credit Advisors,Specialty Retail,182.089,180.888,0.0066,5/3/2019,,,False,,False,,2025-12-31,2025-12-31,1,BXSL,182.089
Trinity Air Consultants Holdings Corp.,3,GREEN,0,1,1,1,BXSL,Blackstone Credit Advisors,Professional Services (continued),181.155,180.858,0.0016,6/12/2024,,,False,,False,,2025-12-31,2025-12-31,1,BXSL,181.155
GRT Rubber Technologies LLC,3,GREEN,0,1,1,1,MAIN,Main Street Capital (internal),,179.954,113.364,0.5874,10/29/2026,11.84,,False,,False,,2025-09-30,2025-12-31,2,MAIN,179.954
Verify Diagnostics LLC,3,GREEN,0,1,1,1,PSEC,Prospect Capital Management,Health Care Providers & Services,178.02,198.019,-0.101,5/15/2030,14.26,1028.0,False,,False,,2025-09-30,2025-12-31,2,PSEC,178.02
"CenterPeak Holdings, LLC",3,GREEN,0,1,1,1,MAIN,Main Street Capital (internal),,174.509,111.257,0.5685,12/10/2026,15.0,,False,,False,,2025-09-30,2025-12-31,2,MAIN,174.509
"Direct Marketing Solutions, Inc.",3,GREEN,0,1,1,1,MAIN,Main Street Capital (internal),,172.87,131.059,0.319,2/13/2026,14.0,,False,,False,,2025-09-30,2025-12-31,2,MAIN,172.87
BGB Group LLC,3,GREEN,0,1,1,1,FSK,FS/KKR Advisor,Media & Entertainment,168.7,169.6,-0.0053,8/16/27,,,False,,False,,2025-09-30,2025-12-31,2,FSK,168.7
"Spectrum Safety Solutions Purchaser, LLC",3,GREEN,0,1,1,1,BXSL,Blackstone Credit Advisors,Electrical Equipment,167.942,163.538,0.0269,7/1/2024,,,False,,False,,2025-12-31,2025-12-31,1,BXSL,167.942
"Jacuzzi Brands, LLC",3,GREEN,0,1,1,1,BXSL,Blackstone Credit Advisors,Building Products,164.992,177.719,-0.0716,2/25/2027,,,False,,False,,2025-12-31,2025-12-31,1,BXSL,164.992
Woolpert Inc,3,GREEN,0,1,1,1,FSK,FS/KKR Advisor,Capital Goods,158.0,156.7,0.0083,4/5/29,,,False,,False,,2025-09-30,2025-12-31,2,FSK,158.0
"Red River Technology, LLC",3,GREEN,0,1,1,1,BXSL,Blackstone Credit Advisors,IT Services (continued),157.252,165.219,-0.0482,5/26/2027,,,False,,False,,2025-12-31,2025-12-31,1,BXSL,157.252
Lexitas Inc,3,GREEN,0,1,1,1,FSK,FS/KKR Advisor,Commercial & Professional Services,155.6,152.0,0.0237,5/18/29,,,False,,False,,2025-09-30,2025-12-31,2,FSK,155.6
"NuStep, LLC",3,GREEN,0,1,1,1,MAIN,Main Street Capital (internal),,154.678,141.563,0.0926,1/31/2025,11.89,,False,,False,,2025-09-30,2025-12-31,2,MAIN,154.678
"Revalize, Inc.+",3,GREEN,0,1,1,1,GBDC,GC Advisors,Internet & Direct Marketing Retail,150.595,94.897,0.5869,12/2021,,,False,,False,,2025-09-30,2025-12-31,2,GBDC,150.595
Valence Surface Technologies LLC,3,GREEN,0,1,1,1,OBDC,Blue Owl Credit Advisors,Aerospace and defense,148.996,158.318,-0.0589,12/2026,,,False,,False,,2025-09-30,2025-12-31,2,OBDC,148.996
"Chestnut Optical Midco, Inc.+",3,GREEN,0,1,1,1,GBDC,GC Advisors,Specialty Retail,146.994,99.705,0.4743,06/2024,,,False,,False,,2025-09-30,2025-12-31,2,GBDC,146.994
Lignetics Investment Corp.,3,GREEN,0,1,1,1,OBDC,Blue Owl Credit Advisors,Consumer products,144.943,144.197,0.0052,10/2026,,,False,,False,,2025-09-30,2025-12-31,2,OBDC,144.943
"AQ Helios Buyer, Inc. (dba SurePoint)",3,GREEN,0,1,1,1,GSBD,Goldman Sachs Asset Management,Software,144.45,147.496,-0.0207,12/31/26,11.73,,False,,False,,2025-09-30,2025-12-31,2,GSBD,144.45
"JorVet Holdings, LLC",3,GREEN,0,1,1,1,MAIN,Main Street Capital (internal),,141.298,137.093,0.0307,3/28/2027,12.0,,False,,False,,2025-09-30,2025-12-31,2,MAIN,141.298
"Sunrun Luna Holdco 2021, LLC",3,GREEN,0,1,1,1,ARCC,Ares Capital Management,Independent Power and Renewable Electricity Producers,141.0,150.0,-0.06,04/2027,10.59,,False,,False,,2025-09-30,2025-12-31,2,ARCC,141.0
"PennantPark Senior Loan Fund, LLC",3,GREEN,0,1,1,1,PNNT,PennantPark Investment Advisers,Financial Services,140.287,140.287,0.0,07/31/2027,,,False,,False,,2025-12-31,2025-12-31,1,PNNT,140.287
"Kickhaefer Manufacturing Company, LLC",3,GREEN,0,1,1,1,MAIN,Main Street Capital (internal),,138.612,118.981,0.165,10/31/2026,10.91,,False,,False,,2025-09-30,2025-12-31,2,MAIN,138.612
VVS Holdco LLC,3,GREEN,0,1,1,1,MAIN,Main Street Capital (internal),,135.954,136.097,-0.0011,12/1/2025,11.5,,False,,False,,2025-09-30,2025-12-31,2,MAIN,135.954
"Metalforming Holdings, LLC",3,GREEN,0,1,1,1,MAIN,Main Street Capital (internal),,133.955,106.018,0.2635,10/19/2025,8.98,,False,,False,,2025-09-30,2025-12-31,2,MAIN,133.955
OneTouchPoint Corp,3,GREEN,0,1,1,1,PSEC,Prospect Capital Management,Commercial Services & Supplies,131.942,131.976,-0.0003,6/30/2026,12.24,800.0,False,,False,,2025-09-30,2025-12-31,2,PSEC,131.942
"Bayshore Intermediate #2, L.P.+",3,GREEN,0,1,1,1,GBDC,GC Advisors,Software,131.114,131.119,-0.0,10/2021,,,False,,False,,2025-09-30,2025-12-31,2,GBDC,131.114
"BCTO BSI Buyer, Inc. (dba Buildertrend)",3,GREEN,0,1,1,1,OBDC,Blue Owl Credit Advisors,Internet software and services,130.875,130.412,0.0036,12/2026,,,False,,False,,2025-09-30,2025-12-31,2,OBDC,130.875
"Quva Pharma, Inc.",3,GREEN,0,1,1,1,OBDC,Blue Owl Credit Advisors,,128.717,129.657,-0.0072,4/2026,,,False,,False,,2025-09-30,2025-12-31,2,OBDC,128.717
"Elgin AcquireCo, LLC",3,GREEN,0,1,1,1,MAIN,Main Street Capital (internal),,128.294,123.503,0.0388,10/3/2027,11.21,,False,,False,,2025-09-30,2025-12-31,2,MAIN,128.294
DuBois Chemicals Inc,3,GREEN,0,1,1,1,FSK,FS/KKR Advisor,Materials,127.1,127.0,0.0008,6/13/31,,,False,,False,,2025-09-30,2025-12-31,2,FSK,127.1
"Orttech Holdings, LLC",3,GREEN,0,1,1,1,MAIN,Main Street Capital (internal),,126.92,116.57,0.0888,7/31/2026,15.32,,False,,False,,2025-09-30,2025-12-31,2,MAIN,126.92
Loparex Midco B.V.,3,GREEN,0,1,1,1,OBDC,Blue Owl Credit Advisors,Manufacturing,123.223,135.674,-0.0918,2/2027,,,False,,False,,2025-09-30,2025-12-31,2,OBDC,123.223
"Livingston International, Inc.",3,GREEN,0,1,1,1,BXSL,Blackstone Credit Advisors,Air Freight & Logistics,122.571,123.036,-0.0038,4/30/2027,,,False,,False,,2025-12-31,2025-12-31,1,BXSL,122.571
PHM Netherlands Midco B.V. (dba Loparex),3,GREEN,0,1,1,1,OBDC,Blue Owl Credit Advisors,Manufacturing,121.643,128.71,-0.0549,7/2027,,,False,,False,,2025-09-30,2025-12-31,2,OBDC,121.643
"Innovation Ventures HoldCo, LLC (dba 5 Hour Energy)",3,GREEN,0,1,1,1,OBDC,Blue Owl Credit Advisors,Food and beverage,119.535,119.619,-0.0007,3/2027,,,False,,False,,2025-09-30,2025-12-31,2,OBDC,119.535
"Lindstrom, LLC",3,GREEN,0,1,1,1,BXSL,Blackstone Credit Advisors,Building Products,118.943,120.043,-0.0092,5/1/2027,,,False,,False,,2025-12-31,2025-12-31,1,BXSL,118.943
"Arctic Holdco, LLC (dba Novvia Group)",3,GREEN,0,1,1,1,OBDC,Blue Owl Credit Advisors,Containers and packaging,118.629,117.982,0.0055,12/2026,,,False,,False,,2025-09-30,2025-12-31,2,OBDC,118.629
"Trinseo Materials Operating SCA / Trinseo Materials Finance Inc, Revolver",3,GREEN,0,1,1,1,FSK,FS/KKR Advisor,Materials,117.7,117.0,0.006,1/18/28,,,False,,False,,2025-09-30,2025-12-31,2,FSK,117.7
Prodigy Investments Limited,3,GREEN,0,1,1,1,TPVG,TriplePoint Advisers,Financial Institution and Services,116.897,81.23,0.4391,12/31/2025,,,False,,False,,2025-09-30,2025-12-31,2,TPVG,116.897
"Logix Acquisition Company, LLC",3,GREEN,0,1,1,1,MAIN,Main Street Capital (internal),,116.886,117.645,-0.0065,12/22/2024,11.72,,False,,False,,2025-09-30,2025-12-31,2,MAIN,116.886
Spins LLC,3,GREEN,0,1,1,1,FSK,FS/KKR Advisor,Software & Services,116.8,115.5,0.0113,1/20/27,,,False,,False,,2025-09-30,2025-12-31,2,FSK,116.8
"Teneo Holdings, LLC",3,GREEN,0,1,2,1,BXSL,Blackstone Credit Advisors,Professional Services (continued),116.32,115.236,0.0094,7/31/2032,,,False,,False,,2025-09-30,2025-12-31,2,BXSL,116.32
"PlanSource Holdings, Inc.",3,GREEN,0,1,1,1,GSBD,Goldman Sachs Asset Management,Health Care Technology,116.298,116.36,-0.0005,12/30/26,9.98,,False,,False,,2025-09-30,2025-12-31,2,GSBD,116.298
HowlCO LLC (dba Lone Wolf),3,GREEN,0,1,1,1,GSBD,Goldman Sachs Asset Management,Real Estate Mgmt. & Development,112.13,119.246,-0.0597,10/22/27,10.91,,False,,False,,2025-09-30,2025-12-31,2,GSBD,112.13
DOXA Insurance Holdings LLC,3,GREEN,0,1,1,1,FSK,FS/KKR Advisor,Insurance,111.3,110.8,0.0045,12/20/29,,,False,,False,,2025-09-30,2025-12-31,2,FSK,111.3
"Trendly, Inc.",3,GREEN,0,1,1,1,TPVG,TriplePoint Advisers,E-Commerce - Clothing and Accessories,110.869,122.327,-0.0937,12/31/2026,,,False,,False,,2025-09-30,2025-12-31,2,TPVG,110.869
Community Brands Inc,3,GREEN,0,1,1,1,FSK,FS/KKR Advisor,Software & Services,110.5,110.4,0.0009,7/1/31,,,False,,False,,2025-09-30,2025-12-31,2,FSK,110.5
"Sundance Group Holdings, Inc. (dba NetDocuments)",3,GREEN,0,1,1,1,GSBD,Goldman Sachs Asset Management,Software,109.13,109.128,0.0,07/02/29,8.63,,False,,False,,2025-09-30,2025-12-31,2,GSBD,109.13
"RFG AcquireCo, LLC",3,GREEN,0,1,1,1,MAIN,Main Street Capital (internal),,108.799,106.427,0.0223,6/2/2027,12.5,,False,,False,,2025-09-30,2025-12-31,2,MAIN,108.799
Follett Software Co,3,GREEN,0,1,1,1,FSK,FS/KKR Advisor,Software & Services,107.1,106.0,0.0104,8/31/27,,,False,,False,,2025-09-30,2025-12-31,2,FSK,107.1
"Event Holdco, LLC",3,GREEN,0,1,1,1,MAIN,Main Street Capital (internal),,107.052,107.052,0.0,12/22/2026,11.04,,False,,False,,2025-09-30,2025-12-31,2,MAIN,107.052
Colonial Electric Company LLC,3,GREEN,0,1,1,1,MAIN,Main Street Capital (internal),,106.934,76.854,0.3914,3/31/2026,10.86,,False,,False,,2025-09-30,2025-12-31,2,MAIN,106.934
"Volt Bidco, Inc. (dba Power Factors)",3,GREEN,0,1,1,1,GSBD,Goldman Sachs Asset Management,Independent Power and Renewable Electricity Producers,106.315,114.085,-0.0681,08/11/27,10.49,,False,,False,,2025-09-30,2025-12-31,2,GSBD,106.315
Source Code LLC,3,GREEN,0,1,1,1,FSK,FS/KKR Advisor,Software & Services,105.2,105.1,0.001,6/30/27,,,False,,False,,2025-09-30,2025-12-31,2,FSK,105.2
"BECO Holding Company, Inc.+",3,GREEN,0,1,1,1,GBDC,GC Advisors,Building Products,105.102,82.236,0.2781,11/2021,,,False,,False,,2025-09-30,2025-12-31,2,GBDC,105.102
Insightsoftware.Com Inc,3,GREEN,0,1,1,1,FSK,FS/KKR Advisor,Software & Services,104.2,104.1,0.001,5/25/28,,,False,,False,,2025-09-30,2025-12-31,2,FSK,104.2
"Career Team Holdings, LLC",3,GREEN,0,1,1,1,MAIN,Main Street Capital (internal),,103.779,103.321,0.0044,12/17/2026,12.72,,False,,False,,2025-09-30,2025-12-31,2,MAIN,103.779
"Fencing Supply Group Acquisition, LLC",3,GREEN,0,1,1,1,BXSL,Blackstone Credit Advisors,Building Products,103.217,105.324,-0.02,2/26/2027,,,False,,False,,2025-12-31,2025-12-31,1,BXSL,103.217
H&F Opportunities LUX III S.À R.L (dba Checkmarx),3,GREEN,0,1,1,1,OBDC,Blue Owl Credit Advisors,,102.747,102.372,0.0037,4/2026,,,False,,False,,2025-09-30,2025-12-31,2,OBDC,102.747
Karman Space Inc,3,GREEN,0,1,1,1,FSK,FS/KKR Advisor,Capital Goods,101.5,100.3,0.012,12/21/25,,,False,,False,,2025-09-30,2025-12-31,2,FSK,101.5
Safe-Guard Products International LLC,3,GREEN,0,1,1,1,FSK,FS/KKR Advisor,Financial Services,100.1,99.8,0.003,4/3/30,,,False,,False,,2025-09-30,2025-12-31,2,FSK,100.1
"Project Potter Buyer, LLC and Project Potter Parent, L.P.",3,GREEN,0,1,1,1,ARCC,Ares Capital Management,,98.6,100.6,-0.0199,04/2027,8.92,,False,,False,,2025-09-30,2025-12-31,2,ARCC,98.6
"Enhanced Permanent Capital, LLC",3,GREEN,0,1,1,1,SLRC,SLR Capital Partners,Capital Markets,98.363,99.684,-0.0133,12/2020,,,False,,False,,2025-09-30,2025-12-31,2,SLRC,98.363
One GI LLC,3,GREEN,0,1,1,1,GSBD,Goldman Sachs Asset Management,Health Care Providers & Services,98.05,105.71,-0.0725,12/22/25,10.9,,False,,False,,2025-09-30,2025-12-31,2,GSBD,98.05
"Sara Lee Frozen Bakery, LLC (fka KSLB Holdings, LLC)",3,GREEN,0,1,1,1,OBDC,Blue Owl Credit Advisors,Food and beverage,97.583,98.149,-0.0058,7/2025,,,False,,False,,2025-09-30,2025-12-31,2,OBDC,97.583
Advanced Dermatology & Cosmetic Surgery,3,GREEN,0,1,1,1,FSK,FS/KKR Advisor,Health Care Equipment & Services,97.0,96.4,0.0062,5/7/26,,,False,,False,,2025-09-30,2025-12-31,2,FSK,97.0
"Honor HN Buyer, Inc",3,GREEN,0,1,1,1,GSBD,Goldman Sachs Asset Management,Health Care Providers & Services,96.906,96.217,0.0072,10/15/27,9.92,,False,,False,,2025-09-30,2025-12-31,2,GSBD,96.906
"INW Manufacturing, LLC",3,GREEN,0,1,1,1,OCSL,Oaktree Capital Management,Personal Care Products,92.477,97.23,-0.0489,3/25/2027,5.75,,False,,False,,2025-09-30,2025-12-31,2,OCSL,92.477
Tailwind Colony Holding Corporation,3,GREEN,0,1,1,1,BXSL,Blackstone Credit Advisors,Distributors,92.361,94.39,-0.0215,5/13/2026,,,False,,False,,2025-12-31,2025-12-31,1,BXSL,92.361
Revere Superior Holdings Inc,3,GREEN,0,1,1,1,FSK,FS/KKR Advisor,Software & Services,91.4,91.4,0.0,10/1/29,,,False,,False,,2025-09-30,2025-12-31,2,FSK,91.4
"Clad-Rex Steel, LLC",3,GREEN,0,1,1,1,MAIN,Main Street Capital (internal),,90.818,67.314,0.3492,1/15/2027,9.63,,False,,False,,2025-09-30,2025-12-31,2,MAIN,90.818
Mercer Advisors Inc,3,GREEN,0,1,1,1,FSK,FS/KKR Advisor,Financial Services,90.3,90.1,0.0022,10/4/30,,,False,,False,,2025-09-30,2025-12-31,2,FSK,90.3
"ITA Holdings Group, LLC",3,GREEN,0,1,1,1,MAIN,Main Street Capital (internal),,89.709,55.167,0.6261,6/21/2027,11.78,,False,,False,,2025-09-30,2025-12-31,2,MAIN,89.709
"Premier Imaging, LLC (dba LucidHealth)",3,GREEN,0,1,1,1,OBDC,Blue Owl Credit Advisors,,88.81,97.209,-0.0864,3/2026,,,False,,False,,2025-09-30,2025-12-31,2,OBDC,88.81
"Wildcat TopCo, Inc.+",3,GREEN,0,1,1,1,GBDC,GC Advisors,Electrical Equipment,88.48,89.539,-0.0118,12/2024,,,False,,False,,2025-09-30,2025-12-31,2,GBDC,88.48
"Spitfire Parent, Inc.",3,GREEN,0,1,1,1,BXSL,Blackstone Credit Advisors,Software (continued),88.298,86.78,0.0175,3/11/2027,,,False,,False,,2025-12-31,2025-12-31,1,BXSL,88.298
"VRC Companies, LLC (dba Vital Records Control)",3,GREEN,0,1,1,1,GSBD,Goldman Sachs Asset Management,Commercial Services & Supplies,88.201,88.276,-0.0008,06/29/27,9.57,,False,,False,,2025-09-30,2025-12-31,2,GSBD,88.201
"SelectQuote, Inc.",3,GREEN,0,1,1,1,BXSL,Blackstone Credit Advisors,Insurance (continued),87.762,94.776,-0.074,10/11/2024,,,False,,False,,2025-12-31,2025-12-31,1,BXSL,87.762
"GFG Group, LLC",3,GREEN,0,1,1,1,MAIN,Main Street Capital (internal),,87.412,64.052,0.3647,3/31/2026,8.0,,False,,False,,2025-09-30,2025-12-31,2,MAIN,87.412
"Aventiv Technologies, LLC",3,GREEN,0,1,1,1,PSEC,Prospect Capital Management,Diversified Telecommunication Services,87.326,86.729,0.0069,3/25/2026,14.34,1000.0,False,,False,,2025-09-30,2025-12-31,2,PSEC,87.326
"Sam Holding Co, Inc.",3,GREEN,0,1,1,1,BXSL,Blackstone Credit Advisors,Transportation Infrastructure,87.275,86.687,0.0068,9/24/2027,,,False,,False,,2025-12-31,2025-12-31,1,BXSL,87.275
"PT Intermediate Holdings III, LLC (dba Parts Town)",3,GREEN,0,1,1,1,GSBD,Goldman Sachs Asset Management,Trading Companies & Distributors,87.052,87.761,-0.0081,04/09/30,9.0,,False,,False,,2025-09-30,2025-12-31,2,GSBD,87.052
Dental365 LLC,3,GREEN,0,1,1,1,FSK,FS/KKR Advisor,Health Care Equipment & Services,87.0,87.0,0.0,5/5/28,,,False,,False,,2025-09-30,2025-12-31,2,FSK,87.0
"Trantech Radiator Topco, LLC",3,GREEN,0,1,1,1,MAIN,Main Street Capital (internal),,86.114,57.819,0.4894,5/31/2027,13.01,,False,,False,,2025-09-30,2025-12-31,2,MAIN,86.114
Milan Laser Holdings LLC,3,GREEN,0,1,1,1,OBDC,Blue Owl Credit Advisors,Specialty retail,84.921,85.864,-0.011,4/2027,,,False,,False,,2025-09-30,2025-12-31,2,OBDC,84.921
"MS Private Loan Fund I, LP",3,GREEN,0,1,1,1,MAIN,Main Street Capital (internal),,84.662,85.7,-0.0121,3/24/2026,6.66,,False,,False,,2025-09-30,2025-12-31,2,MAIN,84.662
"Computer Data Source, LLC",3,GREEN,0,1,1,1,MAIN,Main Street Capital (internal),,83.909,87.212,-0.0379,8/6/2026,12.47,,False,,False,,2025-09-30,2025-12-31,2,MAIN,83.909
"Weber-Stephen Products LLC, Revolver",3,GREEN,0,1,1,1,FSK,FS/KKR Advisor,Consumer Discretionary Distribution & Retail,83.9,83.3,0.0072,12/19/26,,,False,,False,,2025-09-30,2025-12-31,2,FSK,83.9
"Curia Global Inc, Revolver",3,GREEN,0,1,1,1,FSK,FS/KKR Advisor,"Pharmaceuticals, Biotechnology & Life Sciences",83.3,83.3,0.0,1/29/29,,,False,,False,,2025-09-30,2025-12-31,2,FSK,83.3
"Governmentjobs.com, Inc. (dba NeoGov)",3,GREEN,0,1,1,1,GSBD,Goldman Sachs Asset Management,Software,82.104,78.426,0.0469,12/02/27,9.33,,False,,False,,2025-09-30,2025-12-31,2,GSBD,82.104
"Elemica Parent, Inc. & EZ Elemica Holdings, Inc.",3,GREEN,0,1,1,1,ARCC,Ares Capital Management,,81.7,83.7,-0.0239,09/2026,9.53,,False,,False,,2025-09-30,2025-12-31,2,ARCC,81.7
"Zarya Intermediate, LLC (dba iOFFICE)",3,GREEN,0,1,1,1,GSBD,Goldman Sachs Asset Management,Real Estate Mgmt. & Development,81.468,82.194,-0.0088,07/01/27,11.01,,False,,False,,2025-09-30,2025-12-31,2,GSBD,81.468
SLR Healthcare ABL,3,GREEN,0,1,1,1,SLRC,SLR Capital Partners,Financial Services,81.15,74.47,0.0897,12/31/2024,,,False,,False,,2025-09-30,2025-12-31,2,SLRC,81.15
"Zarya HoldCo, Inc. (dba Eptura)",3,GREEN,0,1,1,1,GSBD,Goldman Sachs Asset Management,Real Estate Mgmt. & Development,80.647,81.401,-0.0093,07/01/27,10.32,,False,,False,,2025-09-30,2025-12-31,2,GSBD,80.647
Highgate Hotels Inc,3,GREEN,0,1,1,1,FSK,FS/KKR Advisor,Consumer Services,79.4,78.9,0.0063,11/5/29,,,False,,False,,2025-09-30,2025-12-31,2,FSK,79.4
"Pico Quantitative Trading, LLC",3,GREEN,0,1,1,1,TCPC,Tennenbaum Capital Partners (BlackRock),Capital Markets,79.0864,78.8275,0.0033,2/8/2027,7.51,,False,,False,,2025-12-31,2025-12-31,1,TCPC,79.0864
"Principle Environmental, LLC",3,GREEN,0,1,1,1,MAIN,Main Street Capital (internal),,78.879,47.171,0.6722,11/15/2026,13.0,,False,,False,,2025-09-30,2025-12-31,2,MAIN,78.879
"Ascend Buyer, LLC (dba PPC Flexible Packaging)",3,GREEN,0,1,1,1,OBDC,Blue Owl Credit Advisors,Containers and packaging,77.811,76.76,0.0137,9/2027,,,False,,False,,2025-09-30,2025-12-31,2,OBDC,77.811
Digital Products Holdings LLC,3,GREEN,0,1,1,1,MAIN,Main Street Capital (internal),,77.769,77.581,0.0024,4/27/2026,14.23,,False,,False,,2025-09-30,2025-12-31,2,MAIN,77.769
JW Aluminum Co,3,GREEN,0,1,1,1,FSK,FS/KKR Advisor,Materials,76.6,76.1,0.0066,6/1/26,10.3,,False,,False,,2025-12-31,2025-12-31,1,FSK,76.6
Individual FoodService,3,GREEN,0,1,1,1,FSK,FS/KKR Advisor,Capital Goods,76.5,75.1,0.0186,10/31/29,,,False,,False,,2025-09-30,2025-12-31,2,FSK,76.5
Magna Legal Services LLC,3,GREEN,0,1,1,1,FSK,FS/KKR Advisor,Commercial & Professional Services,76.5,76.2,0.0039,11/22/28,,,False,,False,,2025-09-30,2025-12-31,2,FSK,76.5
USN Opco LLC (dba Global Nephrology Solutions),3,GREEN,0,1,1,1,GSBD,Goldman Sachs Asset Management,Health Care Providers & Services,74.751,76.25,-0.0197,12/21/26,9.74,,False,,False,,2025-09-30,2025-12-31,2,GSBD,74.751
Net Documents,3,GREEN,0,1,1,1,FSK,FS/KKR Advisor,Software & Services,74.6,74.2,0.0054,7/2/29,,,False,,False,,2025-09-30,2025-12-31,2,FSK,74.6
"TPS, LLC",3,GREEN,0,1,1,1,PSEC,Prospect Capital Management,Machinery,74.072,74.072,0.0,5/31/2027,14.13,900.0,False,,False,,2025-09-30,2025-12-31,2,PSEC,74.072
Lakeview Farms Inc,3,GREEN,0,1,1,1,FSK,FS/KKR Advisor,"Food, Beverage & Tobacco",73.9,72.8,0.0151,6/10/27,,,False,,False,,2025-09-30,2025-12-31,2,FSK,73.9
Heritage Environmental Services Inc,3,GREEN,0,1,1,1,FSK,FS/KKR Advisor,Commercial & Professional Services,73.2,72.2,0.0139,1/31/30,,,False,,False,,2025-09-30,2025-12-31,2,FSK,73.2
"TRP Infrastructure Services, LLC",3,GREEN,0,1,1,1,BXSL,Blackstone Credit Advisors,Transportation Infrastructure,71.324,71.057,0.0038,7/9/2027,,,False,,False,,2025-12-31,2025-12-31,1,BXSL,71.324
IPC Corp.,3,GREEN,0,1,1,1,OCSL,Oaktree Capital Management,Application Software,70.714,72.337,-0.0224,10/1/2027,6.5,,False,,False,,2025-09-30,2025-12-31,2,OCSL,70.714
KM2 Solutions LLC,3,GREEN,0,1,1,1,PSEC,Prospect Capital Management,Professional Services,70.608,70.608,0.0,6/16/2026,13.74,960.0,False,,False,,2025-09-30,2025-12-31,2,PSEC,70.608
Veriforce LLC,3,GREEN,0,1,1,1,FSK,FS/KKR Advisor,Software & Services,70.6,70.7,-0.0014,11/21/31,,,False,,False,,2025-09-30,2025-12-31,2,FSK,70.6
"Batjer TopCo, LLC",3,GREEN,0,1,1,1,MAIN,Main Street Capital (internal),,70.176,58.784,0.1938,3/7/2027,10.0,,False,,False,,2025-09-30,2025-12-31,2,MAIN,70.176
"NFM & J, L.P. (dba the Facilities Group)",3,GREEN,0,1,1,1,GSBD,Goldman Sachs Asset Management,Professional Services,67.859,67.563,0.0044,11/30/27,10.11,,False,,False,,2025-09-30,2025-12-31,2,GSBD,67.859
LineStar Integrity Services LLC,3,GREEN,0,1,1,1,OBDC,Blue Owl Credit Advisors,Infrastructure and environmental services,66.8,67.861,-0.0156,2/2026,,,False,,False,,2025-09-30,2025-12-31,2,OBDC,66.8
"North Star Acquisitionco, LLC (dba Everway)",3,GREEN,0,1,1,1,GSBD,Goldman Sachs Asset Management,Software,66.72,66.508,0.0032,05/03/29,8.25,,False,,False,,2025-09-30,2025-12-31,2,GSBD,66.72
"Southern Orthodontic Partners Management, LLC",3,GREEN,0,1,1,1,SLRC,SLR Capital Partners,Health Care Providers & Services,65.39,65.98,-0.0089,6/3/2022,,,False,,False,,2025-09-30,2025-12-31,2,SLRC,65.39
Sweep Purchaser LLC,3,GREEN,0,1,1,1,GSBD,Goldman Sachs Asset Management,Commercial Services & Supplies,64.626,64.869,-0.0037,06/30/27,9.89,,False,,False,,2025-09-30,2025-12-31,2,GSBD,64.626
"Mystic Logistics Holdings, LLC",3,GREEN,0,1,1,1,MAIN,Main Street Capital (internal),,64.217,16.917,2.796,1/31/2027,10.0,,False,,False,,2025-09-30,2025-12-31,2,MAIN,64.217
"8th Avenue Food & Provisions, Inc.",3,GREEN,0,1,1,1,PSEC,Prospect Capital Management,Food Products,64.216,71.267,-0.0989,10/1/2026,15.25,775.0,False,,False,,2025-09-30,2025-12-31,2,PSEC,64.216
Rockefeller Capital Management LP,3,GREEN,0,1,1,1,FSK,FS/KKR Advisor,Financial Services,64.2,63.9,0.0047,4/4/31,,,False,,False,,2025-09-30,2025-12-31,2,FSK,64.2
"SPAU Holdings, LLC",3,GREEN,0,1,1,1,MAIN,Main Street Capital (internal),,64.159,64.179,-0.0003,7/1/2027,11.4,,False,,False,,2025-09-30,2025-12-31,2,MAIN,64.159
"WebPT, Inc.",3,GREEN,0,1,1,1,GSBD,Goldman Sachs Asset Management,Health Care Technology,62.977,67.252,-0.0636,01/18/28,10.55,,False,,False,,2025-09-30,2025-12-31,2,GSBD,62.977
Winter Services LLC,3,GREEN,0,1,1,1,MAIN,Main Street Capital (internal),,62.561,62.922,-0.0057,11/19/2026,11.62,,False,,False,,2025-09-30,2025-12-31,2,MAIN,62.561
"Mills Fleet Farm Group, LLC",3,GREEN,0,1,1,1,MAIN,Main Street Capital (internal),,61.886,66.836,-0.0741,12/31/2026,9.63,,False,,False,,2025-09-30,2025-12-31,2,MAIN,61.886
Lazer Logistics Inc,3,GREEN,0,1,1,1,FSK,FS/KKR Advisor,Transportation,61.5,61.4,0.0016,5/4/29,,,False,,False,,2025-09-30,2025-12-31,2,FSK,61.5
"PDDS Holdco, Inc. (dba Planet DDS)",3,GREEN,0,1,1,1,GSBD,Goldman Sachs Asset Management,Health Care Technology,60.984,60.738,0.0041,07/18/28,11.14,,False,,False,,2025-09-30,2025-12-31,2,GSBD,60.984
"Luxury Asset Capital, LLC",3,GREEN,0,1,1,1,SLRC,SLR Capital Partners,Consumer Finance,60.426,61.0,-0.0094,7/2022,,,False,,False,,2025-09-30,2025-12-31,2,SLRC,60.426
"HH-Stella, Inc. and Bedrock Parent Holdings, LP",3,GREEN,0,1,1,1,ARCC,Ares Capital Management,,60.3,62.3,-0.0321,04/2027,9.78,,False,,False,,2025-09-30,2025-12-31,2,ARCC,60.3
"Bausch Health Cos Inc, Revolver",3,GREEN,0,1,1,1,FSK,FS/KKR Advisor,"Pharmaceuticals, Biotechnology & Life Sciences",60.0,60.0,0.0,1/28/28,,,False,,False,,2025-09-30,2025-12-31,2,FSK,60.0
RA Outdoors LLC,3,GREEN,0,1,1,1,MAIN,Main Street Capital (internal),,59.86,63.886,-0.063,6/30/2027,11.3,,False,,False,,2025-09-30,2025-12-31,2,MAIN,59.86
"GS Acquisitionco, Inc.+",3,GREEN,0,1,1,1,GBDC,GC Advisors,Software,59.596,0.507,116.5464,04/2021,,,False,,False,,2025-09-30,2025-12-31,2,GBDC,59.596
"Anaplan, Inc.+",3,GREEN,0,1,1,1,GBDC,GC Advisors,Software,59.582,59.137,0.0075,06/2022,,,False,,False,,2025-09-30,2025-12-31,2,GBDC,59.582
Corsearch Intermediate Inc,3,GREEN,0,1,1,1,FSK,FS/KKR Advisor,Software & Services,59.3,59.1,0.0034,4/19/28,,,False,,False,,2025-09-30,2025-12-31,2,FSK,59.3
Shaw Development LLC,3,GREEN,0,1,1,1,FSK,FS/KKR Advisor,Capital Goods,59.3,60.0,-0.0117,10/30/29,,,False,,False,,2025-09-30,2025-12-31,2,FSK,59.3
"Fertility Investment Holdco, LLC",3,GREEN,0,1,1,1,SLRC,SLR Capital Partners,Health Care Providers & Services,59.245,60.378,-0.0188,1/4/2023,,,False,,False,,2025-09-30,2025-12-31,2,SLRC,59.245
"PADI Holdco, Inc.+",3,GREEN,0,1,1,1,GBDC,GC Advisors,Diversified Consumer Services,59.105,60.627,-0.0251,07/2017,,,False,,False,,2025-09-30,2025-12-31,2,GBDC,59.105
"Optimizely North America, Inc.+",3,GREEN,0,1,1,1,GBDC,GC Advisors,IT Services,58.849,59.916,-0.0178,10/2018,,,False,,False,,2025-09-30,2025-12-31,2,GBDC,58.849
"Creek Parent, Inc.+",3,GREEN,0,1,1,1,GBDC,GC Advisors,Pharmaceuticals,58.821,59.774,-0.0159,12/2024,,,False,,False,,2025-09-30,2025-12-31,2,GBDC,58.821
"HS4 AcquisitionCo, Inc. (dba HotSchedules & Fourth)",3,GREEN,0,1,1,1,GSBD,Goldman Sachs Asset Management,"Hotels, Restaurants & Leisure",58.503,58.205,0.0051,07/09/25,10.19,,False,,False,,2025-09-30,2025-12-31,2,GSBD,58.503
CC SAG Holdings Corp.(Spectrum Automotive),3,GREEN,0,1,1,1,SLRC,SLR Capital Partners,Diversified Consumer Services,58.289,58.958,-0.0113,6/2021,,,False,,False,,2025-09-30,2025-12-31,2,SLRC,58.289
Area Wide Protective Inc,3,GREEN,0,1,1,1,FSK,FS/KKR Advisor,Commercial & Professional Services,57.6,57.6,0.0,12/23/30,,,False,,False,,2025-09-30,2025-12-31,2,FSK,57.6
"EDB Parent, LLC (dba Enterprise DB)",3,GREEN,0,1,1,1,GSBD,Goldman Sachs Asset Management,Software,57.539,57.791,-0.0044,07/07/28,11.02,,False,,False,,2025-09-30,2025-12-31,2,GSBD,57.539
BDO USA PA,3,GREEN,0,1,1,1,FSK,FS/KKR Advisor,Commercial & Professional Services,56.9,56.8,0.0018,8/31/28,,,False,,False,,2025-09-30,2025-12-31,2,FSK,56.9
NexRev LLC,3,GREEN,0,1,1,1,MAIN,Main Street Capital (internal),,56.304,44.253,0.2723,2/28/2025,9.0,,False,,False,,2025-09-30,2025-12-31,2,MAIN,56.304
"NinjaTrader, LLC",3,GREEN,0,1,1,1,MAIN,Main Street Capital (internal),,56.253,56.253,0.0,12/18/2026,11.24,,False,,False,,2025-09-30,2025-12-31,2,MAIN,56.253
"Motive Technologies, Inc. (Keep Truckin)",3,GREEN,0,1,1,1,TCPC,Tennenbaum Capital Partners (BlackRock),Road and Rail,55.6952,55.4272,0.0048,4/8/2027,7.36,,False,,False,,2025-12-31,2025-12-31,1,TCPC,55.6952
"LGC US FINCO, LLC",3,GREEN,0,1,1,1,PSEC,Prospect Capital Management,Machinery,55.348,59.113,-0.0637,12/20/2025,10.94,650.0,False,,False,,2025-09-30,2025-12-31,2,PSEC,55.348
Johnnie-O Inc. and Johnnie-O Holdings Inc.,3,GREEN,0,1,1,1,ARCC,Ares Capital Management,Consumer Durables and Apparel,54.8,46.0,0.1913,03/2027,10.39,,False,,False,,2025-09-30,2025-12-31,2,ARCC,54.8
"Motive Technologies, Inc. (Keep Trucking)",3,GREEN,0,1,1,1,TCPC,Tennenbaum Capital Partners (BlackRock),Road and Rail,54.725,54.342,0.007,4/8/2027,7.36,,False,,False,,2025-12-31,2025-12-31,1,TCPC,54.725
"TalkTalk Telecom Group Ltd, Revolver",3,GREEN,0,1,1,1,FSK,FS/KKR Advisor,Commercial & Professional Services,54.6,54.5,0.0018,9/5/26,,,False,,False,,2025-09-30,2025-12-31,2,FSK,54.6
Integral Energy Services,3,GREEN,0,1,1,1,MAIN,Main Street Capital (internal),,54.19,57.406,-0.056,8/20/2026,11.96,,False,,False,,2025-09-30,2025-12-31,2,MAIN,54.19
"LogicMonitor, Inc.+",3,GREEN,0,1,1,1,GBDC,GC Advisors,,53.962,54.296,-0.0062,12/2024,,,False,,False,,2025-09-30,2025-12-31,2,GBDC,53.962
"James Perse Enterprises, Inc.",3,GREEN,0,1,1,1,TCPC,Tennenbaum Capital Partners (BlackRock),Specialty Retail,53.3415,52.706,0.0121,9/8/2027,6.3,,False,,False,,2025-12-31,2025-12-31,1,TCPC,53.3415
"Acuity Eyecare Holdings, LLC+",3,GREEN,0,1,1,1,GBDC,GC Advisors,Healthcare Providers & Services,53.303,52.684,0.0117,03/2017,,,False,,False,,2025-09-30,2025-12-31,2,GBDC,53.303
HOWLCO LLC,3,GREEN,0,1,1,1,MAIN,Main Street Capital (internal),,53.281,53.426,-0.0027,10/23/2026,10.89,,False,,False,,2025-09-30,2025-12-31,2,MAIN,53.281
"Maxor Acquisition, Inc.",3,GREEN,0,1,1,1,SLRC,SLR Capital Partners,Health Care Providers & Services,53.173,54.229,-0.0195,3/1/2023,,,False,,False,,2025-09-30,2025-12-31,2,SLRC,53.173
Sapphire Bidco Oy+,3,GREEN,0,1,1,1,GBDC,GC Advisors,,53.169,60.198,-0.1168,,,,False,,False,,2025-09-30,2025-12-31,2,GBDC,53.169
"K2 Towers III, LLC",3,GREEN,0,1,1,1,GSBD,Goldman Sachs Asset Management,Wireless Telecommunication Services,52.852,52.884,-0.0006,12/06/28,8.81,,False,,False,,2025-09-30,2025-12-31,2,GSBD,52.852
Assembly Intermediate LLC,3,GREEN,0,1,1,1,GSBD,Goldman Sachs Asset Management,Diversified Consumer Services,52.831,52.214,0.0118,10/19/27,9.58,,False,,False,,2025-09-30,2025-12-31,2,GSBD,52.831
Pacvue Intermediate LLC (fka Assembly Intermediate LLC),3,GREEN,0,1,1,1,GSBD,Goldman Sachs Asset Management,Diversified Consumer Services,52.816,52.405,0.0078,10/19/27,8.92,,False,,False,,2025-09-30,2025-12-31,2,GSBD,52.816
"Valet Waste Holdings, Inc. (dba Valet Living)",3,GREEN,0,1,1,1,GSBD,Goldman Sachs Asset Management,Commercial Services & Supplies,52.641,52.945,-0.0057,05/01/29,9.91,,False,,False,,2025-09-30,2025-12-31,2,GSBD,52.641
Belk Inc,3,GREEN,0,1,1,1,FSK,FS/KKR Advisor,Consumer Discretionary Distribution & Retail,52.3,52.2,0.0019,7/23/29,15.0,,False,,False,,2025-09-30,2025-12-31,2,FSK,52.3
"Eptam Plastics, Ltd.",3,GREEN,0,1,1,1,GSBD,Goldman Sachs Asset Management,Health Care Equipment & Supplies,52.222,53.74,-0.0282,12/06/25,9.75,,False,,False,,2025-09-30,2025-12-31,2,GSBD,52.222
"GCX Corporation Buyer, LLC",3,GREEN,0,1,1,1,BXSL,Blackstone Credit Advisors,Health Care Equipment & Supplies,52.015,52.697,-0.0129,9/13/2027,,,False,,False,,2025-12-31,2025-12-31,1,BXSL,52.015
"CB Buyer, Inc.+",3,GREEN,0,1,1,1,GBDC,GC Advisors,Software,52.007,52.489,-0.0092,07/2024,,,False,,False,,2025-09-30,2025-12-31,2,GBDC,52.007
"Acuity Specialty Products, Inc. (dba Zep Inc.)",3,GREEN,0,1,1,1,GSBD,Goldman Sachs Asset Management,Chemicals,51.994,52.519,-0.01,10/02/28,8.25,,False,,False,,2025-09-30,2025-12-31,2,GSBD,51.994
"ADB Companies, LLC",3,GREEN,0,1,1,1,OCSL,Oaktree Capital Management,Construction & Engineering,51.982,54.046,-0.0382,7/1/2026,7.5,,False,,False,,2025-09-30,2025-12-31,2,OCSL,51.982
"CCSL Holdings, LLC+",3,GREEN,0,1,1,1,GBDC,GC Advisors,Healthcare Equipment & Supplies,51.593,55.064,-0.063,12/2020,,,False,,False,,2025-09-30,2025-12-31,2,GBDC,51.593
"Jensen Jewelers of Idaho, LLC",3,GREEN,0,1,1,1,MAIN,Main Street Capital (internal),,51.472,7.996,5.4372,11/14/2026,14.22,,False,,False,,2025-09-30,2025-12-31,2,MAIN,51.472
"Plastic Management, LLC",3,GREEN,0,1,1,1,SLRC,SLR Capital Partners,Health Care Providers & Services,51.347,52.5,-0.022,4/1/2022,,,False,,False,,2025-09-30,2025-12-31,2,SLRC,51.347
Zeus Company LLC,3,GREEN,0,1,1,1,GSBD,Goldman Sachs Asset Management,Health Care Equipment & Supplies,51.057,52.226,-0.0224,02/28/30,9.73,,False,,False,,2025-09-30,2025-12-31,2,GSBD,51.057
"Argos Health Holdings, Inc",3,GREEN,0,1,1,1,GSBD,Goldman Sachs Asset Management,Health Care Providers & Services,50.805,51.311,-0.0099,12/03/27,9.7,,False,,False,,2025-09-30,2025-12-31,2,GSBD,50.805
"CVAUSA Management, LLC",3,GREEN,0,1,1,1,SLRC,SLR Capital Partners,Health Care Providers & Services,50.142,51.102,-0.0188,5/2023,,,False,,False,,2025-09-30,2025-12-31,2,SLRC,50.142
"The Townsend Company, LLC",3,GREEN,0,1,1,1,SLRC,SLR Capital Partners,Commercial Services & Supplies,48.805,49.95,-0.0229,8/2023,,,False,,False,,2025-09-30,2025-12-31,2,SLRC,48.805
"NCWS Intermediate, Inc. (dba National Carwash Solutions)",3,GREEN,0,1,1,1,GSBD,Goldman Sachs Asset Management,Trading Companies & Distributors,48.738,52.066,-0.0639,12/31/29,9.5,,False,,False,,2025-09-30,2025-12-31,2,GSBD,48.738
"Admiral Buyer, Inc. (dba Fidelity Payment Services)",3,GREEN,0,1,1,1,GSBD,Goldman Sachs Asset Management,Financial Services,47.631,47.526,0.0022,05/08/28,9.22,,False,,False,,2025-09-30,2025-12-31,2,GSBD,47.631
"Gurobi Optimization, LLC+",3,GREEN,0,1,1,1,GBDC,GC Advisors,Software,47.614,47.976,-0.0075,09/2024,,,False,,False,,2025-09-30,2025-12-31,2,GBDC,47.614
"Alkeme Intermediary Holdings, LLC",3,GREEN,0,1,1,1,SLRC,SLR Capital Partners,Insurance,47.604,48.418,-0.0168,9/2023,,,False,,False,,2025-09-30,2025-12-31,2,SLRC,47.604
Walker Edison Holdco LLC,3,GREEN,0,1,2,1,OBDC,Blue Owl Credit Advisors,Household products,47.524,23.762,1.0,,,,False,,False,,2025-09-30,2025-12-31,2,OBDC,47.524
"PSEB, LLC (Eddie Bauer)",3,GREEN,0,1,1,1,TCPC,Tennenbaum Capital Partners (BlackRock),Specialty Retail,47.4511,48.1427,-0.0144,12/30/2026,6.7,,False,,False,,2025-12-31,2025-12-31,1,TCPC,47.4511
Cority Software Inc. (Canada),3,GREEN,0,1,1,1,CGBD,Carlyle Investment Management,Software,47.365,47.358,0.0001,7/2/2026,,,False,,False,,2025-09-30,2025-12-31,2,CGBD,47.365
"Charps, LLC",3,GREEN,0,1,1,1,MAIN,Main Street Capital (internal),,47.287,20.48,1.3089,1/31/2026,12.02,,False,,False,,2025-09-30,2025-12-31,2,MAIN,47.287
DECA Dental Holdings LLC,3,GREEN,0,1,1,1,GSBD,Goldman Sachs Asset Management,Health Care Providers & Services,46.93,49.013,-0.0425,08/26/27,9.86,,False,,False,,2025-09-30,2025-12-31,2,GSBD,46.93
"Ellkay, LLC",3,GREEN,0,1,1,1,CGBD,Carlyle Investment Management,Healthcare & Pharmaceuticals,46.815,48.484,-0.0344,9/14/2027,,,False,,False,,2025-09-30,2025-12-31,2,CGBD,46.815
"SunMed Group Holdings, LLC",3,GREEN,0,1,1,1,SLRC,SLR Capital Partners,Health Care Equipment & Supplies,46.702,47.124,-0.009,6/2021,,,False,,False,,2025-09-30,2025-12-31,2,SLRC,46.702
Diligent Corporation+,3,GREEN,0,1,1,1,GBDC,GC Advisors,Software,46.543,11.185,3.1612,04/2016,,,False,,False,,2025-09-30,2025-12-31,2,GBDC,46.543
Chronicle Bidco Inc. (dba Lexitas),3,GREEN,0,1,1,1,GSBD,Goldman Sachs Asset Management,Professional Services,46.483,45.134,0.0299,05/18/29,10.76,,False,,False,,2025-09-30,2025-12-31,2,GSBD,46.483
"TVG-Edmentum Holdings, LLC",3,GREEN,0,1,1,1,TCPC,Tennenbaum Capital Partners (BlackRock),Diversified Consumer Services,46.3044,53.5793,-0.1358,,12.87,,False,,False,,2025-12-31,2025-12-31,1,TCPC,46.3044
"MerchantWise Solutions, LLC (dba HungerRush)",3,GREEN,0,1,1,1,GSBD,Goldman Sachs Asset Management,Financial Services,46.228,49.692,-0.0697,06/01/28,11.51,,False,,False,,2025-09-30,2025-12-31,2,GSBD,46.228
"Cycle Gear, Inc.+",3,GREEN,0,1,1,1,GBDC,GC Advisors,Specialty Retail,46.041,48.381,-0.0484,02/2016,,,False,,False,,2025-09-30,2025-12-31,2,GBDC,46.041
"Shoes For Crews Global, LLC+",3,GREEN,0,1,1,1,GBDC,GC Advisors,,45.733,44.828,0.0202,06/2024,,,False,,False,,2025-09-30,2025-12-31,2,GBDC,45.733
Cadence Education LLC,3,GREEN,0,1,1,1,FSK,FS/KKR Advisor,Consumer Services,45.7,45.7,0.0,5/1/30,,,False,,False,,2025-09-30,2025-12-31,2,FSK,45.7
IG Parent Corporation,3,GREEN,0,1,1,1,MAIN,Main Street Capital (internal),,44.929,44.909,0.0004,7/30/2026,9.89,,False,,False,,2025-09-30,2025-12-31,2,MAIN,44.929
"Insight Investments Holdings, LLC",3,GREEN,0,1,1,1,SLRC,SLR Capital Partners,Financial Services,44.572,45.0,-0.0095,6/2025,,,False,,False,,2025-12-31,2025-12-31,1,SLRC,44.572
"Balrog Acquisition, Inc. (dba Bakemark)",3,GREEN,0,1,1,1,OBDC,Blue Owl Credit Advisors,Food and beverage,44.54,49.674,-0.1034,9/2029,,,False,,False,,2025-09-30,2025-12-31,2,OBDC,44.54
"Buffalo Merger Sub, LLC (dba Oliver Packaging)",3,GREEN,0,1,1,1,GSBD,Goldman Sachs Asset Management,Containers & Packaging,44.198,44.216,-0.0004,11/01/30,9.82,,False,,False,,2025-09-30,2025-12-31,2,GSBD,44.198
"Lyneer Staffing Solutions, LLC",3,GREEN,0,1,1,1,SLRC,SLR Capital Partners,Professional Services,44.0,44.0,0.0,4/2025,,,False,,False,,2025-12-31,2025-12-31,1,SLRC,44.0
"Oliver Packaging and Equipment Company, LLC (fka Buffalo Merger Sub, LLC)",3,GREEN,0,1,1,1,GSBD,Goldman Sachs Asset Management,Containers & Packaging,43.757,43.849,-0.0021,11/01/30,9.15,,False,,False,,2025-09-30,2025-12-31,2,GSBD,43.757
"Riskonnect Parent, LLC+",3,GREEN,0,1,1,1,GBDC,GC Advisors,,43.696,6.226,6.0183,11/2021,,,False,,False,,2025-09-30,2025-12-31,2,GBDC,43.696
Go Car Wash Management Corp.,3,GREEN,0,1,1,1,BXSL,Blackstone Credit Advisors,Diversified Consumer Services,43.211,44.035,-0.0187,12/31/2026,,,False,,False,,2025-12-31,2025-12-31,1,BXSL,43.211
PSC Group,3,GREEN,0,1,1,1,FSK,FS/KKR Advisor,Transportation,43.0,42.9,0.0023,4/3/30,,,False,,False,,2025-09-30,2025-12-31,2,FSK,43.0
"The Center for Orthopedic and Research Excellence, Inc. (dba HOPCo)",3,GREEN,0,1,1,1,GSBD,Goldman Sachs Asset Management,Health Care Providers & Services,42.928,43.272,-0.0079,08/15/25,10.73,,False,,False,,2025-09-30,2025-12-31,2,GSBD,42.928
Circana Group (f.k.a. NPD Group),3,GREEN,0,1,1,1,FSK,FS/KKR Advisor,Consumer Services,42.4,42.2,0.0047,12/21/27,,,False,,False,,2025-09-30,2025-12-31,2,FSK,42.4
Rodeo Buyer Company (dba Absorb Software),3,GREEN,0,1,1,1,GSBD,Goldman Sachs Asset Management,Professional Services,42.111,42.06,0.0012,05/25/27,10.46,,False,,False,,2025-09-30,2025-12-31,2,GSBD,42.111
"Rotation Buyer, LLC (dba Rotating Machinery Services)",3,GREEN,0,1,1,1,GSBD,Goldman Sachs Asset Management,Machinery,41.756,41.804,-0.0011,12/26/31,8.74,,False,,False,,2025-09-30,2025-12-31,2,GSBD,41.756
Aurora Lux Finco S.À.R.L.,3,GREEN,0,1,1,1,OCSL,Oaktree Capital Management,Airport Services,41.752,41.839,-0.0021,12/24/2026,6.0,,False,,False,,2025-09-30,2025-12-31,2,OCSL,41.752
"Internet Truckstop Group, LLC+",3,GREEN,0,1,1,1,GBDC,GC Advisors,Road & Rail,41.704,41.739,-0.0008,04/2019,,,False,,False,,2025-09-30,2025-12-31,2,GBDC,41.704
New Era Technology Inc,3,GREEN,0,1,1,1,FSK,FS/KKR Advisor,Software & Services,41.7,41.8,-0.0024,10/31/26,,,False,,False,,2025-09-30,2025-12-31,2,FSK,41.7
"Extrahop Networks, Inc.",3,GREEN,0,1,1,1,ARCC,Ares Capital Management,,41.6,41.6,0.0,07/2027,10.32,,False,,False,,2025-09-30,2025-12-31,2,ARCC,41.6
"CareATC, Inc.",3,GREEN,0,1,1,1,TCPC,Tennenbaum Capital Partners (BlackRock),Health Care Technology,41.5008,41.7346,-0.0056,3/14/2026,7.35,,False,,False,,2025-09-30,2025-12-31,2,TCPC,41.5008
"Borrower R365 Holdings, LLC+",3,GREEN,0,1,1,1,GBDC,GC Advisors,Food Products,41.496,41.363,0.0032,06/2021,,,False,,False,,2025-09-30,2025-12-31,2,GBDC,41.496
"Grove Hotel Parcel Owner, LLC",3,GREEN,0,1,1,1,OCSL,Oaktree Capital Management,"Hotels, Resorts & Cruise Lines",40.956,41.879,-0.022,6/21/2027,8.0,,False,,False,,2025-09-30,2025-12-31,2,OCSL,40.956
"DeepIntent, Inc.",3,GREEN,0,1,1,1,SLRC,SLR Capital Partners,Media,40.711,40.711,0.0,12/1/2023,,,False,,False,,2025-09-30,2025-12-31,2,SLRC,40.711
"U.S. Legal Support, Inc.",3,GREEN,0,1,1,1,CGBD,Carlyle Investment Management,Business Services,40.668,40.78,-0.0027,5/31/2026,,,False,,False,,2025-09-30,2025-12-31,2,CGBD,40.668
Human Interest Inc.,3,GREEN,0,1,1,1,SLRC,SLR Capital Partners,Professional Services,40.369,40.208,0.004,6/2022,,,False,,False,,2025-09-30,2025-12-31,2,SLRC,40.369
"PB Group Holdings, LLC+",3,GREEN,0,1,1,1,GBDC,GC Advisors,Healthcare Technology,40.314,39.969,0.0086,08/2024,,,False,,False,,2025-09-30,2025-12-31,2,GBDC,40.314
"Heartland Home Services, Inc. (fka Helios Buyer, Inc.)",3,GREEN,0,1,1,1,GSBD,Goldman Sachs Asset Management,Diversified Consumer Services,40.158,41.307,-0.0278,12/15/26,9.77,,False,,False,,2025-09-30,2025-12-31,2,GSBD,40.158
"Capital Automotive LP, Structured Mezzanine",3,GREEN,0,1,1,1,FSK,FS/KKR Advisor,Equity Real Estate Investment Trusts (REITs),40.1183,39.6187,0.0126,12/22/28,11.0,,False,,False,,2025-09-30,2025-12-31,2,FSK,40.1183
"Helios Buyer, Inc. (dba Heartland)",3,GREEN,0,1,1,1,GSBD,Goldman Sachs Asset Management,Diversified Consumer Services,39.918,41.159,-0.0302,12/15/26,10.43,,False,,False,,2025-09-30,2025-12-31,2,GSBD,39.918
"Two Six Labs, LLC",3,GREEN,0,1,1,1,ARCC,Ares Capital Management,,39.9,39.9,0.0,08/2027,9.08,,False,,False,,2025-09-30,2025-12-31,2,ARCC,39.9
"TPC 2022, LLC",3,GREEN,0,1,1,1,SLRC,SLR Capital Partners,Capital Markets,39.664,40.0,-0.0084,12/2024,,,False,,False,,2025-09-30,2025-12-31,2,SLRC,39.664
"Bayside Opco, LLC",3,GREEN,0,1,1,1,SLRC,SLR Capital Partners,Health Care Providers & Services,39.63,39.63,0.0,5/2023,,,False,,False,,2025-09-30,2025-12-31,2,SLRC,39.63
Internet Truckstop Group LLC,3,GREEN,0,1,1,1,ARCC,Ares Capital Management,,39.5,39.3,0.0051,04/2027,9.07,,False,,False,,2025-09-30,2025-12-31,2,ARCC,39.5
"Rubrik, Inc.",3,GREEN,0,1,1,1,GSBD,Goldman Sachs Asset Management,Software,38.941,38.637,0.0079,08/17/28,11.67,,False,,False,,2025-09-30,2025-12-31,2,GSBD,38.941
Alera Group Intermediate Holdings Inc,3,GREEN,0,1,1,1,FSK,FS/KKR Advisor,Insurance,38.8,38.5,0.0078,10/2/28,,,False,,False,,2025-09-30,2025-12-31,2,FSK,38.8
"ONS MSO, LLC",3,GREEN,0,1,1,1,SLRC,SLR Capital Partners,Health Care Providers & Services,38.744,39.394,-0.0165,2/10/2023,,,False,,False,,2025-09-30,2025-12-31,2,SLRC,38.744
"Blazing Star Shields Direct Parent, LLC (dba Shields Health Solutions)",3,GREEN,0,1,1,1,GSBD,Goldman Sachs Asset Management,Health Care Technology,38.67,38.71,-0.001,08/28/30,9.82,,False,,False,,2025-09-30,2025-12-31,2,GSBD,38.67
"KPSKY Acquisition, Inc.",3,GREEN,0,1,1,1,BXSL,Blackstone Credit Advisors,Commercial Services & Supplies (continued),38.625,43.979,-0.1217,10/19/2028,,,False,,False,,2025-12-31,2025-12-31,1,BXSL,38.625
"QBS Parent, Inc. (dba Quorum Software)",3,GREEN,0,1,1,1,GSBD,Goldman Sachs Asset Management,IT Services,38.162,38.156,0.0002,11/07/31,8.69,,False,,False,,2025-09-30,2025-12-31,2,GSBD,38.162
"Sonny’s Enterprises, LLC",3,GREEN,0,1,1,1,TCPC,Tennenbaum Capital Partners (BlackRock),Machinery,37.9046,38.8134,-0.0234,8/5/2027,5.65,,False,,False,,2025-12-31,2025-12-31,1,TCPC,37.9046
"Mako Steel, LP",3,GREEN,0,1,1,1,MAIN,Main Street Capital (internal),,37.795,37.78,0.0004,3/15/2026,12.0,,False,,False,,2025-09-30,2025-12-31,2,MAIN,37.795
Encorevet Group LLC+,3,GREEN,0,1,1,1,GBDC,GC Advisors,Healthcare Providers & Services,37.773,38.355,-0.0152,05/2024,,,False,,False,,2025-09-30,2025-12-31,2,GBDC,37.773
"Modernizing Medicine, Inc.+",3,GREEN,0,1,1,1,GBDC,GC Advisors,Healthcare Technology,37.097,32.57,0.139,04/2025,,,False,,False,,2025-09-30,2025-12-31,2,GBDC,37.097
"Brewer Crane Holdings, LLC",3,GREEN,0,1,1,1,MAIN,Main Street Capital (internal),,37.016,37.856,-0.0222,12/31/2025,14.34,,False,,False,,2025-09-30,2025-12-31,2,MAIN,37.016
"SPay, Inc. (dba Stack Sports)",3,GREEN,0,1,1,1,GSBD,Goldman Sachs Asset Management,Interactive Media & Services,36.917,39.76,-0.0715,06/15/26,13.99,,False,,False,,2025-09-30,2025-12-31,2,GSBD,36.917
"Retina Midco, Inc.",3,GREEN,0,1,1,1,SLRC,SLR Capital Partners,Health Care Providers & Services,36.778,37.219,-0.0118,12/18/2023,,,False,,False,,2025-09-30,2025-12-31,2,SLRC,36.778
Prophix Software Inc. (Canada),3,GREEN,0,1,1,1,CGBD,Carlyle Investment Management,Software,36.263,36.145,0.0033,2/1/2027,,,False,,False,,2025-09-30,2025-12-31,2,CGBD,36.263
"Barnes & Noble, Inc.",3,GREEN,0,1,1,1,CGBD,Carlyle Investment Management,Retail,36.011,35.698,0.0088,12/20/2026,,,False,,False,,2025-09-30,2025-12-31,2,CGBD,36.011
"Rocky Debt Merger Sub, LLC (dba NContracts)",3,GREEN,0,1,1,1,GSBD,Goldman Sachs Asset Management,Software,35.739,35.7,0.0011,09/01/31,9.61,,False,,False,,2025-09-30,2025-12-31,2,GSBD,35.739
Rialto Capital Management LLC,3,GREEN,0,1,1,1,FSK,FS/KKR Advisor,Financial Services,35.7,35.8,-0.0028,12/5/30,,,False,,False,,2025-09-30,2025-12-31,2,FSK,35.7
"Burning Glass Intermediate Holding Company, Inc.",3,GREEN,0,1,1,1,MAIN,Main Street Capital (internal),,35.67,35.659,0.0003,6/10/2026,9.46,,False,,False,,2025-09-30,2025-12-31,2,MAIN,35.67
Hercules Borrower LLC,3,GREEN,0,1,1,1,CGBD,Carlyle Investment Management,Environmental Industries,35.665,35.294,0.0105,12/14/2026,,,False,,False,,2025-09-30,2025-12-31,2,CGBD,35.665
Speedstar Holding LLC,3,GREEN,0,1,1,1,CGBD,Carlyle Investment Management,Auto Aftermarket & Services,35.075,35.801,-0.0203,7/22/2027,,,False,,False,,2025-09-30,2025-12-31,2,CGBD,35.075
Opening Day Borrower 111 LLC+,3,GREEN,0,1,1,1,GBDC,GC Advisors,Healthcare Providers & Services,35.041,6.395,4.4794,04/2023,,,False,,False,,2025-09-30,2025-12-31,2,GBDC,35.041
"Catalis Intermediate, Inc. (fka GovBrands Intermediate, Inc.)",3,GREEN,0,1,1,1,OBDC,Blue Owl Credit Advisors,Internet software and services,34.636,34.909,-0.0078,8/2027,,,False,,False,,2025-09-30,2025-12-31,2,OBDC,34.636
Clearcourse Partnership Acquireco Finance Limited,3,GREEN,0,1,1,1,GSBD,Goldman Sachs Asset Management,IT Services,34.551,32.511,0.0627,07/25/28,11.47,,False,,False,,2025-09-30,2025-12-31,2,GSBD,34.551
Ministry Brands Holdings LLC+,3,GREEN,0,1,1,1,GBDC,GC Advisors,,34.282,34.387,-0.0031,12/2021,,,False,,False,,2025-09-30,2025-12-31,2,GBDC,34.282
"RideNow Group, Inc.",3,GREEN,0,1,1,1,OCSL,Oaktree Capital Management,Automotive Retail,33.998,35.549,-0.0436,9/30/2027,7.75,,False,,False,,2025-12-31,2025-12-31,1,OCSL,33.998
"RumbleOn, Inc.",3,GREEN,0,1,1,1,OCSL,Oaktree Capital Management,Automotive Retail,33.85,35.702,-0.0519,9/30/2027,8.25,,False,,False,,2025-09-30,2025-12-31,2,OCSL,33.85
Jupiter Refuel Canada Buyer Inc. (dba 4Refuel),3,GREEN,0,1,1,1,GSBD,Goldman Sachs Asset Management,"Oil, Gas & Consumable Fuels",33.709,33.884,-0.0052,06/30/31,7.51,,False,,False,,2025-09-30,2025-12-31,2,GSBD,33.709
"Symplr Software, Inc.+",3,GREEN,0,1,1,1,GBDC,GC Advisors,Healthcare Technology,33.685,0.401,83.0025,11/2018,,,False,,False,,2025-09-30,2025-12-31,2,GBDC,33.685
"AGS Health BCP Holdings, Inc. (dba AGS Health)",3,GREEN,0,1,1,1,GSBD,Goldman Sachs Asset Management,Health Care Technology,33.477,33.465,0.0004,08/02/32,8.32,,False,,False,,2025-09-30,2025-12-31,2,GSBD,33.477
"Hamilton Thorne, Inc.",3,GREEN,0,1,1,1,GSBD,Goldman Sachs Asset Management,Health Care Equipment & Supplies,33.374,32.772,0.0184,11/28/31,8.1,,False,,False,,2025-09-30,2025-12-31,2,GSBD,33.374
"ATS Operating, LLC",3,GREEN,0,1,1,1,MAIN,Main Street Capital (internal),,33.327,32.697,0.0193,1/18/2027,9.66,,False,,False,,2025-09-30,2025-12-31,2,MAIN,33.327
"Heartland Home Services, Inc.",3,GREEN,0,1,1,1,CGBD,Carlyle Investment Management,Consumer Services,33.282,34.469,-0.0344,12/15/2026,,,False,,False,,2025-09-30,2025-12-31,2,CGBD,33.282
"FS WhiteWater Borrower, LLC (fka Whitewater Holding Company LLC)",3,GREEN,0,1,1,1,GSBD,Goldman Sachs Asset Management,Diversified Consumer Services,33.21,33.059,0.0046,12/21/29,9.06,,False,,False,,2025-09-30,2025-12-31,2,GSBD,33.21
Aras Corporation+,3,GREEN,0,1,1,1,GBDC,GC Advisors,Software,32.953,30.635,0.0757,04/2021,,,False,,False,,2025-09-30,2025-12-31,2,GBDC,32.953
"National Express Wash Parent Holdco, LLC+",3,GREEN,0,1,1,1,GBDC,GC Advisors,Automobiles,32.846,32.899,-0.0016,07/2022,,,False,,False,,2025-09-30,2025-12-31,2,GBDC,32.846
"Bullhorn, Inc.",3,GREEN,0,1,1,1,GSBD,Goldman Sachs Asset Management,Professional Services,32.753,32.139,0.0191,10/01/29,9.36,,False,,False,,2025-09-30,2025-12-31,2,GSBD,32.753
Aurora Lux FinCo S.Á.R.L. (Luxembourg),3,GREEN,0,1,1,1,CGBD,Carlyle Investment Management,Software,32.58,33.376,-0.0238,12/24/2026,,,False,,False,,2025-09-30,2025-12-31,2,CGBD,32.58
Team Acquisition Corporation,3,GREEN,0,1,1,1,ARCC,Ares Capital Management,,32.4,37.6,-0.1383,11/2028,10.81,,False,,False,,2025-09-30,2025-12-31,2,ARCC,32.4
"United Digestive MSO Parent, LLC",3,GREEN,0,1,1,1,SLRC,SLR Capital Partners,Health Care Providers & Services,32.127,32.822,-0.0212,3/2023,,,False,,False,,2025-09-30,2025-12-31,2,SLRC,32.127
Establishment Labs Holdings Inc.,3,GREEN,0,1,1,1,OCSL,Oaktree Capital Management,Health Care Technology,32.074,31.5,0.0182,4/21/2027,,,False,,False,,2025-09-30,2025-12-31,2,OCSL,32.074
"Libra Solutions Intermediate Holdco, LLC et al (fka Oasis Financial, LLC)",3,GREEN,0,1,1,1,TCPC,Tennenbaum Capital Partners (BlackRock),Debt Investments (continued),32.068,31.7427,0.0102,7/5/2026,8.62,,False,,False,,2025-12-31,2025-12-31,1,TCPC,32.068
"Cadence, Inc.",3,GREEN,0,1,1,1,OBDC,Blue Owl Credit Advisors,Healthcare equipment and services,31.918,32.423,-0.0156,5/2026,,,False,,False,,2025-09-30,2025-12-31,2,OBDC,31.918
"Smile Brands, Inc.",3,GREEN,0,1,1,1,PFLT,PennantPark Investment Advisers,Healthcare and Pharmaceuticals,31.883,36.512,-0.1268,10/12/2027,9.93,,False,,False,,2025-09-30,2025-12-31,2,PFLT,31.883
107-109 Beech OAK22 LLC,3,GREEN,0,1,1,1,OCSL,Oaktree Capital Management,Real Estate Development,31.375,31.418,-0.0014,2/27/2026,,,False,,False,,2025-09-30,2025-12-31,2,OCSL,31.375
New Look Corporation and New Look Vision Group Inc. +,3,GREEN,0,1,1,1,GBDC,GC Advisors,Healthcare Providers & Services,31.08,28.94,0.0739,05/2021,,,False,,False,,2025-09-30,2025-12-31,2,GBDC,31.08
"CQ Fluency, LLC",3,GREEN,0,1,1,1,MAIN,Main Street Capital (internal),,31.078,31.199,-0.0039,6/27/2027,10.86,,False,,False,,2025-09-30,2025-12-31,2,MAIN,31.078
AVG Intermediate Holdings & AVG Subsidiary Holdings LLC+,3,GREEN,0,1,1,1,GBDC,GC Advisors,Healthcare Providers & Services,31.003,30.89,0.0037,03/2021,,,False,,False,,2025-09-30,2025-12-31,2,GBDC,31.003
"Taymax Group, L.P., Taymax Group G.P., LLC, PF Salem Canada ULC and TCP Fit Parent, L.P.",3,GREEN,0,1,1,1,ARCC,Ares Capital Management,,31.0,19.8,0.5657,07/2027,8.71,,False,,False,,2025-09-30,2025-12-31,2,ARCC,31.0
"Pioneer Buyer I, LLC",3,GREEN,0,1,1,1,GSBD,Goldman Sachs Asset Management,Software,30.459,30.28,0.0059,11/01/27,10.83,,False,,False,,2025-09-30,2025-12-31,2,GSBD,30.459
"Nintex Topco, Limited",3,GREEN,0,1,1,1,BXSL,Blackstone Credit Advisors,Software (continued),30.439,33.93,-0.1029,11/13/2028,,,False,,False,,2025-12-31,2025-12-31,1,BXSL,30.439
"Checkmate Finance Merger Sub, LLC",3,GREEN,0,1,1,1,GSBD,Goldman Sachs Asset Management,Entertainment,30.208,30.232,-0.0008,12/31/27,10.92,,False,,False,,2025-09-30,2025-12-31,2,GSBD,30.208
"Cobalt Buyer Sub, Inc.+",3,GREEN,0,1,1,1,GBDC,GC Advisors,Pharmaceuticals,29.95,11.202,1.6736,10/2021,,,False,,False,,2025-09-30,2025-12-31,2,GBDC,29.95
Romulus Intermediate Holdings 1 Inc. (dba PetVet Care Centers),3,GREEN,0,1,1,1,OBDC,Blue Owl Credit Advisors,Healthcare providers and services,29.855,33.704,-0.1142,,,,False,,False,,2025-09-30,2025-12-31,2,OBDC,29.855
"Northstar Acquisition HoldCo, LLC (dba n2y)",3,GREEN,0,1,1,1,GSBD,Goldman Sachs Asset Management,Software,29.829,30.098,-0.0089,05/03/29,9.19,,False,,False,,2025-09-30,2025-12-31,2,GSBD,29.829
"L&S Mechanical Acquisition, LLC",3,GREEN,0,1,1,1,BXSL,Blackstone Credit Advisors,Building Products,29.396,29.734,-0.0114,9/1/2027,,,False,,False,,2025-12-31,2025-12-31,1,BXSL,29.396
"Keel Platform, LLC",3,GREEN,0,1,1,1,PFLT,PennantPark Investment Advisers,Metals and Mining,28.918,32.137,-0.1002,01/20/2031,,,False,,False,,2025-09-30,2025-12-31,2,PFLT,28.918
"Onyx CenterSource, Inc.",3,GREEN,0,1,1,1,GSBD,Goldman Sachs Asset Management,Software,28.805,28.397,0.0144,12/15/28,10.3,,False,,False,,2025-09-30,2025-12-31,2,GSBD,28.805
"OpenMarket, Inc. (Infobip) (United Kingdom)",3,GREEN,0,1,1,1,TCPC,Tennenbaum Capital Partners (BlackRock),Wireless Telecommunication Services,28.6419,28.3974,0.0086,9/17/2026,5.5,,False,,False,,2025-09-30,2025-12-31,2,TCPC,28.6419
"EMS LINQ, LLC+",3,GREEN,0,1,1,1,GBDC,GC Advisors,Diversified Consumer Services,28.628,28.591,0.0013,12/2021,,,False,,False,,2025-09-30,2025-12-31,2,GBDC,28.628
"GovDelivery Holdings, LLC (dba Granicus, Inc.)",3,GREEN,0,1,1,1,GSBD,Goldman Sachs Asset Management,Software,28.617,28.589,0.001,01/17/31,9.74,,False,,False,,2025-09-30,2025-12-31,2,GSBD,28.617
Prophix Software Inc. (dba Pound Bidco),3,GREEN,0,1,1,1,GSBD,Goldman Sachs Asset Management,Financial Services,28.457,28.526,-0.0024,02/01/27,10.52,,False,,False,,2025-09-30,2025-12-31,2,GSBD,28.457
"Chess.com, LLC (fka Checkmate Finance Merger Sub, LLC)",3,GREEN,0,1,1,1,GSBD,Goldman Sachs Asset Management,Entertainment,28.174,28.094,0.0028,12/31/27,9.79,,False,,False,,2025-09-30,2025-12-31,2,GSBD,28.174
"Sonar Acquisitionco, Inc. (dba SimPRO)",3,GREEN,0,1,1,1,GSBD,Goldman Sachs Asset Management,Construction & Engineering,28.164,28.554,-0.0137,10/24/30,8.78,,False,,False,,2025-09-30,2025-12-31,2,GSBD,28.164
"Comar Holding Company, LLC",3,GREEN,0,1,1,1,CGBD,Carlyle Investment Management,"Containers, Packaging & Glass",27.794,30.705,-0.0948,6/18/2026,,,False,,False,,2025-09-30,2025-12-31,2,CGBD,27.794
"Persado, Inc.",3,GREEN,0,1,1,1,TCPC,Tennenbaum Capital Partners (BlackRock),Internet Software and Services,27.7313,28.1147,-0.0136,6/10/2027,7.5,,False,,False,,2025-12-31,2025-12-31,1,TCPC,27.7313
"PDI TA Holdings, Inc.+",3,GREEN,0,1,1,1,GBDC,GC Advisors,Food & Staples Retailing,27.682,23.308,0.1877,02/2023,,,False,,False,,2025-09-30,2025-12-31,2,GBDC,27.682
"Wellness AcquisitionCo, Inc. (dba SPINS)",3,GREEN,0,1,1,1,GSBD,Goldman Sachs Asset Management,IT Services,27.505,27.437,0.0025,01/20/27,9.71,,False,,False,,2025-09-30,2025-12-31,2,GSBD,27.505
CorePower Yoga LLC,3,GREEN,0,1,1,1,GSBD,Goldman Sachs Asset Management,Diversified Consumer Services,27.009,27.645,-0.023,05/14/26,11.69,,False,,False,,2025-09-30,2025-12-31,2,GSBD,27.009
"The Children's Place, Inc.",3,GREEN,0,1,1,1,SLRC,SLR Capital Partners,Specialty Retail,26.884,27.291,-0.0149,12/2025,,,False,,False,,2025-12-31,2025-12-31,1,SLRC,26.884
"CIBT Global, Inc.",3,GREEN,0,1,1,1,OBDC,Blue Owl Credit Advisors,,26.868,0.588,44.6939,6/2027,,,False,,False,,2025-09-30,2025-12-31,2,OBDC,26.868
NDC Acquisition Corp.,3,GREEN,0,1,1,1,BXSL,Blackstone Credit Advisors,Distributors,26.774,26.515,0.0098,3/9/2027,,,False,,False,,2025-12-31,2025-12-31,1,BXSL,26.774
Eastern Wholesale Fence LLC,3,GREEN,0,1,1,1,MAIN,Main Street Capital (internal),,26.542,27.635,-0.0396,10/30/2025,12.74,,False,,False,,2025-09-30,2025-12-31,2,MAIN,26.542
FSK Pallet Holding Corp. (Kamps),3,GREEN,0,1,1,1,TCPC,Tennenbaum Capital Partners (BlackRock),Debt Investments (continued),26.5243,26.0652,0.0176,12/23/2026,6.7,,False,,False,,2025-12-31,2025-12-31,1,TCPC,26.5243
"Blue River Pet Care, LLC+",3,GREEN,0,1,1,1,GBDC,GC Advisors,Healthcare Equipment & Supplies,26.496,26.433,0.0024,08/2019,,,False,,False,,2025-09-30,2025-12-31,2,GBDC,26.496
"PAI Holdco, Inc.",3,GREEN,0,1,1,1,CGBD,Carlyle Investment Management,Auto Aftermarket & Services,26.111,29.26,-0.1076,10/28/2028,,,False,,False,,2025-09-30,2025-12-31,2,CGBD,26.111
"Lobos Parent, Inc. (dba NEOGOV)",3,GREEN,0,1,1,1,GSBD,Goldman Sachs Asset Management,Software,25.989,25.969,0.0008,09/26/31,8.17,,False,,False,,2025-09-30,2025-12-31,2,GSBD,25.989
"Project Accelerate Parent, LLC (dba ABC Fitness)",3,GREEN,0,1,1,1,GSBD,Goldman Sachs Asset Management,Financial Services,25.82,25.796,0.0009,02/24/31,9.29,,False,,False,,2025-09-30,2025-12-31,2,GSBD,25.82
"3SI Security Systems, Inc.",3,GREEN,0,1,1,1,GSBD,Goldman Sachs Asset Management,Commercial Services & Supplies,25.723,27.988,-0.0809,12/16/26,10.62,,False,,False,,2025-09-30,2025-12-31,2,GSBD,25.723
"Bayside Opco, LLC+",3,GREEN,0,1,1,1,GBDC,GC Advisors,Healthcare Providers & Services,25.671,23.24,0.1046,05/2023,,,False,,False,,2025-09-30,2025-12-31,2,GBDC,25.671
"Greystone Select Company II, LLC (Passco)",3,GREEN,0,1,1,1,TCPC,Tennenbaum Capital Partners (BlackRock),Real Estate Management and Development,25.513,25.2809,0.0092,3/21/2027,6.61,,False,,False,,2025-12-31,2025-12-31,1,TCPC,25.513
"Harrington Industrial Plastics, LLC",3,GREEN,0,1,1,1,GSBD,Goldman Sachs Asset Management,Trading Companies & Distributors,25.347,25.036,0.0124,10/07/30,10.11,,False,,False,,2025-09-30,2025-12-31,2,GSBD,25.347
"Summit Buyer, LLC (dba Classic Collision)",3,GREEN,0,1,1,1,GSBD,Goldman Sachs Asset Management,Specialty Retail,25.316,24.869,0.018,05/31/30,8.72,,False,,False,,2025-09-30,2025-12-31,2,GSBD,25.316
"NC Topco, LLC (dba NContracts)",3,GREEN,0,1,1,1,GSBD,Goldman Sachs Asset Management,Software,25.236,25.154,0.0033,09/01/31,8.22,,False,,False,,2025-09-30,2025-12-31,2,GSBD,25.236
"WBZ Investment, LLC+",3,GREEN,0,1,1,1,GBDC,GC Advisors,Leisure Products,25.233,25.217,0.0006,09/2018,,,False,,False,,2025-09-30,2025-12-31,2,GBDC,25.233
"BCPE HIPH Parent, Inc. (dba Harrington Industrial Plastics)",3,GREEN,0,1,1,1,GSBD,Goldman Sachs Asset Management,Trading Companies & Distributors,25.13,24.903,0.0091,10/07/30,9.47,,False,,False,,2025-09-30,2025-12-31,2,GSBD,25.13
"SelectQuote, Inc. and SQ ABS Issuer, LLC",3,GREEN,0,1,1,1,ARCC,Ares Capital Management,,25.0,24.0,0.0417,09/2027,9.82,,False,,False,,2025-09-30,2025-12-31,2,ARCC,25.0
"HS Spa Holdings, Inc.+",3,GREEN,0,1,1,1,GBDC,GC Advisors,Diversified Consumer Services,24.992,25.023,-0.0012,05/2022,,,False,,False,,2025-09-30,2025-12-31,2,GBDC,24.992
Flo Health UK Limited,3,GREEN,0,1,1,1,TPVG,TriplePoint Advisers,Application Software,24.889,24.733,0.0063,2/28/2025,,,False,,False,,2025-09-30,2025-12-31,2,TPVG,24.889
"PTL US Bidco, Inc",3,GREEN,0,1,1,1,MAIN,Main Street Capital (internal),,24.354,24.649,-0.012,8/19/2027,13.03,,False,,False,,2025-09-30,2025-12-31,2,MAIN,24.354
"Houston Plating and Coatings, LLC",3,GREEN,0,1,1,1,MAIN,Main Street Capital (internal),,24.24,18.408,0.3168,4/2/2026,10.0,,False,,False,,2025-09-30,2025-12-31,2,MAIN,24.24
"Runway Bidco, LLC (dba Redwood Software)",3,GREEN,0,1,1,1,GSBD,Goldman Sachs Asset Management,Software,24.158,24.114,0.0018,12/17/31,9.0,,False,,False,,2025-09-30,2025-12-31,2,GSBD,24.158
"BayMark Health Services, Inc.",3,GREEN,0,1,1,1,SLRC,SLR Capital Partners,Health Care Providers & Services,24.05,24.342,-0.012,4/1/2022,,,False,,False,,2025-09-30,2025-12-31,2,SLRC,24.05
AAG KP Borrower LLC (dba KUIU),3,GREEN,0,1,1,1,GSBD,Goldman Sachs Asset Management,"Textiles, Apparel & Luxury Goods",24.001,24.004,-0.0001,12/05/31,8.76,,False,,False,,2025-12-31,2025-12-31,1,GSBD,24.001
"P&P Food Safety Holdings, Inc.+",3,GREEN,0,1,1,1,GBDC,GC Advisors,Food Products,23.883,24.254,-0.0153,12/2020,,,False,,False,,2025-09-30,2025-12-31,2,GBDC,23.883
"Epoch Acquisition, Inc.",3,GREEN,0,1,1,1,BXSL,Blackstone Credit Advisors,Health Care Providers & Services,23.807,23.735,0.003,10/4/2026,,,False,,False,,2025-12-31,2025-12-31,1,BXSL,23.807
"Sunshine Cadence HoldCo, LLC (dba Cadence Education)",3,GREEN,0,1,1,1,GSBD,Goldman Sachs Asset Management,Diversified Consumer Services,23.7,23.749,-0.0021,05/01/30,9.26,,False,,False,,2025-09-30,2025-12-31,2,GSBD,23.7
"Edko, LLC",3,GREEN,0,1,1,1,GSBD,Goldman Sachs Asset Management,Commercial Services & Supplies,23.558,23.565,-0.0003,10/02/31,8.42,,False,,False,,2025-12-31,2025-12-31,1,GSBD,23.558
"Superman Holdings, LLC (dba Foundation Software)",3,GREEN,0,1,1,1,GSBD,Goldman Sachs Asset Management,Construction & Engineering,23.522,23.516,0.0003,08/29/31,8.47,,False,,False,,2025-09-30,2025-12-31,2,GSBD,23.522
"American Health Staffing Group, Inc.",3,GREEN,0,1,1,1,MAIN,Main Street Capital (internal),,23.482,23.482,0.0,11/19/2026,12.14,,False,,False,,2025-09-30,2025-12-31,2,MAIN,23.482
Infillion Inc.,3,GREEN,0,1,1,1,SLRC,SLR Capital Partners,Professional Services,23.226,23.226,0.0,5/2025,,,False,,False,,2025-12-31,2025-12-31,1,SLRC,23.226
Homrich & Berg Inc,3,GREEN,0,1,1,1,FSK,FS/KKR Advisor,Financial Services,23.1,23.2,-0.0043,8/18/31,,,False,,False,,2025-09-30,2025-12-31,2,FSK,23.1
"Rubix Foods, LLC",3,GREEN,0,1,1,1,GSBD,Goldman Sachs Asset Management,Food Products,22.879,22.897,-0.0008,04/30/31,8.47,,False,,False,,2025-09-30,2025-12-31,2,GSBD,22.879
Razor US LP,3,GREEN,0,1,1,1,TCPC,Tennenbaum Capital Partners (BlackRock),Diversified Consumer Services,22.7113,26.3207,-0.1371,,3.0,,False,,False,,2025-12-31,2025-12-31,1,TCPC,22.7113
"Crown CT Parent Inc., Crown CT HoldCo Inc. and Crown CT Management LLC",3,GREEN,0,1,1,1,ARCC,Ares Capital Management,,22.7,26.7,-0.1498,03/2029,9.32,,False,,False,,2025-09-30,2025-12-31,2,ARCC,22.7
Tarpon Towers II LLC,3,GREEN,0,1,1,1,GSBD,Goldman Sachs Asset Management,Wireless Telecommunication Services,22.649,22.647,0.0001,02/01/29,9.64,,False,,False,,2025-09-30,2025-12-31,2,GSBD,22.649
"USA DeBusk, LLC",3,GREEN,0,1,1,1,GSBD,Goldman Sachs Asset Management,Commercial Services & Supplies,22.317,22.132,0.0084,04/30/30,9.27,,False,,False,,2025-09-30,2025-12-31,2,GSBD,22.317
Coretrust Purchasing Group LLC,3,GREEN,0,1,1,1,GSBD,Goldman Sachs Asset Management,Financial Services,22.109,22.038,0.0032,10/01/29,9.09,,False,,False,,2025-09-30,2025-12-31,2,GSBD,22.109
"Callodine Commercial Finance, LLC",3,GREEN,0,1,1,1,TCPC,Tennenbaum Capital Partners (BlackRock),Diversified Financial Services,22.0968,21.6737,0.0195,11/3/2025,11.26,,False,,False,,2025-12-31,2025-12-31,1,TCPC,22.0968
"Southeast Mechanical, LLC",3,GREEN,0,1,1,1,GSBD,Goldman Sachs Asset Management,Diversified Consumer Services,21.633,21.646,-0.0006,07/06/27,9.83,,False,,False,,2025-09-30,2025-12-31,2,GSBD,21.633
"Elemica Parent, Inc.",3,GREEN,0,1,1,1,GSBD,Goldman Sachs Asset Management,Chemicals,21.58,21.637,-0.0026,09/18/26,9.89,,False,,False,,2025-09-30,2025-12-31,2,GSBD,21.58
"UVP Management, LLC",3,GREEN,0,1,1,1,SLRC,SLR Capital Partners,Health Care Providers & Services,21.566,21.799,-0.0107,9/18/2023,,,False,,False,,2025-09-30,2025-12-31,2,SLRC,21.566
Velocity HoldCo III Inc. (dba VelocityEHS),3,GREEN,0,1,1,1,OBDC,Blue Owl Credit Advisors,Chemicals,21.546,21.328,0.0102,4/2027,,,False,,False,,2025-09-30,2025-12-31,2,OBDC,21.546
"Elastic Path Software, Inc. (Canada)",3,GREEN,0,1,1,1,TCPC,Tennenbaum Capital Partners (BlackRock),Software,21.2479,21.812,-0.0259,1/6/2026,7.76,,False,,False,,2025-12-31,2025-12-31,1,TCPC,21.2479
"Salon Lofts Group, LLC+",3,GREEN,0,1,1,1,GBDC,GC Advisors,Specialty Retail,21.12,21.282,-0.0076,08/2022,,,False,,False,,2025-09-30,2025-12-31,2,GBDC,21.12
"IT Parent, LLC",3,GREEN,0,1,1,1,TCPC,Tennenbaum Capital Partners (BlackRock),Insurance,21.0208,20.6741,0.0168,10/1/2026,5.93,,False,,False,,2025-12-31,2025-12-31,1,TCPC,21.0208
TEI Intermediate LLC (dba Triumvirate Environmental),3,GREEN,0,1,1,1,GSBD,Goldman Sachs Asset Management,Commercial Services & Supplies,21.006,20.923,0.004,12/15/31,8.83,,False,,False,,2025-09-30,2025-12-31,2,GSBD,21.006
Warren Resources Inc,3,GREEN,0,1,1,1,FSK,FS/KKR Advisor,Energy,21.0,0.0,,12/1/26,4.0,,False,,False,,2025-12-31,2025-12-31,1,FSK,21.0
Westwood Professional Services Inc.,3,GREEN,0,1,1,1,GSBD,Goldman Sachs Asset Management,Professional Services,20.997,21.037,-0.0019,09/19/31,8.63,,False,,False,,2025-09-30,2025-12-31,2,GSBD,20.997
"Tropical Bidco, LLC (dba Tropical Cheese)",3,GREEN,0,1,1,1,GSBD,Goldman Sachs Asset Management,Food Products,20.71,20.686,0.0012,12/11/30,8.76,,False,,False,,2025-09-30,2025-12-31,2,GSBD,20.71
"Recochem, Inc",3,GREEN,0,1,1,1,GSBD,Goldman Sachs Asset Management,Chemicals,20.665,20.47,0.0095,11/01/30,10.14,,False,,False,,2025-09-30,2025-12-31,2,GSBD,20.665
"MOP GM Holding, LLC+",3,GREEN,0,1,1,1,GBDC,GC Advisors,Automobiles,20.664,20.974,-0.0148,11/2020,,,False,,False,,2025-09-30,2025-12-31,2,GBDC,20.664
"FE Advance, LLC & Sonic ACA Advance LLC",3,GREEN,0,1,1,1,SLRC,SLR Capital Partners,Financial Services,20.649,20.894,-0.0117,7/2024,,,False,,False,,2025-12-31,2025-12-31,1,SLRC,20.649
"FE Advance, LLC",3,GREEN,0,1,1,1,SLRC,SLR Capital Partners,Diversified Financial Services,20.517,20.894,-0.018,7/30/2024,,,False,,False,,2025-09-30,2025-12-31,2,SLRC,20.517
"Charger Debt Merger Sub, LLC (dba Classic Collision)",3,GREEN,0,1,1,1,GSBD,Goldman Sachs Asset Management,Specialty Retail,20.473,20.513,-0.0019,05/31/30,9.09,,False,,False,,2025-09-30,2025-12-31,2,GSBD,20.473
"Hanna Andersson, LLC",3,GREEN,0,1,1,1,TCPC,Tennenbaum Capital Partners (BlackRock),Specialty Retail,20.3922,20.4523,-0.0029,7/2/2026,6.35,,False,,False,,2025-12-31,2025-12-31,1,TCPC,20.3922
RxSense Holdings LLC,3,GREEN,0,1,1,1,SLRC,SLR Capital Partners,Diversified Consumer Services,20.239,20.285,-0.0023,4/1/2022,,,False,,False,,2025-09-30,2025-12-31,2,SLRC,20.239
Recorded Books Inc. (dba RBMedia),3,GREEN,0,1,1,1,GSBD,Goldman Sachs Asset Management,Media,20.196,19.961,0.0118,08/31/28,9.92,,False,,False,,2025-09-30,2025-12-31,2,GSBD,20.196
"GTY Technology Holdings, Inc.+",3,GREEN,0,1,1,1,GBDC,GC Advisors,Software,20.115,20.263,-0.0073,07/2022,,,False,,False,,2025-09-30,2025-12-31,2,GBDC,20.115
"LVF Holdings, Inc.",3,GREEN,0,1,1,1,CGBD,Carlyle Investment Management,Beverage & Food,19.96,19.757,0.0103,6/10/2027,,,False,,False,,2025-09-30,2025-12-31,2,CGBD,19.96
"Southern Lifting and Hoisting, LLC",3,GREEN,0,1,1,1,SLRC,SLR Capital Partners,Transportation Infrastructure,19.885,19.885,0.0,1/2025,,,False,,False,,2025-12-31,2025-12-31,1,SLRC,19.885
"Messenger, LLC+",3,GREEN,0,1,1,1,GBDC,GC Advisors,Paper & Forest Products,19.881,19.324,0.0288,12/2021,,,False,,False,,2025-09-30,2025-12-31,2,GBDC,19.881
ABC Investment Holdco Inc. (dba ABC Plumbing),3,GREEN,0,1,1,1,GSBD,Goldman Sachs Asset Management,Diversified Consumer Services,19.78,19.98,-0.01,04/26/29,10.02,,False,,False,,2025-09-30,2025-12-31,2,GSBD,19.78
"Bayside Parent, LLC *",3,GREEN,0,1,1,1,SLRC,SLR Capital Partners,Health Care Providers & Services,19.676,22.822,-0.1378,,,,False,,False,,2025-09-30,2025-12-31,2,SLRC,19.676
"YS Garments, LLC",3,GREEN,0,1,1,1,MAIN,Main Street Capital (internal),,19.632,21.484,-0.0862,8/9/2026,11.9,,False,,False,,2025-09-30,2025-12-31,2,MAIN,19.632
"Southeast Mechanical, LLC (dba. SEM Holdings, LLC)",3,GREEN,0,1,1,1,GSBD,Goldman Sachs Asset Management,Diversified Consumer Services,19.601,19.524,0.0039,07/06/27,10.47,,False,,False,,2025-09-30,2025-12-31,2,GSBD,19.601
Rock Star Mergersub LLC (dba Triumvirate Environmental),3,GREEN,0,1,1,1,GSBD,Goldman Sachs Asset Management,Commercial Services & Supplies,19.599,19.6,-0.0001,12/15/31,9.15,,False,,False,,2025-09-30,2025-12-31,2,GSBD,19.599
"SPAR Marketing Force, Inc.",3,GREEN,0,1,1,1,SLRC,SLR Capital Partners,Media,19.586,19.586,0.0,12/1/2023,,,False,,False,,2025-09-30,2025-12-31,2,SLRC,19.586
Lighthouse Bidco GMBH+,3,GREEN,0,1,1,1,GBDC,GC Advisors,,19.447,21.927,-0.1131,,,,False,,False,,2025-09-30,2025-12-31,2,GBDC,19.447
"Covis Finco Sarl, Revolver",3,GREEN,0,1,1,1,FSK,FS/KKR Advisor,"Pharmaceuticals, Biotechnology & Life Sciences",19.4,19.3,0.0052,11/20/26,,,False,,False,,2025-09-30,2025-12-31,2,FSK,19.4
"LL Management, Inc.",3,GREEN,0,1,1,1,MAIN,Main Street Capital (internal),,19.212,19.212,0.0,12/31/2025,11.83,,False,,False,,2025-09-30,2025-12-31,2,MAIN,19.212
"The Affiliati Network, LLC",3,GREEN,0,1,1,1,MAIN,Main Street Capital (internal),,19.002,19.027,-0.0013,8/9/2026,10.0,,False,,False,,2025-09-30,2025-12-31,2,MAIN,19.002
Infront Luxembourg Finance S.À R.L. (Luxembourg),3,GREEN,0,1,1,1,CGBD,Carlyle Investment Management,Leisure Products & Services,18.89,20.455,-0.0765,5/28/2027,,,False,,False,,2025-09-30,2025-12-31,2,CGBD,18.89
GHA Buyer Inc. (dba Cedar Gate),3,GREEN,0,1,1,1,GSBD,Goldman Sachs Asset Management,Health Care Technology,18.832,18.912,-0.0042,06/24/26,9.83,,False,,False,,2025-09-30,2025-12-31,2,GSBD,18.832
"EIP Consolidated, LLC (dba Everest Infrastructure)",3,GREEN,0,1,1,1,GSBD,Goldman Sachs Asset Management,Wireless Telecommunication Services,18.683,18.688,-0.0003,12/07/28,10.34,,False,,False,,2025-09-30,2025-12-31,2,GSBD,18.683
"Ark Data Centers, LLC",3,GREEN,0,1,1,1,GSBD,Goldman Sachs Asset Management,IT Services,18.31,18.539,-0.0124,11/27/30,8.75,,False,,False,,2025-09-30,2025-12-31,2,GSBD,18.31
"Khoros, LLC (fka Lithium Technologies, Inc.)",3,GREEN,0,1,1,1,GSBD,Goldman Sachs Asset Management,Interactive Media & Services,18.262,18.329,-0.0037,05/23/30,10.0,,False,,False,,2025-09-30,2025-12-31,2,GSBD,18.262
Capitol Imaging Acquisition Corp.,3,GREEN,0,1,1,1,GSBD,Goldman Sachs Asset Management,Health Care Providers & Services,18.214,18.152,0.0034,10/01/25,11.35,,False,,False,,2025-09-30,2025-12-31,2,GSBD,18.214
"HealthEdge Software, Inc.",3,GREEN,0,1,1,1,GSBD,Goldman Sachs Asset Management,Health Care Technology,18.107,18.113,-0.0003,07/16/31,9.14,,False,,False,,2025-09-30,2025-12-31,2,GSBD,18.107
"BCTO Bluebill Buyer, Inc. (dba Ren)",3,GREEN,0,1,1,1,GSBD,Goldman Sachs Asset Management,Financial Services,18.003,18.01,-0.0004,07/30/32,8.34,,False,,False,,2025-09-30,2025-12-31,2,GSBD,18.003
Borrower R365 Holdings LLC,3,GREEN,0,1,1,1,ARCC,Ares Capital Management,,17.8,17.8,0.0,06/2027,9.82,,False,,False,,2025-09-30,2025-12-31,2,ARCC,17.8
OCM Luxembourg Baccarat BidCo S.À R.L. (Interblock) (Slovenia),3,GREEN,0,1,1,1,TCPC,Tennenbaum Capital Partners (BlackRock),Healthcare Providers and Services,17.75,17.2087,0.0315,6/3/2027,6.25,,False,,False,,2025-12-31,2025-12-31,1,TCPC,17.75
AGS Health BCP LLC (dba AGS Health),3,GREEN,0,1,1,1,GSBD,Goldman Sachs Asset Management,Health Care Technology,17.592,17.586,0.0003,08/02/32,8.32,,False,,False,,2025-09-30,2025-12-31,2,GSBD,17.592
Skyway Towers Intermediate LLC,3,GREEN,0,1,1,1,GSBD,Goldman Sachs Asset Management,Wireless Telecommunication Services,17.549,17.537,0.0007,12/22/28,9.59,,False,,False,,2025-09-30,2025-12-31,2,GSBD,17.549
"Personify, Inc.+",3,GREEN,0,1,1,1,GBDC,GC Advisors,,17.266,16.806,0.0274,09/2018,,,False,,False,,2025-09-30,2025-12-31,2,GBDC,17.266
Spindrift Beverage Co. Inc.+,3,GREEN,0,1,1,1,GBDC,GC Advisors,Beverages,17.135,15.308,0.1193,02/2025,,,False,,False,,2025-09-30,2025-12-31,2,GBDC,17.135
Artera Services LLC,3,GREEN,0,1,1,1,OCSL,Oaktree Capital Management,Construction & Engineering,17.02,19.592,-0.1313,2/15/2031,4.5,,False,,False,,2025-09-30,2025-12-31,2,OCSL,17.02
"ADCS Clinics Intermediate Holdings, LLC",3,GREEN,0,1,1,1,BXSL,Blackstone Credit Advisors,Health Care Providers & Services,17.017,16.908,0.0064,5/7/2026,,,False,,False,,2025-12-31,2025-12-31,1,BXSL,17.017
"Emerald Technologies Acquisition Co, Inc.",3,GREEN,0,1,1,1,MAIN,Main Street Capital (internal),,16.899,18.917,-0.1067,12/29/2027,10.44,,False,,False,,2025-09-30,2025-12-31,2,MAIN,16.899
Transform Bidco Limited+,3,GREEN,0,1,1,1,GBDC,GC Advisors,,16.754,17.016,-0.0154,04/2025,,,False,,False,,2025-09-30,2025-12-31,2,GBDC,16.754
"Newtek Merchant Solutions, LLC (dba NewtekOne)",3,GREEN,0,1,1,1,GSBD,Goldman Sachs Asset Management,Financial Services,16.641,16.648,-0.0004,09/26/30,9.22,,False,,False,,2025-09-30,2025-12-31,2,GSBD,16.641
"Active Day, Inc.+",3,GREEN,0,1,1,1,GBDC,GC Advisors,Healthcare Providers & Services,16.62,15.568,0.0676,12/2015,,,False,,False,,2025-09-30,2025-12-31,2,GBDC,16.62
"Peter C. Foy & Associates Insurance Services, LLC",3,GREEN,0,1,1,1,SLRC,SLR Capital Partners,Insurance,16.508,16.706,-0.0119,4/1/2022,,,False,,False,,2025-09-30,2025-12-31,2,SLRC,16.508
"Turbo Buyer, Inc.",3,GREEN,0,1,1,1,CGBD,Carlyle Investment Management,Auto Aftermarket & Services,16.431,17.557,-0.0641,12/2/2025,,,False,,False,,2025-09-30,2025-12-31,2,CGBD,16.431
"ALCV Purchaser, Inc. (AutoLenders)",3,GREEN,0,1,1,1,TCPC,Tennenbaum Capital Partners (BlackRock),Automobiles,16.4304,16.3807,0.003,2/25/2026,7.01,,False,,False,,2025-12-31,2025-12-31,1,TCPC,16.4304
"Appriss Health, LLC (PatientPing)",3,GREEN,0,1,1,1,TCPC,Tennenbaum Capital Partners (BlackRock),Health Care Technology,16.2263,15.9284,0.0187,5/6/2027,6.45,,False,,False,,2025-09-30,2025-12-31,2,TCPC,16.2263
"SEP Raptor Acquisition, Inc. (Loopio) (Canada)",3,GREEN,0,1,1,1,TCPC,Tennenbaum Capital Partners (BlackRock),Debt Investments (continued),16.2247,16.0166,0.013,3/31/2027,5.5,,False,,False,,2025-12-31,2025-12-31,1,TCPC,16.2247
SitusAMC Holdings Corp,3,GREEN,0,1,1,1,FSK,FS/KKR Advisor,Real Estate Management & Development,16.1,15.9,0.0126,12/22/27,,,False,,False,,2025-09-30,2025-12-31,2,FSK,16.1
"Freedom Financial Network Funding, LLC",3,GREEN,0,1,1,1,TCPC,Tennenbaum Capital Partners (BlackRock),Consumer Finance,16.0888,16.0007,0.0055,9/21/2027,9.25,,False,,False,,2025-12-31,2025-12-31,1,TCPC,16.0888
"Vamos Bidco, Inc. (dba VIP)",3,GREEN,0,1,1,1,GSBD,Goldman Sachs Asset Management,Software,16.062,16.037,0.0016,01/30/32,8.42,,False,,False,,2025-09-30,2025-12-31,2,GSBD,16.062
Aegis Toxicology Sciences Corporation,3,GREEN,0,1,1,1,SLRC,SLR Capital Partners,Health Care Providers & Services,15.97,16.017,-0.0029,5/7/2018,,,False,,False,,2025-09-30,2025-12-31,2,SLRC,15.97
"Priority Technology Holdings, Inc. (dba Priority Payment)",3,GREEN,0,1,1,1,GSBD,Goldman Sachs Asset Management,Financial Services,15.927,15.853,0.0047,05/16/31,9.11,,False,,False,,2025-09-30,2025-12-31,2,GSBD,15.927
"CI (Quercus) Intermediate Holdings, LLC (dba SavATree)",3,GREEN,0,1,1,1,GSBD,Goldman Sachs Asset Management,Diversified Consumer Services,15.883,15.855,0.0018,06/06/31,8.98,,False,,False,,2025-09-30,2025-12-31,2,GSBD,15.883
"Divisions Holding Corporation, Divisions, Inc. and RC V Tecmo Investor LLC",3,GREEN,0,1,1,1,ARCC,Ares Capital Management,,15.7,17.7,-0.113,04/2032,8.17,,False,,False,,2025-09-30,2025-12-31,2,ARCC,15.7
"Cambium Holdings, LLC",3,GREEN,0,1,1,1,BXSL,Blackstone Credit Advisors,Diversified Consumer Services,15.641,12.315,0.2701,8/3/2021,,,False,,False,,2025-12-31,2025-12-31,1,BXSL,15.641
"VisionSafe Holdings, Inc.",3,GREEN,0,1,1,1,GSBD,Goldman Sachs Asset Management,Aerospace & Defense,15.581,15.622,-0.0026,04/19/30,9.97,,False,,False,,2025-09-30,2025-12-31,2,GSBD,15.581
Goldcup 31018 AB+,3,GREEN,0,1,1,1,GBDC,GC Advisors,,15.46,17.386,-0.1108,,,,False,,False,,2025-09-30,2025-12-31,2,GBDC,15.46
"US Signal Company, LLC",3,GREEN,0,1,1,1,GSBD,Goldman Sachs Asset Management,IT Services,15.146,15.164,-0.0012,09/04/29,9.7,,False,,False,,2025-09-30,2025-12-31,2,GSBD,15.146
"Lightbox Holdings, L.P.",3,GREEN,0,1,1,1,MAIN,Main Street Capital (internal),,15.059,15.525,-0.03,5/9/2026,9.44,,False,,False,,2025-09-30,2025-12-31,2,MAIN,15.059
SI Swan UK Bidco Limited (dba Sapiens International),3,GREEN,0,1,1,1,GSBD,Goldman Sachs Asset Management,Software,15.035,15.035,0.0,06/17/26,8.59,,False,,False,,2025-09-30,2025-12-31,2,GSBD,15.035
Denali Bidco Limited+,3,GREEN,0,1,1,1,GBDC,GC Advisors,Software,15.023,16.027,-0.0626,08/2023,,,False,,False,,2025-09-30,2025-12-31,2,GBDC,15.023
"FirstUp, Inc.+",3,GREEN,0,1,1,1,GBDC,GC Advisors,Software,15.011,14.663,0.0237,07/2021,,,False,,False,,2025-09-30,2025-12-31,2,GBDC,15.011
"Ideal Components Acquisition, LLC (dba Ideal Tridon)",3,GREEN,0,1,1,1,GSBD,Goldman Sachs Asset Management,Machinery,14.731,14.725,0.0004,06/30/32,8.67,,False,,False,,2025-09-30,2025-12-31,2,GSBD,14.731
Auvik Networks Inc.+,3,GREEN,0,1,1,1,GBDC,GC Advisors,Software,14.587,14.167,0.0296,07/2021,,,False,,False,,2025-09-30,2025-12-31,2,GBDC,14.587
"AI Titan Parent, Inc. (dba Prometheus)",3,GREEN,0,1,1,1,GSBD,Goldman Sachs Asset Management,Software,14.53,14.542,-0.0008,08/29/31,8.66,,False,,False,,2025-09-30,2025-12-31,2,GSBD,14.53
DOC Generici Srl,3,GREEN,0,1,1,1,FSK,FS/KKR Advisor,"Pharmaceuticals, Biotechnology & Life Sciences",14.5,13.7,0.0584,10/27/28,,,False,,False,,2025-09-30,2025-12-31,2,FSK,14.5
"Dynamic Communities, LLC",3,GREEN,0,1,1,1,MAIN,Main Street Capital (internal),,14.5,14.858,-0.0241,12/31/2026,12.37,,False,,False,,2025-09-30,2025-12-31,2,MAIN,14.5
"Clearview Buyer, Inc.",3,GREEN,0,1,1,1,BXSL,Blackstone Credit Advisors,Professional Services (continued),14.458,14.343,0.008,8/26/2027,,,False,,False,,2025-12-31,2025-12-31,1,BXSL,14.458
"Pinnacle Fertility, Inc.",3,GREEN,0,1,1,1,SLRC,SLR Capital Partners,Health Care Providers & Services,14.381,14.411,-0.0021,3/2025,,,False,,False,,2025-09-30,2025-12-31,2,SLRC,14.381
"Precinmac, LP",3,GREEN,0,1,1,1,GSBD,Goldman Sachs Asset Management,Machinery,14.293,14.294,-0.0001,12/02/31,9.55,,False,,False,,2025-09-30,2025-12-31,2,GSBD,14.293
"mPulse Mobile, Inc. (dba Zipari Inc.)",3,GREEN,0,1,1,1,GSBD,Goldman Sachs Asset Management,Health Care Technology,14.247,14.144,0.0073,09/05/31,,,False,,False,,2025-09-30,2025-12-31,2,GSBD,14.247
Drogon Bidco Inc. & Drogon Aggregator LP,3,GREEN,0,1,1,1,ARCC,Ares Capital Management,,14.2,16.2,-0.1235,08/2031,8.47,,False,,False,,2025-09-30,2025-12-31,2,ARCC,14.2
Nerdy Inc.,3,GREEN,0,1,1,1,HTGC,Hercules Capital (internal),Consumer & Business Services,14.133,15.867,-0.1093,,3.5,350.0,False,,False,,2025-09-30,2025-12-31,2,HTGC,14.133
"Nvest, Inc. (SigFig)",3,GREEN,0,1,1,1,TCPC,Tennenbaum Capital Partners (BlackRock),Debt Investments (continued),14.1303,14.3642,-0.0163,9/15/2025,7.5,,False,,False,,2025-12-31,2025-12-31,1,TCPC,14.1303
"PPW Aero Buyer, Inc.+",3,GREEN,0,1,1,1,GBDC,GC Advisors,Aerospace & Defense,14.068,13.307,0.0572,02/2023,,,False,,False,,2025-09-30,2025-12-31,2,GBDC,14.068
"Kene Acquisition, Inc. (dba Entrust)",3,GREEN,0,1,1,1,GSBD,Goldman Sachs Asset Management,Commercial Services & Supplies,13.869,13.803,0.0048,02/07/31,9.42,,False,,False,,2025-09-30,2025-12-31,2,GSBD,13.869
SAMBA Safety Inc,3,GREEN,0,1,1,1,FSK,FS/KKR Advisor,Software & Services,13.6,13.6,0.0,9/1/27,,,False,,False,,2025-09-30,2025-12-31,2,FSK,13.6
"ERC Topco Holdings, LLC+",3,GREEN,0,1,1,1,GBDC,GC Advisors,Healthcare Providers & Services,13.52,9.325,0.4499,03/2025,,,False,,False,,2025-09-30,2025-12-31,2,GBDC,13.52
"JSG II, Inc.",3,GREEN,0,1,1,1,OBDC,Blue Owl Credit Advisors,Manufacturing,13.495,13.462,0.0025,6/2026,,,False,,False,,2025-09-30,2025-12-31,2,OBDC,13.495
"Intelligent Medical Objects, Inc.",3,GREEN,0,1,1,1,GSBD,Goldman Sachs Asset Management,Health Care Technology,13.471,13.643,-0.0126,05/11/28,9.42,,False,,False,,2025-09-30,2025-12-31,2,GSBD,13.471
"Stella & Chewy's, LLC",3,GREEN,0,1,1,1,SLRC,SLR Capital Partners,Consumer Staples Distribution & Retail,13.327,13.494,-0.0124,3/2025,,,False,,False,,2025-12-31,2025-12-31,1,SLRC,13.327
"BDG Media, Inc.",3,GREEN,0,1,1,1,SLRC,SLR Capital Partners,Media,13.303,13.303,0.0,7/2022,,,False,,False,,2025-09-30,2025-12-31,2,SLRC,13.303
"IMO Investor Holdings, Inc. (fka Intelligent Medical Objects, Inc.)",3,GREEN,0,1,1,1,GSBD,Goldman Sachs Asset Management,Health Care Technology,13.24,13.22,0.0015,05/11/28,8.61,,False,,False,,2025-09-30,2025-12-31,2,GSBD,13.24
"Barfly Ventures, LLC",3,GREEN,0,1,1,1,MAIN,Main Street Capital (internal),,13.142,4.59,1.8632,10/31/2026,7.0,,False,,False,,2025-09-30,2025-12-31,2,MAIN,13.142
Zeppelin US Buyer Inc. (dba Global Critical Logistics),3,GREEN,0,1,1,1,GSBD,Goldman Sachs Asset Management,Air Freight & Logistics,13.111,13.115,-0.0003,07/30/32,8.42,,False,,False,,2025-09-30,2025-12-31,2,GSBD,13.111
"A Place For Mom, Inc.",3,GREEN,0,1,1,1,GSBD,Goldman Sachs Asset Management,Diversified Consumer Services,13.059,14.21,-0.081,02/10/26,9.1,,False,,False,,2025-09-30,2025-12-31,2,GSBD,13.059
"Greystone Affordable Housing Initiatives, LLC",3,GREEN,0,1,1,1,TCPC,Tennenbaum Capital Partners (BlackRock),Real Estate Management and Development,12.9229,12.9282,-0.0004,3/2/2026,6.43,,False,,False,,2025-12-31,2025-12-31,1,TCPC,12.9229
"BP Purchaser, LLC",3,GREEN,0,1,1,1,BXSL,Blackstone Credit Advisors,Distributors,12.873,14.636,-0.1205,12/10/2028,,,False,,False,,2025-12-31,2025-12-31,1,BXSL,12.873
"ML Holdco, LLC (dba MeridianLink)",3,GREEN,0,1,1,1,GSBD,Goldman Sachs Asset Management,Software,12.73,12.731,-0.0001,10/25/32,8.37,,False,,False,,2025-09-30,2025-12-31,2,GSBD,12.73
Alpha Financial Markets Consulting PLC,3,GREEN,0,1,1,1,FSK,FS/KKR Advisor,Commercial & Professional Services,12.5,11.9,0.0504,8/16/31,,,False,,False,,2025-09-30,2025-12-31,2,FSK,12.5
"pH Beauty Holdings III, Inc.",3,GREEN,0,1,1,1,ARCC,Ares Capital Management,,12.2,12.2,0.0,09/2027,8.78,,False,,False,,2025-09-30,2025-12-31,2,ARCC,12.2
"Metal Supermarkets US Buyer, LLC+",3,GREEN,0,1,1,1,GBDC,GC Advisors,Specialty Retail,12.095,11.799,0.0251,12/2024,,,False,,False,,2025-09-30,2025-12-31,2,GBDC,12.095
"Quick Quack Car Wash Holdings, LLC+",3,GREEN,0,1,1,1,GBDC,GC Advisors,Automobiles,12.012,12.092,-0.0066,06/2024,,,False,,False,,2025-09-30,2025-12-31,2,GBDC,12.012
"Connexin Software, Inc.+",3,GREEN,0,1,1,1,GBDC,GC Advisors,Healthcare Technology,11.957,11.922,0.0029,02/2018,,,False,,False,,2025-09-30,2025-12-31,2,GBDC,11.957
BMS Holdings III Corp.,3,GREEN,0,1,1,1,CGBD,Carlyle Investment Management,Construction & Building,11.887,12.459,-0.0459,9/30/2026,,,False,,False,,2025-09-30,2025-12-31,2,CGBD,11.887
"Smartronix, LLC",3,GREEN,0,1,2,1,PFLT,PennantPark Investment Advisers,Aerospace and Defense,11.877,11.861,0.0013,02/06/2032,8.42,,False,,False,,2025-09-30,2025-12-31,2,PFLT,11.877
Trescal SA,3,GREEN,0,1,1,1,FSK,FS/KKR Advisor,Commercial & Professional Services,11.7,11.5,0.0174,4/29/30,,,False,,False,,2025-09-30,2025-12-31,2,FSK,11.7
"NAS, LLC and Nationwide Marketing Group, LLC",3,GREEN,0,1,1,1,ARCC,Ares Capital Management,,11.5,11.5,0.0,04/2026,10.49,,False,,False,,2025-09-30,2025-12-31,2,ARCC,11.5
SLR Equipment Finance,3,GREEN,0,1,1,1,SLRC,SLR Capital Partners,Multi-Sector Holdings,11.5,11.5,0.0,12/1/2025,8.5,,False,,False,,2025-09-30,2025-12-31,2,SLRC,11.5
"Oranje Holdco, Inc.",3,GREEN,0,1,2,1,CGBD,Carlyle Investment Management,Business Services,11.466,11.195,0.0242,2/1/2029,,,False,,False,,2025-09-30,2025-12-31,2,CGBD,11.466
"PPW Aero Buyer, Inc. (dba Pursuit Aerospace)",3,GREEN,0,1,1,1,GSBD,Goldman Sachs Asset Management,Aerospace & Defense,11.361,11.319,0.0037,09/30/31,8.67,,False,,False,,2025-09-30,2025-12-31,2,GSBD,11.361
Southern Transport LLC,3,GREEN,0,1,1,1,SLRC,SLR Capital Partners,Transportation Infrastructure,11.188,11.188,0.0,1/2025,,,False,,False,,2025-12-31,2025-12-31,1,SLRC,11.188
"Point Broadband Holdings, LLC",3,GREEN,0,1,1,1,BXSL,Blackstone Credit Advisors,Diversified Telecommunication Services,10.629,8.419,0.2625,10/1/2021,,,False,,False,,2025-12-31,2025-12-31,1,BXSL,10.629
Precision Concepts Parent Inc.,3,GREEN,0,1,1,1,GSBD,Goldman Sachs Asset Management,Containers & Packaging,10.624,10.628,-0.0004,08/02/32,8.58,,False,,False,,2025-09-30,2025-12-31,2,GSBD,10.624
"Arnott, LLC+",3,GREEN,0,1,1,1,GBDC,GC Advisors,Auto Components,10.41,10.615,-0.0193,12/2024,,,False,,False,,2025-09-30,2025-12-31,2,GBDC,10.41
Everest Clinical Research Corporation,3,GREEN,0,1,1,1,GSBD,Goldman Sachs Asset Management,Professional Services,10.316,10.26,0.0055,11/06/26,9.23,,False,,False,,2025-09-30,2025-12-31,2,GSBD,10.316
UFT Buyer LLC (dba United Flow Technologies),3,GREEN,0,1,1,1,GSBD,Goldman Sachs Asset Management,Trading Companies & Distributors,10.312,10.313,-0.0001,12/06/32,8.27,,False,,False,,2025-12-31,2025-12-31,1,GSBD,10.312
"WCP Ivyrehab QP CF Feeder, LP",3,GREEN,0,1,2,1,PNNT,PennantPark Investment Advisers,"Healthcare, Education and Childcare",10.138,7.706,0.3156,,,,False,,False,,2025-09-30,2025-12-31,2,PNNT,10.138
"VASA Fitness Buyer, Inc.",3,GREEN,0,1,1,1,GSBD,Goldman Sachs Asset Management,Diversified Consumer Services,10.095,9.883,0.0215,08/14/28,10.92,,False,,False,,2025-09-30,2025-12-31,2,GSBD,10.095
"NP Riverhead Industrial, LLC",3,GREEN,0,1,1,1,PNNT,PennantPark Investment Advisers,Buildings and Real Estate,10.019,10.0,0.0019,12/10/2025,,,False,,False,,2025-09-30,2025-12-31,2,PNNT,10.019
"Wilbur-Ellis Holdings II, LLC",3,GREEN,0,1,1,1,SLRC,SLR Capital Partners,Fertilizer & Agricultural Chemicals,10.011,10.011,0.0,6/2025,,,False,,False,,2025-09-30,2025-12-31,2,SLRC,10.011
"Altitude II IRL WH Borrower DAC, Revolver",3,GREEN,0,1,1,1,FSK,FS/KKR Advisor,Capital Goods,9.8,9.8,0.0,1/12/30,,,False,,False,,2025-09-30,2025-12-31,2,FSK,9.8
Harri US LLC+,3,GREEN,0,1,1,1,GBDC,GC Advisors,Healthcare Technology,9.649,7.149,0.3497,10/2021,,,False,,False,,2025-09-30,2025-12-31,2,GBDC,9.649
Octagon Towers LLC,3,GREEN,0,1,1,1,GSBD,Goldman Sachs Asset Management,Wireless Telecommunication Services,9.607,9.607,0.0,09/04/28,8.68,,False,,False,,2025-12-31,2025-12-31,1,GSBD,9.607
"RFS Opco, LLC",3,GREEN,0,1,2,1,BXSL,Blackstone Credit Advisors,Financial Services,9.491,9.406,0.009,4/4/2031,,,False,,False,,2025-09-30,2025-12-31,2,BXSL,9.491
"Circustrix Holdings, LLC (dba SkyZone)",3,GREEN,0,1,1,1,GSBD,Goldman Sachs Asset Management,Leisure Products,9.477,9.395,0.0087,07/18/28,10.67,,False,,False,,2025-09-30,2025-12-31,2,GSBD,9.477
"OIS Management Services, LLC",3,GREEN,0,1,1,1,SLRC,SLR Capital Partners,Health Care Providers & Services,9.368,9.462,-0.0099,10/2025,,,False,,False,,2025-12-31,2025-12-31,1,SLRC,9.368
"Legends Hospitality Holding Company, LLC (fka ASM Buyer, Inc.)",3,GREEN,0,1,1,1,GSBD,Goldman Sachs Asset Management,Commercial Services & Supplies,9.346,9.254,0.0099,08/22/30,9.19,,False,,False,,2025-09-30,2025-12-31,2,GSBD,9.346
"Animal Supply Intermediate, LLC",3,GREEN,0,1,1,1,GSBD,Goldman Sachs Asset Management,Distributors,9.031,0.0,,11/14/25,,,False,,False,,2025-09-30,2025-12-31,2,GSBD,9.031
Buckeye Acquiror LLC (dba Superior Environmental Solutions),3,GREEN,0,1,1,1,GSBD,Goldman Sachs Asset Management,Commercial Services & Supplies,8.798,8.773,0.0028,08/01/29,10.1,,False,,False,,2025-09-30,2025-12-31,2,GSBD,8.798
"Towerco IV Holdings, LLC",3,GREEN,0,1,1,1,GSBD,Goldman Sachs Asset Management,Wireless Telecommunication Services,8.682,8.657,0.0029,08/31/28,7.88,,False,,False,,2025-09-30,2025-12-31,2,GSBD,8.682
"OHCP V TC COI, LP",3,GREEN,0,1,1,1,BXSL,Blackstone Credit Advisors,Professional Services,8.647,3.5,1.4706,6/29/2021,,,False,,False,,2025-12-31,2025-12-31,1,BXSL,8.647
1272775 B.C. LTD. (dba Everest Clinical Research),3,GREEN,0,1,1,1,GSBD,Goldman Sachs Asset Management,Professional Services,8.638,8.632,0.0007,11/06/26,9.98,,False,,False,,2025-09-30,2025-12-31,2,GSBD,8.638
"ASM Buyer, Inc.",3,GREEN,0,1,1,1,GSBD,Goldman Sachs Asset Management,Commercial Services & Supplies,8.569,8.422,0.0175,08/22/30,10.01,,False,,False,,2025-09-30,2025-12-31,2,GSBD,8.569
Snowbird Manager LP,3,GREEN,0,1,1,1,OBDC,Blue Owl Credit Advisors,Financial services,8.425,9.425,-0.1061,,,,False,,False,,2025-12-31,2025-12-31,1,OBDC,8.425
"Critical Start, Inc.+",3,GREEN,0,1,1,1,GBDC,GC Advisors,IT Services,8.401,8.396,0.0006,05/2022,,,False,,False,,2025-09-30,2025-12-31,2,GBDC,8.401
"Jackmont Hospitality, Inc.",3,GREEN,0,1,1,1,MAIN,Main Street Capital (internal),,8.334,6.814,0.2231,11/4/2026,12.18,,False,,False,,2025-09-30,2025-12-31,2,MAIN,8.334
Superior Environmental Solutions,3,GREEN,0,1,1,1,GSBD,Goldman Sachs Asset Management,Commercial Services & Supplies,8.326,8.209,0.0143,08/01/29,10.78,,False,,False,,2025-09-30,2025-12-31,2,GSBD,8.326
"Easy Mile Fitness, LLC",3,GREEN,0,1,1,1,GSBD,Goldman Sachs Asset Management,"Hotels, Restaurants & Leisure",8.282,8.3,-0.0022,09/12/29,11.09,,False,,False,,2025-09-30,2025-12-31,2,GSBD,8.282
"Modigent, LLC (Pueblo)",3,GREEN,0,1,1,1,TCPC,Tennenbaum Capital Partners (BlackRock),Commercial Services & Supplies,8.28,8.1259,0.019,8/23/2027,5.84,,False,,False,,2025-12-31,2025-12-31,1,TCPC,8.28
"Bayside Opco, LLC (dba Pro-PT)",3,GREEN,0,1,1,1,GSBD,Goldman Sachs Asset Management,Health Care Providers & Services,8.254,7.517,0.098,05/31/26,11.4,,False,,False,,2025-09-30,2025-12-31,2,GSBD,8.254
"Airwavz Solutions, Inc.",3,GREEN,0,1,1,1,GSBD,Goldman Sachs Asset Management,Wireless Telecommunication Services,8.123,8.149,-0.0032,03/31/27,9.07,,False,,False,,2025-09-30,2025-12-31,2,GSBD,8.123
Reaction Biology Corporation+,3,GREEN,0,1,1,1,GBDC,GC Advisors,Life Sciences Tools & Services,8.1161,8.255,-0.0168,03/2025,,,False,,False,,2025-09-30,2025-12-31,2,GBDC,8.1161
"Mesoblast, Inc.",3,GREEN,0,1,1,1,OCSL,Oaktree Capital Management,Biotechnology,8.035,7.09,0.1333,11/19/2026,,,False,,False,,2025-09-30,2025-12-31,2,OCSL,8.035
"Tricentis Operations Holdings, Inc.+",3,GREEN,0,1,1,1,GBDC,GC Advisors,,7.833,7.877,-0.0056,02/2025,,,False,,False,,2025-09-30,2025-12-31,2,GBDC,7.833
"EIS Acquisition Holdings, LP",3,GREEN,0,1,1,1,BXSL,Blackstone Credit Advisors,Distributors,7.796,3.35,1.3272,11/1/2021,,,False,,False,,2025-12-31,2025-12-31,1,BXSL,7.796
"Lifelong Learner Holdings, LLC",3,GREEN,0,1,1,1,CGBD,Carlyle Investment Management,Business Services,7.637,8.477,-0.0991,10/18/2025,,,False,,False,,2025-09-30,2025-12-31,2,CGBD,7.637
USR Parent Inc.,3,GREEN,0,1,1,1,CGBD,Carlyle Investment Management,Retail,7.578,7.613,-0.0046,4/25/2027,,,False,,False,,2025-09-30,2025-12-31,2,CGBD,7.578
ResearchGate GmBH (Germany),3,GREEN,0,1,1,1,TCPC,Tennenbaum Capital Partners (BlackRock),Debt Investments (continued),7.4725,8.232,-0.0923,10/30/2025,,,False,,False,,2025-09-30,2025-12-31,2,TCPC,7.4725
CWC Fund I Co-Invest (ALTI) LP,3,GREEN,0,1,1,1,ARCC,Ares Capital Management,Investment Funds and Vehicles,7.4,6.3,0.1746,03/2024,,,False,,False,,2025-09-30,2025-12-31,2,ARCC,7.4
"Micross Topco, Inc.",3,GREEN,0,1,1,1,BXSL,Blackstone Credit Advisors,Aerospace & Defense,7.198,4.767,0.51,3/28/2022,,,False,,False,,2025-12-31,2025-12-31,1,BXSL,7.198
"EnviroSmart, LLC (dba ES Integrated)",3,GREEN,0,1,1,1,GSBD,Goldman Sachs Asset Management,Commercial Services & Supplies,7.166,7.144,0.0031,09/24/31,8.47,,False,,False,,2025-09-30,2025-12-31,2,GSBD,7.166
Everest Clinical Research Corporation (fka 1272775 B.C. LTD.),3,GREEN,0,1,1,1,GSBD,Goldman Sachs Asset Management,Professional Services,7.116,7.097,0.0027,11/06/28,8.32,,False,,False,,2025-09-30,2025-12-31,2,GSBD,7.116
"Mineola 212, LLC",3,GREEN,0,1,1,1,PNNT,PennantPark Investment Advisers,Buildings and Real Estate,7.018,7.0,0.0026,12/24/2025,,,False,,False,,2025-09-30,2025-12-31,2,PNNT,7.018
Fusion Holding Corp. (Finalsite),3,GREEN,0,1,1,1,TCPC,Tennenbaum Capital Partners (BlackRock),Diversified Consumer Services,6.9756,7.067,-0.0129,9/15/2027,6.23,,False,,False,,2025-09-30,2025-12-31,2,TCPC,6.9756
"Guidepoint Security Holdings, LLC (fka GPS Phoenix Buyer, Inc.)",3,GREEN,0,1,1,1,GSBD,Goldman Sachs Asset Management,IT Services,6.832,6.786,0.0068,10/02/29,8.97,,False,,False,,2025-09-30,2025-12-31,2,GSBD,6.832
"Onit, Inc.+",3,GREEN,0,1,1,1,GBDC,GC Advisors,,6.81,6.877,-0.0097,09/2025,,,False,,False,,2025-09-30,2025-12-31,2,GBDC,6.81
"PCG-TAC-CV, LP",3,GREEN,0,1,1,1,ARCC,Ares Capital Management,Investment Funds and Vehicles,6.8,0.0,,01/2025,,,False,,False,,2025-09-30,2025-12-31,2,ARCC,6.8
"Environmental Protection & Improvement Company, LLC",3,GREEN,0,1,1,1,SLRC,SLR Capital Partners,Ground Transportation,6.763,6.783,-0.0029,10/1/2027,8.25,,False,,False,,2025-09-30,2025-12-31,2,SLRC,6.763
"Wildcat Solutions Holdings, LLC (dba O6 Environmental)",3,GREEN,0,1,1,1,GSBD,Goldman Sachs Asset Management,Commercial Services & Supplies,6.705,6.696,0.0013,08/05/32,8.51,,False,,False,,2025-09-30,2025-12-31,2,GSBD,6.705
"Sightly Enterprises, Inc.",3,GREEN,0,1,1,1,SLRC,SLR Capital Partners,Media,6.662,6.662,0.0,1/2024,,,False,,False,,2025-09-30,2025-12-31,2,SLRC,6.662
"One Touch Direct, LLC",3,GREEN,0,1,1,1,SLRC,SLR Capital Partners,Commercial Services & Supplies,6.486,6.486,0.0,12/1/2023,,,False,,False,,2025-09-30,2025-12-31,2,SLRC,6.486
Navex Global Holdings Corporation+,3,GREEN,0,1,1,1,GBDC,GC Advisors,,6.462,6.408,0.0084,10/2025,,,False,,False,,2025-12-31,2025-12-31,1,GBDC,6.462
Chase Intermediate+,3,GREEN,0,1,1,1,GBDC,GC Advisors,Containers & Packaging,6.354,6.445,-0.0141,04/2022,,,False,,False,,2025-09-30,2025-12-31,2,GBDC,6.354
"Arrow Buyer, Inc. (dba Archer Technologies)",3,GREEN,0,1,1,1,GSBD,Goldman Sachs Asset Management,Software,6.328,6.244,0.0135,07/01/30,9.36,,False,,False,,2025-09-30,2025-12-31,2,GSBD,6.328
"Copper River Seafoods, Inc.",3,GREEN,0,1,1,1,SLRC,SLR Capital Partners,Food Products,6.285,6.285,0.0,12/1/2023,,,False,,False,,2025-09-30,2025-12-31,2,SLRC,6.285
Bridge Capital Solutions Corporation,3,GREEN,0,1,1,1,MAIN,Main Street Capital (internal),,6.264,0.0,,7/25/2026,,,False,,False,,2025-09-30,2025-12-31,2,MAIN,6.264
Rooster BidCo Limited+,3,GREEN,0,1,1,1,GBDC,GC Advisors,Healthcare Technology,6.147,6.372,-0.0353,03/2025,,,False,,False,,2025-09-30,2025-12-31,2,GBDC,6.147
"Wall Street Prep, Inc.",3,GREEN,0,1,1,1,MAIN,Main Street Capital (internal),,5.925,4.305,0.3763,7/19/2026,11.74,,False,,False,,2025-09-30,2025-12-31,2,MAIN,5.925
"Halo Branded Solutions, Inc.",3,GREEN,0,1,1,1,GSBD,Goldman Sachs Asset Management,Commercial Services & Supplies,5.819,6.152,-0.0541,06/30/25,8.96,,False,,False,,2025-09-30,2025-12-31,2,GSBD,5.819
"G & H Wire Company, Inc.+",3,GREEN,0,1,1,1,GBDC,GC Advisors,Healthcare Equipment & Supplies,5.8021,5.961,-0.0267,11/2024,,,False,,False,,2025-09-30,2025-12-31,2,GBDC,5.8021
"Procure Acquireco, Inc.+",3,GREEN,0,1,1,1,GBDC,GC Advisors,Professional Services,5.786,5.486,0.0547,12/2021,,,False,,False,,2025-09-30,2025-12-31,2,GBDC,5.786
"Convenient Payments Acquisition, Inc.",3,GREEN,0,1,1,1,GSBD,Goldman Sachs Asset Management,Software,5.686,5.699,-0.0023,12/31/26,9.73,,False,,False,,2025-09-30,2025-12-31,2,GSBD,5.686
"Ortholite, LLC",3,GREEN,0,1,1,1,GSBD,Goldman Sachs Asset Management,"Textiles, Apparel & Luxury Goods",5.635,5.597,0.0068,09/29/27,10.58,,False,,False,,2025-09-30,2025-12-31,2,GSBD,5.635
"Sherwood Management Co., Inc.",3,GREEN,0,1,1,1,SLRC,SLR Capital Partners,Specialty Retail,5.593,5.663,-0.0124,3/2025,,,False,,False,,2025-12-31,2025-12-31,1,SLRC,5.593
"SEKO Global Logistics Network, LLC",3,GREEN,0,1,1,1,BXSL,Blackstone Credit Advisors,Air Freight & Logistics,5.529,5.51,0.0034,12/30/2026,,,False,,False,,2025-12-31,2025-12-31,1,BXSL,5.529
"Highfive Dental Holdco, LLC",3,GREEN,0,1,1,1,GSBD,Goldman Sachs Asset Management,Health Care Providers & Services,5.466,5.43,0.0066,06/13/28,10.39,,False,,False,,2025-09-30,2025-12-31,2,GSBD,5.466
"Octane Purchaser, Inc. (dba Office Ally)",3,GREEN,0,1,1,1,GSBD,Goldman Sachs Asset Management,Health Care Technology,5.327,5.328,-0.0002,05/19/32,7.97,,False,,False,,2025-09-30,2025-12-31,2,GSBD,5.327
"Velocity One, LLC",3,GREEN,0,1,1,1,SLRC,SLR Capital Partners,Aerospace & Defense,5.191,5.25,-0.0112,6/2025,,,False,,False,,2025-09-30,2025-12-31,2,SLRC,5.191
33Across Inc.,3,GREEN,0,1,1,1,SLRC,SLR Capital Partners,Media,5.023,5.023,0.0,1/2024,,,False,,False,,2025-09-30,2025-12-31,2,SLRC,5.023
"Coding Solutions Acquisition, Inc. (dba CorroHealth)",3,GREEN,0,1,1,1,GSBD,Goldman Sachs Asset Management,Health Care Providers & Services,5.018,5.034,-0.0032,08/07/31,8.99,,False,,False,,2025-09-30,2025-12-31,2,GSBD,5.018
"POY Holdings, LLC+",3,GREEN,0,1,1,1,GBDC,GC Advisors,Automobiles,4.923,4.613,0.0672,11/2022,,,False,,False,,2025-09-30,2025-12-31,2,GBDC,4.923
Apex Group Limited,3,GREEN,0,1,1,1,FSK,FS/KKR Advisor,Financial Services,4.9,4.8,0.0208,7/27/28,,,False,,False,,2025-09-30,2025-12-31,2,FSK,4.9
Formulations Parent Corporation (dba Chase Corp),3,GREEN,0,1,1,1,GSBD,Goldman Sachs Asset Management,Chemicals,4.892,4.901,-0.0018,11/15/29,10.27,,False,,False,,2025-09-30,2025-12-31,2,GSBD,4.892
"Templafy APS and Templafy, LLC+",3,GREEN,0,1,1,1,GBDC,GC Advisors,,4.79,4.882,-0.0188,07/2022,,,False,,False,,2025-09-30,2025-12-31,2,GBDC,4.79
Win Brands Group LLC,3,GREEN,0,1,1,1,OCSL,Oaktree Capital Management,Housewares & Specialties,4.758,5.22,-0.0885,1/23/2026,14.0,,False,,False,,2025-09-30,2025-12-31,2,OCSL,4.758
"TLE Holdings, LLC",3,GREEN,0,1,1,1,TCPC,Tennenbaum Capital Partners (BlackRock),Professional Services,4.6922,4.5335,0.035,6/28/2026,5.6,,False,,False,,2025-12-31,2025-12-31,1,TCPC,4.6922
"GMP Hills, LP",3,GREEN,0,1,2,1,PNNT,PennantPark Investment Advisers,Distribution,4.647,3.747,0.2402,,,,False,,False,,2025-09-30,2025-12-31,2,PNNT,4.647
Air Methods Corporation,3,GREEN,0,1,1,1,SLRC,SLR Capital Partners,Passenger Airlines,4.566,4.596,-0.0065,11/2026,7.13,,False,,False,,2025-09-30,2025-12-31,2,SLRC,4.566
"GPS Phoenix Buyer, Inc. (dba Guidepoint)",3,GREEN,0,1,1,1,GSBD,Goldman Sachs Asset Management,IT Services,4.541,4.514,0.006,10/02/29,10.36,,False,,False,,2025-09-30,2025-12-31,2,GSBD,4.541
"Arctic Wolf Networks, Inc. and Arctic Wolf Networks Canada, Inc.+",3,GREEN,0,1,1,1,GBDC,GC Advisors,IT Services,4.516,1.34,2.3701,02/2020,,,False,,False,,2025-09-30,2025-12-31,2,GBDC,4.516
"Constellation Wealth Capital Fund, L.P.",3,GREEN,0,1,1,1,ARCC,Ares Capital Management,Investment Funds and Vehicles,4.5,4.1,0.0976,01/2024,,,False,,False,,2025-09-30,2025-12-31,2,ARCC,4.5
"ITC Infusion Co-invest, LP",3,GREEN,0,1,2,1,PNNT,PennantPark Investment Advisers,"Healthcare, Education and Childcare",4.419,1.673,1.6414,,,,False,,False,,2025-09-30,2025-12-31,2,PNNT,4.419
"Mendocino Farms, LLC+",3,GREEN,0,1,1,1,GBDC,GC Advisors,Food & Staples Retailing,4.388,3.724,0.1783,06/2018,,,False,,False,,2025-09-30,2025-12-31,2,GBDC,4.388
"KKR Rocket Loans Aggregator LLC, Partnership Interest",3,GREEN,0,1,1,1,FSK,FS/KKR Advisor,Financial Services,4.302,4.9,-0.122,,,,False,,False,,2025-09-30,2025-12-31,2,FSK,4.302
EWC Growth Partners LLC+,3,GREEN,0,1,1,1,GBDC,GC Advisors,Diversified Consumer Services,4.264,4.253,0.0026,03/2020,,,False,,False,,2025-09-30,2025-12-31,2,GBDC,4.264
iRobot Corporation,3,GREEN,0,1,1,1,CGBD,Carlyle Investment Management,Consumer Goods: Durable,4.26,4.404,-0.0327,7/31/2026,,,False,,False,,2025-09-30,2025-12-31,2,CGBD,4.26
"Omega Midwest Buyer, LLC (dba Omega Fitness Holdings)",3,GREEN,0,1,1,1,GSBD,Goldman Sachs Asset Management,"Hotels, Restaurants & Leisure",4.189,4.189,0.0,12/31/31,8.42,,False,,False,,2025-12-31,2025-12-31,1,GSBD,4.189
Oakbridge Insurance Agency LLC+,3,GREEN,0,1,1,1,GBDC,GC Advisors,Insurance,4.155,3.761,0.1048,11/2023,,,False,,False,,2025-09-30,2025-12-31,2,GBDC,4.155
Elite Dental Partners LLC,3,GREEN,0,1,1,1,GBDC,GC Advisors,Healthcare Providers & Services,4.152,0.0,,09/2020,,,False,,False,,2025-09-30,2025-12-31,2,GBDC,4.152
"Mandolin Technology Holdings, Inc.",3,GREEN,0,1,1,1,BXSL,Blackstone Credit Advisors,Software,4.122,3.444,0.1969,7/30/2021,,,False,,False,,2025-12-31,2025-12-31,1,BXSL,4.122
Kaseya Inc.+,3,GREEN,0,1,1,1,GBDC,GC Advisors,Software,4.086,0.252,15.2143,06/2022,,,False,,False,,2025-09-30,2025-12-31,2,GBDC,4.086
"DTA, LP",3,GREEN,0,1,1,1,BXSL,Blackstone Credit Advisors,Diversified Consumer Services,4.064,2.729,0.4892,3/25/2024,,,False,,False,,2025-12-31,2025-12-31,1,BXSL,4.064
Berwick Industrial Park,3,GREEN,0,1,1,1,PNNT,PennantPark Investment Advisers,Buildings and Real Estate,4.016,4.0,0.004,05/02/2026,,,False,,False,,2025-09-30,2025-12-31,2,PNNT,4.016
"CHA Vision Holdings, Inc.+",3,GREEN,0,1,1,1,GBDC,GC Advisors,Commercial Services & Supplies,3.892,3.447,0.1291,01/2024,,,False,,False,,2025-09-30,2025-12-31,2,GBDC,3.892
Celero Commerce LLC,3,GREEN,0,1,1,1,GSBD,Goldman Sachs Asset Management,Financial Services,3.868,3.875,-0.0018,02/28/31,8.7,,False,,False,,2025-09-30,2025-12-31,2,GSBD,3.868
Thor FinanceCo LLC (dba Harmoni Towers),3,GREEN,0,1,1,1,GSBD,Goldman Sachs Asset Management,Wireless Telecommunication Services,3.806,3.802,0.0011,08/24/28,12.1,,False,,False,,2025-09-30,2025-12-31,2,GSBD,3.806
Spartan Buyer Acquisition Co.+,3,GREEN,0,1,1,1,GBDC,GC Advisors,,3.766,2.964,0.2706,12/2020,,,False,,False,,2025-09-30,2025-12-31,2,GBDC,3.766
"Jupiter Refuel US Buyer, Inc. (dba 4Refuel)",3,GREEN,0,1,1,1,GSBD,Goldman Sachs Asset Management,"Oil, Gas & Consumable Fuels",3.68,3.677,0.0008,06/30/31,8.92,,False,,False,,2025-09-30,2025-12-31,2,GSBD,3.68
5.65 %,3,GREEN,0,1,1,1,GSBD,Goldman Sachs Asset Management,,3.57,3.57,0.0,08/09/30,,,False,,False,,2025-09-30,2025-12-31,2,GSBD,3.57
"Pearl Acquisition Buyer, Inc. (dba Alliance Technical Group)",3,GREEN,0,1,1,1,GSBD,Goldman Sachs Asset Management,Energy Equipment & Services,3.443,3.443,0.0,12/31/32,8.17,,False,,False,,2025-12-31,2025-12-31,1,GSBD,3.443
"MES Internediate, Inc.",3,GREEN,0,1,1,1,PFLT,PennantPark Investment Advisers,Distributors,3.351,3.328,0.0069,10/1/2027,8.42,,False,,False,,2025-12-31,2025-12-31,1,PFLT,3.351
"First National Capital, LLC",3,GREEN,0,1,1,1,SLRC,SLR Capital Partners,Diversified Financial Services,3.34,3.34,0.0,7/1/2026,9.0,,False,,False,,2025-09-30,2025-12-31,2,SLRC,3.34
"Edition Holdings, Inc. (dba Enverus)",3,GREEN,0,1,1,1,GSBD,Goldman Sachs Asset Management,Software,3.286,3.286,0.0,12/20/32,8.2,,False,,False,,2025-09-30,2025-12-31,2,GSBD,3.286
"Filevine, Inc.+",3,GREEN,0,1,1,1,GBDC,GC Advisors,Professional Services,3.267,0.437,6.476,04/2022,,,False,,False,,2025-09-30,2025-12-31,2,GBDC,3.267
"Singlewire Software, LLC",3,GREEN,0,1,1,1,GSBD,Goldman Sachs Asset Management,Software,3.249,3.227,0.0068,05/10/29,8.76,,False,,False,,2025-09-30,2025-12-31,2,GSBD,3.249
"NSG Buyer, Inc. +",3,GREEN,0,1,1,1,GBDC,GC Advisors,Diversified Consumer Services,3.216,0.293,9.9761,11/2022,,,False,,False,,2025-09-30,2025-12-31,2,GBDC,3.216
"OSP PAR Aggregator, LP",3,GREEN,0,1,1,1,PFLT,PennantPark Investment Advisers,Healthcare Technology,3.171,3.16,0.0035,9/3/2024,,,False,,False,,2025-09-30,2025-12-31,2,PFLT,3.171
"NC Ocala Co-Invest Beta, LP",3,GREEN,0,1,1,1,BXSL,Blackstone Credit Advisors,IT Services,3.168,2.854,0.11,11/12/2021,,,False,,False,,2025-12-31,2025-12-31,1,BXSL,3.168
"Help/Systems Holdings, Inc.",3,GREEN,0,1,1,1,PFLT,PennantPark Investment Advisers,Software,3.138,3.196,-0.0181,11/30/2026,,,False,,False,,2025-09-30,2025-12-31,2,PFLT,3.138
"Magnolia Topco, LP",3,GREEN,0,1,2,1,PNNT,PennantPark Investment Advisers,Auto Sector,3.127,2.075,0.507,,,,False,,False,,2025-09-30,2025-12-31,2,PNNT,3.127
"Kentik Technologies, Inc.+",3,GREEN,0,1,1,1,GBDC,GC Advisors,IT Services,3.066,0.646,3.7461,09/2021,,,False,,False,,2025-09-30,2025-12-31,2,GBDC,3.066
"MDI Aggregator, LP",3,GREEN,0,1,2,1,PNNT,PennantPark Investment Advisers,"Chemicals, Plastics and Rubber",3.035,3.232,-0.061,,,,False,,False,,2025-09-30,2025-12-31,2,PNNT,3.035
"Saluda Grade Alternative Mortgage Trust 2022-BC2, Structured Mezzanine",3,GREEN,0,1,1,1,FSK,FS/KKR Advisor,Real Estate Management & Development,2.9,2.4,0.2083,7/25/30,18.0,,False,,False,,2025-09-30,2025-12-31,2,FSK,2.9
Valeo Foods Group Ltd,3,GREEN,0,1,1,1,FSK,FS/KKR Advisor,"Food, Beverage & Tobacco",2.9,0.0,,10/1/30,,,False,,False,,2025-09-30,2025-12-31,2,FSK,2.9
"Aspen Medical Products, LLC+",3,GREEN,0,1,1,1,GBDC,GC Advisors,Healthcare Equipment & Supplies,2.774,2.785,-0.0039,06/2019,,,False,,False,,2025-09-30,2025-12-31,2,GBDC,2.774
"Pinnacle Treatment Centers, Inc.+",3,GREEN,0,1,1,1,GBDC,GC Advisors,Healthcare Providers & Services,2.732,2.703,0.0107,08/2016,,,False,,False,,2025-09-30,2025-12-31,2,GBDC,2.732
"Partnership Capital Growth Investors III, L.P.",3,GREEN,0,1,1,1,ARCC,Ares Capital Management,Investment Funds and Vehicles,2.6,0.7,2.7143,10/2011,,,False,,False,,2025-09-30,2025-12-31,2,ARCC,2.6
GMT Corporation,3,GREEN,0,1,1,1,SLRC,SLR Capital Partners,Machinery,2.496,2.497,-0.0004,1/1/2026,10.71,,False,,False,,2025-09-30,2025-12-31,2,SLRC,2.496
"Gauge Lash Coinvest, LLC",3,GREEN,0,1,2,1,PNNT,PennantPark Investment Advisers,Consumer Products,2.43,0.951,1.5552,,,,False,,False,,2025-09-30,2025-12-31,2,PNNT,2.43
Arrotex Australia Group Pty Ltd,3,GREEN,0,1,1,1,FSK,FS/KKR Advisor,"Pharmaceuticals, Biotechnology & Life Sciences",2.4,2.5,-0.04,6/30/28,,,False,,False,,2025-09-30,2025-12-31,2,FSK,2.4
"SSRG Holdings, LLC+",3,GREEN,0,1,1,1,GBDC,GC Advisors,Healthcare Technology,2.39,1.964,0.2169,11/2019,,,False,,False,,2025-09-30,2025-12-31,2,GBDC,2.39
Orsay Bidco 1 B.V. and Sky Group Holding B.V.+,3,GREEN,0,1,1,1,GBDC,GC Advisors,,2.381,2.664,-0.1062,,,,False,,False,,2025-09-30,2025-12-31,2,GBDC,2.381
"Patriot Acquireco, LLC+",3,GREEN,0,1,1,1,GBDC,GC Advisors,Healthcare Technology,2.296,2.3,-0.0017,09/2025,,,False,,False,,2025-09-30,2025-12-31,2,GBDC,2.296
"StrongDM, Inc.+",3,GREEN,0,1,1,1,GBDC,GC Advisors,,2.257,0.424,4.3231,05/2025,,,False,,False,,2025-09-30,2025-12-31,2,GBDC,2.257
"Togetherwork Holdings, LLC+",3,GREEN,0,1,1,1,GBDC,GC Advisors,,2.248,1.253,0.7941,07/2024,,,False,,False,,2025-09-30,2025-12-31,2,GBDC,2.248
"Krueger-Gilbert Health Physics, LLC+",3,GREEN,0,1,1,1,GBDC,GC Advisors,Healthcare Providers & Services,2.169,2.089,0.0383,05/2019,,,False,,False,,2025-09-30,2025-12-31,2,GBDC,2.169
"Southern Veterinary Partners, LLC+",3,GREEN,0,1,1,1,GBDC,GC Advisors,Healthcare Providers & Services,2.129,0.356,4.9803,12/2024,,,False,,False,,2025-09-30,2025-12-31,2,GBDC,2.129
"Centegix Intermediate II, LLC+",3,GREEN,0,1,1,1,GBDC,GC Advisors,Healthcare Equipment & Supplies,2.098,2.107,-0.0043,08/2025,,,False,,False,,2025-09-30,2025-12-31,2,GBDC,2.098
"BSI3 Menu Buyer, Inc (dba Kydia)",3,GREEN,0,1,1,1,GSBD,Goldman Sachs Asset Management,Financial Services,2.086,2.085,0.0005,01/25/28,10.12,,False,,False,,2025-09-30,2025-12-31,2,GSBD,2.086
"HP TLE Buyer, Inc.+",3,GREEN,0,1,1,1,GBDC,GC Advisors,Healthcare Providers & Services,2.08,2.089,-0.0043,07/2025,,,False,,False,,2025-09-30,2025-12-31,2,GBDC,2.08
Pyramid Healthcare Acquisition Corp.+,3,GREEN,0,1,1,1,GBDC,GC Advisors,Healthcare Providers & Services,2.046,1.995,0.0256,05/2021,,,False,,False,,2025-09-30,2025-12-31,2,GBDC,2.046
"FedHC InvestCo, LP",3,GREEN,0,1,2,1,PNNT,PennantPark Investment Advisers,Aerospace and Defense,2.023,0.545,2.7119,,,,False,,False,,2025-09-30,2025-12-31,2,PNNT,2.023
Linden Structured Capital Fund II-A LP,3,GREEN,0,1,1,1,ARCC,Ares Capital Management,Investment Funds and Vehicles,2.0,1.4,0.4286,07/2024,,,False,,False,,2025-09-30,2025-12-31,2,ARCC,2.0
"TPG IX Newark CI, LP",3,GREEN,0,1,1,1,BXSL,Blackstone Credit Advisors,Software,1.966,1.966,0.0,10/26/2023,,,False,,False,,2025-12-31,2025-12-31,1,BXSL,1.966
"EDS Topco, LP",3,GREEN,0,1,2,1,PNNT,PennantPark Investment Advisers,Aerospace and Defense,1.935,0.938,1.0629,,,,False,,False,,2025-09-30,2025-12-31,2,PNNT,1.935
PAS Parent Inc.+,3,GREEN,0,1,1,1,GBDC,GC Advisors,Life Sciences Tools & Services,1.91,0.017,111.3529,12/2021,,,False,,False,,2025-09-30,2025-12-31,2,GBDC,1.91
NewStar Clarendon 2014-1A Class D,3,GREEN,0,1,1,1,FSK,FS/KKR Advisor,Financial Services,1.9003,0.4,3.7508,1/25/27,,,False,,False,,2025-09-30,2025-12-31,2,FSK,1.9003
"Radiant Intermediate Holding, LLC",3,GREEN,0,1,1,1,ARCC,Ares Capital Management,,1.9,2.1,-0.0952,11/2026,9.92,,False,,False,,2025-09-30,2025-12-31,2,ARCC,1.9
"Engage2Excel, Inc.",3,GREEN,0,1,1,1,GSBD,Goldman Sachs Asset Management,Professional Services,1.896,1.91,-0.0073,07/01/29,10.58,,False,,False,,2025-09-30,2025-12-31,2,GSBD,1.896
"SunMed Receivables I, LLC",3,GREEN,0,1,1,1,SLRC,SLR Capital Partners,Health Care Equipment & Supplies,1.888,1.906,-0.0094,10/2025,,,False,,False,,2025-12-31,2025-12-31,1,SLRC,1.888
W3 Co.+,3,GREEN,0,1,1,1,GBDC,GC Advisors,Life Sciences Tools & Services,1.839,0.227,7.1013,03/2017,,,False,,False,,2025-09-30,2025-12-31,2,GBDC,1.839
"CI (Quercus) Intermediate Holdings, LLC+",3,GREEN,0,1,1,1,GBDC,GC Advisors,Commercial Services & Supplies,1.828,1.854,-0.014,10/2021,,,False,,False,,2025-09-30,2025-12-31,2,GBDC,1.828
"Delta InvestCo, LP",3,GREEN,0,1,2,1,PNNT,PennantPark Investment Advisers,Telecommunications,1.768,0.866,1.0416,,,,False,,False,,2025-09-30,2025-12-31,2,PNNT,1.768
"iWave Information Systems, Inc.",3,GREEN,0,1,1,1,GSBD,Goldman Sachs Asset Management,Software,1.76,1.754,0.0034,11/23/28,10.54,,False,,False,,2025-09-30,2025-12-31,2,GSBD,1.76
"IHS Parent Holdings, LP",3,GREEN,0,1,2,1,PNNT,PennantPark Investment Advisers,"Personal, Food and Miscellaneous Services",1.717,1.218,0.4097,,,,False,,False,,2025-09-30,2025-12-31,2,PNNT,1.717
Net Health Acquisition Corp.+,3,GREEN,0,1,1,1,GBDC,GC Advisors,Professional Services,1.684,0.014,119.2857,12/2017,,,False,,False,,2025-09-30,2025-12-31,2,GBDC,1.684
Star Coaches Inc.,3,GREEN,0,1,1,1,SLRC,SLR Capital Partners,Road & Rail,1.633,1.719,-0.05,4/1/2025,8.42,,False,,False,,2025-09-30,2025-12-31,2,SLRC,1.633
"Aurora Acquireco, Inc. (dba AuditBoard)",3,GREEN,0,1,1,1,GSBD,Goldman Sachs Asset Management,Software,1.624,1.621,0.0019,07/14/31,8.52,,False,,False,,2025-09-30,2025-12-31,2,GSBD,1.624
"Mandrake Bidco, Inc. (dba Miratech)",3,GREEN,0,1,1,1,GSBD,Goldman Sachs Asset Management,Machinery,1.609,1.607,0.0012,08/20/30,8.87,,False,,False,,2025-09-30,2025-12-31,2,GSBD,1.609
Misys Ltd,3,GREEN,0,1,1,1,FSK,FS/KKR Advisor,Software & Services,1.6,1.6,0.0,9/13/29,,,False,,False,,2025-09-30,2025-12-31,2,FSK,1.6
"Kodiak Buyer, LLC+",3,GREEN,0,1,1,1,GBDC,GC Advisors,Diversified Consumer Services,1.593,1.231,0.2941,08/2025,,,False,,False,,2025-09-30,2025-12-31,2,GBDC,1.593
Telesoft Holdings LLC+,3,GREEN,0,1,1,1,GBDC,GC Advisors,,1.59,1.599,-0.0056,12/2019,,,False,,False,,2025-09-30,2025-12-31,2,GBDC,1.59
"AQ Sunshine, Inc. (dba Relation Insurance)",3,GREEN,0,1,1,1,GSBD,Goldman Sachs Asset Management,Insurance,1.586,1.587,-0.0006,07/24/30,9.44,,False,,False,,2025-09-30,2025-12-31,2,GSBD,1.586
Freeport LNG Investments LLLP,3,GREEN,0,1,1,1,OCSL,Oaktree Capital Management,Oil & Gas Storage & Transportation,1.561,1.55,0.0071,11/16/2026,3.0,,False,,False,,2025-12-31,2025-12-31,1,OCSL,1.561
"Cafe Rio Holding, Inc.+",3,GREEN,0,1,1,1,GBDC,GC Advisors,Healthcare Technology,1.557,0.961,0.6202,09/2017,,,False,,False,,2025-09-30,2025-12-31,2,GBDC,1.557
"GCP Boss Holdco, LLC",3,GREEN,0,1,2,1,PNNT,PennantPark Investment Advisers,Conglomerate Manufacturing,1.515,1.045,0.4498,,,,False,,False,,2025-09-30,2025-12-31,2,PNNT,1.515
"AGI Group Holdings, LP",3,GREEN,0,1,1,1,BXSL,Blackstone Credit Advisors,Air Freight & Logistics,1.511,0.902,0.6752,6/11/2021,,,False,,False,,2025-12-31,2025-12-31,1,BXSL,1.511
"Spectrum Safety Solutions Purchaser, LLC (dba Carrier Industrial Fire)",3,GREEN,0,1,1,1,GSBD,Goldman Sachs Asset Management,Machinery,1.48,1.469,0.0075,07/01/30,8.53,,False,,False,,2025-09-30,2025-12-31,2,GSBD,1.48
"Beacon HC, Ltd.",3,GREEN,0,1,1,1,BXSL,Blackstone Credit Advisors,Insurance,1.362,1.362,0.0,12/4/2025,,,False,,False,,2025-12-31,2025-12-31,1,BXSL,1.362
"LJ Avalon, LP",3,GREEN,0,1,2,1,PNNT,PennantPark Investment Advisers,Environmental Services,1.362,0.851,0.6005,,,,False,,False,,2025-09-30,2025-12-31,2,PNNT,1.362
"Project Alpha Intermediate Holdings, Inc.+",3,GREEN,0,1,1,1,GBDC,GC Advisors,Diversified Consumer Services,1.359,0.327,3.156,05/2025,,,False,,False,,2025-09-30,2025-12-31,2,GBDC,1.359
"Superior Transportation, Inc.",3,GREEN,0,1,1,1,SLRC,SLR Capital Partners,Road & Rail,1.346,1.346,0.0,1/1/2026,10.63,,False,,False,,2025-09-30,2025-12-31,2,SLRC,1.346
"Trystar, LLC",3,GREEN,0,1,1,1,GSBD,Goldman Sachs Asset Management,Electrical Equipment,1.338,1.34,-0.0015,08/06/31,8.54,,False,,False,,2025-09-30,2025-12-31,2,GSBD,1.338
"QAD, Inc.+",3,GREEN,0,1,1,1,GBDC,GC Advisors,,1.319,0.069,18.1159,11/2021,,,False,,False,,2025-09-30,2025-12-31,2,GBDC,1.319
"BioDerm Holdings, LP",3,GREEN,0,1,2,1,PNNT,PennantPark Investment Advisers,"Healthcare, Education and Childcare",1.307,1.312,-0.0038,,,,False,,False,,2025-09-30,2025-12-31,2,PNNT,1.307
"Bayside Parent, LLC (dba Pro-PT)",3,GREEN,0,1,1,1,GSBD,Goldman Sachs Asset Management,Health Care Providers & Services,1.301,0.813,0.6002,05/31/26,13.82,,False,,False,,2025-09-30,2025-12-31,2,GSBD,1.301
"Avida Holding AB, Subordinated Bond",3,GREEN,0,1,1,1,FSK,FS/KKR Advisor,Financial Services,1.3,1.3,0.0,1/27/34,,,False,,False,,2025-09-30,2025-12-31,2,FSK,1.3
Batteries Plus Holding Corporation+,3,GREEN,0,1,1,1,GBDC,GC Advisors,Specialty Retail,1.287,0.01,127.7,07/2016,,,False,,False,,2025-09-30,2025-12-31,2,GBDC,1.287
"Safe Haven Defense Holdco, LLC",3,GREEN,0,1,1,1,PFLT,PennantPark Investment Advisers,Building Products,1.282,1.282,0.0,5/23/2024,,,False,,False,,2025-09-30,2025-12-31,2,PFLT,1.282
"SnapLogic, Inc.+",3,GREEN,0,1,1,1,GBDC,GC Advisors,,1.19,0.475,1.5053,09/2019,,,False,,False,,2025-09-30,2025-12-31,2,GBDC,1.19
"Icon Partners V C, LP",3,GREEN,0,1,2,1,PNNT,PennantPark Investment Advisers,Business Services,1.184,1.201,-0.0142,,,,False,,False,,2025-09-30,2025-12-31,2,PNNT,1.184
CMI Parent Inc.+,3,GREEN,0,1,1,1,GBDC,GC Advisors,Healthcare Equipment & Supplies,1.174,0.565,1.0779,08/2019,,,False,,False,,2025-09-30,2025-12-31,2,GBDC,1.174
"Calabrio, Inc.+",3,GREEN,0,1,1,1,GBDC,GC Advisors,Software,1.157,0.001,1156.0,04/2021,,,False,,False,,2025-09-30,2025-12-31,2,GBDC,1.157
"ADCS Clinics Intermediate Holdings, LLC+",3,GREEN,0,1,1,1,GBDC,GC Advisors,Healthcare Providers & Services,1.125,0.002,561.5,05/2016,,,False,,False,,2025-09-30,2025-12-31,2,GBDC,1.125
"Amalthea Parent, Inc.+",3,GREEN,0,1,1,1,GBDC,GC Advisors,Pharmaceuticals,1.124,1.241,-0.0943,03/2021,,,False,,False,,2025-09-30,2025-12-31,2,GBDC,1.124
"StoicLane, Inc.",3,GREEN,0,1,1,1,PNNT,PennantPark Investment Advisers,"Healthcare, Education and Childcare",1.101,1.223,-0.0998,08/16/2027,,,False,,False,,2025-09-30,2025-12-31,2,PNNT,1.101
NovaTaste Austria GmbH,3,GREEN,0,1,1,1,FSK,FS/KKR Advisor,"Food, Beverage & Tobacco",1.1,1.1,0.0,4/5/30,,,False,,False,,2025-09-30,2025-12-31,2,FSK,1.1
"KBP Brands, LLC",3,GREEN,0,1,1,1,OBDC,Blue Owl Credit Advisors,Food and beverage,1.057,1.054,0.0028,5/2027,,,False,,False,,2025-09-30,2025-12-31,2,OBDC,1.057
"Tebra Technologies, Inc.+",3,GREEN,0,1,1,1,GBDC,GC Advisors,Healthcare Technology,1.041,0.223,3.6682,06/2017,,,False,,False,,2025-09-30,2025-12-31,2,GBDC,1.041
Plate Newco 1 Limited (Avanti) (United Kingdom),3,GREEN,0,1,1,1,TCPC,Tennenbaum Capital Partners (BlackRock),Debt Investments (continued),1.0234,0.0,,6/30/2025,,,False,,False,,2025-09-30,2025-12-31,2,TCPC,1.0234
"International Automotive Components Group, North America, Inc.",3,GREEN,0,1,1,1,SLRC,SLR Capital Partners,Auto Components,1.001,1.002,-0.001,6/23/2025,7.95,,False,,False,,2025-09-30,2025-12-31,2,SLRC,1.001
"Lightspeed Investment Holdco, LLC",3,GREEN,0,1,2,1,PNNT,PennantPark Investment Advisers,"Healthcare, Education and Childcare",0.993,0.273,2.6374,,,,False,,False,,2025-09-30,2025-12-31,2,PNNT,0.993
"Saguaro Buyer, LLC+",3,GREEN,0,1,1,1,GBDC,GC Advisors,Healthcare Technology,0.976,0.92,0.0609,07/2025,,,False,,False,,2025-09-30,2025-12-31,2,GBDC,0.976
"Menlo Ridgeview Co-Invest, LLC+",3,GREEN,0,1,1,1,GBDC,GC Advisors,,0.956,0.931,0.0269,05/2025,,,False,,False,,2025-09-30,2025-12-31,2,GBDC,0.956
"Isto Group, Inc.+",3,GREEN,0,1,1,1,GBDC,GC Advisors,Healthcare Equipment & Supplies,0.952,0.591,0.6108,09/2025,,,False,,False,,2025-09-30,2025-12-31,2,GBDC,0.952
"Radwell Parent, LLC+",3,GREEN,0,1,1,1,GBDC,GC Advisors,Commercial Services & Supplies,0.947,0.541,0.7505,03/2022,,,False,,False,,2025-09-30,2025-12-31,2,GBDC,0.947
"LCG Vardiman Black, LLC (dba Specialty Dental Brands)",3,GREEN,0,1,1,1,GSBD,Goldman Sachs Asset Management,Health Care Providers & Services,0.927,0.842,0.101,03/18/27,11.65,,False,,False,,2025-09-30,2025-12-31,2,GSBD,0.927
"Movement Holdings, LLC+",3,GREEN,0,1,1,1,GBDC,GC Advisors,Leisure Products,0.924,1.001,-0.0769,03/2024,,,False,,False,,2025-09-30,2025-12-31,2,GBDC,0.924
"Clarion Home Services Group, LLC and LBC Breeze Holdings LLC",3,GREEN,0,1,1,1,ARCC,Ares Capital Management,Consumer Services,0.9,1.0,-0.1,12/2027,10.13,,False,,False,,2025-09-30,2025-12-31,2,ARCC,0.9
"Lew's Intermediate Holdings, LLC",3,GREEN,0,1,1,1,ARCC,Ares Capital Management,Consumer Durables and Apparel,0.9,1.0,-0.1,02/2028,8.82,,False,,False,,2025-09-30,2025-12-31,2,ARCC,0.9
CST Buyer Company (dba Intoxalock),3,GREEN,0,1,1,1,GSBD,Goldman Sachs Asset Management,Diversified Consumer Services,0.894,0.86,0.0395,11/01/28,9.46,,False,,False,,2025-09-30,2025-12-31,2,GSBD,0.894
CST Holding Company (dba Intoxalock),3,GREEN,0,1,1,1,GSBD,Goldman Sachs Asset Management,Diversified Consumer Services,0.884,0.859,0.0291,11/01/28,8.82,,False,,False,,2025-09-30,2025-12-31,2,GSBD,0.884
"Eagle Family Foods Group Holdings, LLC",3,GREEN,0,1,1,1,GSBD,Goldman Sachs Asset Management,Food Products,0.866,0.867,-0.0012,08/12/30,9.59,,False,,False,,2025-09-30,2025-12-31,2,GSBD,0.866
"Enboarder, Inc.+",3,GREEN,0,1,1,1,GBDC,GC Advisors,Professional Services,0.859,0.083,9.3494,01/2022,,,False,,False,,2025-09-30,2025-12-31,2,GBDC,0.859
Cynet Security Ltd.+,3,GREEN,0,1,1,1,GBDC,GC Advisors,Software,0.855,0.22,2.8864,08/2022,,,False,,False,,2025-09-30,2025-12-31,2,GBDC,0.855
"SpendMend, LLC",3,GREEN,0,1,1,1,GSBD,Goldman Sachs Asset Management,Health Care Providers & Services,0.827,0.806,0.0261,03/01/28,9.5,,False,,False,,2025-09-30,2025-12-31,2,GSBD,0.827
"Burgess Point Holdings, LP",3,GREEN,0,1,2,1,PNNT,PennantPark Investment Advisers,Auto Sector,0.825,0.777,0.0618,,,,False,,False,,2025-09-30,2025-12-31,2,PNNT,0.825
"Five Star Parent Holdings, LLC",3,GREEN,0,1,2,1,PNNT,PennantPark Investment Advisers,"Leisure, Amusement, Motion Pictures, Entertainment",0.82,0.038,20.5789,,,,False,,False,,2025-09-30,2025-12-31,2,PNNT,0.82
"C5MI Holdco, LLC",3,GREEN,0,1,2,1,PNNT,PennantPark Investment Advisers,Business Services,0.802,0.858,-0.0653,,,,False,,False,,2025-09-30,2025-12-31,2,PNNT,0.802
"Geo TopCo Corporation (fka Geotechnical Merger Sub, Inc.)",3,GREEN,0,1,1,1,GSBD,Goldman Sachs Asset Management,Construction & Engineering,0.799,0.797,0.0025,10/15/31,8.38,,False,,False,,2025-09-30,2025-12-31,2,GSBD,0.799
"Yellowstone Buyer Acquisition, LLC",3,GREEN,0,1,1,1,CGBD,Carlyle Investment Management,Consumer Goods: Durable,0.799,0.861,-0.072,9/13/2027,,,False,,False,,2025-09-30,2025-12-31,2,CGBD,0.799
CURiO Brands LLC,3,GREEN,0,1,1,1,GSBD,Goldman Sachs Asset Management,Household Products,0.793,0.794,-0.0013,04/02/31,8.92,,False,,False,,2025-09-30,2025-12-31,2,GSBD,0.793
"Splash Car Wash, Inc.",3,GREEN,0,1,1,1,GSBD,Goldman Sachs Asset Management,Diversified Consumer Services,0.788,0.789,-0.0013,03/17/31,8.67,,False,,False,,2025-09-30,2025-12-31,2,GSBD,0.788
"KPA Parent Holdings, Inc.",3,GREEN,0,1,1,1,GSBD,Goldman Sachs Asset Management,Software,0.781,0.781,0.0,03/12/32,8.22,,False,,False,,2025-09-30,2025-12-31,2,GSBD,0.781
Amberfield Acquisition Co.+,3,GREEN,0,1,1,1,GBDC,GC Advisors,Healthcare Technology,0.78,0.786,-0.0076,05/2024,,,False,,False,,2025-09-30,2025-12-31,2,GBDC,0.78
Majesco+,3,GREEN,0,1,1,1,GBDC,GC Advisors,Insurance,0.777,0.704,0.1037,09/2020,,,False,,False,,2025-09-30,2025-12-31,2,GBDC,0.777
"Falcon Top Parent, LLC",3,GREEN,0,1,1,1,BXSL,Blackstone Credit Advisors,Life Sciences Tools & Services,0.773,0.773,0.0,11/6/2024,,,False,,False,,2025-12-31,2025-12-31,1,BXSL,0.773
Mimecast Limited,3,GREEN,0,1,1,1,BXSL,Blackstone Credit Advisors,Software,0.735,0.668,0.1003,5/3/2022,,,False,,False,,2025-12-31,2025-12-31,1,BXSL,0.735
"LMP TR Holdings, LLC",3,GREEN,0,1,1,1,GBDC,GC Advisors,Healthcare Technology,0.712,0.712,0.0,05/2013,,,False,,False,,2025-09-30,2025-12-31,2,GBDC,0.712
"Gauge Loving Tan, LP",3,GREEN,0,1,2,1,PNNT,PennantPark Investment Advisers,Consumer Products,0.7,0.544,0.2868,,,,False,,False,,2025-09-30,2025-12-31,2,PNNT,0.7
TIBCO Software Inc,3,GREEN,0,1,1,1,FSK,FS/KKR Advisor,Software & Services,0.7,0.0,,3/31/29,6.5,,False,,False,,2025-09-30,2025-12-31,2,FSK,0.7
"Geotechnical Merger Sub, Inc.",3,GREEN,0,1,1,1,GSBD,Goldman Sachs Asset Management,Construction & Engineering,0.687,0.687,0.0,10/15/31,9.4,,False,,False,,2025-09-30,2025-12-31,2,GSBD,0.687
Rokt Inc.+,3,GREEN,0,1,1,1,GBDC,GC Advisors,,0.683,0.02,33.15,01/2025,,,False,,False,,2025-09-30,2025-12-31,2,GBDC,0.683
"Griffon Aggregator, Ltd.",3,GREEN,0,1,1,1,BXSL,Blackstone Credit Advisors,Electrical Equipment,0.66,0.611,0.0802,7/31/2025,,,False,,False,,2025-12-31,2025-12-31,1,BXSL,0.66
Dongwon Autopart Technology Inc.,3,GREEN,0,1,1,1,SLRC,SLR Capital Partners,Auto Components,0.658,0.661,-0.0045,1/1/2026,7.96,,False,,False,,2025-09-30,2025-12-31,2,SLRC,0.658
"KL Stockton Co-Invest, LP",3,GREEN,0,1,2,1,PNNT,PennantPark Investment Advisers,"Personal, Food and Miscellaneous Services",0.639,0.385,0.6597,,,,False,,False,,2025-09-30,2025-12-31,2,PNNT,0.639
"GTCR Investors, LP",3,GREEN,0,1,1,1,BXSL,Blackstone Credit Advisors,Commercial Services & Supplies,0.619,0.417,0.4844,9/29/2023,,,False,,False,,2025-12-31,2025-12-31,1,BXSL,0.619
Zamborelli Enterprises Pacific Southern Foundation,3,GREEN,0,1,1,1,SLRC,SLR Capital Partners,Diversified Consumer Services,0.616,0.618,-0.0032,1/1/2027,8.91,,False,,False,,2025-09-30,2025-12-31,2,SLRC,0.616
"Extreme Steel Crane & Rigging, LLC",3,GREEN,0,1,1,1,SLRC,SLR Capital Partners,Commercial Services & Supplies,0.613,0.617,-0.0065,3/3/2027,9.52,,False,,False,,2025-09-30,2025-12-31,2,SLRC,0.613
6.38 %,3,GREEN,0,1,1,1,GSBD,Goldman Sachs Asset Management,,0.607,0.607,0.0,03/11/27,,,False,,False,,2025-09-30,2025-12-31,2,GSBD,0.607
"Piper Jaffray Merchant Banking Fund I, L.P.",3,GREEN,0,1,1,1,ARCC,Ares Capital Management,Investment Funds and Vehicles,0.6,0.1,5.0,08/2012,,,False,,False,,2025-09-30,2025-12-31,2,ARCC,0.6
Netwrix Corporation+,3,GREEN,0,1,1,1,GBDC,GC Advisors,IT Services,0.581,0.574,0.0122,06/2022,,,False,,False,,2025-09-30,2025-12-31,2,GBDC,0.581
Saturn Borrower Inc.+,3,GREEN,0,1,1,1,GBDC,GC Advisors,IT Services,0.58,0.636,-0.0881,09/2020,,,False,,False,,2025-09-30,2025-12-31,2,GBDC,0.58
"NSI Parent, LP",3,GREEN,0,1,1,1,BXSL,Blackstone Credit Advisors,Electrical Equipment,0.526,0.466,0.1288,12/23/2024,,,False,,False,,2025-12-31,2025-12-31,1,BXSL,0.526
Inhabit IQ Inc.+,3,GREEN,0,1,1,1,GBDC,GC Advisors,Real Estate Management & Development,0.521,0.002,259.5,01/2018,,,False,,False,,2025-09-30,2025-12-31,2,GBDC,0.521
"ST Coaches, LLC",3,GREEN,0,1,1,1,SLRC,SLR Capital Partners,Road & Rail,0.52,0.52,0.0,1/25/2025,8.5,,False,,False,,2025-09-30,2025-12-31,2,SLRC,0.52
"Jupiter Ultimate Holdings, LLC",3,GREEN,0,1,1,1,BXSL,Blackstone Credit Advisors,Commercial Services & Supplies,0.516,0.439,0.1754,11/8/2024,,,False,,False,,2025-12-31,2025-12-31,1,BXSL,0.516
"Genstar Neptune Blocker, LLC",3,GREEN,0,1,1,1,BXSL,Blackstone Credit Advisors,Commercial Services & Supplies,0.508,0.433,0.1732,12/2/2024,,,False,,False,,2025-12-31,2025-12-31,1,BXSL,0.508
"Ncp Helix Holdings, LLC",3,GREEN,0,1,1,1,BXSL,Blackstone Credit Advisors,Transportation Infrastructure,0.5,0.292,0.7123,8/3/2021,,,False,,False,,2025-12-31,2025-12-31,1,BXSL,0.5
"Ruby Slipper Cafe LLC, The+",3,GREEN,0,1,1,1,GBDC,GC Advisors,Food & Staples Retailing,0.498,0.043,10.5814,01/2018,,,False,,False,,2025-09-30,2025-12-31,2,GBDC,0.498
"Inventus Power, Inc.+",3,GREEN,0,1,1,1,GBDC,GC Advisors,Electrical Equipment,0.483,0.48,0.0063,03/2014,,,False,,False,,2025-09-30,2025-12-31,2,GBDC,0.483
"Loc Performance Products, LLC",3,GREEN,0,1,1,1,SLRC,SLR Capital Partners,Machinery,0.477,0.477,0.0,6/1/2027,10.5,,False,,False,,2025-09-30,2025-12-31,2,SLRC,0.477
"First Medical Holdings, LLC",3,GREEN,0,1,2,1,PNNT,PennantPark Investment Advisers,"Healthcare, Education and Childcare",0.464,0.45,0.0311,,,,False,,False,,2025-09-30,2025-12-31,2,PNNT,0.464
"FirstUp, Inc",3,GREEN,0,1,1,1,TCPC,Tennenbaum Capital Partners (BlackRock),Software,0.4576,0.4573,0.0007,7/13/2027,6.25,,False,,False,,2025-09-30,2025-12-31,2,TCPC,0.4576
"SCP CDH Buyer, Inc.+",3,GREEN,0,1,1,1,GBDC,GC Advisors,Diversified Consumer Services,0.451,0.449,0.0045,12/2025,,,False,,False,,2025-12-31,2025-12-31,1,GBDC,0.451
"EvAL Home Health Solutions, LLC",3,GREEN,0,1,2,1,PNNT,PennantPark Investment Advisers,"Healthcare, Education and Childcare",0.409,0.453,-0.0971,,,,False,,False,,2025-09-30,2025-12-31,2,PNNT,0.409
"Virginia Green Acquisition, LLC+",3,GREEN,0,1,1,1,GBDC,GC Advisors,Diversified Consumer Services,0.402,0.392,0.0255,12/2023,,,False,,False,,2025-09-30,2025-12-31,2,GBDC,0.402
"CHVAC Services Investment, LLC+",3,GREEN,0,1,1,1,GBDC,GC Advisors,Diversified Consumer Services,0.401,0.321,0.2492,05/2024,,,False,,False,,2025-09-30,2025-12-31,2,GBDC,0.401
ACAS Equity Holdings Corporation,3,GREEN,0,1,1,1,ARCC,Ares Capital Management,Investment Funds and Vehicles,0.4,0.4,0.0,01/2017,,,False,,False,,2025-09-30,2025-12-31,2,ARCC,0.4
"GMF Parent, Inc.+",3,GREEN,0,1,1,1,GBDC,GC Advisors,Food & Staples Retailing,0.394,0.296,0.3311,12/2025,,,False,,False,,2025-12-31,2025-12-31,1,GBDC,0.394
Tricor Horizon,3,GREEN,0,1,1,1,BXSL,Blackstone Credit Advisors,Professional Services,0.394,0.402,-0.0199,6/13/2022,,,False,,False,,2025-12-31,2025-12-31,1,BXSL,0.394
"THL Fund IX Investors (Plymouth II), LP",3,GREEN,0,1,1,1,BXSL,Blackstone Credit Advisors,Financial Services,0.389,0.212,0.8349,8/31/2023,,,False,,False,,2025-12-31,2025-12-31,1,BXSL,0.389
"HSI Halo Acquisition, Inc.+",3,GREEN,0,1,1,1,GBDC,GC Advisors,Healthcare Technology,0.376,0.148,1.5405,10/2019,,,False,,False,,2025-09-30,2025-12-31,2,GBDC,0.376
"Hawkeye Contracting Company, LLC",3,GREEN,0,1,1,1,SLRC,SLR Capital Partners,Construction & Engineering,0.347,0.347,0.0,11/1/2025,10.5,,False,,False,,2025-09-30,2025-12-31,2,SLRC,0.347
"CHHJ Midco, LLC+",3,GREEN,0,1,1,1,GBDC,GC Advisors,Diversified Consumer Services,0.342,0.057,5.0,01/2021,,,False,,False,,2025-09-30,2025-12-31,2,GBDC,0.342
"Community Management Holdings Parent, LP",3,GREEN,0,1,1,1,BXSL,Blackstone Credit Advisors,Real Estate Management & Development,0.341,0.31,0.1,11/1/2024,,,False,,False,,2025-12-31,2025-12-31,1,BXSL,0.341
"Noble Aggregator, LP",3,GREEN,0,1,1,1,BXSL,Blackstone Credit Advisors,Software,0.329,0.318,0.0346,10/14/2025,,,False,,False,,2025-12-31,2025-12-31,1,BXSL,0.329
Polk Acquisition Corp.+,3,GREEN,0,1,1,1,GBDC,GC Advisors,Auto Components,0.314,0.005,61.8,06/2016,,,False,,False,,2025-09-30,2025-12-31,2,GBDC,0.314
"Impartner, Inc.+",3,GREEN,0,1,1,1,GBDC,GC Advisors,Software,0.307,0.039,6.8718,10/2021,,,False,,False,,2025-09-30,2025-12-31,2,GBDC,0.307
"Hopdoddy Holdings, LLC+",3,GREEN,0,1,1,1,GBDC,GC Advisors,Food & Staples Retailing,0.278,0.064,3.3438,08/2015,,,False,,False,,2025-09-30,2025-12-31,2,GBDC,0.278
"SC Landco Parent, LLC+",3,GREEN,0,1,1,1,GBDC,GC Advisors,Real Estate Management & Development,0.274,0.002,136.0,09/2022,,,False,,False,,2025-09-30,2025-12-31,2,GBDC,0.274
"MakerSights, Inc.+",3,GREEN,0,1,1,1,GBDC,GC Advisors,,0.265,0.056,3.7321,06/2021,,,False,,False,,2025-09-30,2025-12-31,2,GBDC,0.265
Aero Operating LLC,3,GREEN,0,1,2,1,SLRC,SLR Capital Partners,Commercial Services & Supplies,0.259,0.258,0.0039,,9.09,,False,,False,,2025-09-30,2025-12-31,2,SLRC,0.259
"Carisk Parent, LP",3,GREEN,0,1,2,1,PNNT,PennantPark Investment Advisers,"Healthcare, Education and Childcare",0.236,0.204,0.1569,,,,False,,False,,2025-09-30,2025-12-31,2,PNNT,0.236
"Crane 1 Acquisition Parent Holdings, LP",3,GREEN,0,1,2,1,PNNT,PennantPark Investment Advisers,"Personal, Food and Miscellaneous Services",0.22,0.104,1.1154,,,,False,,False,,2025-09-30,2025-12-31,2,PNNT,0.22
"Ad.net Holdings, Inc.",3,GREEN,0,1,1,1,PNNT,PennantPark Investment Advisers,Media,0.215,0.24,-0.1042,,,,False,,False,,2025-09-30,2025-12-31,2,PNNT,0.215
Zoro,3,GREEN,0,1,1,1,BXSL,Blackstone Credit Advisors,Software,0.208,0.139,0.4964,11/22/2022,,,False,,False,,2025-12-31,2025-12-31,1,BXSL,0.208
"Action Termite Control, LLC+",3,GREEN,0,1,1,1,GBDC,GC Advisors,Diversified Consumer Services,0.205,0.201,0.0199,12/2025,,,False,,False,,2025-12-31,2025-12-31,1,GBDC,0.205
"Shelf Holdco, Ltd.",3,GREEN,0,1,1,1,BXSL,Blackstone Credit Advisors,Insurance,0.19,0.05,2.8,12/30/2022,,,False,,False,,2025-12-31,2025-12-31,1,BXSL,0.19
"VSG Acquisition Corp. and Sherrill, Inc.+",3,GREEN,0,1,1,1,GBDC,GC Advisors,Specialty Retail,0.189,0.16,0.1812,04/2022,,,False,,False,,2025-09-30,2025-12-31,2,GBDC,0.189
"RC VI Buckeye Holdings, LLC",3,GREEN,0,1,1,1,BXSL,Blackstone Credit Advisors,Commercial Services & Supplies,0.187,0.161,0.1615,1/2/2025,,,False,,False,,2025-12-31,2025-12-31,1,BXSL,0.187
"MedeAnalytics Parent, Inc.",3,GREEN,0,1,1,1,GSBD,Goldman Sachs Asset Management,Health Care Technology,0.158,0.142,0.1127,10/23/28,,,False,,False,,2025-09-30,2025-12-31,2,GSBD,0.158
"MedeAnalytics, Inc.",3,GREEN,0,1,1,1,GSBD,Goldman Sachs Asset Management,Health Care Technology,0.156,0.142,0.0986,10/23/28,,,False,,False,,2025-09-30,2025-12-31,2,GSBD,0.156
"Double S Industrial Contractors, Inc.",3,GREEN,0,1,1,1,SLRC,SLR Capital Partners,Commercial Services & Supplies,0.14,0.14,0.0,8/1/2027,8.6,,False,,False,,2025-09-30,2025-12-31,2,SLRC,0.14
"Panzura, LLC+",3,GREEN,0,1,1,1,GBDC,GC Advisors,,0.132,0.136,-0.0294,03/2025,,,False,,False,,2025-09-30,2025-12-31,2,GBDC,0.132
"Radiology Partners, Inc.+",3,GREEN,0,1,1,1,GBDC,GC Advisors,Healthcare Providers & Services,0.123,0.054,1.2778,09/2014,,,False,,False,,2025-09-30,2025-12-31,2,GBDC,0.123
"Mountain Air Helicopters, Inc.",3,GREEN,0,1,1,1,SLRC,SLR Capital Partners,Commercial Services & Supplies,0.114,0.114,0.0,2/28/2025,10.0,,False,,False,,2025-09-30,2025-12-31,2,SLRC,0.114
"Tronair Parent, Inc.+",3,GREEN,0,1,1,1,GBDC,GC Advisors,Aerospace & Defense,0.112,0.04,1.8,07/2021,,,False,,False,,2025-09-30,2025-12-31,2,GBDC,0.112
"Bowman Energy Solutions, LLC",3,GREEN,0,1,1,1,SLRC,SLR Capital Partners,Commercial Services & Supplies,0.101,0.101,0.0,7/1/2026,7.42,,False,,False,,2025-09-30,2025-12-31,2,SLRC,0.101
"WH Borrower, LLC (WHP)",3,GREEN,0,1,1,1,TCPC,Tennenbaum Capital Partners (BlackRock),Specialty Retail,0.101,0.0995,0.0151,2/15/2027,5.5,,False,,False,,2025-12-31,2025-12-31,1,TCPC,0.101
"Automotive Keys Group, LLC and Automotive Keys Investor, LLC",3,GREEN,0,1,1,1,ARCC,Ares Capital Management,Automobiles and Components,0.1,0.1,0.0,08/2026,10.32,,False,,False,,2025-09-30,2025-12-31,2,ARCC,0.1
"Rango, Inc.",3,GREEN,0,1,1,1,SLRC,SLR Capital Partners,Commercial Services & Supplies,0.099,0.101,-0.0198,4/1/2025,9.33,,False,,False,,2025-09-30,2025-12-31,2,SLRC,0.099
"DP Flores Holdings, LLC+",3,GREEN,0,1,1,1,GBDC,GC Advisors,Diversified Consumer Services,0.098,0.106,-0.0755,09/2022,,,False,,False,,2025-09-30,2025-12-31,2,GBDC,0.098
"RH Land Construction, LLC & Harbor Dredging LA, Inc.",3,GREEN,0,1,1,1,SLRC,SLR Capital Partners,Construction & Engineering,0.09,0.09,0.0,5/10/2026,8.08,,False,,False,,2025-09-30,2025-12-31,2,SLRC,0.09
"GTCR/Jupiter Blocker, LLC",3,GREEN,0,1,1,1,BXSL,Blackstone Credit Advisors,Commercial Services & Supplies,0.075,0.064,0.1719,12/2/2024,,,False,,False,,2025-12-31,2025-12-31,1,BXSL,0.075
"Wind River Environmental, LLC",3,GREEN,0,1,1,1,SLRC,SLR Capital Partners,Diversified Consumer Services,0.072,0.072,0.0,10/5/2025,8.43,,False,,False,,2025-09-30,2025-12-31,2,SLRC,0.072
"Energy Worldnet, LLC+",3,GREEN,0,1,1,1,GBDC,GC Advisors,Software,0.051,0.05,0.02,02/2025,,,False,,False,,2025-09-30,2025-12-31,2,GBDC,0.051
HTI Logistics Corporation,3,GREEN,0,1,1,1,SLRC,SLR Capital Partners,Commercial Services & Supplies,0.051,0.053,-0.0377,9/1/2025,9.94,,False,,False,,2025-09-30,2025-12-31,2,SLRC,0.051
"AI Titan Group Holdings, LP",3,GREEN,0,1,1,1,BXSL,Blackstone Credit Advisors,Software,0.049,0.044,0.1136,8/28/2024,,,False,,False,,2025-12-31,2025-12-31,1,BXSL,0.049
"Onapsis, Inc., Virtual Forge GMBH and Onapsis GMBH+",3,GREEN,0,1,1,1,GBDC,GC Advisors,,0.017,0.006,1.8333,10/2019,,,False,,False,,2025-09-30,2025-12-31,2,GBDC,0.017
"Womble Company, Inc.",3,GREEN,0,1,1,1,SLRC,SLR Capital Partners,Energy Equipment & Services,0.017,0.017,0.0,1/1/2025,9.11,,False,,False,,2025-09-30,2025-12-31,2,SLRC,0.017
PetVet Care Centers LLC+,3,GREEN,0,1,1,1,GBDC,GC Advisors,Specialty Retail,0.009,0.01,-0.1,,,,False,,False,,2025-09-30,2025-12-31,2,GBDC,0.009
"Fleet Farm Group, LLC",3,GREEN,0,1,1,1,GBDC,GC Advisors,Multiline Retail,0.0006,0.0,,12/2024,,,False,,False,,2025-09-30,2025-12-31,2,GBDC,0.0006
2X LLC,3,GREEN,0,1,1,1,SCM,Stellus Capital Management,​,0.0,0.0,,6/5/2023,,,False,,False,,2025-09-30,2025-12-31,2,SCM,0.0
"ADS Group Opco, LLC",3,GREEN,0,1,1,1,SCM,Stellus Capital Management,​,0.0,0.0,,6/4/2021,,,False,,False,,2025-09-30,2025-12-31,2,SCM,0.0
"ADS Group Topco, LLC Class Y Units",3,GREEN,0,1,1,1,SCM,Stellus Capital Management,​,0.0,0.0,,4/11/2023,,,False,,False,,2025-09-30,2025-12-31,2,SCM,0.0
"ADS Group Topco, LLC Class Z Units",3,GREEN,0,1,1,1,SCM,Stellus Capital Management,​,0.0,0.0,,6/15/2022,,,False,,False,,2025-09-30,2025-12-31,2,SCM,0.0
AGT Robotique Inc.,3,GREEN,0,1,1,1,SCM,Stellus Capital Management,​,0.0,0.0,,6/24/2024,,,False,,False,,2025-09-30,2025-12-31,2,SCM,0.0
"AMII Acquisition, LLC",3,GREEN,0,1,1,1,SCM,Stellus Capital Management,​,0.0,0.0,,12/4/2024,,,False,,False,,2025-09-30,2025-12-31,2,SCM,0.0
"APE Holdings, LLC",3,GREEN,0,1,1,1,SCM,Stellus Capital Management,​,0.0,0.0,,9/5/2014,,,False,,False,,2025-09-30,2025-12-31,2,SCM,0.0
"ATI Restoration, LLC",3,GREEN,0,1,1,1,ARCC,Ares Capital Management,Commercial and Professional Services,0.0,99.9,,07/2026,9.45,,False,,False,,2025-09-30,2025-12-31,2,ARCC,0.0
"AdCellerant Holdings, LLC Serires A Units",3,GREEN,0,1,1,1,SCM,Stellus Capital Management,​,0.0,0.0,,12/12/2023,,,False,,False,,2025-09-30,2025-12-31,2,SCM,0.0
"Advanced Barrier Extrusions, LLC",3,GREEN,0,1,1,1,SCM,Stellus Capital Management,​,0.0,0.0,,11/30/2020,,,False,,False,,2025-09-30,2025-12-31,2,SCM,0.0
"American Refrigeration, LLC",3,GREEN,0,1,1,1,SCM,Stellus Capital Management,​,0.0,0.0,,3/31/2023,,,False,,False,,2025-09-30,2025-12-31,2,SCM,0.0
Amika OpCo LLC,3,GREEN,0,1,1,1,SCM,Stellus Capital Management,​,0.0,0.0,,7/1/2022,,,False,,False,,2025-09-30,2025-12-31,2,SCM,0.0
"Anne Lewis Strategies, LLC",3,GREEN,0,1,1,1,SCM,Stellus Capital Management,​,0.0,0.0,,3/5/2021,,,False,,False,,2025-09-30,2025-12-31,2,SCM,0.0
"Appriss Health, LLC and Appriss Health Intermediate Holdings, Inc.",3,GREEN,0,1,1,1,ARCC,Ares Capital Management,Software and Services,0.0,2.8,,05/2027,8.57,,False,,False,,2025-09-30,2025-12-31,2,ARCC,0.0
"Arctiq, Inc.",3,GREEN,0,1,1,1,SCM,Stellus Capital Management,​,0.0,0.0,,8/8/2023,,,False,,False,,2025-09-30,2025-12-31,2,SCM,0.0
Aryeh Bidco Investment Ltd. (dba Dentalcorp),3,GREEN,0,1,1,1,GSBD,Goldman Sachs Asset Management,Health Care Providers & Services,0.0,0.0,,01/14/33,,,False,,False,,2025-09-30,2025-12-31,2,GSBD,0.0
"Atmosphere Aggregator Holdings II, L.P.",3,GREEN,0,1,1,1,SCM,Stellus Capital Management,​,0.0,0.0,,1/26/2016,,,False,,False,,2025-09-30,2025-12-31,2,SCM,0.0
"Axis Portable Air, LLC",3,GREEN,0,1,1,1,SCM,Stellus Capital Management,​,0.0,0.0,,3/22/2022,,,False,,False,,2025-09-30,2025-12-31,2,SCM,0.0
BC Partners Glengarry Co-Investment LP Class 1 Interests,3,GREEN,0,1,1,1,SCM,Stellus Capital Management,​,0.0,0.0,,7/7/2023,,,False,,False,,2025-09-30,2025-12-31,2,SCM,0.0
"BL Products Parent, L.P.",3,GREEN,0,1,1,1,SCM,Stellus Capital Management,​,0.0,0.0,,2/1/2022,,,False,,False,,2025-09-30,2025-12-31,2,SCM,0.0
"BSC Blue Water Holdings, LLC Series A Units (SBIC II)",3,GREEN,0,1,1,1,SCM,Stellus Capital Management,​,0.0,0.0,,7/5/2022,,,False,,False,,2025-09-30,2025-12-31,2,SCM,0.0
"Bart & Associates, LLC",3,GREEN,0,1,1,1,SCM,Stellus Capital Management,​,0.0,0.0,,8/16/2024,,,False,,False,,2025-09-30,2025-12-31,2,SCM,0.0
CEATI International Inc.,3,GREEN,0,1,1,1,SCM,Stellus Capital Management,​,0.0,0.0,,2/19/2021,,,False,,False,,2025-09-30,2025-12-31,2,SCM,0.0
CF Arch Holdings LLC,3,GREEN,0,1,1,1,SCM,Stellus Capital Management,​,0.0,0.0,,8/10/2022,,,False,,False,,2025-09-30,2025-12-31,2,SCM,0.0
CF Topco LLC Units,3,GREEN,0,1,1,1,SCM,Stellus Capital Management,​,0.0,0.0,,8/28/2019,,,False,,False,,2025-09-30,2025-12-31,2,SCM,0.0
"CIVC VI-A 829 Blocker, LLC Units",3,GREEN,0,1,1,1,SCM,Stellus Capital Management,​,0.0,250.0,,9/3/2021,,,False,,False,,2025-09-30,2025-12-31,2,SCM,0.0
"COPILOT Provider Support Services, LLC",3,GREEN,0,1,1,1,SCM,Stellus Capital Management,​,0.0,0.0,,11/22/2022,,,False,,False,,2025-09-30,2025-12-31,2,SCM,0.0
"Café Valley, Inc.",3,GREEN,0,1,1,1,SCM,Stellus Capital Management,​,0.0,0.0,,8/28/2019,,,False,,False,,2025-09-30,2025-12-31,2,SCM,0.0
Camp Profiles LLC,3,GREEN,0,1,1,1,SCM,Stellus Capital Management,​,0.0,0.0,,9/3/2021,,,False,,False,,2025-09-30,2025-12-31,2,SCM,0.0
"Carolina Topco Holdings, LP Class A-1 Units",3,GREEN,0,1,1,1,SCM,Stellus Capital Management,​,0.0,4935.0,,6/6/2025,,,False,,False,,2025-09-30,2025-12-31,2,SCM,0.0
"Carolinas Buyer, Inc.",3,GREEN,0,1,1,1,SCM,Stellus Capital Management,​,0.0,0.0,,12/20/2024,,,False,,False,,2025-09-30,2025-12-31,2,SCM,0.0
Cathay Hypnos LLC Units,3,GREEN,0,1,1,1,SCM,Stellus Capital Management,​,0.0,0.0,,12/22/2021,,,False,,False,,2025-09-30,2025-12-31,2,SCM,0.0
"Cerebro Buyer, LLC",3,GREEN,0,1,1,1,SCM,Stellus Capital Management,​,0.0,0.0,,3/15/2023,,,False,,False,,2025-09-30,2025-12-31,2,SCM,0.0
"Cerebro Holdings Partnership, L.P. Series A Partner Interests",3,GREEN,0,1,1,1,SCM,Stellus Capital Management,​,0.0,0.0,,3/15/2023,,,False,,False,,2025-09-30,2025-12-31,2,SCM,0.0
"Cerebro Holdings Partnership, L.P. Series B Partner Interests",3,GREEN,0,1,1,1,SCM,Stellus Capital Management,​,0.0,0.0,,3/15/2023,,,False,,False,,2025-09-30,2025-12-31,2,SCM,0.0
Champion Services Acquireco LLC,3,GREEN,0,1,1,1,SCM,Stellus Capital Management,​,0.0,0.0,,9/19/2025,,,False,,False,,2025-09-30,2025-12-31,2,SCM,0.0
Champion Services Holdings LLC Class A-1 Units,3,GREEN,0,1,1,1,SCM,Stellus Capital Management,​,0.0,0.0,,9/19/2025,,,False,,False,,2025-09-30,2025-12-31,2,SCM,0.0
"Clearwater Analytics, LLC",3,GREEN,0,1,1,1,GSBD,Goldman Sachs Asset Management,Software,0.0,0.0,,03/31/32,,,False,,False,,2025-12-31,2025-12-31,1,GSBD,0.0
"CompleteCase, LLC",3,GREEN,0,1,1,1,SCM,Stellus Capital Management,​,0.0,0.0,,12/21/2020,,,False,,False,,2025-09-30,2025-12-31,2,SCM,0.0
"Compost 360 Acquisition, LLC",3,GREEN,0,1,1,1,SCM,Stellus Capital Management,​,0.0,0.0,,8/2/2023,,,False,,False,,2025-09-30,2025-12-31,2,SCM,0.0
Craftable Intermediate II Inc.,3,GREEN,0,1,1,1,SCM,Stellus Capital Management,​,0.0,0.0,,6/30/2023,,,False,,False,,2025-09-30,2025-12-31,2,SCM,0.0
"Credit Connection Holdings, LLC Series A Units",3,GREEN,0,1,1,1,SCM,Stellus Capital Management,​,0.0,0.0,,7/30/2021,,,False,,False,,2025-09-30,2025-12-31,2,SCM,0.0
"Curion Holdings, LLC",3,GREEN,0,1,1,1,SCM,Stellus Capital Management,​,0.0,0.0,,7/29/2022,,,False,,False,,2025-09-30,2025-12-31,2,SCM,0.0
"DTE Holding Company, LLC",3,GREEN,0,1,1,1,SCM,Stellus Capital Management,​,0.0,0.0,,4/13/2018,,,False,,False,,2025-09-30,2025-12-31,2,SCM,0.0
"EH Real Estate Services, LLC",3,GREEN,0,1,1,1,SCM,Stellus Capital Management,​,0.0,0.0,,9/3/2021,,,False,,False,,2025-09-30,2025-12-31,2,SCM,0.0
"EOS Fitness Holdings, LLC",3,GREEN,0,1,1,1,SCM,Stellus Capital Management,​,0.0,3017.0,,12/30/2014,,,False,,False,,2025-09-30,2025-12-31,2,SCM,0.0
"Elliott Aviation, LLC",3,GREEN,0,1,1,1,SCM,Stellus Capital Management,​,0.0,0.0,,1/31/2020,,,False,,False,,2025-09-30,2025-12-31,2,SCM,0.0
"Environmental Remedies, LLC",3,GREEN,0,1,1,1,SCM,Stellus Capital Management,​,0.0,0.0,,1/15/2025,,,False,,False,,2025-09-30,2025-12-31,2,SCM,0.0
Eskola LLC,3,GREEN,0,1,1,1,SCM,Stellus Capital Management,​,0.0,0.0,,12/19/2024,,,False,,False,,2025-09-30,2025-12-31,2,SCM,0.0
"Eval Home Health Solutions Intermediate, LLC",3,GREEN,0,1,2,1,PNNT,PennantPark Investment Advisers,"Healthcare, Education and Childcare",0.0,0.822,,05/10/2030,,,False,,False,,2025-09-30,2025-12-31,2,PNNT,0.0
"Evriholder Acquisition, Inc.",3,GREEN,0,1,1,1,SCM,Stellus Capital Management,​,0.0,0.0,,1/23/2023,,,False,,False,,2025-09-30,2025-12-31,2,SCM,0.0
"Exacta Land Surveyors, LLC",3,GREEN,0,1,1,1,SCM,Stellus Capital Management,​,0.0,0.0,,2/8/2019,,,False,,False,,2025-09-30,2025-12-31,2,SCM,0.0
"FairWave Holdings, LLC",3,GREEN,0,1,1,1,SCM,Stellus Capital Management,​,0.0,0.0,,4/1/2024,,,False,,False,,2025-09-30,2025-12-31,2,SCM,0.0
Fidus Systems Inc.,3,GREEN,0,1,1,1,SCM,Stellus Capital Management,​,0.0,0.0,,10/17/2025,,,False,,False,,2025-12-31,2025-12-31,1,SCM,0.0
FiscalNote Boards LLC,3,GREEN,0,1,1,1,SCM,Stellus Capital Management,​,0.0,0.0,,3/11/2024,,,False,,False,,2025-09-30,2025-12-31,2,SCM,0.0
"Flinn Scientific, Inc. and WCI-Quantum Holdings, Inc.",3,GREEN,0,1,1,1,ARCC,Ares Capital Management,,0.0,4.0,,04/2026,9.22,,False,,False,,2025-09-30,2025-12-31,2,ARCC,0.0
Florachem Corporation,3,GREEN,0,1,1,1,SCM,Stellus Capital Management,​,0.0,0.0,,4/29/2022,,,False,,False,,2025-09-30,2025-12-31,2,SCM,0.0
"GP ABX Holdings Partnership, L.P. Partner Interests",3,GREEN,0,1,1,1,SCM,Stellus Capital Management,​,0.0,0.0,,8/8/2018,,,False,,False,,2025-09-30,2025-12-31,2,SCM,0.0
"GSF Buyer, LLC",3,GREEN,0,1,1,1,SCM,Stellus Capital Management,​,0.0,0.0,,4/30/2025,,,False,,False,,2025-09-30,2025-12-31,2,SCM,0.0
"GSF Group Holdings, L.P. Class A2 Units",3,GREEN,0,1,1,1,SCM,Stellus Capital Management,​,0.0,241.0,,4/30/2025,,,False,,False,,2025-09-30,2025-12-31,2,SCM,0.0
Gauge Craftable LP Partnership Interests,3,GREEN,0,1,1,1,SCM,Stellus Capital Management,​,0.0,0.0,,6/30/2023,,,False,,False,,2025-09-30,2025-12-31,2,SCM,0.0
"Gauge Vimergy Coinvest, LLC Units",3,GREEN,0,1,1,1,SCM,Stellus Capital Management,​,0.0,399.0,,6/6/2022,,,False,,False,,2025-09-30,2025-12-31,2,SCM,0.0
"General LED OPCO, LLC",3,GREEN,0,1,1,1,SCM,Stellus Capital Management,​,0.0,0.0,,5/1/2018,,,False,,False,,2025-09-30,2025-12-31,2,SCM,0.0
"Green Intermediateco II, Inc.",3,GREEN,0,1,1,1,SCM,Stellus Capital Management,​,0.0,0.0,,8/8/2023,,,False,,False,,2025-09-30,2025-12-31,2,SCM,0.0
Guidant Corp.,3,GREEN,0,1,1,1,SCM,Stellus Capital Management,​,0.0,0.0,,3/11/2024,,,False,,False,,2025-09-30,2025-12-31,2,SCM,0.0
"HCI Equity, LLC",3,GREEN,0,1,1,1,ARCC,Ares Capital Management,Investment Funds and Vehicles,0.0,0.0,,04/2010,,,False,,False,,2025-09-30,2025-12-31,2,ARCC,0.0
"HV GS Acquisition, LP Class A Interests",3,GREEN,0,1,1,1,SCM,Stellus Capital Management,​,0.0,2144.0,,10/2/2019,,,False,,False,,2025-09-30,2025-12-31,2,SCM,0.0
"Heartland Business Systems, LLC",3,GREEN,0,1,1,1,SCM,Stellus Capital Management,​,0.0,0.0,,8/26/2022,,,False,,False,,2025-09-30,2025-12-31,2,SCM,0.0
Husk AcquireCo Inc.,3,GREEN,0,1,1,1,SCM,Stellus Capital Management,​,0.0,0.0,,11/14/2024,,,False,,False,,2025-09-30,2025-12-31,2,SCM,0.0
"I2P Holdings, LLC",3,GREEN,0,1,1,1,SCM,Stellus Capital Management,​,0.0,0.0,,1/31/2018,,,False,,False,,2025-09-30,2025-12-31,2,SCM,0.0
"IDX Parent, LLC Class A-2 Units",3,GREEN,0,1,1,1,SCM,Stellus Capital Management,​,0.0,0.0,,2/28/2025,,,False,,False,,2025-09-30,2025-12-31,2,SCM,0.0
"Identity Theft Guard Solutions, Inc.",3,GREEN,0,1,1,1,SCM,Stellus Capital Management,​,0.0,0.0,,2/28/2025,,,False,,False,,2025-09-30,2025-12-31,2,SCM,0.0
"Imagine Topco, LP",3,GREEN,0,1,2,1,PNNT,PennantPark Investment Advisers,Business Services,0.0,0.0,,,,,False,,False,,2025-09-30,2025-12-31,2,PNNT,0.0
Impact Holdings Georgia LLC Class A-1 Units,3,GREEN,0,1,1,1,SCM,Stellus Capital Management,​,0.0,38.0,,1/31/2024,,,False,,False,,2025-09-30,2025-12-31,2,SCM,0.0
Impact Home Services LLC,3,GREEN,0,1,1,1,SCM,Stellus Capital Management,​,0.0,0.0,,4/28/2023,,,False,,False,,2025-09-30,2025-12-31,2,SCM,0.0
"Informativ, LLC",3,GREEN,0,1,1,1,SCM,Stellus Capital Management,​,0.0,0.0,,7/30/2021,,,False,,False,,2025-09-30,2025-12-31,2,SCM,0.0
"Inoapps Bidco, LLC",3,GREEN,0,1,1,1,SCM,Stellus Capital Management,​,0.0,0.0,,2/15/2022,,,False,,False,,2025-09-30,2025-12-31,2,SCM,0.0
"International Cybernetics Acquisition, LLC",3,GREEN,0,1,1,1,SCM,Stellus Capital Management,​,0.0,0.0,,6/3/2025,,,False,,False,,2025-09-30,2025-12-31,2,SCM,0.0
Ishtar Co-Invest-B LP Partnership Interests,3,GREEN,0,1,1,1,SCM,Stellus Capital Management,​,0.0,0.0,,7/1/2022,,,False,,False,,2025-09-30,2025-12-31,2,SCM,0.0
"J.R. Watkins, LLC",3,GREEN,0,1,1,1,SCM,Stellus Capital Management,​,0.0,0.0,,12/22/2017,,,False,,False,,2025-09-30,2025-12-31,2,SCM,0.0
"Lightning Intermediate II, LLC",3,GREEN,0,1,1,1,SCM,Stellus Capital Management,​,0.0,0.0,,6/6/2022,,,False,,False,,2025-09-30,2025-12-31,2,SCM,0.0
"Luxium Solutions, LLC",3,GREEN,0,1,1,1,SCM,Stellus Capital Management,​,0.0,0.0,,5/10/2024,,,False,,False,,2025-09-30,2025-12-31,2,SCM,0.0
MBH Management LLC,3,GREEN,0,1,1,1,SCM,Stellus Capital Management,​,0.0,0.0,,11/15/2024,,,False,,False,,2025-09-30,2025-12-31,2,SCM,0.0
"MBliss SPC Holdings, LLC Units",3,GREEN,0,1,1,1,SCM,Stellus Capital Management,​,0.0,0.0,,5/19/2021,,,False,,False,,2025-09-30,2025-12-31,2,SCM,0.0
"MOM Enterprises, LLC",3,GREEN,0,1,1,1,SCM,Stellus Capital Management,​,0.0,0.0,,5/19/2021,,,False,,False,,2025-09-30,2025-12-31,2,SCM,0.0
MPI Products LLC,3,GREEN,0,1,1,1,GSBD,Goldman Sachs Asset Management,Automobile Components,0.0,0.0,,07/15/25,,,False,,False,,2025-09-30,2025-12-31,2,GSBD,0.0
"MacKenzie-Childs Acquisition, Inc.",3,GREEN,0,1,1,1,SCM,Stellus Capital Management,​,0.0,0.0,,9/2/2022,,,False,,False,,2025-09-30,2025-12-31,2,SCM,0.0
"MacKenzie-Childs Investment, LP Partnership Interests",3,GREEN,0,1,1,1,SCM,Stellus Capital Management,​,0.0,0.0,,9/2/2022,,,False,,False,,2025-09-30,2025-12-31,2,SCM,0.0
"MedLearning Group, LLC",3,GREEN,0,1,1,1,SCM,Stellus Capital Management,​,0.0,0.0,,3/26/2024,,,False,,False,,2025-09-30,2025-12-31,2,SCM,0.0
"Michelli, LLC",3,GREEN,0,1,1,1,SCM,Stellus Capital Management,​,0.0,0.0,,12/21/2023,,,False,,False,,2025-09-30,2025-12-31,2,SCM,0.0
"Mobotrex Acquisition, LLC",3,GREEN,0,1,1,1,SCM,Stellus Capital Management,​,0.0,0.0,,2/28/2025,,,False,,False,,2025-09-30,2025-12-31,2,SCM,0.0
"Monarch Behavioral Therapy, LLC",3,GREEN,0,1,1,1,SCM,Stellus Capital Management,​,0.0,0.0,,6/6/2024,,,False,,False,,2025-09-30,2025-12-31,2,SCM,0.0
"Morgan Electrical Group Intermediate Holdings, Inc.",3,GREEN,0,1,1,1,SCM,Stellus Capital Management,​,0.0,0.0,,8/3/2023,,,False,,False,,2025-09-30,2025-12-31,2,SCM,0.0
"NINJIO Holdings, LLC Units",3,GREEN,0,1,1,1,SCM,Stellus Capital Management,​,0.0,184.0,,10/12/2022,,,False,,False,,2025-09-30,2025-12-31,2,SCM,0.0
"NINJIO, LLC",3,GREEN,0,1,1,1,SCM,Stellus Capital Management,​,0.0,0.0,,10/12/2022,,,False,,False,,2025-09-30,2025-12-31,2,SCM,0.0
"NS412, LLC",3,GREEN,0,1,1,1,SCM,Stellus Capital Management,​,0.0,0.0,,5/6/2019,,,False,,False,,2025-09-30,2025-12-31,2,SCM,0.0
"Naumann Hobbs Holdings, L.P. Class A-1 Units",3,GREEN,0,1,1,1,SCM,Stellus Capital Management,​,0.0,123.0,,9/29/2022,,,False,,False,,2025-09-30,2025-12-31,2,SCM,0.0
"Naumann Hobbs Holdings, L.P. Class A-2 Units",3,GREEN,0,1,1,1,SCM,Stellus Capital Management,​,0.0,123.0,,9/29/2022,,,False,,False,,2025-09-30,2025-12-31,2,SCM,0.0
"Naumann Hobbs Holdings, L.P. Class W-2 Units",3,GREEN,0,1,1,1,SCM,Stellus Capital Management,​,0.0,49.0,,5/27/2025,,,False,,False,,2025-09-30,2025-12-31,2,SCM,0.0
"Naumann/Hobbs Material Handling Corporation II, Inc.",3,GREEN,0,1,1,1,SCM,Stellus Capital Management,​,0.0,0.0,,8/30/2019,,,False,,False,,2025-09-30,2025-12-31,2,SCM,0.0
"Norplex Micarta Acquisition, Inc.",3,GREEN,0,1,1,1,SCM,Stellus Capital Management,​,0.0,0.0,,10/31/2024,,,False,,False,,2025-09-30,2025-12-31,2,SCM,0.0
"NuSource Financial Acquisition, Inc.",3,GREEN,0,1,1,1,SCM,Stellus Capital Management,​,0.0,0.0,,1/29/2021,,,False,,False,,2025-09-30,2025-12-31,2,SCM,0.0
Oshun Co-Invest-B LP Partnership Interests,3,GREEN,0,1,1,1,SCM,Stellus Capital Management,​,0.0,0.0,,7/1/2022,,,False,,False,,2025-09-30,2025-12-31,2,SCM,0.0
"PCP MT Aggregator Holdings, L.P.",3,GREEN,0,1,1,1,SCM,Stellus Capital Management,​,0.0,0.0,,3/29/2019,,,False,,False,,2025-09-30,2025-12-31,2,SCM,0.0
"Pacific Shoring Holdings, LLC",3,GREEN,0,1,1,1,SCM,Stellus Capital Management,​,0.0,0.0,,1/10/2025,,,False,,False,,2025-09-30,2025-12-31,2,SCM,0.0
"Pearl Media Holdings, LLC",3,GREEN,0,1,1,1,SCM,Stellus Capital Management,​,0.0,0.0,,8/31/2022,,,False,,False,,2025-09-30,2025-12-31,2,SCM,0.0
Peltram Group Holdings LLC,3,GREEN,0,1,1,1,SCM,Stellus Capital Management,​,0.0,0.0,,12/30/2021,,,False,,False,,2025-09-30,2025-12-31,2,SCM,0.0
"Pilot Power Group Acquisition, Inc.",3,GREEN,0,1,1,1,SCM,Stellus Capital Management,​,0.0,0.0,,12/18/2025,,,False,,False,,2025-12-31,2025-12-31,1,SCM,0.0
Plus Delta Buyer LLC,3,GREEN,0,1,1,1,SCM,Stellus Capital Management,​,0.0,0.0,,1/16/2025,,,False,,False,,2025-09-30,2025-12-31,2,SCM,0.0
"PosiGen, Inc.",3,GREEN,0,1,1,1,ARCC,Ares Capital Management,Independent Power and Renewable Electricity Producers,0.0,0.0,,01/2027,,,False,,False,,2025-09-30,2025-12-31,2,ARCC,0.0
"Pragmatic Holdco, Inc.",3,GREEN,0,1,1,1,PFLT,PennantPark Investment Advisers,Professional Services,0.0,0.036,,11/5/2021,,,False,,False,,2025-09-30,2025-12-31,2,PFLT,0.0
"Premiere Digital Services, Inc.",3,GREEN,0,1,1,1,SCM,Stellus Capital Management,​,0.0,0.0,,11/3/2021,,,False,,False,,2025-09-30,2025-12-31,2,SCM,0.0
Pure Upper Holdco LLC,3,GREEN,0,1,1,1,SCM,Stellus Capital Management,​,0.0,0.0,,12/3/2025,,,False,,False,,2025-12-31,2025-12-31,1,SCM,0.0
"RIA Advisory Borrower, LLC",3,GREEN,0,1,1,1,SCM,Stellus Capital Management,​,0.0,0.0,,5/1/2023,,,False,,False,,2025-09-30,2025-12-31,2,SCM,0.0
"Recharged Opco, LLC",3,GREEN,0,1,1,1,SCM,Stellus Capital Management,​,0.0,0.0,,2/7/2022,,,False,,False,,2025-12-31,2025-12-31,1,SCM,0.0
"Red's All Natural, LLC",3,GREEN,0,1,1,1,SCM,Stellus Capital Management,​,0.0,0.0,,1/31/2023,,,False,,False,,2025-09-30,2025-12-31,2,SCM,0.0
"Regent Education, Inc.",3,GREEN,0,1,1,1,ARCC,Ares Capital Management,,0.0,0.0,,12/2026,,,False,,False,,2025-09-30,2025-12-31,2,ARCC,0.0
"Rogers Mechanical Contractors, LLC",3,GREEN,0,1,1,1,SCM,Stellus Capital Management,​,0.0,0.0,,4/28/2021,,,False,,False,,2025-09-30,2025-12-31,2,SCM,0.0
"SG AL Investment, LLC Common-A Units",3,GREEN,0,1,1,1,SCM,Stellus Capital Management,​,0.0,478.0,,12/22/2023,,,False,,False,,2025-09-30,2025-12-31,2,SCM,0.0
"Said Intermediate, LLC",3,GREEN,0,1,1,1,SCM,Stellus Capital Management,​,0.0,0.0,,6/13/2024,,,False,,False,,2025-09-30,2025-12-31,2,SCM,0.0
Sapphire Aggregator S.a r.l. Class 3 Ordinary Shares,3,GREEN,0,1,1,1,SCM,Stellus Capital Management,​,0.0,0.0,,3/31/2025,,,False,,False,,2025-12-31,2025-12-31,1,SCM,0.0
Sapphire Aggregator S.a r.l. Class A Shares,3,GREEN,0,1,1,1,SCM,Stellus Capital Management,​,0.0,0.0,,9/1/2022,,,False,,False,,2025-09-30,2025-12-31,2,SCM,0.0
Sapphire Aggregator S.a r.l. Class B Shares,3,GREEN,0,1,1,1,SCM,Stellus Capital Management,​,0.0,0.0,,9/1/2022,,,False,,False,,2025-09-30,2025-12-31,2,SCM,0.0
Sapphire Aggregator S.a r.l. Class C Shares,3,GREEN,0,1,1,1,SCM,Stellus Capital Management,​,0.0,0.0,,9/1/2022,,,False,,False,,2025-09-30,2025-12-31,2,SCM,0.0
Sapphire Aggregator S.a r.l. Class D Shares,3,GREEN,0,1,1,1,SCM,Stellus Capital Management,​,0.0,0.0,,9/1/2022,,,False,,False,,2025-09-30,2025-12-31,2,SCM,0.0
Sapphire Aggregator S.a r.l. Class E Shares,3,GREEN,0,1,1,1,SCM,Stellus Capital Management,​,0.0,0.0,,9/1/2022,,,False,,False,,2025-09-30,2025-12-31,2,SCM,0.0
Sapphire Aggregator S.a r.l. Class F Shares,3,GREEN,0,1,1,1,SCM,Stellus Capital Management,​,0.0,0.0,,9/1/2022,,,False,,False,,2025-09-30,2025-12-31,2,SCM,0.0
Sapphire Aggregator S.a r.l. Class G Shares,3,GREEN,0,1,1,1,SCM,Stellus Capital Management,​,0.0,0.0,,9/1/2022,,,False,,False,,2025-09-30,2025-12-31,2,SCM,0.0
Sapphire Aggregator S.a r.l. Class H Shares,3,GREEN,0,1,1,1,SCM,Stellus Capital Management,​,0.0,0.0,,9/1/2022,,,False,,False,,2025-09-30,2025-12-31,2,SCM,0.0
Sapphire Aggregator S.a r.l. Class I Shares,3,GREEN,0,1,1,1,SCM,Stellus Capital Management,​,0.0,0.0,,9/1/2022,,,False,,False,,2025-09-30,2025-12-31,2,SCM,0.0
Sapphire Aggregator S.a r.l. Convertible Bonds,3,GREEN,0,1,1,1,SCM,Stellus Capital Management,​,0.0,0.0,,11/15/2023,,,False,,False,,2025-09-30,2025-12-31,2,SCM,0.0
"Service Minds Company, LLC",3,GREEN,0,1,1,1,SCM,Stellus Capital Management,​,0.0,0.0,,2/7/2022,,,False,,False,,2025-09-30,2025-12-31,2,SCM,0.0
"SocialFlow, Inc.",3,GREEN,0,1,1,1,ARCC,Ares Capital Management,,0.0,0.0,,01/2026,,,False,,False,,2025-09-30,2025-12-31,2,ARCC,0.0
"Solid Surface Holdco, LLC",3,GREEN,0,1,1,1,SCM,Stellus Capital Management,​,0.0,0.0,,6/6/2025,,,False,,False,,2025-09-30,2025-12-31,2,SCM,0.0
"Strategus, LLC",3,GREEN,0,1,1,1,SCM,Stellus Capital Management,​,0.0,0.0,,1/27/2025,,,False,,False,,2025-09-30,2025-12-31,2,SCM,0.0
"TL Sapphire Holdings, Inc. (dba SouthernCarlson)",3,GREEN,0,1,1,1,GSBD,Goldman Sachs Asset Management,Trading Companies & Distributors,0.0,0.0,,01/24/33,,,False,,False,,2025-12-31,2025-12-31,1,GSBD,0.0
"Teckrez, LLC",3,GREEN,0,1,1,1,SCM,Stellus Capital Management,​,0.0,0.0,,5/24/2024,,,False,,False,,2025-09-30,2025-12-31,2,SCM,0.0
Term A Loan,3,GREEN,0,1,1,1,SCM,Stellus Capital Management,​,0.0,0.0,,5/22/2023,,,False,,False,,2025-09-30,2025-12-31,2,SCM,0.0
Term A Loan (SBIC II),3,GREEN,0,1,1,1,SCM,Stellus Capital Management,​,0.0,0.0,,12/12/2023,,,False,,False,,2025-09-30,2025-12-31,2,SCM,0.0
Term A Loan (SBIC),3,GREEN,0,1,1,1,SCM,Stellus Capital Management,​,0.0,0.0,,5/22/2023,,,False,,False,,2025-09-30,2025-12-31,2,SCM,0.0
"The Hardenbergh Group, Inc.",3,GREEN,0,1,1,1,SCM,Stellus Capital Management,​,0.0,0.0,,8/7/2023,,,False,,False,,2025-09-30,2025-12-31,2,SCM,0.0
The Millennium Alliance LLC,3,GREEN,0,1,1,1,SCM,Stellus Capital Management,​,0.0,0.0,,7/31/2025,,,False,,False,,2025-09-30,2025-12-31,2,SCM,0.0
"Tiger 21, LLC",3,GREEN,0,1,1,1,SCM,Stellus Capital Management,​,0.0,0.0,,12/30/2024,,,False,,False,,2025-09-30,2025-12-31,2,SCM,0.0
"Tower Arch Infolinks Media, LP LP Interests",3,GREEN,0,1,1,1,SCM,Stellus Capital Management,​,0.0,0.0,,10/28/2021,,,False,,False,,2025-09-30,2025-12-31,2,SCM,0.0
"Trade Education Acquisition, L.L.C.",3,GREEN,0,1,1,1,SCM,Stellus Capital Management,​,0.0,0.0,,12/28/2021,,,False,,False,,2025-09-30,2025-12-31,2,SCM,0.0
"TradePending Holdings, LLC Series A Units",3,GREEN,0,1,1,1,SCM,Stellus Capital Management,​,0.0,0.0,,3/2/2021,,,False,,False,,2025-09-30,2025-12-31,2,SCM,0.0
"TradePending OpCo Aggregator, LLC",3,GREEN,0,1,1,1,SCM,Stellus Capital Management,​,0.0,0.0,,3/2/2021,,,False,,False,,2025-09-30,2025-12-31,2,SCM,0.0
TriplePoint Acquisition Holdings LLC,3,GREEN,0,1,1,1,SCM,Stellus Capital Management,​,0.0,0.0,,5/31/2024,,,False,,False,,2025-09-30,2025-12-31,2,SCM,0.0
"U.S. Expediters, LLC",3,GREEN,0,1,1,1,SCM,Stellus Capital Management,​,0.0,0.0,,12/22/2021,,,False,,False,,2025-09-30,2025-12-31,2,SCM,0.0
"USDTL AcquisitionCo, Inc.",3,GREEN,0,1,1,1,SCM,Stellus Capital Management,​,0.0,0.0,,12/9/2024,,,False,,False,,2025-09-30,2025-12-31,2,SCM,0.0
"Unicat Catalyst Holdings, LLC",3,GREEN,0,1,1,1,SCM,Stellus Capital Management,​,0.0,0.0,,4/27/2021,,,False,,False,,2025-09-30,2025-12-31,2,SCM,0.0
"Unicat Catalyst, LLC Class A-1 Units",3,GREEN,0,1,1,1,SCM,Stellus Capital Management,​,0.0,1675.0,,12/13/2023,,,False,,False,,2025-09-30,2025-12-31,2,SCM,0.0
"Valor Buyco, LLC",3,GREEN,0,1,1,1,SCM,Stellus Capital Management,​,0.0,0.0,,12/23/2025,,,False,,False,,2025-12-31,2025-12-31,1,SCM,0.0
"Venbrook Buyer, LLC",3,GREEN,0,1,1,1,SCM,Stellus Capital Management,​,0.0,0.0,,3/13/2020,,,False,,False,,2025-09-30,2025-12-31,2,SCM,0.0
"WER Holdings, LLC",3,GREEN,0,1,1,1,SCM,Stellus Capital Management,​,0.0,0.0,,4/11/2024,,,False,,False,,2025-09-30,2025-12-31,2,SCM,0.0
Whisps Holdings LP,3,GREEN,0,1,1,1,SCM,Stellus Capital Management,​,0.0,0.0,,4/18/2019,,,False,,False,,2025-09-30,2025-12-31,2,SCM,0.0
"Xanitos, Inc.",3,GREEN,0,1,1,1,SCM,Stellus Capital Management,​,0.0,0.0,,6/25/2021,,,False,,False,,2025-09-30,2025-12-31,2,SCM,0.0
"evolv Consulting, LLC",3,GREEN,0,1,1,1,SCM,Stellus Capital Management,​,0.0,0.0,,12/7/2023,,,False,,False,,2025-09-30,2025-12-31,2,SCM,0.0
CREST Exeter Street Solar 2004-1,3,GREEN,0,1,1,1,ARCC,Ares Capital Management,Investment Funds and Vehicles,-6.0,-6.0,,01/2017,,,False,,False,,2025-09-30,2025-12-31,2,ARCC,-6.0
Fixed 2.7 %,3,GREEN,0,1,1,1,OCSL,Oaktree Capital Management,,-21.198,0.0,,1/15/2027,,,False,,False,,2025-09-30,2025-12-31,2,OCSL,-21.198
2.63 %,3,GREEN,0,1,1,1,OBDC,Blue Owl Credit Advisors,,-45.201,-45.201,,1/15/2027,,,False,,False,,2025-09-30,2025-12-31,2,OBDC,-45.201
"Ivy Hill Asset Management, L.P.",2,GREEN,0,1,1,1,ARCC,Ares Capital Management,,4867.8,4462.0,0.0909,01/2030,10.32,,False,,False,,2025-09-30,2025-12-31,2,ARCC,4867.8
Wharf Street Ratings Acquisition LLC,2,GREEN,0,1,1,1,ARCC,Ares Capital Management,,3701.3,3472.1,0.066,09/2032,8.47,,False,,False,,2025-09-30,2025-12-31,2,ARCC,3701.3
"Credit Opportunities Partners JV, LLC",2,GREEN,0,1,1,1,FSK,FS/KKR Advisor,"Credit Opportunities Partners JV, LLC",3565.2,3839.1,-0.0713,,,,False,,False,,2025-09-30,2025-12-31,2,FSK,3565.2
"ZocDoc, Inc.",2,GREEN,0,1,1,1,ARCC,Ares Capital Management,,3400.0,3605.0,-0.0569,07/2030,9.12,,False,,False,,2025-09-30,2025-12-31,2,ARCC,3400.0
"YLG Holdings, Inc.",2,GREEN,0,1,1,1,CGBD,Carlyle Investment Management,Consumer Services,3282.532,3322.037,-0.0119,12/23/2030,,,False,,False,,2025-09-30,2025-12-31,2,CGBD,3282.532
"Zinc Buyer Corporation and Marmic Fire & Safety Co., Inc.",2,GREEN,0,1,1,1,ARCC,Ares Capital Management,,2802.3,2832.5,-0.0107,07/2031,8.42,,False,,False,,2025-09-30,2025-12-31,2,ARCC,2802.3
Subtotal Control investments ( 85.8 % of net assets at fair value),2,GREEN,0,1,1,1,MAIN,Main Street Capital (internal),,2569.626,1824.132,0.4087,,,,False,,False,,2025-12-31,2025-12-31,1,MAIN,2569.626
"Senior Direct Lending Program, LLC",2,GREEN,0,1,1,1,ARCC,Ares Capital Management,Investment Funds and Vehicles,2259.0,2224.1,0.0157,,,,False,,False,,2025-09-30,2025-12-31,2,ARCC,2259.0
Net Asset Based Finance,2,GREEN,0,1,1,1,FSK,FS/KKR Advisor,Consumer Discretionary Distribution & Retail,2101.7,2231.9,-0.0583,,,,False,,False,,2025-09-30,2025-12-31,2,FSK,2101.7
Subtotal Control investments ( 74.6 % of net assets at fair value),2,GREEN,0,1,1,1,MAIN,Main Street Capital (internal),,2087.89,1415.97,0.4745,,,,False,,False,,2025-09-30,2025-12-31,2,MAIN,2087.89
Subtotal Non-Control/Non-Affiliate investments ( 66.2 % of net assets at fair value),2,GREEN,0,1,1,1,MAIN,Main Street Capital (internal),,1983.312,0.0,,,,,False,,False,,2025-12-31,2025-12-31,1,MAIN,1983.312
Wingspire Capital Holdings LLC,2,GREEN,0,1,1,1,OBDC,Blue Owl Credit Advisors,Asset based lending and fund finance,1818.385,1499.265,0.2129,,,,False,,False,,2025-09-30,2025-12-31,2,OBDC,1818.385
"ZBS Mechanical Group Co-Invest Fund 2, LLC and ZBS Mechanical Group Co-Invest II Fund 2, LLC",2,GREEN,0,1,1,1,ARCC,Ares Capital Management,,1681.0,1645.1,0.0218,,,,False,,False,,2025-09-30,2025-12-31,2,ARCC,1681.0
"World Insurance Associates, LLC and World Associates Holdings, LLC",2,GREEN,0,1,1,1,ARCC,Ares Capital Management,,1532.8,11.3,134.646,04/2030,8.67,,False,,False,,2025-09-30,2025-12-31,2,ARCC,1532.8
"Worldwide Produce Acquisition, LLC and REP WWP Coinvest IV, L.P.",2,GREEN,0,1,1,1,ARCC,Ares Capital Management,,1439.7,8.7,164.4828,01/2029,11.56,,False,,False,,2025-09-30,2025-12-31,2,ARCC,1439.7
WRE Sports Investments LLC,2,GREEN,0,1,1,1,ARCC,Ares Capital Management,,1191.6,1150.3,0.0359,,,,False,,False,,2025-09-30,2025-12-31,2,ARCC,1191.6
Fifth Season Investments LLC,2,GREEN,0,1,1,1,OBDC,Blue Owl Credit Advisors,Insurance,1029.614,931.543,0.1053,,,,False,,False,,2025-09-30,2025-12-31,2,OBDC,1029.614
Subtotal Affiliate investments ( 32.2 % of net assets at fair value),2,GREEN,0,1,1,1,MAIN,Main Street Capital (internal),,965.179,881.641,0.0948,,,,False,,False,,2025-12-31,2025-12-31,1,MAIN,965.179
Consolidated Revenue Interest ( 2.00 %),2,GREEN,0,1,1,1,PSEC,Prospect Capital Management,6/22/2018,902.97,460.45,0.9611,,,,False,,False,,2025-09-30,2025-12-31,2,PSEC,902.97
Subtotal Affiliate investments ( 30.3 % of net assets at fair value),2,GREEN,0,1,1,1,MAIN,Main Street Capital (internal),,846.798,743.441,0.139,,,,False,,False,,2025-09-30,2025-12-31,2,MAIN,846.798
"WCI-BXC Purchaser, LLC and WCI-BXC Investment Holdings, L.P.",2,GREEN,0,1,1,1,ARCC,Ares Capital Management,,796.5,801.9,-0.0067,,,,False,,False,,2025-09-30,2025-12-31,2,ARCC,796.5
Subtotal: Application Software ( 38.96 %)*,2,GREEN,0,1,1,1,HTGC,Hercules Capital (internal),,775.192,0.0,,,,,False,,False,,2025-12-31,2025-12-31,1,HTGC,775.192
"TBRS, Inc. (dba TEAM Technologies)",2,GREEN,0,1,1,1,OBDC,Blue Owl Credit Advisors,Healthcare equipment and services,768.769,758.319,0.0138,11/2030,,,False,,False,,2025-09-30,2025-12-31,2,OBDC,768.769
"Gamber-Johnson Holdings, LLC",2,GREEN,0,1,1,1,MAIN,Main Street Capital (internal),,744.986,358.634,1.0773,1/1/2028,11.19,,False,,False,,2025-09-30,2025-12-31,2,MAIN,744.986
Blue Owl Credit SLF LLC,2,GREEN,0,1,1,1,OBDC,Blue Owl Credit Advisors,Joint ventures,710.724,714.776,-0.0057,,,,False,,False,,2025-09-30,2025-12-31,2,OBDC,710.724
"Snoopy Bidco, Inc.",2,GREEN,0,1,1,1,BXSL,Blackstone Credit Advisors,Health Care Providers & Services (continued),671.695,694.106,-0.0323,6/1/2028,,,False,,False,,2025-12-31,2025-12-31,1,BXSL,671.695
Sterilex LLC,2,GREEN,0,1,1,1,ARCC,Ares Capital Management,,661.8,670.8,-0.0134,09/2030,8.95,,False,,False,,2025-09-30,2025-12-31,2,ARCC,661.8
"JSS Holdings, Inc.",2,GREEN,0,1,1,1,BXSL,Blackstone Credit Advisors,Commercial Services & Supplies (continued),645.242,639.887,0.0084,11/8/2031,,,False,,False,,2025-12-31,2025-12-31,1,BXSL,645.242
Rushmore Investment III LLC (dba Winland Foods),2,GREEN,0,1,1,1,OBDC,Blue Owl Credit Advisors,Food and beverage,631.403,625.283,0.0098,10/2030,,,False,,False,,2025-09-30,2025-12-31,2,OBDC,631.403
LSI Financing LLC,2,GREEN,0,1,1,1,OBDC,Blue Owl Credit Advisors,Pharmaceuticals,580.092,545.012,0.0644,,,,False,,False,,2025-09-30,2025-12-31,2,OBDC,580.092
SLR Credit Solutions,2,GREEN,0,1,1,1,SLRC,SLR Capital Partners,Financial Services,569.25,561.474,0.0138,,,,False,,False,,2025-09-30,2025-12-31,2,SLRC,569.25
"Cambium Learning Group, Inc.",2,GREEN,0,1,1,1,BXSL,Blackstone Credit Advisors,Diversified Consumer Services,561.624,566.931,-0.0094,7/20/2028,,,False,,False,,2025-12-31,2025-12-31,1,BXSL,561.624
"Corfin Holdings, Inc.",2,GREEN,0,1,1,1,BXSL,Blackstone Credit Advisors,Aerospace & Defense,526.907,524.073,0.0054,12/27/2027,,,False,,False,,2025-12-31,2025-12-31,1,BXSL,526.907
"MSC Adviser I, LLC",2,GREEN,0,1,1,1,MAIN,Main Street Capital (internal),,501.02,59.0,7.4919,,,,False,,False,,2025-09-30,2025-12-31,2,MAIN,501.02
Global Tel*Link Corporation (d./b/a ViaPath Technologies),2,GREEN,0,1,1,1,PSEC,Prospect Capital Management,Diversified Telecommunication Services,496.93,486.702,0.021,8/6/2029,11.52,750.0,False,,False,,2025-09-30,2025-12-31,2,PSEC,496.93
"Apex Clean Energy TopCo, LLC",2,GREEN,0,1,1,1,ARCC,Ares Capital Management,Independent Power and Renewable Electricity Producers,490.0,292.0,0.6781,,,,False,,False,,2025-09-30,2025-12-31,2,ARCC,490.0
"Bazaarvoice, Inc.",2,GREEN,0,1,1,1,BXSL,Blackstone Credit Advisors,Commercial Services & Supplies,485.697,485.697,0.0,5/7/2028,,,False,,False,,2025-12-31,2025-12-31,1,BXSL,485.697
Silk Holdings III LLC and Silk Holdings I Corp.,2,GREEN,0,1,1,1,ARCC,Ares Capital Management,,477.0,439.0,0.0866,12/2032,8.34,,False,,False,,2025-12-31,2025-12-31,1,ARCC,477.0
Subtotal: System Software ( 20.68 %)*,2,GREEN,0,1,1,1,HTGC,Hercules Capital (internal),Sustainable and Renewable Technology,458.365,454.311,0.0089,,,,False,,False,,2025-12-31,2025-12-31,1,HTGC,458.365
"Metis HoldCo, Inc. (dba Mavis Tire Express Services)",2,GREEN,0,1,1,1,OBDC,Blue Owl Credit Advisors,Automotive services,444.569,438.22,0.0145,,,,False,,False,,2025-09-30,2025-12-31,2,OBDC,444.569
"FEH Group, LLC.",2,GREEN,0,1,1,1,ARCC,Ares Capital Management,,442.2,374.2,0.1817,,,,False,,False,,2025-09-30,2025-12-31,2,ARCC,442.2
eCapital Finance Corp.,2,GREEN,0,1,1,1,ARCC,Ares Capital Management,Financial Services,441.4,221.5,0.9928,09/2029,11.22,,False,,False,,2025-09-30,2025-12-31,2,ARCC,441.4
"World Insurance Associates, LLC+",2,GREEN,0,1,1,1,GBDC,GC Advisors,,439.053,440.639,-0.0036,,,,False,,False,,2025-09-30,2025-12-31,2,GBDC,439.053
"CoreLogic, Inc. and T-VIII Celestial Co-Invest LP",2,GREEN,0,1,1,1,ARCC,Ares Capital Management,,433.8,443.6,-0.0221,03/2028,10.2,,False,,False,,2025-09-30,2025-12-31,2,ARCC,433.8
U.S. Government Securities,2,GREEN,0,1,1,1,PNNT,PennantPark Investment Advisers,,433.375,433.278,0.0002,,,,False,,False,,2025-12-31,2025-12-31,1,PNNT,433.375
"WU Holdco, Inc.",2,GREEN,0,1,1,1,ARCC,Ares Capital Management,,427.4,436.2,-0.0202,04/2032,8.42,,False,,False,,2025-12-31,2025-12-31,1,ARCC,427.4
"Minotaur Acquisition, Inc. (dba Inspira Financial)",2,GREEN,0,1,1,1,OBDC,Blue Owl Credit Advisors,Financial services,427.23,423.401,0.009,6/2030,,,False,,False,,2025-09-30,2025-12-31,2,OBDC,427.23
"Apex Service Partners, LLC and Apex Service Partners Holdings, LLC",2,GREEN,0,1,1,1,ARCC,Ares Capital Management,Consumer Services,427.2,418.4,0.021,10/2029,8.81,,False,,False,,2025-09-30,2025-12-31,2,ARCC,427.2
Blue Owl Leasing LLC,2,GREEN,0,1,1,1,OBDC,Blue Owl Credit Advisors,Joint ventures,416.962,423.073,-0.0144,,,,False,,False,,2025-12-31,2025-12-31,1,OBDC,416.962
"SageSure Holdings, LLC and SageSure LLC",2,GREEN,0,1,1,1,ARCC,Ares Capital Management,,415.2,367.0,0.1313,01/2030,8.57,,False,,False,,2025-09-30,2025-12-31,2,ARCC,415.2
Aerosmith Bidco 1 Limited (dba Audiotonix),2,GREEN,0,1,1,1,OBDC,Blue Owl Credit Advisors,Leisure and entertainment,405.065,400.33,0.0118,7/2031,,,False,,False,,2025-09-30,2025-12-31,2,OBDC,405.065
"Eagle Infrastructure Services, LLC",2,GREEN,0,1,1,1,OBDC,Blue Owl Credit Advisors,Infrastructure and environmental services,402.845,330.547,0.2187,4/2028,,,False,,False,,2025-09-30,2025-12-31,2,OBDC,402.845
Spruce Bidco II Inc.,2,GREEN,0,1,1,1,ARCC,Ares Capital Management,,396.8,394.4,0.0061,01/2032,7.96,,False,,False,,2025-09-30,2025-12-31,2,ARCC,396.8
WRE Holding Corp.+,2,GREEN,0,1,1,1,GBDC,GC Advisors,,388.776,390.895,-0.0054,,,,False,,False,,2025-09-30,2025-12-31,2,GBDC,388.776
Percheron Horsepower-A LP (dba Big Brand Tire & Service),2,GREEN,0,1,1,1,OBDC,Blue Owl Credit Advisors,Automotive services,379.058,350.068,0.0828,,,,False,,False,,2025-09-30,2025-12-31,2,OBDC,379.058
"AAM Series 2.1 Aviation Feeder, LLC",2,GREEN,0,1,1,1,OBDC,Blue Owl Credit Advisors,Asset based lending and fund finance,378.134,352.224,0.0736,11/2030,,,False,,False,,2025-09-30,2025-12-31,2,OBDC,378.134
"Wealth Enhancement Group, LLC+",2,GREEN,0,1,1,1,GBDC,GC Advisors,,364.731,374.333,-0.0257,,,,False,,False,,2025-09-30,2025-12-31,2,GBDC,364.731
Spark Bidco Limited+,2,GREEN,0,1,1,1,GBDC,GC Advisors,Pharmaceuticals,356.331,363.605,-0.02,,,,False,,False,,2025-09-30,2025-12-31,2,GBDC,356.331
"Tennessee Bidco, Limited",2,GREEN,0,1,1,1,BXSL,Blackstone Credit Advisors,Insurance (continued),356.167,320.621,0.1109,7/1/2031,,,False,,False,,2025-12-31,2025-12-31,1,BXSL,356.167
"Associations Finance, Inc.",2,GREEN,0,1,1,1,OBDC,Blue Owl Credit Advisors,Buildings and real estate,346.961,344.578,0.0069,5/2030,,,False,,False,,2025-09-30,2025-12-31,2,OBDC,346.961
"VSG Acquisition Corp. and Sherrill, Inc.*+",2,GREEN,0,1,1,1,GBDC,GC Advisors,,346.715,350.741,-0.0115,,,,False,,False,,2025-09-30,2025-12-31,2,GBDC,346.715
"SI East, LLC",2,GREEN,0,1,1,1,MAIN,Main Street Capital (internal),,339.566,283.966,0.1958,6/16/2028,12.79,,False,,False,,2025-09-30,2025-12-31,2,MAIN,339.566
"Transaction Data Systems, Inc.+",2,GREEN,0,1,1,1,GBDC,GC Advisors,,325.189,327.494,-0.007,,,,False,,False,,2025-09-30,2025-12-31,2,GBDC,325.189
"Gaylord Chemical Company, L.L.C.",2,GREEN,0,1,1,1,OBDC,Blue Owl Credit Advisors,Chemicals,325.05,324.246,0.0025,12/2027,,,False,,False,,2025-09-30,2025-12-31,2,OBDC,325.05
KBH Topco LLC (Kingsbridge),2,GREEN,0,1,1,1,SLRC,SLR Capital Partners,Multi-Sector Holdings,324.071,286.354,0.1317,,,,False,,False,,2025-09-30,2025-12-31,2,SLRC,324.071
"Datix Bidco Limited and RL Datix Holdings (USA), Inc.",2,GREEN,0,1,1,1,ARCC,Ares Capital Management,,323.4,315.4,0.0254,04/2031,8.81,,False,,False,,2025-09-30,2025-12-31,2,ARCC,323.4
"IRI Group Holdings, Inc. and Circana, LLC",2,GREEN,0,1,1,1,ARCC,Ares Capital Management,,319.8,159.8,1.0013,12/2028,7.97,,False,,False,,2025-09-30,2025-12-31,2,ARCC,319.8
"U.S. Anesthesia Partners, Inc. & U.S. Anesthesia Partners Holdings, Inc.",2,GREEN,0,1,1,1,ARCC,Ares Capital Management,,317.2,321.4,-0.0131,10/2029,11.49,,False,,False,,2025-09-30,2025-12-31,2,ARCC,317.2
"Identity Digital, Inc.",2,GREEN,0,1,1,1,BXSL,Blackstone Credit Advisors,Internet & Direct Marketing Retail,315.889,313.189,0.0086,12/29/2027,,,False,,False,,2025-12-31,2025-12-31,1,BXSL,315.889
Litera Bidco LLC,2,GREEN,0,1,1,1,OBDC,Blue Owl Credit Advisors,,300.423,299.528,0.003,5/2028,,,False,,False,,2025-09-30,2025-12-31,2,OBDC,300.423
"The Shade Store, LLC",2,GREEN,0,1,1,1,OBDC,Blue Owl Credit Advisors,Specialty retail,297.617,296.092,0.0052,10/2028,,,False,,False,,2025-09-30,2025-12-31,2,OBDC,297.617
"Shelf Bidco, Ltd.",2,GREEN,0,1,1,1,BXSL,Blackstone Credit Advisors,Insurance (continued),297.513,296.921,0.002,10/17/2031,,,False,,False,,2025-12-31,2025-12-31,1,BXSL,297.513
Creative Foam Corporation,2,GREEN,0,1,1,1,MAIN,Main Street Capital (internal),,293.57,295.343,-0.006,6/27/2029,10.27,,False,,False,,2025-09-30,2025-12-31,2,MAIN,293.57
"Victory Energy Operations, LLC",2,GREEN,0,1,1,1,MAIN,Main Street Capital (internal),,285.133,284.162,0.0034,10/3/2029,13.0,,False,,False,,2025-09-30,2025-12-31,2,MAIN,285.133
"Gerson Lehrman Group, Inc.",2,GREEN,0,1,1,1,OBDC,Blue Owl Credit Advisors,Professional services,278.006,276.308,0.0061,12/2027,,,False,,False,,2025-09-30,2025-12-31,2,OBDC,278.006
Windows Entities,2,GREEN,0,1,1,1,OBDC,Blue Owl Credit Advisors,Manufacturing,277.267,266.73,0.0395,,,,False,,False,,2025-09-30,2025-12-31,2,OBDC,277.267
"Flame King Holdings, LLC",2,GREEN,0,1,1,1,MAIN,Main Street Capital (internal),,276.595,162.615,0.7009,6/30/2030,12.0,,False,,False,,2025-09-30,2025-12-31,2,MAIN,276.595
Subtotal: System Software ( 13.84 %)*,2,GREEN,0,1,1,1,HTGC,Hercules Capital (internal),,275.371,273.037,0.0085,,,,False,,False,,2025-12-31,2025-12-31,1,HTGC,275.371
"YE Brands Holding, LLC+",2,GREEN,0,1,1,1,GBDC,GC Advisors,,273.271,274.553,-0.0047,,,,False,,False,,2025-09-30,2025-12-31,2,GBDC,273.271
"Zarya Holdco, Inc.+",2,GREEN,0,1,1,1,GBDC,GC Advisors,,269.559,274.017,-0.0163,,,,False,,False,,2025-09-30,2025-12-31,2,GBDC,269.559
"New PLI Holdings, LLC (dba PLI)",2,GREEN,0,1,1,1,OBDC,Blue Owl Credit Advisors,Advertising and media,267.507,144.021,0.8574,,,,False,,False,,2025-09-30,2025-12-31,2,OBDC,267.507
Varicent Intermediate Holdings Corporation+,2,GREEN,0,1,1,1,GBDC,GC Advisors,,266.897,268.947,-0.0076,,,,False,,False,,2025-09-30,2025-12-31,2,GBDC,266.897
"Galls, LLC",2,GREEN,0,1,1,1,OBDC,Blue Owl Credit Advisors,Specialty retail,264.644,260.938,0.0142,3/2030,,,False,,False,,2025-09-30,2025-12-31,2,OBDC,264.644
"CFS Brands, LLC",2,GREEN,0,1,1,1,BXSL,Blackstone Credit Advisors,Commercial Services & Supplies,261.084,257.153,0.0153,10/2/2030,,,False,,False,,2025-12-31,2025-12-31,1,BXSL,261.084
SLR Business Credit,2,GREEN,0,1,1,1,SLRC,SLR Capital Partners,Financial Services,258.37,223.166,0.1577,,,,False,,False,,2025-09-30,2025-12-31,2,SLRC,258.37
"Redwood Services Group, LLC",2,GREEN,0,1,1,1,BXSL,Blackstone Credit Advisors,IT Services (continued),253.5,250.794,0.0108,6/15/2029,,,False,,False,,2025-12-31,2025-12-31,1,BXSL,253.5
"Faraday Buyer, LLC (dba MacLean Power Systems)",2,GREEN,0,1,1,1,OBDC,Blue Owl Credit Advisors,Manufacturing,252.761,249.791,0.0119,10/2028,,,False,,False,,2025-09-30,2025-12-31,2,OBDC,252.761
"Cornerstone OnDemand, Inc.",2,GREEN,0,1,1,1,OBDC,Blue Owl Credit Advisors,Human resource support services,243.123,268.537,-0.0946,10/2029,,,False,,False,,2025-09-30,2025-12-31,2,OBDC,243.123
"IG Investor, LLC",2,GREEN,0,1,1,1,MAIN,Main Street Capital (internal),,235.312,204.667,0.1497,6/21/2028,13.0,,False,,False,,2025-09-30,2025-12-31,2,MAIN,235.312
TruGreen Limited Partnership,2,GREEN,0,1,1,1,CGBD,Carlyle Investment Management,Consumer Services,235.064,249.391,-0.0574,11/2/2028,,,False,,False,,2025-09-30,2025-12-31,2,CGBD,235.064
"Edifecs, Inc.",2,GREEN,0,1,1,1,BXSL,Blackstone Credit Advisors,Health Care Technology,232.507,230.822,0.0073,11/20/2028,,,False,,False,,2025-12-31,2025-12-31,1,BXSL,232.507
"BP Veraison Buyer, LLC (dba Sun World)",2,GREEN,0,1,1,1,OBDC,Blue Owl Credit Advisors,Food and beverage,229.165,227.283,0.0083,5/2029,,,False,,False,,2025-09-30,2025-12-31,2,OBDC,229.165
California Splendor Holdings LLC,2,GREEN,0,1,1,1,MAIN,Main Street Capital (internal),,228.721,224.924,0.0169,8/28/2028,14.29,,False,,False,,2025-09-30,2025-12-31,2,MAIN,228.721
"Endries Acquisition, Inc.",2,GREEN,0,1,1,1,OBDC,Blue Owl Credit Advisors,Distribution,224.122,225.217,-0.0049,12/2028,,,False,,False,,2025-09-30,2025-12-31,2,OBDC,224.122
"Japs-Olson Company, LLC",2,GREEN,0,1,1,1,PSEC,Prospect Capital Management,Commercial Services & Supplies,222.454,222.454,0.0,5/25/2028,10.74,675.0,False,,False,,2025-09-30,2025-12-31,2,PSEC,222.454
"Creek Parent, Inc. and Creek Feeder, L.P.",2,GREEN,0,1,1,1,ARCC,Ares Capital Management,,215.2,217.2,-0.0092,12/2031,8.73,,False,,False,,2025-09-30,2025-12-31,2,ARCC,215.2
"iQor Holdings, Inc.",2,GREEN,0,1,1,1,PSEC,Prospect Capital Management,Professional Services,212.887,233.786,-0.0894,6/11/2029,11.5,725.0,False,,False,,2025-09-30,2025-12-31,2,PSEC,212.887
"Notorious Topco, LLC (dba Beauty Industry Group)",2,GREEN,0,1,1,1,OBDC,Blue Owl Credit Advisors,Specialty retail,211.894,224.091,-0.0544,11/2027,,,False,,False,,2025-09-30,2025-12-31,2,OBDC,211.894
Ex Vivo Parent Inc. (dba OB Hospitalist),2,GREEN,0,1,1,1,OBDC,Blue Owl Credit Advisors,Healthcare providers and services,210.699,208.961,0.0083,9/2028,,,False,,False,,2025-09-30,2025-12-31,2,OBDC,210.699
"Centre Technologies Holdings, LLC",2,GREEN,0,1,1,1,MAIN,Main Street Capital (internal),,209.409,124.713,0.6791,1/4/2028,12.84,,False,,False,,2025-09-30,2025-12-31,2,MAIN,209.409
"TWAS Holdings, LLC*+",2,GREEN,0,1,1,1,GBDC,GC Advisors,,208.849,210.26,-0.0067,,,,False,,False,,2025-09-30,2025-12-31,2,GBDC,208.849
"eResearchTechnology, Inc. and Astorg VII Co-Invest ERT",2,GREEN,0,1,1,1,ARCC,Ares Capital Management,,202.1,181.9,0.1111,01/2032,8.47,,False,,False,,2025-09-30,2025-12-31,2,ARCC,202.1
"Zenith American Holding, Inc.",2,GREEN,0,1,1,1,CGBD,Carlyle Investment Management,Business Services,201.67,180.92,0.1147,,,,False,,False,,2025-09-30,2025-12-31,2,CGBD,201.67
"Corium, Inc.",2,GREEN,0,1,1,1,HTGC,Hercules Capital (internal),Drug Discovery & Development,201.474,201.839,-0.0018,,5.7,570.0,False,,False,,2025-09-30,2025-12-31,2,HTGC,201.474
"KWOL Acquisition, Inc. (dba Worldwide Clinical Trials)",2,GREEN,0,1,1,1,OBDC,Blue Owl Credit Advisors,Healthcare providers and services,198.708,193.963,0.0245,12/2029,,,False,,False,,2025-09-30,2025-12-31,2,OBDC,198.708
"Enseo Acquisition, Inc.",2,GREEN,0,1,1,1,PSEC,Prospect Capital Management,Media,198.018,198.018,0.0,12/31/2027,12.75,850.0,False,,False,,2025-09-30,2025-12-31,2,PSEC,198.018
"IRI Group Holdings, Inc.",2,GREEN,0,1,1,1,BXSL,Blackstone Credit Advisors,Software (continued),197.537,195.529,0.0103,12/1/2029,,,False,,False,,2025-12-31,2025-12-31,1,BXSL,197.537
"Creek Parent, Inc. (dba Catalent)",2,GREEN,0,1,1,1,OBDC,Blue Owl Credit Advisors,Healthcare equipment and services,197.319,195.64,0.0086,12/2031,,,False,,False,,2025-09-30,2025-12-31,2,OBDC,197.319
"Sensor Technology Topco, Inc. (dba Humanetics)",2,GREEN,0,1,1,1,OBDC,Blue Owl Credit Advisors,Professional services,192.994,189.526,0.0183,5/2028,,,False,,False,,2025-09-30,2025-12-31,2,OBDC,192.994
"Xenon Arc, Inc.",2,GREEN,0,1,1,1,MAIN,Main Street Capital (internal),,192.402,193.047,-0.0033,12/20/2028,9.74,,False,,False,,2025-09-30,2025-12-31,2,MAIN,192.402
Mission Critical Group,2,GREEN,0,1,1,1,MAIN,Main Street Capital (internal),,190.907,162.315,0.1762,4/17/2030,9.25,,False,,False,,2025-09-30,2025-12-31,2,MAIN,190.907
"Pinnacle TopCo, LLC",2,GREEN,0,1,1,1,MAIN,Main Street Capital (internal),,188.892,161.43,0.1701,12/21/2028,13.0,,False,,False,,2025-09-30,2025-12-31,2,MAIN,188.892
"DecoPac, Inc. and KCAKE Holdings Inc.",2,GREEN,0,1,1,1,ARCC,Ares Capital Management,,188.2,190.2,-0.0105,05/2030,9.09,,False,,False,,2025-09-30,2025-12-31,2,ARCC,188.2
"AAM Series 1.1 Rail and Domestic Intermodal Feeder, LLC",2,GREEN,0,1,1,1,OBDC,Blue Owl Credit Advisors,Asset based lending and fund finance,184.181,171.692,0.0727,7/2030,,,False,,False,,2025-09-30,2025-12-31,2,OBDC,184.181
"Universal Turbine Parts, LLC",2,GREEN,0,1,1,1,PSEC,Prospect Capital Management,Aerospace & Defense,183.076,154.916,0.1818,2/29/2028,12.0,775.0,False,,False,,2025-09-30,2025-12-31,2,PSEC,183.076
Pavion Corp.,2,GREEN,0,1,1,1,BXSL,Blackstone Credit Advisors,Professional Services (continued),182.749,180.502,0.0124,10/30/2030,,,False,,False,,2025-12-31,2025-12-31,1,BXSL,182.749
"eResearchTechnology, Inc.",2,GREEN,0,1,1,1,BXSL,Blackstone Credit Advisors,Health Care Technology (continued),182.054,180.393,0.0092,1/19/2032,,,False,,False,,2025-12-31,2025-12-31,1,BXSL,182.054
"WCI-BXC Purchaser, LLC",2,GREEN,0,1,1,1,SLRC,SLR Capital Partners,Distributors,181.55,180.111,0.008,,,,False,,False,,2025-09-30,2025-12-31,2,SLRC,181.55
"US Oral Surgery Management Holdco, LLC",2,GREEN,0,1,1,1,BXSL,Blackstone Credit Advisors,Health Care Providers & Services (continued),180.432,178.951,0.0083,11/20/2028,,,False,,False,,2025-12-31,2025-12-31,1,BXSL,180.432
"Packaging Coordinators Midco, Inc.",2,GREEN,0,1,1,1,OBDC,Blue Owl Credit Advisors,,177.293,175.924,0.0078,1/2032,,,False,,False,,2025-09-30,2025-12-31,2,OBDC,177.293
"Gehl Foods, LLC",2,GREEN,0,1,1,1,OBDC,Blue Owl Credit Advisors,Food and beverage,176.297,174.764,0.0088,6/2030,,,False,,False,,2025-09-30,2025-12-31,2,OBDC,176.297
"Delinea Buyer, Inc. (f/k/a Centrify)",2,GREEN,0,1,1,1,OBDC,Blue Owl Credit Advisors,,175.96,173.803,0.0124,3/2028,,,False,,False,,2025-09-30,2025-12-31,2,OBDC,175.96
Richardson Sales Solutions,2,GREEN,0,1,1,1,MAIN,Main Street Capital (internal),,174.068,174.068,0.0,8/24/2028,10.16,,False,,False,,2025-09-30,2025-12-31,2,MAIN,174.068
"Thunder Purchaser, Inc. (dba Vector Solutions)",2,GREEN,0,1,1,1,OBDC,Blue Owl Credit Advisors,,173.21,171.993,0.0071,6/2028,,,False,,False,,2025-09-30,2025-12-31,2,OBDC,173.21
"LHS Borrower, LLC, LH Equity Investors, L.P., Leaf Home, LLC and GC Fund IV Blocker LLC",2,GREEN,0,1,1,1,ARCC,Ares Capital Management,,172.2,174.0,-0.0103,09/2031,8.98,,False,,False,,2025-12-31,2025-12-31,1,ARCC,172.2
"South Coast Terminals Holdings, LLC",2,GREEN,0,1,1,1,MAIN,Main Street Capital (internal),,171.824,171.782,0.0002,8/8/2029,9.36,,False,,False,,2025-09-30,2025-12-31,2,MAIN,171.824
"FCC Intermediate Holdco, LLC",2,GREEN,0,1,1,1,MAIN,Main Street Capital (internal),,169.786,137.197,0.2375,5/28/2029,13.0,,False,,False,,2025-09-30,2025-12-31,2,MAIN,169.786
"IG Investments Holdings, LLC (dba Insight Global)",2,GREEN,0,1,1,1,OBDC,Blue Owl Credit Advisors,Human resource support services,167.198,166.187,0.0061,9/2028,,,False,,False,,2025-09-30,2025-12-31,2,OBDC,167.198
"Surescripts, LLC",2,GREEN,0,1,1,1,ARCC,Ares Capital Management,,166.0,166.8,-0.0048,11/2031,8.44,,False,,False,,2025-09-30,2025-12-31,2,ARCC,166.0
"World Insurance Associates, LLC",2,GREEN,0,1,1,1,BXSL,Blackstone Credit Advisors,Insurance (continued),163.994,161.8,0.0136,4/3/2028,,,False,,False,,2025-12-31,2025-12-31,1,BXSL,163.994
"Bayshore Intermediate #2, L.P. (dba Boomi)",2,GREEN,0,1,1,1,OBDC,Blue Owl Credit Advisors,Internet software and services,162.187,161.935,0.0016,10/2027,,,False,,False,,2025-09-30,2025-12-31,2,OBDC,162.187
Subtotal: Electronics & Computer Hardware ( 8.13 %)*,2,GREEN,0,1,1,1,HTGC,Hercules Capital (internal),Electronics & Computer Hardware,161.687,0.0,,,,,False,,False,,2025-09-30,2025-12-31,2,HTGC,161.687
"Trinity Medical Holdings, LLC",2,GREEN,0,1,1,1,MAIN,Main Street Capital (internal),,160.888,161.444,-0.0034,10/8/2030,13.0,,False,,False,,2025-12-31,2025-12-31,1,MAIN,160.888
"Barbri Holdings, Inc.",2,GREEN,0,1,1,1,BXSL,Blackstone Credit Advisors,Diversified Consumer Services,160.855,159.945,0.0057,4/30/2030,,,False,,False,,2025-12-31,2025-12-31,1,BXSL,160.855
RPL Bidco Limited+,2,GREEN,0,1,1,1,GBDC,GC Advisors,Real Estate Management & Development,160.798,160.593,0.0013,,,,False,,False,,2025-09-30,2025-12-31,2,GBDC,160.798
Titan Meter Midco Corp.,2,GREEN,0,1,1,1,MAIN,Main Street Capital (internal),,159.993,159.301,0.0043,3/11/2029,10.36,,False,,False,,2025-09-30,2025-12-31,2,MAIN,159.993
"Patriot Acquisition TopCo S.À R.L. (dba Corza Health, Inc.)",2,GREEN,0,1,1,1,OBDC,Blue Owl Credit Advisors,,157.996,156.822,0.0075,1/2028,,,False,,False,,2025-12-31,2025-12-31,1,OBDC,157.996
"Proofpoint, Inc.",2,GREEN,0,1,1,1,ARCC,Ares Capital Management,,157.6,105.0,0.501,08/2028,7.65,,False,,False,,2025-09-30,2025-12-31,2,ARCC,157.6
"X4 Pharmaceuticals, Inc.",2,GREEN,0,1,1,1,HTGC,Hercules Capital (internal),Drug Discovery & Development,153.8,158.881,-0.032,,3.15,315.0,False,,False,,2025-09-30,2025-12-31,2,HTGC,153.8
"BradyPLUS Holdings, LLC (f/k/a BradyIFS Holdings, LLC)",2,GREEN,0,1,1,1,OBDC,Blue Owl Credit Advisors,Distribution,152.598,151.236,0.009,10/2029,,,False,,False,,2025-09-30,2025-12-31,2,OBDC,152.598
Bonterra LLC,2,GREEN,0,1,1,1,FSK,FS/KKR Advisor,Software & Services,150.7,151.2,-0.0033,,,,False,,False,,2025-09-30,2025-12-31,2,FSK,150.7
"PCF Midco II, LLC (dba PCF Insurance Services)",2,GREEN,0,1,1,1,OBDC,Blue Owl Credit Advisors,,150.459,149.111,0.009,10/2031,,,False,,False,,2025-09-30,2025-12-31,2,OBDC,150.459
Coregistics Buyer LLC,2,GREEN,0,1,1,1,MAIN,Main Street Capital (internal),,150.285,152.778,-0.0163,6/28/2029,10.51,,False,,False,,2025-09-30,2025-12-31,2,MAIN,150.285
"Trucordia Insurance Holdings, LLC",2,GREEN,0,1,1,1,OBDC,Blue Owl Credit Advisors,Insurance,149.625,148.57,0.0071,6/2033,,,False,,False,,2025-09-30,2025-12-31,2,OBDC,149.625
"Ansira Partners II, LLC",2,GREEN,0,1,1,1,MAIN,Main Street Capital (internal),,147.882,149.093,-0.0081,7/1/2029,11.25,,False,,False,,2025-09-30,2025-12-31,2,MAIN,147.882
"KKR Altitude II Offshore Aggregator LP, Partnership Interest",2,GREEN,0,1,1,1,FSK,FS/KKR Advisor,Capital Goods,146.807,137.5,0.0677,,,,False,,False,,2025-09-30,2025-12-31,2,FSK,146.807
"CT Technologies Intermediate Holdings, Inc. (& Smart Holdings Corp.) (dba Datavant)",2,GREEN,0,1,1,1,OBDC,Blue Owl Credit Advisors,Healthcare technology,146.348,145.127,0.0084,8/2031,,,False,,False,,2025-09-30,2025-12-31,2,OBDC,146.348
"Winebow Holdings, Inc.*+",2,GREEN,0,1,1,1,GBDC,GC Advisors,Beverages,146.12,147.764,-0.0111,,,,False,,False,,2025-09-30,2025-12-31,2,GBDC,146.12
"Gulf Manufacturing, LLC",2,GREEN,0,1,1,1,MAIN,Main Street Capital (internal),,145.696,123.07,0.1838,3/15/2029,12.1,,False,,False,,2025-09-30,2025-12-31,2,MAIN,145.696
"Evolution BuyerCo, Inc. (dba SIAA)",2,GREEN,0,1,1,1,OBDC,Blue Owl Credit Advisors,Insurance,143.731,142.5,0.0086,4/2028,,,False,,False,,2025-09-30,2025-12-31,2,OBDC,143.731
"Progress Residential PM Holdings, LLC",2,GREEN,0,1,1,1,BXSL,Blackstone Credit Advisors,Real Estate Management & Development,141.656,140.937,0.0051,9/11/2028,,,False,,False,,2025-12-31,2025-12-31,1,BXSL,141.656
"Turing Holdco, Inc.",2,GREEN,0,1,1,1,BXSL,Blackstone Credit Advisors,IT Services (continued),140.966,131.725,0.0702,8/3/2028,,,False,,False,,2025-12-31,2025-12-31,1,BXSL,140.966
"Connect Telecommunications Solutions Holdings, Inc.",2,GREEN,0,1,1,1,MAIN,Main Street Capital (internal),,140.724,141.169,-0.0032,10/9/2029,13.0,,False,,False,,2025-09-30,2025-12-31,2,MAIN,140.724
"DRS Holdings III, Inc. and DRS Holdings I, Inc.",2,GREEN,0,1,1,1,ARCC,Ares Capital Management,Consumer Durables and Apparel,138.8,136.2,0.0191,11/2028,8.97,,False,,False,,2025-09-30,2025-12-31,2,ARCC,138.8
"Interoperability Bidco, Inc. (dba Lyniate)",2,GREEN,0,1,1,1,OBDC,Blue Owl Credit Advisors,Healthcare technology,138.641,140.374,-0.0123,3/2028,,,False,,False,,2025-09-30,2025-12-31,2,OBDC,138.641
"Garyline, LLC",2,GREEN,0,1,1,1,MAIN,Main Street Capital (internal),,138.289,139.142,-0.0061,10/14/2027,11.18,,False,,False,,2025-09-30,2025-12-31,2,MAIN,138.289
MannKind Corp.,2,GREEN,0,1,1,1,BXSL,Blackstone Credit Advisors,Biotechnology,137.455,136.595,0.0063,8/6/2030,,,False,,False,,2025-12-31,2025-12-31,1,BXSL,137.455
GradeEight Corp.,2,GREEN,0,1,1,1,MAIN,Main Street Capital (internal),,137.323,139.517,-0.0157,10/4/2029,11.51,,False,,False,,2025-09-30,2025-12-31,2,MAIN,137.323
"Beacon Dc, Ltd.",2,GREEN,0,1,1,1,BXSL,Blackstone Credit Advisors,Insurance,136.682,136.719,-0.0003,12/4/2032,,,False,,False,,2025-12-31,2025-12-31,1,BXSL,136.682
"CD&R Value Building Partners I, L.P. (dba Belron)",2,GREEN,0,1,1,1,OBDC,Blue Owl Credit Advisors,Automotive services,136.55,109.268,0.2497,,,,False,,False,,2025-09-30,2025-12-31,2,OBDC,136.55
"Maple Acquisition, LLC (dba Medicus)",2,GREEN,0,1,1,1,OBDC,Blue Owl Credit Advisors,,136.319,135.219,0.0081,5/2031,,,False,,False,,2025-09-30,2025-12-31,2,OBDC,136.319
DCG ACQUISITION CORP. (dba DuBois Chemical),2,GREEN,0,1,1,1,OBDC,Blue Owl Credit Advisors,Chemicals,136.069,135.756,0.0023,6/2031,,,False,,False,,2025-09-30,2025-12-31,2,OBDC,136.069
"Nelipak Holding Company, Nelipak European Holdings Cooperatief U.A., KNPAK Holdings, LP and PAKNK Netherlands Treasury B.V.",2,GREEN,0,1,1,1,ARCC,Ares Capital Management,,135.6,128.4,0.0561,03/2031,8.18,,False,,False,,2025-09-30,2025-12-31,2,ARCC,135.6
"WatchGuard Technologies, Inc.",2,GREEN,0,1,1,1,PSEC,Prospect Capital Management,IT Services,135.472,135.802,-0.0024,6/30/2029,9.28,525.0,False,,False,,2025-09-30,2025-12-31,2,PSEC,135.472
"Bimini Group Purchaser, Inc.",2,GREEN,0,1,1,1,BXSL,Blackstone Credit Advisors,Media,135.097,133.902,0.0089,4/26/2031,,,False,,False,,2025-12-31,2025-12-31,1,BXSL,135.097
"Brave Parent Holdings, Inc.",2,GREEN,0,1,1,1,BXSL,Blackstone Credit Advisors,Software,134.871,133.752,0.0084,11/28/2030,,,False,,False,,2025-12-31,2025-12-31,1,BXSL,134.871
Carrera Bidco Limited,2,GREEN,0,1,1,1,ARCC,Ares Capital Management,Consumer Distribution and Retail,134.3,135.4,-0.0081,11/2032,7.34,,False,,False,,2025-12-31,2025-12-31,1,ARCC,134.3
"PPL RVs, Inc.",2,GREEN,0,1,1,1,MAIN,Main Street Capital (internal),,134.176,72.662,0.8466,11/15/2027,13.4,,False,,False,,2025-09-30,2025-12-31,2,MAIN,134.176
"Chartwell Cumming Holding, Corp.",2,GREEN,0,1,1,1,BXSL,Blackstone Credit Advisors,Professional Services,134.062,133.184,0.0066,11/16/2029,,,False,,False,,2025-12-31,2025-12-31,1,BXSL,134.062
"RL Datix Holdings (USA), Inc.",2,GREEN,0,1,1,1,OBDC,Blue Owl Credit Advisors,Healthcare technology,134.059,133.994,0.0005,4/2031,,,False,,False,,2025-09-30,2025-12-31,2,OBDC,134.059
"FusionSite Midco, LLC",2,GREEN,0,1,1,1,BXSL,Blackstone Credit Advisors,Commercial Services & Supplies,132.804,131.085,0.0131,11/17/2029,,,False,,False,,2025-12-31,2025-12-31,1,BXSL,132.804
"Radwell Parent, LLC*+",2,GREEN,0,1,1,1,GBDC,GC Advisors,,132.555,132.955,-0.003,,,,False,,False,,2025-09-30,2025-12-31,2,GBDC,132.555
"Mercury Bidco Globe, Limited",2,GREEN,0,1,1,1,BXSL,Blackstone Credit Advisors,Professional Services (continued),132.201,106.438,0.242,1/31/2031,,,False,,False,,2025-12-31,2025-12-31,1,BXSL,132.201
CST Holding Company+,2,GREEN,0,1,1,1,GBDC,GC Advisors,Electrical Equipment,131.96,134.688,-0.0203,,,,False,,False,,2025-09-30,2025-12-31,2,GBDC,131.96
"Grit Buyer, Inc. and Integrum Grit Co-Invest LP",2,GREEN,0,1,1,1,ARCC,Ares Capital Management,,131.8,133.2,-0.0105,07/2032,8.37,,False,,False,,2025-09-30,2025-12-31,2,ARCC,131.8
"Rawlings Sporting Goods Company, Inc. and SEP Diamond Fund, L.P.",2,GREEN,0,1,1,1,ARCC,Ares Capital Management,Consumer Durables and Apparel,130.2,117.0,0.1128,11/2029,8.47,,False,,False,,2025-09-30,2025-12-31,2,ARCC,130.2
Babel Street,2,GREEN,0,1,1,1,HTGC,Hercules Capital (internal),Debt Investments,130.001,129.099,0.007,,8.01,801.0,False,,False,,2025-09-30,2025-12-31,2,HTGC,130.001
"Troon Golf, L.L.C.",2,GREEN,0,1,1,1,OBDC,Blue Owl Credit Advisors,Leisure and entertainment,129.967,129.279,0.0053,8/2028,,,False,,False,,2025-09-30,2025-12-31,2,OBDC,129.967
"Bulab Holdings, Inc. and Buckman PPC Co-Invest LP",2,GREEN,0,1,1,1,ARCC,Ares Capital Management,Materials,128.6,128.0,0.0047,07/2032,8.17,,False,,False,,2025-09-30,2025-12-31,2,ARCC,128.6
"ChenMed, LLC",2,GREEN,0,1,1,1,HTGC,Hercules Capital (internal),Electronics & Computer Hardware,128.24,128.101,0.0011,,2.45,245.0,False,,False,,2025-09-30,2025-12-31,2,HTGC,128.24
"Discovery Point Retreat, LLC",2,GREEN,0,1,1,1,PSEC,Prospect Capital Management,Health Care Providers & Services,127.904,116.97,0.0935,6/14/2029,12.0,775.0,False,,False,,2025-09-30,2025-12-31,2,PSEC,127.904
"Caerus US 1, Inc.",2,GREEN,0,1,1,1,BXSL,Blackstone Credit Advisors,Health Care Technology,127.349,127.293,0.0004,5/25/2029,,,False,,False,,2025-12-31,2025-12-31,1,BXSL,127.349
ABB/Con-cise Optical Group LLC,2,GREEN,0,1,1,1,OBDC,Blue Owl Credit Advisors,Distribution,126.647,127.39,-0.0058,2/2028,,,False,,False,,2025-09-30,2025-12-31,2,OBDC,126.647
"Gannett Fleming, Inc.",2,GREEN,0,1,1,1,BXSL,Blackstone Credit Advisors,Construction & Engineering,125.69,124.906,0.0063,8/5/2030,,,False,,False,,2025-12-31,2025-12-31,1,BXSL,125.69
"MAC Discount, LLC",2,GREEN,0,1,1,1,PSEC,Prospect Capital Management,Distributors,125.3961,128.848,-0.0268,5/11/2028,12.73,850.0,False,,False,,2025-09-30,2025-12-31,2,PSEC,125.3961
"Patriot Acquisition TopCo S.A.R.L (dba Corza Health, Inc.)",2,GREEN,0,1,1,1,OBDC,Blue Owl Credit Advisors,Healthcare equipment and services,124.84,123.822,0.0082,1/2028,,,False,,False,,2025-09-30,2025-12-31,2,OBDC,124.84
"PT Intermediate Holdings III, LLC",2,GREEN,0,1,1,1,BXSL,Blackstone Credit Advisors,Distributors,124.63,124.386,0.002,4/9/2030,,,False,,False,,2025-12-31,2025-12-31,1,BXSL,124.63
Blue Owl Cross-Strategy Opportunities LLC,2,GREEN,0,1,1,1,OBDC,Blue Owl Credit Advisors,Asset based lending and fund finance,123.854,124.084,-0.0019,,,,False,,False,,2025-09-30,2025-12-31,2,OBDC,123.854
"Point Broadband Acquisition, LLC",2,GREEN,0,1,1,1,BXSL,Blackstone Credit Advisors,Diversified Telecommunication Services,123.684,122.477,0.0099,10/1/2028,,,False,,False,,2025-12-31,2025-12-31,1,BXSL,123.684
"DTA Intermediate II, Ltd.",2,GREEN,0,1,1,1,BXSL,Blackstone Credit Advisors,Diversified Consumer Services,123.206,117.18,0.0514,3/27/2030,,,False,,False,,2025-12-31,2025-12-31,1,BXSL,123.206
"GS Acquisitionco, Inc.*+",2,GREEN,0,1,1,1,GBDC,GC Advisors,,121.372,121.136,0.0019,,,,False,,False,,2025-09-30,2025-12-31,2,GBDC,121.372
"Artisan Acquisitionco, Ltd.",2,GREEN,0,1,1,1,BXSL,Blackstone Credit Advisors,Professional Services,121.083,120.077,0.0084,9/30/2031,,,False,,False,,2025-12-31,2025-12-31,1,BXSL,121.083
Medlar Bidco Limited,2,GREEN,0,1,1,1,ARCC,Ares Capital Management,,120.2,59.6,1.0168,05/2032,7.77,,False,,False,,2025-09-30,2025-12-31,2,ARCC,120.2
"Moderna, Inc.",2,GREEN,0,1,1,1,ARCC,Ares Capital Management,,117.8,119.6,-0.0151,11/2030,9.17,,False,,False,,2025-12-31,2025-12-31,1,ARCC,117.8
"Main Street Rural, Inc.",2,GREEN,0,1,1,1,HTGC,Hercules Capital (internal),Electronics & Computer Hardware,116.629,115.846,0.0068,,1.95,195.0,False,,False,,2025-09-30,2025-12-31,2,HTGC,116.629
Deerfield Dakota Holdings,2,GREEN,0,1,1,1,OBDC,Blue Owl Credit Advisors,Financial services,116.275,116.3,-0.0002,9/2032,,,False,,False,,2025-09-30,2025-12-31,2,OBDC,116.275
"Unchained Labs, LLC+",2,GREEN,0,1,1,1,GBDC,GC Advisors,,115.736,116.478,-0.0064,,,,False,,False,,2025-09-30,2025-12-31,2,GBDC,115.736
Medlar Bidco Limited+,2,GREEN,0,1,1,1,GBDC,GC Advisors,,115.005,118.955,-0.0332,,,,False,,False,,2025-09-30,2025-12-31,2,GBDC,115.005
"Pelican Products, Inc.",2,GREEN,0,1,1,1,ARCC,Ares Capital Management,Consumer Durables and Apparel,114.4,124.4,-0.0804,09/2028,11.55,,False,,False,,2025-09-30,2025-12-31,2,ARCC,114.4
Locus Robotics Corp.,2,GREEN,0,1,1,1,HTGC,Hercules Capital (internal),Electronics & Computer Hardware,114.283,115.111,-0.0072,,3.0,300.0,False,,False,,2025-09-30,2025-12-31,2,HTGC,114.283
Marcone Yellowstone Buyer Inc.+,2,GREEN,0,1,1,1,GBDC,GC Advisors,Trading Companies & Distributors,114.184,116.35,-0.0186,,,,False,,False,,2025-09-30,2025-12-31,2,GBDC,114.184
"Digital.AI Software Holdings, Inc.",2,GREEN,0,1,1,1,OCSL,Oaktree Capital Management,Application Software,113.669,116.029,-0.0203,8/10/2028,6.0,,False,,False,,2025-09-30,2025-12-31,2,OCSL,113.669
"Benecon Midco II LLC and Benecon Holdings, LLC",2,GREEN,0,1,1,1,ARCC,Ares Capital Management,Insurance,112.4,96.2,0.1684,01/2031,8.19,,False,,False,,2025-09-30,2025-12-31,2,ARCC,112.4
"Auria Space, LLC",2,GREEN,0,1,1,1,MAIN,Main Street Capital (internal),,111.859,112.7,-0.0075,12/31/2030,8.72,,False,,False,,2025-12-31,2025-12-31,1,MAIN,111.859
"KUSRP Intermediate, Inc. (dba U.S. Retirement and Benefits Partners)",2,GREEN,0,1,1,1,OBDC,Blue Owl Credit Advisors,Insurance,110.343,109.419,0.0084,7/2030,,,False,,False,,2025-09-30,2025-12-31,2,OBDC,110.343
"Arnhem BidCo, GmbH",2,GREEN,0,1,1,1,BXSL,Blackstone Credit Advisors,Software,110.274,100.634,0.0958,9/30/2031,,,False,,False,,2025-12-31,2025-12-31,1,BXSL,110.274
Aston Bidco (Holding) Limited,2,GREEN,0,1,1,1,ARCC,Ares Capital Management,,110.2,108.2,0.0185,07/2032,9.97,,False,,False,,2025-09-30,2025-12-31,2,ARCC,110.2
AVSC Holding Corp.,2,GREEN,0,1,1,1,OCSL,Oaktree Capital Management,Specialized Consumer Services,109.529,110.531,-0.0091,12/5/2029,5.0,,False,,False,,2025-12-31,2025-12-31,1,OCSL,109.529
"Obra Capital, Inc.",2,GREEN,0,1,1,1,MAIN,Main Street Capital (internal),,109.398,109.866,-0.0043,12/21/2028,11.51,,False,,False,,2025-09-30,2025-12-31,2,MAIN,109.398
"Cards-Live Oak Holdings, Inc.",2,GREEN,0,1,1,1,ARCC,Ares Capital Management,,108.9,56.1,0.9412,10/2032,8.51,,False,,False,,2025-12-31,2025-12-31,1,ARCC,108.9
"DMA Industries, LLC",2,GREEN,0,1,1,1,MAIN,Main Street Capital (internal),,108.788,99.071,0.0981,6/18/2029,11.98,,False,,False,,2025-09-30,2025-12-31,2,MAIN,108.788
"Peter C. Foy & Associates Insurance Services, LLC (dba PCF Insurance Services)",2,GREEN,0,1,1,1,OBDC,Blue Owl Credit Advisors,,108.621,108.621,0.0,11/2028,,,False,,False,,2025-09-30,2025-12-31,2,OBDC,108.621
"KBK Industries, LLC",2,GREEN,0,1,1,1,MAIN,Main Street Capital (internal),,108.462,24.874,3.3605,2/24/2028,9.33,,False,,False,,2025-09-30,2025-12-31,2,MAIN,108.462
"Hornblower Sub, LLC",2,GREEN,0,1,1,1,MAIN,Main Street Capital (internal),,107.039,107.83,-0.0073,7/3/2029,9.75,,False,,False,,2025-09-30,2025-12-31,2,MAIN,107.039
"Emergency Power Holdings, LLC",2,GREEN,0,1,1,1,BXSL,Blackstone Credit Advisors,Electrical Equipment,105.73,105.695,0.0003,8/17/2030,,,False,,False,,2025-12-31,2025-12-31,1,BXSL,105.73
"Dyne Therapeutics, Inc.",2,GREEN,0,1,1,1,HTGC,Hercules Capital (internal),Drug Discovery & Development,104.467,100.789,0.0365,,2.45,245.0,False,,False,,2025-09-30,2025-12-31,2,HTGC,104.467
"Electro Technical Industries, LLC",2,GREEN,0,1,1,1,MAIN,Main Street Capital (internal),,103.759,102.247,0.0148,3/31/2030,9.22,,False,,False,,2025-09-30,2025-12-31,2,MAIN,103.759
"Cronos Crimson Holdings, Inc.",2,GREEN,0,1,1,1,BXSL,Blackstone Credit Advisors,Health Care Technology (continued),103.578,102.706,0.0085,3/1/2028,,,False,,False,,2025-12-31,2025-12-31,1,BXSL,103.578
"Adams Publishing Group, LLC",2,GREEN,0,1,1,1,MAIN,Main Street Capital (internal),,103.399,104.015,-0.0059,,11.0,,False,,False,,2025-12-31,2025-12-31,1,MAIN,103.399
Wrench Group LLC,2,GREEN,0,1,1,1,OBDC,Blue Owl Credit Advisors,Buildings and real estate,102.66,102.572,0.0009,9/2031,,,False,,False,,2025-09-30,2025-12-31,2,OBDC,102.66
"EresearchTechnology, Inc. (dba Clario)",2,GREEN,0,1,1,1,OBDC,Blue Owl Credit Advisors,Healthcare providers and services,102.565,101.589,0.0096,1/2032,,,False,,False,,2025-09-30,2025-12-31,2,OBDC,102.565
"Fortis Solutions Group, LLC*+",2,GREEN,0,1,1,1,GBDC,GC Advisors,Containers & Packaging,102.454,103.055,-0.0058,,,,False,,False,,2025-09-30,2025-12-31,2,GBDC,102.454
"CT Technologies Intermediate Holdings, Inc.",2,GREEN,0,1,1,1,BXSL,Blackstone Credit Advisors,Health Care Technology (continued),102.212,101.294,0.0091,8/30/2031,,,False,,False,,2025-12-31,2025-12-31,1,BXSL,102.212
"WMC Bidco, Inc. (dba West Monroe)",2,GREEN,0,1,1,1,OBDC,Blue Owl Credit Advisors,Internet software and services,101.731,100.993,0.0073,,,,False,,False,,2025-09-30,2025-12-31,2,OBDC,101.731
"Brightway Holdings, LLC",2,GREEN,0,1,1,1,OBDC,Blue Owl Credit Advisors,Insurance,100.818,100.101,0.0072,12/2027,,,False,,False,,2025-09-30,2025-12-31,2,OBDC,100.818
UBM AcquireCo LLC,2,GREEN,0,1,1,1,MAIN,Main Street Capital (internal),,100.72,101.141,-0.0042,12/20/2027,10.0,,False,,False,,2025-12-31,2025-12-31,1,MAIN,100.72
Arches Buyer Inc.,2,GREEN,0,1,1,1,OCSL,Oaktree Capital Management,Interactive Media & Services,100.061,99.266,0.008,12/6/2027,5.37,,False,,False,,2025-09-30,2025-12-31,2,OCSL,100.061
Delta Leasing SPV II LLC,2,GREEN,0,1,1,1,OCSL,Oaktree Capital Management,Specialized Finance,99.656,99.385,0.0027,8/31/2029,,,False,,False,,2025-09-30,2025-12-31,2,OCSL,99.656
Laboratories Bidco LLC and Laboratories Topco LLC,2,GREEN,0,1,1,1,ARCC,Ares Capital Management,,99.3,60.4,0.644,07/2029,5.16,,False,,False,,2025-09-30,2025-12-31,2,ARCC,99.3
"Moffitt Holdings, LLC",2,GREEN,0,1,1,1,MAIN,Main Street Capital (internal),,98.8,96.565,0.0231,3/19/2030,13.0,,False,,False,,2025-09-30,2025-12-31,2,MAIN,98.8
Chase Intermediate*+,2,GREEN,0,1,1,1,GBDC,GC Advisors,Containers & Packaging,98.571,97.526,0.0107,,,,False,,False,,2025-09-30,2025-12-31,2,GBDC,98.571
Bradyplus Holdings LLC,2,GREEN,0,1,1,1,BXSL,Blackstone Credit Advisors,Distributors,98.487,96.883,0.0166,10/31/2029,,,False,,False,,2025-09-30,2025-12-31,2,BXSL,98.487
"QAD, Inc.",2,GREEN,0,1,1,1,OBDC,Blue Owl Credit Advisors,,98.373,97.752,0.0064,11/2027,,,False,,False,,2025-09-30,2025-12-31,2,OBDC,98.373
Vitesse Systems,2,GREEN,0,1,1,1,MAIN,Main Street Capital (internal),,98.008,98.008,0.0,12/22/2028,10.94,,False,,False,,2025-09-30,2025-12-31,2,MAIN,98.008
"AVEX Aviation Holdings, LLC",2,GREEN,0,1,1,1,MAIN,Main Street Capital (internal),,97.501,97.605,-0.0011,12/23/2027,11.41,,False,,False,,2025-09-30,2025-12-31,2,MAIN,97.501
"CBT Nuggets, LLC",2,GREEN,0,1,1,1,MAIN,Main Street Capital (internal),,97.47,2.6,36.4885,,,,False,,False,,2025-09-30,2025-12-31,2,MAIN,97.47
"Compass Systems & Sales, LLC",2,GREEN,0,1,1,1,MAIN,Main Street Capital (internal),,97.419,98.347,-0.0094,11/22/2028,13.5,,False,,False,,2025-09-30,2025-12-31,2,MAIN,97.419
GoEuro Travel GmbH,2,GREEN,0,1,1,1,HTGC,Hercules Capital (internal),Consumer & Business Services,97.413,97.026,0.004,,3.45,345.0,False,,False,,2025-09-30,2025-12-31,2,HTGC,97.413
SLR Senior Lending Program LLC,2,GREEN,0,1,1,1,SLRC,SLR Capital Partners,Asset Management & Custody Banks,97.347,95.75,0.0167,,,,False,,False,,2025-09-30,2025-12-31,2,SLRC,97.347
"Cumming Group, Inc.",2,GREEN,0,1,1,1,BXSL,Blackstone Credit Advisors,Professional Services,96.714,95.924,0.0082,11/16/2027,,,False,,False,,2025-12-31,2025-12-31,1,BXSL,96.714
"Victors Purchaser, LLC and WP Victors Co-Investment, L.P.",2,GREEN,0,1,1,1,ARCC,Ares Capital Management,,95.3,58.4,0.6318,12/2032,8.19,,False,,False,,2025-09-30,2025-12-31,2,ARCC,95.3
"Caribou Bidco, Ltd.",2,GREEN,0,1,1,1,BXSL,Blackstone Credit Advisors,Software (continued),94.772,74.555,0.2712,2/1/2029,,,False,,False,,2025-12-31,2025-12-31,1,BXSL,94.772
"Infinity X1 Holdings, LLC",2,GREEN,0,1,1,1,MAIN,Main Street Capital (internal),,94.772,78.064,0.214,3/31/2028,12.0,,False,,False,,2025-09-30,2025-12-31,2,MAIN,94.772
NELIPAK EUROPEAN HOLDINGS COÖPERATIEF U.A.,2,GREEN,0,1,1,1,OBDC,Blue Owl Credit Advisors,Healthcare equipment and services,94.545,86.994,0.0868,3/2031,,,False,,False,,2025-09-30,2025-12-31,2,OBDC,94.545
"Iron-Main Investments, LLC",2,GREEN,0,1,1,1,MAIN,Main Street Capital (internal),,94.308,94.342,-0.0004,1/31/2028,13.21,,False,,False,,2025-09-30,2025-12-31,2,MAIN,94.308
"Waverly Advisors, LLC and WAAM Topco, LLC",2,GREEN,0,1,1,1,ARCC,Ares Capital Management,,94.2,86.8,0.0853,03/2028,8.91,,False,,False,,2025-09-30,2025-12-31,2,ARCC,94.2
Excelitas Technologies Corp.+,2,GREEN,0,1,1,1,GBDC,GC Advisors,Industrial Conglomerates,93.927,100.576,-0.0661,,,,False,,False,,2025-09-30,2025-12-31,2,GBDC,93.927
"Recover Together, Inc.",2,GREEN,0,1,1,1,HTGC,Hercules Capital (internal),Electronics & Computer Hardware,93.732,94.312,-0.0061,,1.9,190.0,False,,False,,2025-09-30,2025-12-31,2,HTGC,93.732
Legacy Swim Group,2,GREEN,0,1,1,1,MAIN,Main Street Capital (internal),,93.374,93.683,-0.0033,11/7/2030,13.0,,False,,False,,2025-12-31,2025-12-31,1,MAIN,93.374
MCT Purchaserco Holding Inc.,2,GREEN,0,1,1,1,MAIN,Main Street Capital (internal),,92.976,93.479,-0.0054,12/2/2030,9.3,,False,,False,,2025-12-31,2025-12-31,1,MAIN,92.976
Harris Preston Fund Investments,2,GREEN,0,1,1,1,MAIN,Main Street Capital (internal),,92.163,58.365,0.5791,,,,False,,False,,2025-09-30,2025-12-31,2,MAIN,92.163
"PCF Holdco, LLC (dba PCF Insurance Services)",2,GREEN,0,1,1,1,OBDC,Blue Owl Credit Advisors,Insurance,92.157,57.268,0.6092,,,,False,,False,,2025-09-30,2025-12-31,2,OBDC,92.157
TCB Holdings I LLC (dba TricorBraun),2,GREEN,0,1,1,1,OBDC,Blue Owl Credit Advisors,Containers and packaging,92.116,95.956,-0.04,,,,False,,False,,2025-09-30,2025-12-31,2,OBDC,92.116
"Inception Fertility Ventures, LLC",2,GREEN,0,1,1,1,BXSL,Blackstone Credit Advisors,Health Care Providers & Services (continued),91.811,93.058,-0.0134,4/29/2030,,,False,,False,,2025-12-31,2025-12-31,1,BXSL,91.811
"Eagle Midstream Canada Finance, Inc.",2,GREEN,0,1,1,1,BXSL,Blackstone Credit Advisors,First Lien Debt - non-controlled/non-affiliated (continued),91.808,92.537,-0.0079,8/15/2028,,,False,,False,,2025-12-31,2025-12-31,1,BXSL,91.808
"Gatekeeper Systems, Inc.",2,GREEN,0,1,1,1,BXSL,Blackstone Credit Advisors,Commercial Services & Supplies,91.433,92.026,-0.0064,8/28/2030,,,False,,False,,2025-12-31,2025-12-31,1,BXSL,91.433
"Kodiak Cakes, LLC*+",2,GREEN,0,1,1,1,GBDC,GC Advisors,Food Products,91.129,91.706,-0.0063,,,,False,,False,,2025-09-30,2025-12-31,2,GBDC,91.129
VCI Asset Holdings 1 LLC,2,GREEN,0,1,1,1,OBDC,Blue Owl Credit Advisors,,89.55,89.567,-0.0002,11/2030,,,False,,False,,2025-12-31,2025-12-31,1,OBDC,89.55
"G&A Partners Holding Company II, LLC",2,GREEN,0,1,1,1,BXSL,Blackstone Credit Advisors,Professional Services (continued),89.286,89.167,0.0013,3/1/2030,,,False,,False,,2025-12-31,2025-12-31,1,BXSL,89.286
"Ministry Brands Holdings, LLC and RCP MB Investments B, L.P.",2,GREEN,0,1,1,1,ARCC,Ares Capital Management,,88.6,97.8,-0.0941,12/2027,9.36,,False,,False,,2025-09-30,2025-12-31,2,ARCC,88.6
"UPS Intermediate, LLC",2,GREEN,0,1,1,1,MAIN,Main Street Capital (internal),,88.348,88.783,-0.0049,7/27/2029,10.36,,False,,False,,2025-09-30,2025-12-31,2,MAIN,88.348
"VPP Intermediate Holdings, LLC and VPP Group Holdings, L.P.",2,GREEN,0,1,1,1,ARCC,Ares Capital Management,,88.3,85.6,0.0315,12/2027,9.44,,False,,False,,2025-09-30,2025-12-31,2,ARCC,88.3
Resa Power LLC,2,GREEN,0,1,1,1,FSK,FS/KKR Advisor,Commercial & Professional Services,87.7,88.0,-0.0034,,,,False,,False,,2025-09-30,2025-12-31,2,FSK,87.7
"Specialized Aviation Holdings, LLC",2,GREEN,0,1,1,1,MAIN,Main Street Capital (internal),,86.724,86.987,-0.003,8/29/2030,13.0,,False,,False,,2025-09-30,2025-12-31,2,MAIN,86.724
"Madrigal Pharmaceutical, Inc.",2,GREEN,0,1,1,1,HTGC,Hercules Capital (internal),Drug Discovery & Development,86.482,81.239,0.0645,,2.45,245.0,False,,False,,2025-09-30,2025-12-31,2,HTGC,86.482
"Slick Innovations, LLC",2,GREEN,0,1,1,1,MAIN,Main Street Capital (internal),,86.232,81.632,0.0564,12/22/2027,14.0,,False,,False,,2025-09-30,2025-12-31,2,MAIN,86.232
"NMC Crimson Holdings, Inc.",2,GREEN,0,1,1,1,BXSL,Blackstone Credit Advisors,Health Care Technology,85.931,84.852,0.0127,3/1/2028,,,False,,False,,2025-12-31,2025-12-31,1,BXSL,85.931
"GMF Parent, Inc. and GMF Group Holdings, LP",2,GREEN,0,1,1,1,ARCC,Ares Capital Management,,85.6,47.5,0.8021,12/2032,8.2,,False,,False,,2025-12-31,2025-12-31,1,ARCC,85.6
"RGIS Services, LLC",2,GREEN,0,1,1,1,PSEC,Prospect Capital Management,Commercial Services & Supplies,85.529,64.925,0.3174,,,,False,,False,,2025-09-30,2025-12-31,2,PSEC,85.529
"KPCI Holdings, L.P.",2,GREEN,0,1,1,1,OBDC,Blue Owl Credit Advisors,Healthcare equipment and services,85.003,32.285,1.6329,,,,False,,False,,2025-09-30,2025-12-31,2,OBDC,85.003
Red Fox CD Acquisition Corp.,2,GREEN,0,1,1,1,BXSL,Blackstone Credit Advisors,Trading Companies & Distributors,84.85,83.194,0.0199,3/4/2030,,,False,,False,,2025-12-31,2025-12-31,1,BXSL,84.85
"Amalthea Parent, Inc.*+",2,GREEN,0,1,1,1,GBDC,GC Advisors,Pharmaceuticals,84.719,86.513,-0.0207,,,,False,,False,,2025-09-30,2025-12-31,2,GBDC,84.719
"NMI AcquisitionCo, Inc.",2,GREEN,0,1,1,1,CGBD,Carlyle Investment Management,High Tech Industries,84.615,84.682,-0.0008,9/6/2028,,,False,,False,,2025-09-30,2025-12-31,2,CGBD,84.615
"Patriot Growth Insurance Services, LLC+",2,GREEN,0,1,1,1,GBDC,GC Advisors,,84.192,85.03,-0.0099,,,,False,,False,,2025-09-30,2025-12-31,2,GBDC,84.192
"MOP GM Holding, LLC*+",2,GREEN,0,1,1,1,GBDC,GC Advisors,,84.189,84.33,-0.0017,,,,False,,False,,2025-09-30,2025-12-31,2,GBDC,84.189
"Doral Holdings, LLC",2,GREEN,0,1,1,1,MAIN,Main Street Capital (internal),,84.02,78.77,0.0666,5/20/2030,13.0,,False,,False,,2025-09-30,2025-12-31,2,MAIN,84.02
"Raptor Technologies, LLC, Sycamore Bidco LTD and Rocket Parent, LLC",2,GREEN,0,1,1,1,ARCC,Ares Capital Management,,84.0,45.0,0.8667,10/2027,8.42,,False,,False,,2025-09-30,2025-12-31,2,ARCC,84.0
"Notorious Purchaser II, Inc. (dba Beauty Industry Group)",2,GREEN,0,1,1,1,OBDC,Blue Owl Credit Advisors,Specialty retail,83.942,83.942,0.0,,,,False,,False,,2025-12-31,2025-12-31,1,OBDC,83.942
"NMI Acquisitionco, Inc. (dba Network Merchants)",2,GREEN,0,1,1,1,OBDC,Blue Owl Credit Advisors,Financial services,83.674,83.418,0.0031,9/2028,,,False,,False,,2025-09-30,2025-12-31,2,OBDC,83.674
"CHA Vision Holdings, Inc. (fka FR Vision Holdings, Inc.)",2,GREEN,0,1,1,1,OBDC,Blue Owl Credit Advisors,Infrastructure and environmental services,83.657,82.753,0.0109,1/2031,,,False,,False,,2025-09-30,2025-12-31,2,OBDC,83.657
People Corporation+,2,GREEN,0,1,1,1,GBDC,GC Advisors,,83.314,81.911,0.0171,,,,False,,False,,2025-09-30,2025-12-31,2,GBDC,83.314
"EP Purchaser, LLC and TPG VIII EP Co-Invest II, L.P.",2,GREEN,0,1,1,1,ARCC,Ares Capital Management,,82.8,49.8,0.6627,11/2028,8.44,,False,,False,,2025-09-30,2025-12-31,2,ARCC,82.8
"Gimlet Bidco, GmbH",2,GREEN,0,1,1,1,BXSL,Blackstone Credit Advisors,Insurance,82.205,78.149,0.0519,4/23/2031,,,False,,False,,2025-12-31,2025-12-31,1,BXSL,82.205
"BECO Holding Company, Inc.*+",2,GREEN,0,1,1,1,GBDC,GC Advisors,Building Products,81.966,81.05,0.0113,,,,False,,False,,2025-09-30,2025-12-31,2,GBDC,81.966
Italian Motorway Holdings S.à r.l,2,GREEN,0,1,1,1,BXSL,Blackstone Credit Advisors,Transportation Infrastructure,81.937,78.81,0.0397,4/28/2029,,,False,,False,,2025-12-31,2025-12-31,1,BXSL,81.937
PCI Pharma Services,2,GREEN,0,1,1,1,FSK,FS/KKR Advisor,Health Care Equipment & Services,81.7,82.1,-0.0049,,,,False,,False,,2025-09-30,2025-12-31,2,FSK,81.7
"Bullhorn, Inc.*+",2,GREEN,0,1,1,1,GBDC,GC Advisors,Software,81.15,81.187,-0.0005,,,,False,,False,,2025-09-30,2025-12-31,2,GBDC,81.15
"Vessco Midco Holdings, LLC+",2,GREEN,0,1,1,1,GBDC,GC Advisors,Water Utilities,80.779,81.27,-0.006,,,,False,,False,,2025-09-30,2025-12-31,2,GBDC,80.779
DocPlanner,2,GREEN,0,1,1,1,HTGC,Hercules Capital (internal),Debt Investments,80.519,69.857,0.1526,,2.75,275.0,False,,False,,2025-09-30,2025-12-31,2,HTGC,80.519
"Northwinds Holding, Inc. and Northwinds Services Group LLC",2,GREEN,0,1,1,1,ARCC,Ares Capital Management,,79.4,77.8,0.0206,05/2029,9.29,,False,,False,,2025-09-30,2025-12-31,2,ARCC,79.4
"DirecTV Financing, LLC",2,GREEN,0,1,1,1,OCSL,Oaktree Capital Management,Cable & Satellite,78.904,78.07,0.0107,8/2/2029,5.39,,False,,False,,2025-09-30,2025-12-31,2,OCSL,78.904
"Dropbox, Inc.",2,GREEN,0,1,1,1,BXSL,Blackstone Credit Advisors,Software (continued),77.905,78.035,-0.0017,12/11/2029,,,False,,False,,2025-12-31,2025-12-31,1,BXSL,77.905
ACESO Holding 4 S.A.R.L.,2,GREEN,0,1,1,1,OCSL,Oaktree Capital Management,Health Care Services,77.33,73.849,0.0471,9/27/2031,5.75,,False,,False,,2025-09-30,2025-12-31,2,OCSL,77.33
Arcwood Environmental (fka Heritage Environmental Services Inc),2,GREEN,0,1,1,1,FSK,FS/KKR Advisor,Commercial & Professional Services,76.9,77.2,-0.0039,,,,False,,False,,2025-09-30,2025-12-31,2,FSK,76.9
"Continental Buyer, Inc.",2,GREEN,0,1,1,1,BXSL,Blackstone Credit Advisors,Health Care Technology (continued),76.796,76.825,-0.0004,4/2/2031,,,False,,False,,2025-12-31,2025-12-31,1,BXSL,76.796
"NCP-MSI Buyer, Inc. and NCP MSI Co-Invest, LP",2,GREEN,0,1,1,1,ARCC,Ares Capital Management,,76.6,76.2,0.0052,03/2031,8.37,,False,,False,,2025-09-30,2025-12-31,2,ARCC,76.6
"Denali Intermediate Holdings, Inc. (dba Dun & Bradstreet)",2,GREEN,0,1,1,1,OBDC,Blue Owl Credit Advisors,,76.204,76.223,-0.0002,8/2032,,,False,,False,,2025-09-30,2025-12-31,2,OBDC,76.204
"Denali Midco 2, LLC*",2,GREEN,0,1,1,1,GBDC,GC Advisors,Automobiles,76.136,76.516,-0.005,,,,False,,False,,2025-09-30,2025-12-31,2,GBDC,76.136
"NSG Buyer, Inc. *+",2,GREEN,0,1,1,1,GBDC,GC Advisors,,76.023,76.455,-0.0057,,,,False,,False,,2025-09-30,2025-12-31,2,GBDC,76.023
MAJCO LLC (dba Big Brand Tire & Service),2,GREEN,0,1,1,1,OBDC,Blue Owl Credit Advisors,Automotive services,75.339,75.038,0.004,9/2032,,,False,,False,,2025-09-30,2025-12-31,2,OBDC,75.339
"LJ Perimeter Buyer, Inc. and LJ Perimeter Co-Invest, L.P.",2,GREEN,0,1,1,1,ARCC,Ares Capital Management,,75.0,43.4,0.7281,10/2028,10.47,,False,,False,,2025-09-30,2025-12-31,2,ARCC,75.0
DCG Acquisition Corp.,2,GREEN,0,1,1,1,BXSL,Blackstone Credit Advisors,Chemicals,74.572,74.467,0.0014,6/13/2031,,,False,,False,,2025-12-31,2025-12-31,1,BXSL,74.572
"Transaction Data Systems, Inc.*+",2,GREEN,0,1,1,1,GBDC,GC Advisors,,74.189,74.241,-0.0007,,,,False,,False,,2025-09-30,2025-12-31,2,GBDC,74.189
"Activate Holdings (US) Corp. and CrossPoint Capital AS SPV, LP",2,GREEN,0,1,1,1,ARCC,Ares Capital Management,Software and Services,74.1,48.9,0.5153,07/2030,8.92,,False,,False,,2025-09-30,2025-12-31,2,ARCC,74.1
"AQA Acquisition Holdings, Inc.",2,GREEN,0,1,1,1,CGBD,Carlyle Investment Management,High Tech Industries,74.064,74.011,0.0007,3/3/2029,,,False,,False,,2025-09-30,2025-12-31,2,CGBD,74.064
"Rhea Parent, Inc.",2,GREEN,0,1,1,1,OBDC,Blue Owl Credit Advisors,Healthcare equipment and services,73.773,73.79,-0.0002,12/2030,,,False,,False,,2025-09-30,2025-12-31,2,OBDC,73.773
"Tamarack Intermediate, L.L.C. and Tamarack Parent, L.L.C.",2,GREEN,0,1,1,1,ARCC,Ares Capital Management,,73.5,58.1,0.2651,03/2029,8.9,,False,,False,,2025-09-30,2025-12-31,2,ARCC,73.5
"UFS, LLC and BV-UFS Aggregator, LLC",2,GREEN,0,1,1,1,ARCC,Ares Capital Management,,73.5,37.0,0.9865,10/2031,8.5,,False,,False,,2025-12-31,2025-12-31,1,ARCC,73.5
"OEConnection, LLC+",2,GREEN,0,1,1,1,GBDC,GC Advisors,Auto Components,73.428,76.114,-0.0353,,,,False,,False,,2025-09-30,2025-12-31,2,GBDC,73.428
"Pareto Health Intermediate Holdings, Inc.*+",2,GREEN,0,1,1,1,GBDC,GC Advisors,,73.421,73.901,-0.0065,,,,False,,False,,2025-09-30,2025-12-31,2,GBDC,73.421
"North Haven Fairway Buyer, LLC and Fairway Lawns, LLC",2,GREEN,0,1,1,1,ARCC,Ares Capital Management,,73.0,73.0,0.0,05/2028,8.81,,False,,False,,2025-09-30,2025-12-31,2,ARCC,73.0
Salinger Bidco Inc. (dba Surgical Information Systems),2,GREEN,0,1,1,1,OBDC,Blue Owl Credit Advisors,Healthcare technology,72.79,71.783,0.014,5/2031,,,False,,False,,2025-09-30,2025-12-31,2,OBDC,72.79
"GTIV, LLC*+",2,GREEN,0,1,1,1,GBDC,GC Advisors,,71.983,72.483,-0.0069,,,,False,,False,,2025-09-30,2025-12-31,2,GBDC,71.983
"CrossCountry Mortgage, LLC and CrossCountry Holdco, LLC",2,GREEN,0,1,1,1,ARCC,Ares Capital Management,Financial Services,71.6,0.0,,,,,False,,False,,2025-09-30,2025-12-31,2,ARCC,71.6
Klick Inc.,2,GREEN,0,1,1,1,OBDC,Blue Owl Credit Advisors,,71.447,71.453,-0.0001,11/2032,,,False,,False,,2025-12-31,2025-12-31,1,OBDC,71.447
"ZRG Partners, LLC",2,GREEN,0,1,1,1,MAIN,Main Street Capital (internal),,71.402,71.402,0.0,6/14/2029,9.9,,False,,False,,2025-09-30,2025-12-31,2,MAIN,71.402
"THG Acquisition, LLC (dba Hilb)",2,GREEN,0,1,1,1,OBDC,Blue Owl Credit Advisors,Insurance,71.028,70.838,0.0027,10/2031,,,False,,False,,2025-09-30,2025-12-31,2,OBDC,71.028
"Shur-Co Acquisition, Inc. and Shur-Co Holdco, Inc.",2,GREEN,0,1,1,1,ARCC,Ares Capital Management,,71.0,73.0,-0.0274,07/2030,9.22,,False,,False,,2025-09-30,2025-12-31,2,ARCC,71.0
"AeriTek Global US Acquisition Inc., AeriTek Global Holdings LLC, and Minus Forty QBD Corp.",2,GREEN,0,1,1,1,ARCC,Ares Capital Management,Capital Goods,70.7,36.6,0.9317,08/2030,10.32,,False,,False,,2025-09-30,2025-12-31,2,ARCC,70.7
"KABAFUSION Parent, LLC",2,GREEN,0,1,1,1,OBDC,Blue Owl Credit Advisors,,70.613,70.023,0.0084,11/2031,,,False,,False,,2025-09-30,2025-12-31,2,OBDC,70.613
Riviera Partners LLC,2,GREEN,0,1,1,1,HTGC,Hercules Capital (internal),Consumer & Business Services,70.563,71.954,-0.0193,,8.28,827.5,False,,False,,2025-09-30,2025-12-31,2,HTGC,70.563
"Styron Receivables Funding Designated Activity Company (FKA Trinseo Materials), Revolver",2,GREEN,0,1,1,1,FSK,FS/KKR Advisor,Materials,70.3,70.3,0.0,,,,False,,False,,2025-12-31,2025-12-31,1,FSK,70.3
SumUp Holdings Luxembourg S.A.R.L. (Luxembourg),2,GREEN,0,1,1,1,TCPC,Tennenbaum Capital Partners (BlackRock),Specialty Retail,70.0321,68.7414,0.0188,4/25/2031,6.25,,False,,False,,2025-12-31,2025-12-31,1,TCPC,70.0321
West Star Aviation Inc,2,GREEN,0,1,1,1,FSK,FS/KKR Advisor,Capital Goods,69.6,69.7,-0.0014,,,,False,,False,,2025-09-30,2025-12-31,2,FSK,69.6
"Sonatype, Inc.+",2,GREEN,0,1,1,1,GBDC,GC Advisors,,69.541,69.46,0.0012,,,,False,,False,,2025-09-30,2025-12-31,2,GBDC,69.541
"Denali Bidco, Ltd.",2,GREEN,0,1,1,1,BXSL,Blackstone Credit Advisors,Software (continued),69.473,57.591,0.2063,8/29/2030,,,False,,False,,2025-12-31,2025-12-31,1,BXSL,69.473
CGMS Parent LLC,2,GREEN,0,1,1,1,MAIN,Main Street Capital (internal),,69.469,69.715,-0.0035,12/26/2030,13.0,,False,,False,,2025-12-31,2025-12-31,1,MAIN,69.469
BJH Holdings III Corp.*+,2,GREEN,0,1,1,1,GBDC,GC Advisors,,69.197,69.39,-0.0028,,,,False,,False,,2025-09-30,2025-12-31,2,GBDC,69.197
Provenance Buyer LLC*+,2,GREEN,0,1,1,1,GBDC,GC Advisors,,68.471,68.807,-0.0049,,,,False,,False,,2025-09-30,2025-12-31,2,GBDC,68.471
"Kattegat Project Bidco, AB",2,GREEN,0,1,1,1,BXSL,Blackstone Credit Advisors,Marine,68.441,64.74,0.0572,4/7/2031,,,False,,False,,2025-12-31,2025-12-31,1,BXSL,68.441
"Financial Information Technologies, LLC*+",2,GREEN,0,1,1,1,GBDC,GC Advisors,Beverages,68.294,68.472,-0.0026,,,,False,,False,,2025-09-30,2025-12-31,2,GBDC,68.294
"Strive Health Holdings, LLC",2,GREEN,0,1,1,1,HTGC,Hercules Capital (internal),Electronics & Computer Hardware,68.126,66.796,0.0199,,0.89,88.9,False,,False,,2025-09-30,2025-12-31,2,HTGC,68.126
"Express Wash Acquisition Company, LLC",2,GREEN,0,1,1,1,PFLT,PennantPark Investment Advisers,Automobiles,67.693,73.899,-0.084,04/10/2031,,,False,,False,,2025-09-30,2025-12-31,2,PFLT,67.693
"PPW Aero Buyer, Inc.*+",2,GREEN,0,1,1,1,GBDC,GC Advisors,Aerospace & Defense,67.429,67.967,-0.0079,,,,False,,False,,2025-09-30,2025-12-31,2,GBDC,67.429
"Truck-Lite Co., LLC",2,GREEN,0,1,1,1,OCSL,Oaktree Capital Management,Construction Machinery & Heavy Transportation Equipment,67.229,66.901,0.0049,2/13/2031,4.87,,False,,False,,2025-09-30,2025-12-31,2,OCSL,67.229
"Water Holdings Acquisition, LLC",2,GREEN,0,1,1,1,BXSL,Blackstone Credit Advisors,Commercial Services & Supplies (continued),66.971,66.579,0.0059,7/31/2031,,,False,,False,,2025-12-31,2025-12-31,1,BXSL,66.971
"POY Holdings, LLC*+",2,GREEN,0,1,1,1,GBDC,GC Advisors,,66.667,66.232,0.0066,,,,False,,False,,2025-09-30,2025-12-31,2,GBDC,66.667
"Tufin Software North America, Inc.",2,GREEN,0,1,1,1,CGBD,Carlyle Investment Management,Software,66.568,66.167,0.0061,8/17/2028,,,False,,False,,2025-09-30,2025-12-31,2,CGBD,66.568
"WPEngine, Inc.",2,GREEN,0,1,1,1,BXSL,Blackstone Credit Advisors,Software (continued),66.467,65.341,0.0172,8/14/2029,,,False,,False,,2025-12-31,2025-12-31,1,BXSL,66.467
Lightning Finco Limited+,2,GREEN,0,1,1,1,GBDC,GC Advisors,Communications Equipment,66.122,66.342,-0.0033,,,,False,,False,,2025-09-30,2025-12-31,2,GBDC,66.122
Sitecore Holding III A/S,2,GREEN,0,1,1,1,OBDC,Blue Owl Credit Advisors,,66.087,61.641,0.0721,3/2029,,,False,,False,,2025-09-30,2025-12-31,2,OBDC,66.087
"Magneto Components BuyCo, LLC",2,GREEN,0,1,1,1,BXSL,Blackstone Credit Advisors,Aerospace & Defense,65.939,65.547,0.006,12/5/2030,,,False,,False,,2025-12-31,2025-12-31,1,BXSL,65.939
uniQure B.V.,2,GREEN,0,1,1,1,HTGC,Hercules Capital (internal),Drug Discovery & Development,65.913,64.175,0.0271,,3.73,373.2,False,,False,,2025-09-30,2025-12-31,2,HTGC,65.913
"Greenhouse Software, Inc.",2,GREEN,0,1,1,1,CGBD,Carlyle Investment Management,Software,65.812,64.677,0.0175,9/1/2028,,,False,,False,,2025-09-30,2025-12-31,2,CGBD,65.812
"Fastener Distribution Holdings, LLC",2,GREEN,0,1,1,1,BXSL,Blackstone Credit Advisors,Aerospace & Defense,65.81,65.496,0.0048,11/4/2031,,,False,,False,,2025-12-31,2025-12-31,1,BXSL,65.81
"Precision Concepts Parent Inc., Precision Concepts International LLC, and Precision Concepts Canada Corporation",2,GREEN,0,1,1,1,ARCC,Ares Capital Management,,65.6,66.2,-0.0091,08/2032,8.58,,False,,False,,2025-09-30,2025-12-31,2,ARCC,65.6
"WP CPP Holdings, LLC",2,GREEN,0,1,1,1,OCSL,Oaktree Capital Management,Aerospace & Defense,65.109,65.04,0.0011,11/28/2029,7.0,,False,,False,,2025-09-30,2025-12-31,2,OCSL,65.109
athenahealth Group Inc.,2,GREEN,0,1,1,1,OCSL,Oaktree Capital Management,Health Care Technology,64.549,45.613,0.4151,2/15/2029,2.75,,False,,False,,2025-09-30,2025-12-31,2,OCSL,64.549
"PPW Aero Buyer, Inc.",2,GREEN,0,1,1,1,OCSL,Oaktree Capital Management,Aerospace & Defense,64.22,63.565,0.0103,9/30/2031,5.0,,False,,False,,2025-09-30,2025-12-31,2,OCSL,64.22
ACP Avenu Midco LLC,2,GREEN,0,1,1,1,ARCC,Ares Capital Management,Software and Services,64.2,31.6,1.0316,10/2029,8.74,,False,,False,,2025-09-30,2025-12-31,2,ARCC,64.2
"Dwyer Instruments, Inc.+",2,GREEN,0,1,1,1,GBDC,GC Advisors,Industrial Conglomerates,64.185,70.104,-0.0844,,,,False,,False,,2025-09-30,2025-12-31,2,GBDC,64.185
"Curana Health Holdings, LLC",2,GREEN,0,1,1,1,HTGC,Hercules Capital (internal),Electronics & Computer Hardware,64.096,61.145,0.0483,,1.45,145.0,False,,False,,2025-09-30,2025-12-31,2,HTGC,64.096
Revolut Ltd,2,GREEN,0,1,1,1,TPVG,TriplePoint Advisers,Financial Institution and Services,63.852,24.345,1.6228,,,,False,,False,,2025-09-30,2025-12-31,2,TPVG,63.852
"CI (Quercus) Intermediate Holdings, LLC*+",2,GREEN,0,1,1,1,GBDC,GC Advisors,Commercial Services & Supplies,63.73,64.319,-0.0092,,,,False,,False,,2025-09-30,2025-12-31,2,GBDC,63.73
"TEC Services, LLC",2,GREEN,0,1,1,1,MAIN,Main Street Capital (internal),,63.403,63.51,-0.0017,12/31/2029,9.27,,False,,False,,2025-09-30,2025-12-31,2,MAIN,63.403
"Senseonics Holdings, Inc.",2,GREEN,0,1,1,1,HTGC,Hercules Capital (internal),Medical Devices & Equipment,63.049,62.823,0.0036,,1.9,189.8,False,,False,,2025-09-30,2025-12-31,2,HTGC,63.049
"Edition Holdings, Inc. and Enverus, Inc.",2,GREEN,0,1,1,1,ARCC,Ares Capital Management,,62.9,63.1,-0.0032,12/2032,8.2,,False,,False,,2025-12-31,2025-12-31,1,ARCC,62.9
Signant Finance One Limited and Bracket Intermediate Holding Corp.,2,GREEN,0,1,1,1,ARCC,Ares Capital Management,,62.9,62.9,0.0,10/2031,8.42,,False,,False,,2025-12-31,2025-12-31,1,ARCC,62.9
"Pindrop Security, Inc.",2,GREEN,0,1,1,1,HTGC,Hercules Capital (internal),Debt Investments,62.825,62.313,0.0082,,3.5,350.0,False,,False,,2025-09-30,2025-12-31,2,HTGC,62.825
"Medical Manufacturing Technologies, LLC",2,GREEN,0,1,1,1,CGBD,Carlyle Investment Management,Healthcare & Pharmaceuticals,62.803,62.527,0.0044,12/23/2027,,,False,,False,,2025-09-30,2025-12-31,2,CGBD,62.803
"Blue River Pet Care, LLC*+",2,GREEN,0,1,1,1,GBDC,GC Advisors,Healthcare Equipment & Supplies,62.002,62.124,-0.002,,,,False,,False,,2025-09-30,2025-12-31,2,GBDC,62.002
"Mindbody, Inc.+",2,GREEN,0,1,1,1,GBDC,GC Advisors,,61.9661,64.1,-0.0333,,,,False,,False,,2025-09-30,2025-12-31,2,GBDC,61.9661
"IRI Group Holdings, Inc. (f/k/a Circana Group, L.P. (f/k/a The NPD Group, L.P.))",2,GREEN,0,1,1,1,OBDC,Blue Owl Credit Advisors,Advertising and media,61.948,61.602,0.0056,12/2027,,,False,,False,,2025-09-30,2025-12-31,2,OBDC,61.948
Duro Dyne National Corp.,2,GREEN,0,1,1,1,BXSL,Blackstone Credit Advisors,Electrical Equipment,61.541,61.266,0.0045,11/15/2031,,,False,,False,,2025-12-31,2025-12-31,1,BXSL,61.541
"CRC Evans USA Bidco, Inc.",2,GREEN,0,1,1,1,MAIN,Main Street Capital (internal),,61.507,61.694,-0.003,6/30/2029,10.8,,False,,False,,2025-12-31,2025-12-31,1,MAIN,61.507
"Detroit Defense, Inc. – Term Debt (SOFR+ 9.0 %, 13.0 % Cash, Due 12/2029)",2,GREEN,0,1,1,1,GAIN,Gladstone Management Corporation,,61.305,61.305,0.0,,,,False,,False,,2025-12-31,2025-12-31,1,GAIN,61.305
"Ricardo Defense, Inc. – Term Debt (SOFR+ 9.0 %, 13.3 % Cash, Due 12/2029)",2,GREEN,0,1,1,1,GAIN,Gladstone Management Corporation,,61.305,61.305,0.0,,,,False,,False,,2025-09-30,2025-12-31,2,GAIN,61.305
"Eden Acquisitionco, Ltd.",2,GREEN,0,1,1,1,BXSL,Blackstone Credit Advisors,Pharmaceuticals,60.699,63.971,-0.0511,11/18/2030,,,False,,False,,2025-12-31,2025-12-31,1,BXSL,60.699
"Archduke Buyer, Inc.",2,GREEN,0,1,1,1,ARCC,Ares Capital Management,Software and Services,60.4,61.0,-0.0098,12/2032,9.27,,False,,False,,2025-12-31,2025-12-31,1,ARCC,60.4
"Mustang Prospects Purchaser, LLC, Senske Acquisition, Inc., and Mustang Prospects Holdco, LLC",2,GREEN,0,1,1,1,ARCC,Ares Capital Management,,60.4,60.6,-0.0033,06/2031,8.69,,False,,False,,2025-12-31,2025-12-31,1,ARCC,60.4
"Iris Buyer, LLC",2,GREEN,0,1,1,1,BXSL,Blackstone Credit Advisors,Commercial Services & Supplies,59.996,58.755,0.0211,10/2/2030,,,False,,False,,2025-12-31,2025-12-31,1,BXSL,59.996
"Elliott Davis Advisory, LLC and Elliott Davis Advisory HoldCo, LLC",2,GREEN,0,1,1,1,ARCC,Ares Capital Management,,59.8,26.9,1.223,07/2031,8.86,,False,,False,,2025-09-30,2025-12-31,2,ARCC,59.8
Subtotal: Diversified Financial Services ( 2.98 %)*,2,GREEN,0,1,1,1,HTGC,Hercules Capital (internal),,59.386,0.0,,,,,False,,False,,2025-09-30,2025-12-31,2,HTGC,59.386
ASP-r-pac Acquisition CO LLC and ASP-r-pac Holdings LP,2,GREEN,0,1,1,1,ARCC,Ares Capital Management,Materials,59.2,57.0,0.0386,12/2027,9.84,,False,,False,,2025-09-30,2025-12-31,2,ARCC,59.2
SPF HoldCo LLC,2,GREEN,0,1,1,1,CGBD,Carlyle Investment Management,Healthcare & Pharmaceuticals,59.159,47.531,0.2446,,,,False,,False,,2025-09-30,2025-12-31,2,CGBD,59.159
"Helix TS, LLC",2,GREEN,0,1,1,1,BXSL,Blackstone Credit Advisors,Transportation Infrastructure,59.131,59.092,0.0007,8/4/2030,,,False,,False,,2025-12-31,2025-12-31,1,BXSL,59.131
"HS Purchaser, LLC, and Help/Systems Holdings, Inc.",2,GREEN,0,1,1,1,ARCC,Ares Capital Management,,59.1,62.5,-0.0544,05/2029,10.37,,False,,False,,2025-12-31,2025-12-31,1,ARCC,59.1
"IFH Franchisee Holdings, LLC",2,GREEN,0,1,1,1,ARCC,Ares Capital Management,,59.0,59.0,0.0,12/2029,9.26,,False,,False,,2025-09-30,2025-12-31,2,ARCC,59.0
"Soleo Holdings, Inc.",2,GREEN,0,1,1,1,OBDC,Blue Owl Credit Advisors,,58.948,58.683,0.0045,2/2032,,,False,,False,,2025-09-30,2025-12-31,2,OBDC,58.948
"Valcourt Holdings II, LLC and Jobs Holdings, Inc.",2,GREEN,0,1,1,1,ARCC,Ares Capital Management,,58.8,58.8,0.0,11/2029,9.01,,False,,False,,2025-09-30,2025-12-31,2,ARCC,58.8
Convera International Holdings Limited and Convera International Financial S.A R.L.,2,GREEN,0,1,1,1,ARCC,Ares Capital Management,Financial Services,58.7,58.7,0.0,03/2030,8.44,,False,,False,,2025-09-30,2025-12-31,2,ARCC,58.7
Diligent Corp.,2,GREEN,0,1,1,1,BXSL,Blackstone Credit Advisors,Software (continued),58.2,58.029,0.0029,8/2/2030,,,False,,False,,2025-12-31,2025-12-31,1,BXSL,58.2
Hadrian Acquisition Limited (United Kingdom),2,GREEN,0,1,1,1,CGBD,Carlyle Investment Management,Diversified Financial Services,58.098,58.165,-0.0012,2/28/2029,,,False,,False,,2025-09-30,2025-12-31,2,CGBD,58.098
Knockout Intermediate Holdings I Inc. (dba Kaseya Inc.),2,GREEN,0,1,1,1,OBDC,Blue Owl Credit Advisors,Business services,57.871,56.642,0.0217,,,,False,,False,,2025-09-30,2025-12-31,2,OBDC,57.871
PAS Parent Inc.*+,2,GREEN,0,1,1,1,GBDC,GC Advisors,,57.832,58.102,-0.0046,,,,False,,False,,2025-09-30,2025-12-31,2,GBDC,57.832
"VEPF Torreys Aggregator, LLC (dba MINDBODY, Inc.)",2,GREEN,0,1,1,1,OBDC,Blue Owl Credit Advisors,Internet software and services,57.721,52.79,0.0934,,,,False,,False,,2025-09-30,2025-12-31,2,OBDC,57.721
"Viper Bidco, Inc.+",2,GREEN,0,1,1,1,GBDC,GC Advisors,,57.625,59.12,-0.0253,,,,False,,False,,2025-09-30,2025-12-31,2,GBDC,57.625
"Airo Purchaser, Inc.",2,GREEN,0,1,1,1,MAIN,Main Street Capital (internal),,57.368,57.694,-0.0057,8/1/2030,9.22,,False,,False,,2025-09-30,2025-12-31,2,MAIN,57.368
1261229 BC LTD,2,GREEN,0,1,1,1,OCSL,Oaktree Capital Management,Pharmaceuticals,57.216,56.383,0.0148,10/8/2030,6.25,,False,,False,,2025-12-31,2025-12-31,1,OCSL,57.216
"Sight Sciences, Inc.",2,GREEN,0,1,1,1,HTGC,Hercules Capital (internal),Medical Devices & Equipment,57.094,56.954,0.0025,,2.35,235.0,False,,False,,2025-09-30,2025-12-31,2,HTGC,57.094
"Loftware, Inc.",2,GREEN,0,1,1,1,HTGC,Hercules Capital (internal),Debt Investments,57.059,55.973,0.0194,,7.88,788.0,False,,False,,2025-09-30,2025-12-31,2,HTGC,57.059
"Appfire Technologies, LLC*+",2,GREEN,0,1,1,1,GBDC,GC Advisors,Software,57.01,57.072,-0.0011,,,,False,,False,,2025-09-30,2025-12-31,2,GBDC,57.01
"Mimecast Borrowerco, Inc. and Magnesium Co- Invest SCSp",2,GREEN,0,1,1,1,ARCC,Ares Capital Management,,56.9,53.8,0.0576,05/2029,8.22,,False,,False,,2025-09-30,2025-12-31,2,ARCC,56.9
"Legends Hospitality Holding Company, LLC",2,GREEN,0,1,1,1,OCSL,Oaktree Capital Management,Specialized Consumer Services,56.476,56.545,-0.0012,8/22/2030,5.47,,False,,False,,2025-09-30,2025-12-31,2,OCSL,56.476
"BlueMatrix Holdings, LLC+",2,GREEN,0,1,1,1,GBDC,GC Advisors,Capital Markets,56.316,56.568,-0.0045,,,,False,,False,,2025-09-30,2025-12-31,2,GBDC,56.316
Tank Holding Corp.,2,GREEN,0,1,1,1,CGBD,Carlyle Investment Management,Capital Equipment,56.221,54.064,0.0399,3/31/2028,,,False,,False,,2025-09-30,2025-12-31,2,CGBD,56.221
"Roadsafe Holdings, Inc.",2,GREEN,0,1,1,1,BXSL,Blackstone Credit Advisors,Transportation Infrastructure,56.201,57.893,-0.0292,10/19/2027,,,False,,False,,2025-12-31,2025-12-31,1,BXSL,56.201
"Commander Buyer, Inc. (dba CenExel)",2,GREEN,0,1,1,1,OBDC,Blue Owl Credit Advisors,Healthcare providers and services,56.102,55.813,0.0052,6/2032,,,False,,False,,2025-09-30,2025-12-31,2,OBDC,56.102
"Fern Bidco, Ltd.",2,GREEN,0,1,1,1,BXSL,Blackstone Credit Advisors,IT Services,55.844,45.078,0.2388,7/1/2031,,,False,,False,,2025-12-31,2025-12-31,1,BXSL,55.844
Power System Solutions,2,GREEN,0,1,1,1,MAIN,Main Street Capital (internal),,55.74,50.608,0.1014,6/7/2028,10.89,,False,,False,,2025-09-30,2025-12-31,2,MAIN,55.74
TCP Hawker Intermediate LLC,2,GREEN,0,1,1,1,ARCC,Ares Capital Management,,55.6,55.6,0.0,08/2029,8.59,,False,,False,,2025-09-30,2025-12-31,2,ARCC,55.6
"Razor Holdco, LLC",2,GREEN,0,1,1,1,BXSL,Blackstone Credit Advisors,IT Services (continued),55.364,55.135,0.0042,10/25/2027,,,False,,False,,2025-12-31,2025-12-31,1,BXSL,55.364
"West Monroe Partners, LLC",2,GREEN,0,1,1,1,BXSL,Blackstone Credit Advisors,Professional Services (continued),55.316,55.395,-0.0014,11/8/2028,,,False,,False,,2025-12-31,2025-12-31,1,BXSL,55.316
"Escalent, Inc.",2,GREEN,0,1,1,1,MAIN,Main Street Capital (internal),,54.72,54.964,-0.0044,4/7/2029,11.07,,False,,False,,2025-09-30,2025-12-31,2,MAIN,54.72
"SFEG Holdings, Inc. – Term Debt (SOFR+ 7.0 %, 12.5 % Cash, Due 10/2028)",2,GREEN,0,1,1,1,GAIN,Gladstone Management Corporation,,54.644,54.644,0.0,,,,False,,False,,2025-09-30,2025-12-31,2,GAIN,54.644
"Triple Lift, Inc.",2,GREEN,0,1,1,1,BXSL,Blackstone Credit Advisors,Software (continued),54.607,59.926,-0.0888,5/5/2028,,,False,,False,,2025-12-31,2025-12-31,1,BXSL,54.607
"Bluefin Holding, LLC",2,GREEN,0,1,1,1,BXSL,Blackstone Credit Advisors,Software,54.508,53.587,0.0172,9/12/2029,,,False,,False,,2025-12-31,2025-12-31,1,BXSL,54.508
"RWL Holdings, LLC",2,GREEN,0,1,1,1,BXSL,Blackstone Credit Advisors,Air Freight & Logistics,54.342,59.13,-0.081,12/31/2028,,,False,,False,,2025-12-31,2025-12-31,1,BXSL,54.342
Nelipak Holding Company,2,GREEN,0,1,1,1,OBDC,Blue Owl Credit Advisors,Healthcare equipment and services,54.259,54.369,-0.002,3/2031,,,False,,False,,2025-09-30,2025-12-31,2,OBDC,54.259
"Osmose Utilities Services, Inc. and Pine Intermediate Holding LLC",2,GREEN,0,1,1,1,ARCC,Ares Capital Management,,54.1,55.3,-0.0217,06/2029,10.58,,False,,False,,2025-09-30,2025-12-31,2,ARCC,54.1
"TEI Intermediate, LLC",2,GREEN,0,1,1,1,BXSL,Blackstone Credit Advisors,Commercial Services & Supplies (continued),53.888,53.602,0.0053,12/15/2031,,,False,,False,,2025-12-31,2025-12-31,1,BXSL,53.888
"Asurion, LLC",2,GREEN,0,1,1,1,OCSL,Oaktree Capital Management,Property & Casualty Insurance,53.778,53.151,0.0118,8/19/2028,4.21,,False,,False,,2025-09-30,2025-12-31,2,OCSL,53.778
"DTI Holdco, Inc.",2,GREEN,0,1,1,1,OCSL,Oaktree Capital Management,Research & Consulting Services,53.723,57.934,-0.0727,4/26/2029,4.0,,False,,False,,2025-09-30,2025-12-31,2,OCSL,53.723
"Netsmart Technologies, Inc.+",2,GREEN,0,1,1,1,GBDC,GC Advisors,Healthcare Technology,53.494,53.962,-0.0087,,,,False,,False,,2025-09-30,2025-12-31,2,GBDC,53.494
"Sitecore USA, Inc.",2,GREEN,0,1,1,1,OBDC,Blue Owl Credit Advisors,,53.456,53.183,0.0051,3/2029,,,False,,False,,2025-09-30,2025-12-31,2,OBDC,53.456
"ALKU, LLC",2,GREEN,0,1,1,1,BXSL,Blackstone Credit Advisors,Professional Services,53.369,53.424,-0.001,5/23/2029,,,False,,False,,2025-12-31,2025-12-31,1,BXSL,53.369
Space Exploration Technologies Corp.,2,GREEN,0,1,1,1,OBDC,Blue Owl Credit Advisors,Aerospace and defense,53.369,9.009,4.924,,,,False,,False,,2025-09-30,2025-12-31,2,OBDC,53.369
"Magic Bidco, Inc.",2,GREEN,0,1,1,1,BXSL,Blackstone Credit Advisors,Health Care Technology (continued),53.244,52.737,0.0096,7/1/2030,,,False,,False,,2025-12-31,2025-12-31,1,BXSL,53.244
GHX Ultimate Parent Corporation+,2,GREEN,0,1,1,1,GBDC,GC Advisors,Healthcare Technology,53.113,53.614,-0.0093,,,,False,,False,,2025-09-30,2025-12-31,2,GBDC,53.113
"LPW Group Holdings, Inc.",2,GREEN,0,1,1,1,BXSL,Blackstone Credit Advisors,Energy Equipment & Services,52.869,51.89,0.0189,3/15/2031,,,False,,False,,2025-12-31,2025-12-31,1,BXSL,52.869
"LSL Holdco, LLC",2,GREEN,0,1,1,1,OCSL,Oaktree Capital Management,Health Care Distributors,52.702,54.24,-0.0284,1/31/2028,6.0,,False,,False,,2025-09-30,2025-12-31,2,OCSL,52.702
"World Micro Holdings, LLC",2,GREEN,0,1,1,1,MAIN,Main Street Capital (internal),,52.635,52.736,-0.0019,12/12/2027,12.52,,False,,False,,2025-09-30,2025-12-31,2,MAIN,52.635
"Finastra USA, Inc., DH Corporation/Societe DH, and Finastra Europe S.A R.L.",2,GREEN,0,1,1,1,ARCC,Ares Capital Management,,52.6,51.4,0.0233,09/2029,10.97,,False,,False,,2025-09-30,2025-12-31,2,ARCC,52.6
Urgent DSO LLC,2,GREEN,0,1,1,1,MAIN,Main Street Capital (internal),,52.221,52.938,-0.0135,2/16/2029,12.61,,False,,False,,2025-09-30,2025-12-31,2,MAIN,52.221
"FlyWheel Acquireco, Inc.",2,GREEN,0,1,1,1,ARCC,Ares Capital Management,,52.2,52.2,0.0,05/2028,10.22,,False,,False,,2025-09-30,2025-12-31,2,ARCC,52.2
"Denali BuyerCo, LLC (dba Summit Companies)",2,GREEN,0,1,1,1,OBDC,Blue Owl Credit Advisors,,52.197,51.762,0.0084,9/2028,,,False,,False,,2025-09-30,2025-12-31,2,OBDC,52.197
Fairbridge Strategic Capital Funding LLC,2,GREEN,0,1,1,1,OCSL,Oaktree Capital Management,Real Estate Operating Companies,52.138,54.285,-0.0396,12/24/2028,,,False,,False,,2025-09-30,2025-12-31,2,OCSL,52.138
"BestPass, Inc.*+",2,GREEN,0,1,1,1,GBDC,GC Advisors,Software,51.997,52.206,-0.004,,,,False,,False,,2025-09-30,2025-12-31,2,GBDC,51.997
"Armada Parent, Inc.",2,GREEN,0,1,1,1,BXSL,Blackstone Credit Advisors,Marine,51.942,51.476,0.0091,10/29/2027,,,False,,False,,2025-12-31,2025-12-31,1,BXSL,51.942
Royal Cup Inc.,2,GREEN,0,1,1,1,MAIN,Main Street Capital (internal),,51.864,53.3,-0.0269,11/26/2030,8.98,,False,,False,,2025-12-31,2025-12-31,1,MAIN,51.864
"CompareNetworks Topco, LLC",2,GREEN,0,1,1,1,MAIN,Main Street Capital (internal),,51.688,28.006,0.8456,1/29/2028,13.26,,False,,False,,2025-09-30,2025-12-31,2,MAIN,51.688
"Quick Quack Car Wash Holdings, LLC and KKR Game Changer Co-Invest Feeder II L.P.",2,GREEN,0,1,1,1,ARCC,Ares Capital Management,,51.6,46.4,0.1121,06/2031,8.47,,False,,False,,2025-09-30,2025-12-31,2,ARCC,51.6
"Elements Finco, Ltd.",2,GREEN,0,1,1,1,BXSL,Blackstone Credit Advisors,Software (continued),51.487,43.565,0.1818,4/29/2031,,,False,,False,,2025-12-31,2025-12-31,1,BXSL,51.487
Phoenix 1 Buyer Corp.,2,GREEN,0,1,1,1,BXSL,Blackstone Credit Advisors,Electrical Equipment,51.182,50.712,0.0093,11/20/2030,,,False,,False,,2025-12-31,2025-12-31,1,BXSL,51.182
"Zeus, LLC",2,GREEN,0,1,1,1,BXSL,Blackstone Credit Advisors,Health Care Equipment & Supplies,50.998,52.105,-0.0212,2/28/2031,,,False,,False,,2025-12-31,2025-12-31,1,BXSL,50.998
"Apex Service Partners, LLC+",2,GREEN,0,1,1,1,GBDC,GC Advisors,Diversified Consumer Services,50.958,51.08,-0.0024,,,,False,,False,,2025-09-30,2025-12-31,2,GBDC,50.958
"Onex Baltimore Buyer, Inc.",2,GREEN,0,1,1,1,BXSL,Blackstone Credit Advisors,Commercial Services & Supplies (continued),50.945,50.429,0.0102,12/1/2027,,,False,,False,,2025-12-31,2025-12-31,1,BXSL,50.945
"Draken International, LLC",2,GREEN,0,1,1,1,OCSL,Oaktree Capital Management,Aerospace & Defense,50.916,41.35,0.2313,5/19/2032,5.25,,False,,False,,2025-12-31,2025-12-31,1,OCSL,50.916
"CB Nike Holdco, LLC",2,GREEN,0,1,1,1,BXSL,Blackstone Credit Advisors,Software,50.901,50.696,0.004,11/26/2029,,,False,,False,,2025-12-31,2025-12-31,1,BXSL,50.901
"KKR Alberta Midstream Finance, Inc.",2,GREEN,0,1,1,1,BXSL,Blackstone Credit Advisors,First Lien Debt - non-controlled/non-affiliated (continued),50.338,49.899,0.0088,8/15/2028,,,False,,False,,2025-12-31,2025-12-31,1,BXSL,50.338
"Knight AcquireCo, LLC and Knight Holdings, LP",2,GREEN,0,1,1,1,ARCC,Ares Capital Management,,50.3,54.6,-0.0788,11/2032,8.37,,False,,False,,2025-12-31,2025-12-31,1,ARCC,50.3
"Elevation Services Parent Holdings, LLC",2,GREEN,0,1,1,1,ARCC,Ares Capital Management,,50.2,26.2,0.916,12/2028,10.55,,False,,False,,2025-09-30,2025-12-31,2,ARCC,50.2
"North Haven Fairway Buyer, LLC",2,GREEN,0,1,1,1,CGBD,Carlyle Investment Management,Consumer Services,50.084,49.911,0.0035,5/17/2028,,,False,,False,,2025-09-30,2025-12-31,2,CGBD,50.084
"Remodel Health Holdco, LLC",2,GREEN,0,1,1,1,HTGC,Hercules Capital (internal),Debt Investments,50.057,49.849,0.0042,,2.35,235.0,False,,False,,2025-09-30,2025-12-31,2,HTGC,50.057
Kairos Bidco Limited,2,GREEN,0,1,1,1,ARCC,Ares Capital Management,,49.8,50.2,-0.008,07/2032,8.42,,False,,False,,2025-09-30,2025-12-31,2,ARCC,49.8
"CoreView USA, Inc.",2,GREEN,0,1,1,1,HTGC,Hercules Capital (internal),Sustainable and Renewable Technology,49.709,49.776,-0.0013,,2.75,275.0,False,,False,,2025-09-30,2025-12-31,2,HTGC,49.709
"Infinity Home Services Holdco, Inc., D'Angelo & Sons Construction Limited and IHS Parent Holdings, L.P.",2,GREEN,0,1,1,1,ARCC,Ares Capital Management,,49.6,27.6,0.7971,12/2028,9.5,,False,,False,,2025-09-30,2025-12-31,2,ARCC,49.6
"Endeavor Schools Holdings, LLC",2,GREEN,0,1,1,1,BXSL,Blackstone Credit Advisors,Diversified Consumer Services,49.112,50.698,-0.0313,7/18/2029,,,False,,False,,2025-12-31,2025-12-31,1,BXSL,49.112
"Gorilla Investor, LLC",2,GREEN,0,1,1,1,BXSL,Blackstone Credit Advisors,Commercial Services & Supplies,49.019,48.631,0.008,9/30/2031,,,False,,False,,2025-12-31,2025-12-31,1,BXSL,49.019
PAI Financing Merger Sub LLC,2,GREEN,0,1,1,1,OCSL,Oaktree Capital Management,Pharmaceuticals,48.86,49.204,-0.007,2/13/2032,4.5,,False,,False,,2025-12-31,2025-12-31,1,OCSL,48.86
"Gula Buyer Inc. and Gula Co-Invest II, L.P.",2,GREEN,0,1,1,1,ARCC,Ares Capital Management,,48.4,50.4,-0.0397,10/2031,8.27,,False,,False,,2025-09-30,2025-12-31,2,ARCC,48.4
"Integrity Marketing Acquisition, LLC*+",2,GREEN,0,1,1,1,GBDC,GC Advisors,Insurance,48.33,48.588,-0.0053,,,,False,,False,,2025-09-30,2025-12-31,2,GBDC,48.33
"LogRhythm, Inc.",2,GREEN,0,1,1,1,HTGC,Hercules Capital (internal),Sustainable and Renewable Technology,48.282,48.733,-0.0093,,7.5,750.0,False,,False,,2025-09-30,2025-12-31,2,HTGC,48.282
"Calceus Acquisition, Inc. (Cole Haan)",2,GREEN,0,1,1,1,TCPC,Tennenbaum Capital Partners (BlackRock),Specialty Retail,48.2736,47.8106,0.0097,8/15/2028,6.63,,False,,False,,2025-12-31,2025-12-31,1,TCPC,48.2736
"Mario Purchaser, LLC (dba Len the Plumber)",2,GREEN,0,1,1,1,OBDC,Blue Owl Credit Advisors,Household products,48.219,49.131,-0.0186,4/2028,,,False,,False,,2025-09-30,2025-12-31,2,OBDC,48.219
GS SEER Group Borrower LLC and GS SEER Group Holdings LLC,2,GREEN,0,1,1,1,ARCC,Ares Capital Management,,48.1,27.2,0.7684,04/2029,10.42,,False,,False,,2025-09-30,2025-12-31,2,ARCC,48.1
"Nielsen-Kellerman Acquisition Corp. – Term Debt (SOFR+ 8.5 %, 13.5 % Cash, Due 12/2029)",2,GREEN,0,1,1,1,GAIN,Gladstone Management Corporation,,48.082,48.082,0.0,,,,False,,False,,2025-09-30,2025-12-31,2,GAIN,48.082
PerkinElmer U.S. LLC,2,GREEN,0,1,1,1,OBDC,Blue Owl Credit Advisors,Healthcare equipment and services,47.868,47.836,0.0007,3/2029,,,False,,False,,2025-09-30,2025-12-31,2,OBDC,47.868
Fullsteam Holdings LLC,2,GREEN,0,1,1,1,FSK,FS/KKR Advisor,Software & Services,47.6,48.0,-0.0083,,,,False,,False,,2025-09-30,2025-12-31,2,FSK,47.6
"CVP Holdco, Inc. and OMERS Wildcats Investment Holdings LLC",2,GREEN,0,1,1,1,ARCC,Ares Capital Management,,47.5,51.5,-0.0777,06/2031,8.47,,False,,False,,2025-09-30,2025-12-31,2,ARCC,47.5
"North Star Acquisitionco, LLC and Toucan Bidco Limited",2,GREEN,0,1,1,1,ARCC,Ares Capital Management,,47.4,45.8,0.0349,05/2029,8.34,,False,,False,,2025-09-30,2025-12-31,2,ARCC,47.4
"Hyland Software, Inc.*+",2,GREEN,0,1,1,1,GBDC,GC Advisors,,47.294,46.648,0.0138,,,,False,,False,,2025-09-30,2025-12-31,2,GBDC,47.294
"SI Swan UK Bidco, Ltd.",2,GREEN,0,1,1,1,BXSL,Blackstone Credit Advisors,Software (continued),47.264,47.52,-0.0054,12/16/2032,,,False,,False,,2025-12-31,2025-12-31,1,BXSL,47.264
"Saber Power Services, LLC",2,GREEN,0,1,1,1,BXSL,Blackstone Credit Advisors,Construction & Engineering,46.923,46.856,0.0014,10/21/2031,,,False,,False,,2025-12-31,2025-12-31,1,BXSL,46.923
"Altior Healthcare, LLC – Term Debt (S + 6.5 %, 10.6 % Cash, Due 5/2030)",2,GREEN,0,1,1,1,GLAD,Gladstone Management Corporation,,46.92,46.0,0.02,,,,False,,False,,2025-12-31,2025-12-31,1,GLAD,46.92
St Athena Global LLC and St Athena Global Holdings Limited,2,GREEN,0,1,1,1,ARCC,Ares Capital Management,,46.8,47.1,-0.0064,06/2029,9.0,,False,,False,,2025-09-30,2025-12-31,2,ARCC,46.8
Modena Buyer LLC,2,GREEN,0,1,1,1,OCSL,Oaktree Capital Management,Application Software,46.745,46.839,-0.002,7/1/2031,4.37,,False,,False,,2025-09-30,2025-12-31,2,OCSL,46.745
"Altior Healthcare, LLC – Term Debt (S + 6.5 %, 10.2 % Cash, Due 5/2030)",2,GREEN,0,1,1,1,GLAD,Gladstone Management Corporation,,46.724,46.0,0.0157,,,,False,,False,,2025-12-31,2025-12-31,1,GLAD,46.724
BPPH2 Limited,2,GREEN,0,1,1,1,BXSL,Blackstone Credit Advisors,Diversified Consumer Services,46.707,36.604,0.276,3/16/2028,,,False,,False,,2025-12-31,2025-12-31,1,BXSL,46.707
"QF Holdings, Inc.",2,GREEN,0,1,1,1,ARCC,Ares Capital Management,,46.7,46.9,-0.0043,12/2032,8.19,,False,,False,,2025-09-30,2025-12-31,2,ARCC,46.7
"FS Squared Holding Corp. and FS Squared, LLC",2,GREEN,0,1,1,1,ARCC,Ares Capital Management,,46.6,46.6,0.0,12/2030,8.47,,False,,False,,2025-09-30,2025-12-31,2,ARCC,46.6
"Global GRAB Technologies, Inc. –Term Debt (SOFR+ 9.0 %, 13.5 % Cash, Due 7/2030)",2,GREEN,0,1,1,1,GAIN,Gladstone Management Corporation,,46.5,46.5,0.0,,,,False,,False,,2025-09-30,2025-12-31,2,GAIN,46.5
Renaissance Holding Corp.,2,GREEN,0,1,1,1,OCSL,Oaktree Capital Management,Education Services,46.324,50.161,-0.0765,4/5/2030,4.0,,False,,False,,2025-09-30,2025-12-31,2,OCSL,46.324
Essential Services Holding Corporation (dba Turnpoint),2,GREEN,0,1,1,1,OBDC,Blue Owl Credit Advisors,Professional services,46.257,46.428,-0.0037,6/2030,,,False,,False,,2025-09-30,2025-12-31,2,OBDC,46.257
Smartsheet Inc.,2,GREEN,0,1,1,1,HTGC,Hercules Capital (internal),,46.204,45.957,0.0054,,6.5,650.0,False,,False,,2025-09-30,2025-12-31,2,HTGC,46.204
"Profrac Holdings II, LLC",2,GREEN,0,1,1,1,OCSL,Oaktree Capital Management,Industrial Machinery & Supplies & Components,46.024,46.122,-0.0021,1/23/2029,7.25,,False,,False,,2025-09-30,2025-12-31,2,OCSL,46.024
"TPSI Receivables LLC (Tropicana Products Inc), Revolver",2,GREEN,0,1,1,1,FSK,FS/KKR Advisor,"Food, Beverage & Tobacco",46.0,46.0,0.0,,,,False,,False,,2025-12-31,2025-12-31,1,FSK,46.0
"Sumo Logic, Inc.",2,GREEN,0,1,1,1,HTGC,Hercules Capital (internal),Sustainable and Renewable Technology,45.909,45.112,0.0177,,6.5,650.0,False,,False,,2025-09-30,2025-12-31,2,HTGC,45.909
"Castle Management Borrower, LLC",2,GREEN,0,1,1,1,BXSL,Blackstone Credit Advisors,Real Estate Management & Development,45.825,45.243,0.0129,11/3/2029,,,False,,False,,2025-12-31,2025-12-31,1,BXSL,45.825
"Titan Fitness, LLC+",2,GREEN,0,1,1,1,GBDC,GC Advisors,,45.784,46.499,-0.0154,,,,False,,False,,2025-09-30,2025-12-31,2,GBDC,45.784
"MRI Software, LLC*+",2,GREEN,0,1,1,1,GBDC,GC Advisors,Real Estate Management & Development,45.743,45.632,0.0024,,,,False,,False,,2025-09-30,2025-12-31,2,GBDC,45.743
Subtotal: Space Technologies ( 2.30 %)*,2,GREEN,0,1,1,1,HTGC,Hercules Capital (internal),Space Technologies,45.69,45.302,0.0086,,,,False,,False,,2025-09-30,2025-12-31,2,HTGC,45.69
"Disc Medicine, Inc.",2,GREEN,0,1,1,1,HTGC,Hercules Capital (internal),Drug Discovery & Development,45.642,45.022,0.0138,,1.75,175.0,False,,False,,2025-09-30,2025-12-31,2,HTGC,45.642
"Riskonnect Parent, LLC*+",2,GREEN,0,1,1,1,GBDC,GC Advisors,,45.403,45.051,0.0078,,,,False,,False,,2025-09-30,2025-12-31,2,GBDC,45.403
Keystone Agency Partners LLC,2,GREEN,0,1,1,1,FSK,FS/KKR Advisor,Insurance,45.4,45.6,-0.0044,,,,False,,False,,2025-09-30,2025-12-31,2,FSK,45.4
"Bottomline Technologies, Inc.+",2,GREEN,0,1,1,1,GBDC,GC Advisors,Software,45.37,45.582,-0.0047,,,,False,,False,,2025-09-30,2025-12-31,2,GBDC,45.37
"United Digestive MSO Parent, LLC and Koln Co-Invest Unblocked, LP",2,GREEN,0,1,1,1,ARCC,Ares Capital Management,,45.2,38.8,0.1649,03/2029,9.51,,False,,False,,2025-09-30,2025-12-31,2,ARCC,45.2
Bond Brand Loyalty ULC,2,GREEN,0,1,1,1,MAIN,Main Street Capital (internal),,44.826,44.866,-0.0009,5/1/2028,9.87,,False,,False,,2025-09-30,2025-12-31,2,MAIN,44.826
"Ceros, Inc.",2,GREEN,0,1,1,1,HTGC,Hercules Capital (internal),Debt Investments,44.689,45.058,-0.0082,,8.99,899.0,False,,False,,2025-09-30,2025-12-31,2,HTGC,44.689
Spartan Buyer Acquisition Co.*+,2,GREEN,0,1,1,1,GBDC,GC Advisors,,44.577,44.712,-0.003,,,,False,,False,,2025-09-30,2025-12-31,2,GBDC,44.577
BOTA BIDCO GMBH,2,GREEN,0,1,1,1,OCSL,Oaktree Capital Management,Diversified Chemicals,44.326,40.142,0.1042,10/31/2029,4.41,,False,,False,,2025-12-31,2025-12-31,1,OCSL,44.326
A.T. Holdings II Ltd.,2,GREEN,0,1,1,1,OCSL,Oaktree Capital Management,Biotechnology,44.159,46.025,-0.0405,9/13/2029,,,False,,False,,2025-09-30,2025-12-31,2,OCSL,44.159
Saratoga,2,GREEN,0,1,1,1,OCSL,Oaktree Capital Management,Diversified Financial Services,44.107,43.275,0.0192,12/31/2029,5.33,,False,,False,,2025-09-30,2025-12-31,2,OCSL,44.107
"MoneyThumb Acquisition, LLC",2,GREEN,0,1,1,1,MAIN,Main Street Capital (internal),,43.752,44.061,-0.007,8/19/2029,13.63,,False,,False,,2025-09-30,2025-12-31,2,MAIN,43.752
Insight Borrower Corporation,2,GREEN,0,1,1,1,MAIN,Main Street Capital (internal),,43.725,46.399,-0.0576,7/19/2028,10.47,,False,,False,,2025-09-30,2025-12-31,2,MAIN,43.725
"Vet's Choice Radiology LLC – Term Debt (S + 8.0 %, 11.7 % Cash, Due 12/2027)",2,GREEN,0,1,1,1,GLAD,Gladstone Management Corporation,,43.605,42.75,0.02,,,,False,,False,,2025-12-31,2025-12-31,1,GLAD,43.605
"PestCo Holdings, LLC and PestCo, LLC",2,GREEN,0,1,1,1,ARCC,Ares Capital Management,,43.6,41.6,0.0481,08/2030,8.59,,False,,False,,2025-09-30,2025-12-31,2,ARCC,43.6
"KPSKY Acquisition, Inc. (dba BluSky)",2,GREEN,0,1,1,1,OBDC,Blue Owl Credit Advisors,Business services,43.588,44.887,-0.0289,10/2028,,,False,,False,,2025-09-30,2025-12-31,2,OBDC,43.588
"Everbridge, Inc.",2,GREEN,0,1,1,1,OCSL,Oaktree Capital Management,Application Software,43.558,43.378,0.0041,7/2/2031,5.0,,False,,False,,2025-09-30,2025-12-31,2,OCSL,43.558
"Inspire Aesthetics Management, LLC",2,GREEN,0,1,1,1,MAIN,Main Street Capital (internal),,43.148,46.297,-0.068,,14.27,,False,,False,,2025-09-30,2025-12-31,2,MAIN,43.148
"New Relic, Inc.",2,GREEN,0,1,1,1,HTGC,Hercules Capital (internal),Sustainable and Renewable Technology,43.135,42.867,0.0063,,6.75,675.0,False,,False,,2025-09-30,2025-12-31,2,HTGC,43.135
"AP Plastics Acquisition Holdings, LLC",2,GREEN,0,1,1,1,CGBD,Carlyle Investment Management,"Chemicals, Plastics & Rubber",43.119,42.466,0.0154,8/10/2029,,,False,,False,,2025-09-30,2025-12-31,2,CGBD,43.119
"Helios Service Partners, LLC and Astra Service Partners, LLC",2,GREEN,0,1,1,1,ARCC,Ares Capital Management,,43.1,43.5,-0.0092,11/2032,8.34,,False,,False,,2025-09-30,2025-12-31,2,ARCC,43.1
"Vet's Choice Radiology LLC – Term Debt (S + 8.0 %, 12.1 % Cash, Due 12/2027)",2,GREEN,0,1,1,1,GLAD,Gladstone Management Corporation,,43.098,42.75,0.0081,,,,False,,False,,2025-09-30,2025-12-31,2,GLAD,43.098
"QAD, Inc.*+",2,GREEN,0,1,1,1,GBDC,GC Advisors,,43.081,42.707,0.0088,,,,False,,False,,2025-09-30,2025-12-31,2,GBDC,43.081
"Einstein Parent, Inc. (dba Smartsheet)",2,GREEN,0,1,1,1,OBDC,Blue Owl Credit Advisors,,43.061,42.975,0.002,1/2031,,,False,,False,,2025-09-30,2025-12-31,2,OBDC,43.061
"Sparta UK Bidco, Ltd.",2,GREEN,0,1,1,1,BXSL,Blackstone Credit Advisors,Insurance (continued),42.92,32.634,0.3152,9/25/2031,,,False,,False,,2025-12-31,2025-12-31,1,BXSL,42.92
"Staples, Inc.",2,GREEN,0,1,1,1,OCSL,Oaktree Capital Management,Office Services & Supplies,42.914,43.732,-0.0187,9/1/2029,5.75,,False,,False,,2025-09-30,2025-12-31,2,OCSL,42.914
"Apex Companies Holdings, LLC",2,GREEN,0,1,1,1,CGBD,Carlyle Investment Management,Environmental Industries,42.899,42.759,0.0033,1/31/2028,,,False,,False,,2025-09-30,2025-12-31,2,CGBD,42.899
NEFCO Holding Company LLC,2,GREEN,0,1,1,1,CGBD,Carlyle Investment Management,Construction & Building,42.601,40.888,0.0419,8/5/2028,8.0,,False,,False,,2025-09-30,2025-12-31,2,CGBD,42.601
"U.S. Urology Partners, LLC, General Atlantic (USU) Blocker Collection Holdco, L.P., and General Atlantic (USU-2) Coinvest, L.P.",2,GREEN,0,1,1,1,ARCC,Ares Capital Management,,42.4,40.0,0.06,04/2032,8.23,,False,,False,,2025-12-31,2025-12-31,1,ARCC,42.4
"Analytical Systems Keco Holdings, LLC",2,GREEN,0,1,1,1,MAIN,Main Street Capital (internal),,42.232,35.758,0.1811,8/16/2029,13.75,,False,,False,,2025-09-30,2025-12-31,2,MAIN,42.232
"Falcon Parent Holdings, Inc.",2,GREEN,0,1,1,1,BXSL,Blackstone Credit Advisors,Life Sciences Tools & Services,42.215,42.296,-0.0019,11/6/2031,,,False,,False,,2025-12-31,2025-12-31,1,BXSL,42.215
Daxko Acquisition Corporation*+,2,GREEN,0,1,1,1,GBDC,GC Advisors,,42.2,42.236,-0.0009,,,,False,,False,,2025-09-30,2025-12-31,2,GBDC,42.2
"Valeris, Inc. (fka Phantom Purchaser, Inc.)",2,GREEN,0,1,1,1,OBDC,Blue Owl Credit Advisors,,42.131,41.565,0.0136,9/2031,,,False,,False,,2025-09-30,2025-12-31,2,OBDC,42.131
Bristol Hospice L.L.C.,2,GREEN,0,1,1,1,OBDC,Blue Owl Credit Advisors,Healthcare providers and services,41.993,41.791,0.0048,8/2032,,,False,,False,,2025-09-30,2025-12-31,2,OBDC,41.993
"PADI Holdco, Inc.*",2,GREEN,0,1,1,1,GBDC,GC Advisors,,41.82,42.213,-0.0093,,,,False,,False,,2025-09-30,2025-12-31,2,GBDC,41.82
"Enverus Holdings, Inc.",2,GREEN,0,1,1,1,OCSL,Oaktree Capital Management,Application Software,41.693,41.31,0.0093,12/24/2029,5.11,,False,,False,,2025-09-30,2025-12-31,2,OCSL,41.693
"Allvue Systems, LLC",2,GREEN,0,1,1,1,HTGC,Hercules Capital (internal),Debt Investments,41.628,41.704,-0.0018,,6.25,625.0,False,,False,,2025-09-30,2025-12-31,2,HTGC,41.628
Pike Corp,2,GREEN,0,1,1,1,FSK,FS/KKR Advisor,Capital Goods,41.6,41.7,-0.0024,,,,False,,False,,2025-12-31,2025-12-31,1,FSK,41.6
Dos Rios Partners,2,GREEN,0,1,1,1,MAIN,Main Street Capital (internal),,41.462,32.158,0.2893,,,,False,,False,,2025-09-30,2025-12-31,2,MAIN,41.462
Alchemer LLC,2,GREEN,0,1,1,1,HTGC,Hercules Capital (internal),Debt Investments,41.414,40.842,0.014,,8.14,814.0,False,,False,,2025-09-30,2025-12-31,2,HTGC,41.414
"ReliaQuest Holdings, LLC+",2,GREEN,0,1,1,1,GBDC,GC Advisors,,41.19,41.368,-0.0043,,,,False,,False,,2025-09-30,2025-12-31,2,GBDC,41.19
Merative L.P.,2,GREEN,0,1,1,1,CGBD,Carlyle Investment Management,Healthcare & Pharmaceuticals,41.176,40.933,0.0059,9/30/2032,,,False,,False,,2025-09-30,2025-12-31,2,CGBD,41.176
"Banker's Toolbox, Inc.*+",2,GREEN,0,1,1,1,GBDC,GC Advisors,Diversified Financial Services,41.003,41.161,-0.0038,,,,False,,False,,2025-09-30,2025-12-31,2,GBDC,41.003
"DM Intermediate Parent, LLC",2,GREEN,0,1,1,1,BXSL,Blackstone Credit Advisors,Financial Services,40.927,40.64,0.0071,9/30/2030,,,False,,False,,2025-12-31,2025-12-31,1,BXSL,40.927
Service Logic LLC,2,GREEN,0,1,1,1,FSK,FS/KKR Advisor,Commercial & Professional Services,40.8,40.9,-0.0024,,,,False,,False,,2025-12-31,2025-12-31,1,FSK,40.8
"CoreWeave Compute Acquisition Co. IV, LLC",2,GREEN,0,1,1,1,CGBD,Carlyle Investment Management,High Tech Industries,40.683,40.994,-0.0076,5/22/2029,,,False,,False,,2025-09-30,2025-12-31,2,CGBD,40.683
JN Bidco LLC,2,GREEN,0,1,1,1,OCSL,Oaktree Capital Management,Health Care Technology,40.583,18.358,1.2106,,,,False,,False,,2025-09-30,2025-12-31,2,OCSL,40.583
SumUp Holdings Luxembourg,2,GREEN,0,1,1,1,OCSL,Oaktree Capital Management,Diversified Financial Services,40.524,37.692,0.0751,4/25/2031,6.25,,False,,False,,2025-09-30,2025-12-31,2,OCSL,40.524
"Flash Topco, Inc.+",2,GREEN,0,1,1,1,GBDC,GC Advisors,,40.339,40.824,-0.0119,,,,False,,False,,2025-09-30,2025-12-31,2,GBDC,40.339
"Protein For Pets Opco, LLC",2,GREEN,0,1,1,1,OCSL,Oaktree Capital Management,Packaged Foods & Meats,40.188,40.425,-0.0059,9/20/2030,5.25,,False,,False,,2025-09-30,2025-12-31,2,OCSL,40.188
"Indikami Bidco, LLC (dba IntegriChain)",2,GREEN,0,1,1,1,OBDC,Blue Owl Credit Advisors,Healthcare technology,40.049,39.835,0.0054,6/2030,,,False,,False,,2025-09-30,2025-12-31,2,OBDC,40.049
"Fortis Solutions Group, LLC",2,GREEN,0,1,1,1,OBDC,Blue Owl Credit Advisors,Containers and packaging,40.002,39.887,0.0029,10/2027,,,False,,False,,2025-09-30,2025-12-31,2,OBDC,40.002
McAfee Corp.,2,GREEN,0,1,1,1,OCSL,Oaktree Capital Management,Systems Software,39.913,41.092,-0.0287,3/1/2029,3.0,,False,,False,,2025-09-30,2025-12-31,2,OCSL,39.913
Sentinel Buyer Corp. (dba SimpliSafe),2,GREEN,0,1,1,1,OBDC,Blue Owl Credit Advisors,Household products,39.909,39.916,-0.0002,11/2032,,,False,,False,,2025-12-31,2025-12-31,1,OBDC,39.909
"Home Service TopCo IV, Inc.",2,GREEN,0,1,1,1,BXSL,Blackstone Credit Advisors,Construction & Engineering,39.8,39.317,0.0123,12/31/2027,,,False,,False,,2025-12-31,2025-12-31,1,BXSL,39.8
"CCM Midco, LLC (f/k/a Cresset Capital Management, LLC)",2,GREEN,0,1,1,1,OBDC,Blue Owl Credit Advisors,Financial services,39.66,39.104,0.0142,6/2030,,,False,,False,,2025-09-30,2025-12-31,2,OBDC,39.66
Poseidon Midco AB,2,GREEN,0,1,1,1,OCSL,Oaktree Capital Management,Pharmaceuticals,39.517,37.33,0.0586,9/17/2031,5.29,,False,,False,,2025-09-30,2025-12-31,2,OCSL,39.517
"Equity Methods, LLC+",2,GREEN,0,1,1,1,GBDC,GC Advisors,Diversified Financial Services,39.402,39.658,-0.0065,,,,False,,False,,2025-09-30,2025-12-31,2,GBDC,39.402
"Independent Pet Partners Intermediate Holdings, LLC",2,GREEN,0,1,1,1,MAIN,Main Street Capital (internal),,39.39,36.6,0.0762,,,,False,,False,,2025-09-30,2025-12-31,2,MAIN,39.39
"Channelside AcquisitionCo, Inc.",2,GREEN,0,1,1,1,BXSL,Blackstone Credit Advisors,Ground Transportation,39.294,39.229,0.0017,3/31/2028,,,False,,False,,2025-12-31,2025-12-31,1,BXSL,39.294
"Modern Life, Inc.",2,GREEN,0,1,1,1,HTGC,Hercules Capital (internal),Electronics & Computer Hardware,38.86,39.019,-0.0041,,2.75,275.0,False,,False,,2025-09-30,2025-12-31,2,HTGC,38.86
Royal Holdco Corporation+,2,GREEN,0,1,1,1,GBDC,GC Advisors,Construction & Engineering,38.819,39.106,-0.0073,,,,False,,False,,2025-09-30,2025-12-31,2,GBDC,38.819
"Lightbox Intermediate, L.P.",2,GREEN,0,1,1,1,OCSL,Oaktree Capital Management,Real Estate Services,38.654,38.548,0.0027,1/13/2030,5.25,,False,,False,,2025-09-30,2025-12-31,2,OCSL,38.654
"NAPCO Precast, LLC",2,GREEN,0,1,1,1,MAIN,Main Street Capital (internal),,38.578,11.265,2.4246,,,,False,,False,,2025-09-30,2025-12-31,2,MAIN,38.578
"Sunvair Aerospace Group, Inc. and GB Helios Holdings, L.P.",2,GREEN,0,1,1,1,ARCC,Ares Capital Management,,38.4,40.4,-0.0495,05/2031,8.67,,False,,False,,2025-09-30,2025-12-31,2,ARCC,38.4
Sphera Solutions Inc,2,GREEN,0,1,1,1,FSK,FS/KKR Advisor,Software & Services,38.3,38.3,0.0,,,,False,,False,,2025-09-30,2025-12-31,2,FSK,38.3
"Dema/Mai Holdings, Inc. – Term Debt (SOFR+ 11.0 %, 14.7 % Cash, Due 7/2027)",2,GREEN,0,1,1,1,GAIN,Gladstone Management Corporation,,38.25,38.25,0.0,,,,False,,False,,2025-12-31,2025-12-31,1,GAIN,38.25
"MSC Income Fund, Inc.",2,GREEN,0,1,1,1,MAIN,Main Street Capital (internal),,38.222,42.082,-0.0917,,,,False,,False,,2025-09-30,2025-12-31,2,MAIN,38.222
Streamline Healthcare Solutions,2,GREEN,0,1,1,1,HTGC,Hercules Capital (internal),,38.131,37.727,0.0107,,7.28,727.7,False,,False,,2025-09-30,2025-12-31,2,HTGC,38.131
WRE Holding Corp.*,2,GREEN,0,1,1,1,GBDC,GC Advisors,,38.112,38.402,-0.0076,,,,False,,False,,2025-09-30,2025-12-31,2,GBDC,38.112
"Old World Christmas, Inc. – Term Debt (SOFR+ 9.5 %, 13.2 % Cash, Due 12/2028)",2,GREEN,0,1,1,1,GAIN,Gladstone Management Corporation,,38.0,38.0,0.0,,,,False,,False,,2025-12-31,2025-12-31,1,GAIN,38.0
"TPG IX Cardiff Debt HoldCo I, LLC, TPG IX Cardiff Debt Holdco II, LLC, TPG IX Cardiff CI I, L.P., and TPG IX Cardiff CI II, L.P.",2,GREEN,0,1,1,1,ARCC,Ares Capital Management,,38.0,35.6,0.0674,01/2033,9.96,,False,,False,,2025-09-30,2025-12-31,2,ARCC,38.0
"Display Holding Company, Inc., Saldon Holdings, Inc. and Fastsigns Holdings Inc.",2,GREEN,0,1,1,1,ARCC,Ares Capital Management,,37.9,39.8,-0.0477,03/2028,9.07,,False,,False,,2025-09-30,2025-12-31,2,ARCC,37.9
CMI Parent Inc.*+,2,GREEN,0,1,1,1,GBDC,GC Advisors,,37.894,37.867,0.0007,,,,False,,False,,2025-09-30,2025-12-31,2,GBDC,37.894
"MS Private Loan Fund II, LP",2,GREEN,0,1,1,1,MAIN,Main Street Capital (internal),,37.671,35.755,0.0536,3/5/2029,,,False,,False,,2025-09-30,2025-12-31,2,MAIN,37.671
"World 50, Inc.",2,GREEN,0,1,1,1,CGBD,Carlyle Investment Management,Business Services,37.601,37.145,0.0123,3/22/2030,,,False,,False,,2025-09-30,2025-12-31,2,CGBD,37.601
"MP Midco Holdings, LLC and MP Topco Holdings, LLC",2,GREEN,0,1,1,1,ARCC,Ares Capital Management,,37.4,27.4,0.365,03/2030,10.34,,False,,False,,2025-09-30,2025-12-31,2,ARCC,37.4
"J.S. Held Holdings, LLC*+",2,GREEN,0,1,1,1,GBDC,GC Advisors,Insurance,37.297,37.74,-0.0117,,,,False,,False,,2025-09-30,2025-12-31,2,GBDC,37.297
"COP Home Services TopCo IV, Inc.",2,GREEN,0,1,1,1,BXSL,Blackstone Credit Advisors,Construction & Engineering,37.292,36.556,0.0201,12/31/2027,,,False,,False,,2025-12-31,2025-12-31,1,BXSL,37.292
"Signant Finance One, Ltd.",2,GREEN,0,1,1,1,BXSL,Blackstone Credit Advisors,Health Care Technology (continued),37.225,37.241,-0.0004,10/16/2031,,,False,,False,,2025-12-31,2025-12-31,1,BXSL,37.225
"Rug Doctor, LLC.",2,GREEN,0,1,1,1,MAIN,Main Street Capital (internal),,37.189,37.189,0.0,5/16/2028,11.04,,False,,False,,2025-09-30,2025-12-31,2,MAIN,37.189
"Leviathan Intermediate Holdco, LLC and Leviathan Holdings, L.P.",2,GREEN,0,1,1,1,ARCC,Ares Capital Management,,37.0,31.4,0.1783,12/2027,9.67,,False,,False,,2025-09-30,2025-12-31,2,ARCC,37.0
Paradigmatic Holdco LLC (dba Pluralsight),2,GREEN,0,1,1,1,OBDC,Blue Owl Credit Advisors,Education,36.891,36.891,0.0,,,,False,,False,,2025-09-30,2025-12-31,2,OBDC,36.891
LBC Woodlands Purchaser LLC and LBC Woodlands Holdings LP,2,GREEN,0,1,1,1,ARCC,Ares Capital Management,,36.7,20.1,0.8259,07/2030,8.84,,False,,False,,2025-09-30,2025-12-31,2,ARCC,36.7
Sport Maska Inc.,2,GREEN,0,1,1,1,ARCC,Ares Capital Management,,36.6,37.2,-0.0161,12/2030,7.84,,False,,False,,2025-09-30,2025-12-31,2,ARCC,36.6
Aras Corporation,2,GREEN,0,1,1,1,TCPC,Tennenbaum Capital Partners (BlackRock),Software,36.5302,35.8824,0.0181,4/13/2029,5.25,,False,,False,,2025-12-31,2025-12-31,1,TCPC,36.5302
Vitu,2,GREEN,0,1,1,1,FSK,FS/KKR Advisor,Software & Services,36.4,36.5,-0.0027,,,,False,,False,,2025-09-30,2025-12-31,2,FSK,36.4
PrimeFlight Aviation Services,2,GREEN,0,1,1,1,MAIN,Main Street Capital (internal),,36.393,36.413,-0.0005,5/1/2029,9.63,,False,,False,,2025-09-30,2025-12-31,2,MAIN,36.393
"Alcami Corporation and ACM Note Holdings, LLC",2,GREEN,0,1,1,1,ARCC,Ares Capital Management,Investment Funds and Vehicles,36.3,36.3,0.0,,,,False,,False,,2025-09-30,2025-12-31,2,ARCC,36.3
Xylem Kendall,2,GREEN,0,1,1,1,FSK,FS/KKR Advisor,Commercial & Professional Services,36.3,36.3,0.0,,,,False,,False,,2025-09-30,2025-12-31,2,FSK,36.3
Diamond Mezzanine 24 LLC (dba United Risk),2,GREEN,0,1,1,1,OBDC,Blue Owl Credit Advisors,Insurance,36.265,36.031,0.0065,10/2030,,,False,,False,,2025-09-30,2025-12-31,2,OBDC,36.265
"Evergreen IX Borrower 2023, LLC",2,GREEN,0,1,1,1,OCSL,Oaktree Capital Management,Application Software,36.169,35.661,0.0142,9/29/2029,4.75,,False,,False,,2025-09-30,2025-12-31,2,OCSL,36.169
"Chainalysis, Inc.",2,GREEN,0,1,1,1,HTGC,Hercules Capital (internal),Debt Investments,36.143,35.954,0.0053,,2.95,295.0,False,,False,,2025-09-30,2025-12-31,2,HTGC,36.143
Baduhenna Bidco Limited+,2,GREEN,0,1,1,1,GBDC,GC Advisors,Healthcare Equipment & Supplies,36.11,36.5,-0.0107,,,,False,,False,,2025-09-30,2025-12-31,2,GBDC,36.11
Ten-X LLC,2,GREEN,0,1,1,1,OCSL,Oaktree Capital Management,Interactive Media & Services,36.038,38.373,-0.0609,5/26/2028,6.0,,False,,False,,2025-09-30,2025-12-31,2,OCSL,36.038
"Jones Fish Hatcheries & Distributors, LLC and Pond Management Group Holdings, LLC",2,GREEN,0,1,1,1,ARCC,Ares Capital Management,,36.0,15.6,1.3077,11/2032,8.13,,False,,False,,2025-12-31,2025-12-31,1,ARCC,36.0
Route 66 Development,2,GREEN,0,1,1,1,PNNT,PennantPark Investment Advisers,Gaming,35.82,35.314,0.0143,01/24/2031,,,False,,False,,2025-09-30,2025-12-31,2,PNNT,35.82
Connect Holding II LLC,2,GREEN,0,1,1,1,OCSL,Oaktree Capital Management,Alternative Carriers,35.717,37.858,-0.0566,4/3/2031,4.25,,False,,False,,2025-12-31,2025-12-31,1,OCSL,35.717
MYOB Invest Co Pty Ltd+,2,GREEN,0,1,1,1,GBDC,GC Advisors,,35.684,36.988,-0.0353,,,,False,,False,,2025-09-30,2025-12-31,2,GBDC,35.684
"Star Parent, Inc.",2,GREEN,0,1,1,1,OCSL,Oaktree Capital Management,Life Sciences Tools & Services,35.665,34.886,0.0223,9/27/2030,4.0,,False,,False,,2025-09-30,2025-12-31,2,OCSL,35.665
"Smart Chemical Solutions, LLC – Term Debt (SOFR+ 9.0 %, 13.5 % Cash, Due 5/2030)",2,GREEN,0,1,1,1,GAIN,Gladstone Management Corporation,,35.66,35.66,0.0,,,,False,,False,,2025-09-30,2025-12-31,2,GAIN,35.66
MoonLake Immunotherapeutics,2,GREEN,0,1,1,1,HTGC,Hercules Capital (internal),Drug Discovery & Development,35.505,35.481,0.0007,,1.45,145.0,False,,False,,2025-09-30,2025-12-31,2,HTGC,35.505
"Apex Companies, LLC",2,GREEN,0,1,1,1,BXSL,Blackstone Credit Advisors,Professional Services,35.457,35.131,0.0093,1/31/2028,,,False,,False,,2025-12-31,2025-12-31,1,BXSL,35.457
JHCC Holdings LLC*,2,GREEN,0,1,1,1,GBDC,GC Advisors,,35.307,35.371,-0.0018,,,,False,,False,,2025-09-30,2025-12-31,2,GBDC,35.307
Delinea Inc.*+,2,GREEN,0,1,1,1,GBDC,GC Advisors,,35.279,35.272,0.0002,,,,False,,False,,2025-09-30,2025-12-31,2,GBDC,35.279
"Giving Home Health Care, LLC – Term Debt (S + 6.3 %, 10.4 % Cash, Due 4/2029)",2,GREEN,0,1,1,1,GLAD,Gladstone Management Corporation,,35.252,34.859,0.0113,,,,False,,False,,2025-12-31,2025-12-31,1,GLAD,35.252
"JS Parent, Inc.",2,GREEN,0,1,1,1,BXSL,Blackstone Credit Advisors,Software (continued),35.203,35.074,0.0037,4/24/2031,,,False,,False,,2025-12-31,2025-12-31,1,BXSL,35.203
"ISQ Hawkeye Holdco, Inc. and ISQ Hawkeye Holdings, L.P.",2,GREEN,0,1,1,1,ARCC,Ares Capital Management,,35.2,37.2,-0.0538,08/2030,8.43,,False,,False,,2025-09-30,2025-12-31,2,ARCC,35.2
"Project Nike Purchaser, LLC+",2,GREEN,0,1,1,1,GBDC,GC Advisors,Marine,35.031,34.917,0.0033,,,,False,,False,,2025-09-30,2025-12-31,2,GBDC,35.031
6.125 %,2,GREEN,0,1,1,1,FSK,FS/KKR Advisor,,35.0,35.0,0.0,1/15/2030,,,False,,False,,2025-09-30,2025-12-31,2,FSK,35.0
"Learfield Communications, LLC",2,GREEN,0,1,1,1,OCSL,Oaktree Capital Management,Movies & Entertainment,34.765,34.394,0.0108,6/30/2028,4.58,,False,,False,,2025-09-30,2025-12-31,2,OCSL,34.765
"Eternal Buyer, LLC (dba Wedgewood Weddings)",2,GREEN,0,1,1,1,OBDC,Blue Owl Credit Advisors,Leisure and entertainment,34.738,34.748,-0.0003,6/2032,,,False,,False,,2025-09-30,2025-12-31,2,OBDC,34.738
"Arctic US Bidco, Inc. (dba ThermoSafe)",2,GREEN,0,1,1,1,OBDC,Blue Owl Credit Advisors,Healthcare equipment and services,34.549,34.552,-0.0001,11/2032,,,False,,False,,2025-12-31,2025-12-31,1,OBDC,34.549
"Viridian Therapeutics, Inc.",2,GREEN,0,1,1,1,HTGC,Hercules Capital (internal),Drug Discovery & Development,34.513,33.397,0.0334,,2.16,216.3,False,,False,,2025-09-30,2025-12-31,2,HTGC,34.513
Engineering Research and Consulting LLC,2,GREEN,0,1,1,1,OCSL,Oaktree Capital Management,Construction & Engineering,34.461,36.328,-0.0514,8/29/2031,5.0,,False,,False,,2025-09-30,2025-12-31,2,OCSL,34.461
"TBRS, Inc.",2,GREEN,0,1,1,1,OCSL,Oaktree Capital Management,Health Care Supplies,34.389,34.462,-0.0021,11/22/2030,4.75,,False,,False,,2025-12-31,2025-12-31,1,OCSL,34.389
"Ideal Topco, L.P.",2,GREEN,0,1,1,1,OBDC,Blue Owl Credit Advisors,Specialty retail,34.044,34.805,-0.0219,,,,False,,False,,2025-09-30,2025-12-31,2,OBDC,34.044
"Capstone Logistics Acquisition, Inc.",2,GREEN,0,1,1,1,PSEC,Prospect Capital Management,Commercial Services & Supplies,34.0,33.504,0.0148,11/12/2030,12.62,850.0,False,,False,,2025-09-30,2025-12-31,2,PSEC,34.0
CIELO BIDCO LIMITED,2,GREEN,0,1,1,1,OCSL,Oaktree Capital Management,Building Products,33.955,26.056,0.3032,3/31/2032,4.75,,False,,False,,2025-12-31,2025-12-31,1,OCSL,33.955
"PathAI, Inc.",2,GREEN,0,1,1,1,HTGC,Hercules Capital (internal),Biotechnology Tools,33.951,33.722,0.0068,,2.15,215.0,False,,False,,2025-09-30,2025-12-31,2,HTGC,33.951
"Imagine 360, LLC",2,GREEN,0,1,1,1,BXSL,Blackstone Credit Advisors,Health Care Providers & Services (continued),33.913,33.818,0.0028,9/30/2028,,,False,,False,,2025-12-31,2025-12-31,1,BXSL,33.913
"Giving Home Health Care, LLC – Term Debt (S + 6.3 %, 9.9 % Cash, Due 4/2029)",2,GREEN,0,1,1,1,GLAD,Gladstone Management Corporation,,33.843,33.821,0.0007,,,,False,,False,,2025-12-31,2025-12-31,1,GLAD,33.843
NBG Acquisition Corp. and NBG-P Acquisition Corp.*+,2,GREEN,0,1,1,1,GBDC,GC Advisors,,33.828,34.195,-0.0107,,,,False,,False,,2025-09-30,2025-12-31,2,GBDC,33.828
"PF Atlantic Holdco 2, LLC",2,GREEN,0,1,1,1,CGBD,Carlyle Investment Management,Leisure Products & Services,33.821,33.593,0.0068,11/12/2027,,,False,,False,,2025-09-30,2025-12-31,2,CGBD,33.821
Subtotal: Biotechnology Tools ( 1.70 %)*,2,GREEN,0,1,1,1,HTGC,Hercules Capital (internal),Biotechnology Tools,33.788,0.0,,,,,False,,False,,2025-09-30,2025-12-31,2,HTGC,33.788
"The E3 Company, LLC – Term Debt (SOFR+ 9.0 %, 13.5 % Cash, Due 9/2028)",2,GREEN,0,1,1,1,GAIN,Gladstone Management Corporation,,33.75,33.75,0.0,,,,False,,False,,2025-09-30,2025-12-31,2,GAIN,33.75
Harbor Purchaser Inc.,2,GREEN,0,1,1,1,OCSL,Oaktree Capital Management,Education Services,33.66,36.917,-0.0882,4/9/2029,5.25,,False,,False,,2025-09-30,2025-12-31,2,OCSL,33.66
"Project Nike Purchaser, LLC*+",2,GREEN,0,1,1,1,GBDC,GC Advisors,Marine,33.562,33.436,0.0038,,,,False,,False,,2025-09-30,2025-12-31,2,GBDC,33.562
"Premium Parent, LLC",2,GREEN,0,1,1,1,OCSL,Oaktree Capital Management,Health Care Technology,33.375,33.375,0.0,9/21/2032,6.5,,False,,False,,2025-12-31,2025-12-31,1,OCSL,33.375
JHCC Holdings LLC+,2,GREEN,0,1,1,1,GBDC,GC Advisors,,33.36,33.28,0.0024,,,,False,,False,,2025-09-30,2025-12-31,2,GBDC,33.36
"PHC Buyer, LLC (Patriot Home Care)",2,GREEN,0,1,1,1,TCPC,Tennenbaum Capital Partners (BlackRock),Healthcare Providers and Services,33.2751,33.3081,-0.001,5/4/2028,6.0,,False,,False,,2025-12-31,2025-12-31,1,TCPC,33.2751
"OSP Hamilton Purchaser, LLC+",2,GREEN,0,1,1,1,GBDC,GC Advisors,Banks,33.274,33.37,-0.0029,,,,False,,False,,2025-09-30,2025-12-31,2,GBDC,33.274
X Holdings Corp.,2,GREEN,0,1,1,1,OCSL,Oaktree Capital Management,Interactive Media & Services,33.246,33.118,0.0039,10/26/2029,6.5,,False,,False,,2025-09-30,2025-12-31,2,OCSL,33.246
"Hockey Parent Holdings, L.P.",2,GREEN,0,1,1,1,OBDC,Blue Owl Credit Advisors,Insurance,33.218,28.235,0.1765,,,,False,,False,,2025-09-30,2025-12-31,2,OBDC,33.218
GTCR F Buyer Corp. and GTCR Investors LP,2,GREEN,0,1,1,1,ARCC,Ares Capital Management,,33.0,22.2,0.4865,09/2030,8.67,,False,,False,,2025-09-30,2025-12-31,2,ARCC,33.0
Consilio Midco Limited+,2,GREEN,0,1,1,1,GBDC,GC Advisors,Specialty Retail,32.975,33.614,-0.019,,,,False,,False,,2025-09-30,2025-12-31,2,GBDC,32.975
Trackunit ApS,2,GREEN,0,1,1,1,FSK,FS/KKR Advisor,Software & Services,32.9,33.2,-0.009,,,,False,,False,,2025-09-30,2025-12-31,2,FSK,32.9
"LDS Buyer, LLC",2,GREEN,0,1,1,1,OCSL,Oaktree Capital Management,Air Freight & Logistics,32.772,32.689,0.0025,2/9/2032,5.0,,False,,False,,2025-12-31,2025-12-31,1,OCSL,32.772
"The North Highland Co, LLC",2,GREEN,0,1,1,1,BXSL,Blackstone Credit Advisors,Professional Services (continued),32.706,32.896,-0.0058,12/20/2030,,,False,,False,,2025-12-31,2025-12-31,1,BXSL,32.706
"Vista Higher Learning, LLC",2,GREEN,0,1,1,1,ARCC,Ares Capital Management,,32.6,33.0,-0.0121,09/2031,8.46,,False,,False,,2025-09-30,2025-12-31,2,ARCC,32.6
"Turn Key Health Clinics, LLC – Term Debt (S + 6.8 %, 10.4 % Cash, Due 11/2030)",2,GREEN,0,1,1,1,GLAD,Gladstone Management Corporation,,32.5,32.5,0.0,,,,False,,False,,2025-12-31,2025-12-31,1,GLAD,32.5
"Pinnacle Treatment Centers, Inc.*",2,GREEN,0,1,1,1,GBDC,GC Advisors,,32.394,32.552,-0.0049,,,,False,,False,,2025-09-30,2025-12-31,2,GBDC,32.394
"Crumbl Enterprises, LLC*+",2,GREEN,0,1,1,1,GBDC,GC Advisors,,32.1,32.245,-0.0045,,,,False,,False,,2025-12-31,2025-12-31,1,GBDC,32.1
"Zimperium, Inc.",2,GREEN,0,1,1,1,HTGC,Hercules Capital (internal),Sustainable and Renewable Technology,32.063,32.256,-0.006,,8.31,831.0,False,,False,,2025-09-30,2025-12-31,2,HTGC,32.063
"OCI, LLC – Term Debt (S + 7.5 %, 11.6 % Cash, Due 5/2028)",2,GREEN,0,1,1,1,GLAD,Gladstone Management Corporation,,32.0,32.0,0.0,,,,False,,False,,2025-12-31,2025-12-31,1,GLAD,32.0
PXO Holdings I Corp.,2,GREEN,0,1,1,1,CGBD,Carlyle Investment Management,"Chemicals, Plastics & Rubber",31.938,32.053,-0.0036,3/8/2028,,,False,,False,,2025-09-30,2025-12-31,2,CGBD,31.938
"AP Adhesives Holdings, LLC",2,GREEN,0,1,1,1,ARCC,Ares Capital Management,Materials,31.9,32.2,-0.0093,04/2032,8.66,,False,,False,,2025-09-30,2025-12-31,2,ARCC,31.9
"UKG Inc. and H&F Unite Partners, L.P.",2,GREEN,0,1,1,1,ARCC,Ares Capital Management,,31.9,0.0,,,,,False,,False,,2025-09-30,2025-12-31,2,ARCC,31.9
"Charger Debt Merger Sub, LLC",2,GREEN,0,1,1,1,BXSL,Blackstone Credit Advisors,Diversified Consumer Services,31.837,31.645,0.0061,5/31/2031,,,False,,False,,2025-12-31,2025-12-31,1,BXSL,31.837
"Orchestra BioMed Holdings, Inc.",2,GREEN,0,1,1,1,HTGC,Hercules Capital (internal),Medical Devices & Equipment,31.782,31.172,0.0196,,2.0,200.0,False,,False,,2025-09-30,2025-12-31,2,HTGC,31.782
"Accuity Delivery Systems, LLC",2,GREEN,0,1,1,1,BXSL,Blackstone Credit Advisors,Health Care Technology,31.778,31.695,0.0026,5/29/2031,,,False,,False,,2025-12-31,2025-12-31,1,BXSL,31.778
"Surewerx Purchaser III, Inc. & Jet Equipment & Tools Ltd.*+",2,GREEN,0,1,1,1,GBDC,GC Advisors,,31.776,31.99,-0.0067,,,,False,,False,,2025-09-30,2025-12-31,2,GBDC,31.776
Pyramid Healthcare Acquisition Corp.*+,2,GREEN,0,1,1,1,GBDC,GC Advisors,,31.749,31.734,0.0005,,,,False,,False,,2025-09-30,2025-12-31,2,GBDC,31.749
"Thermogenics, Inc.+",2,GREEN,0,1,1,1,GBDC,GC Advisors,Machinery,31.735,31.897,-0.0051,,,,False,,False,,2025-09-30,2025-12-31,2,GBDC,31.735
"CPI Buyer, LLC",2,GREEN,0,1,1,1,BXSL,Blackstone Credit Advisors,Health Care Equipment & Supplies,31.71,31.981,-0.0085,11/1/2028,,,False,,False,,2025-12-31,2025-12-31,1,BXSL,31.71
"Metatiedot Bidco OY and Metatiedot US, LLC",2,GREEN,0,1,1,1,ARCC,Ares Capital Management,,31.6,30.0,0.0533,11/2030,7.64,,False,,False,,2025-09-30,2025-12-31,2,ARCC,31.6
Telestream 2 LLC,2,GREEN,0,1,1,1,OCSL,Oaktree Capital Management,Application Software,31.455,31.537,-0.0026,6/7/2028,6.25,,False,,False,,2025-09-30,2025-12-31,2,OCSL,31.455
"Commander Buyer, Inc.",2,GREEN,0,1,1,1,BXSL,Blackstone Credit Advisors,Health Care Providers & Services (continued),31.454,31.3,0.0049,6/26/2032,,,False,,False,,2025-12-31,2025-12-31,1,BXSL,31.454
"ACP Ulysses Buyer, Inc.*+",2,GREEN,0,1,1,1,GBDC,GC Advisors,Pharmaceuticals,31.318,31.447,-0.0041,,,,False,,False,,2025-09-30,2025-12-31,2,GBDC,31.318
"Coupa Holdings, LLC+",2,GREEN,0,1,1,1,GBDC,GC Advisors,,31.309,31.558,-0.0079,,,,False,,False,,2025-09-30,2025-12-31,2,GBDC,31.309
"Paisley Bidco, Ltd.",2,GREEN,0,1,1,1,BXSL,Blackstone Credit Advisors,Insurance (continued),31.254,27.451,0.1385,4/18/2031,,,False,,False,,2025-12-31,2025-12-31,1,BXSL,31.254
"TSWT Acquisition, Inc. and TSWT Holdings, LLC",2,GREEN,0,1,1,1,ARCC,Ares Capital Management,,31.2,17.3,0.8035,11/2031,8.73,,False,,False,,2025-12-31,2025-12-31,1,ARCC,31.2
M2S Group Intermediate Holdings Inc,2,GREEN,0,1,1,1,OCSL,Oaktree Capital Management,Paper & Plastic Packaging Products & Materials,31.171,30.611,0.0183,8/25/2031,4.75,,False,,False,,2025-09-30,2025-12-31,2,OCSL,31.171
"Metatiedot Bidco Oy & Metatiedot US, LLC+",2,GREEN,0,1,1,1,GBDC,GC Advisors,,31.166,33.338,-0.0652,,,,False,,False,,2025-09-30,2025-12-31,2,GBDC,31.166
"Electro Switch Business Trust, LLC",2,GREEN,0,1,1,1,BXSL,Blackstone Credit Advisors,Electrical Equipment,31.143,31.235,-0.0029,9/2/2032,,,False,,False,,2025-12-31,2025-12-31,1,BXSL,31.143
Eagle Railcar Services Roscoe Inc,2,GREEN,0,1,1,1,FSK,FS/KKR Advisor,Transportation,31.1,31.2,-0.0032,,,,False,,False,,2025-09-30,2025-12-31,2,FSK,31.1
Bynder Bidco B.V. (Netherlands),2,GREEN,0,1,1,1,TCPC,Tennenbaum Capital Partners (BlackRock),Internet Software and Services,31.0986,30.2333,0.0286,1/26/2029,6.0,,False,,False,,2025-09-30,2025-12-31,2,TCPC,31.0986
"Bobtail AcquisitionCo, LLC",2,GREEN,0,1,1,1,ARCC,Ares Capital Management,Commercial and Professional Services,30.7,31.7,-0.0315,09/2031,8.54,,False,,False,,2025-09-30,2025-12-31,2,ARCC,30.7
Provi,2,GREEN,0,1,1,1,HTGC,Hercules Capital (internal),Consumer & Business Services,30.654,30.819,-0.0054,,4.4,440.0,False,,False,,2025-09-30,2025-12-31,2,HTGC,30.654
"Celerion Buyer, Inc.*+",2,GREEN,0,1,1,1,GBDC,GC Advisors,Life Sciences Tools & Services,30.534,30.784,-0.0081,,,,False,,False,,2025-09-30,2025-12-31,2,GBDC,30.534
"Vendavo, Inc.+",2,GREEN,0,1,1,1,GBDC,GC Advisors,,30.485,30.943,-0.0148,,,,False,,False,,2025-09-30,2025-12-31,2,GBDC,30.485
Advanced Web Technologies Holding Company,2,GREEN,0,1,1,1,CGBD,Carlyle Investment Management,"Containers, Packaging & Glass",30.482,30.444,0.0012,12/17/2027,,,False,,False,,2025-09-30,2025-12-31,2,CGBD,30.482
Rainforest Bidco Limited+,2,GREEN,0,1,1,1,GBDC,GC Advisors,,30.437,32.682,-0.0687,,,,False,,False,,2025-09-30,2025-12-31,2,GBDC,30.437
"OakBridge Insurance Agency LLC and Maple Acquisition Holdings, LP",2,GREEN,0,1,1,1,ARCC,Ares Capital Management,,30.4,29.8,0.0201,11/2029,8.5,,False,,False,,2025-09-30,2025-12-31,2,ARCC,30.4
"Aldeyra Therapeutics, Inc.",2,GREEN,0,1,1,1,HTGC,Hercules Capital (internal),Drug Discovery & Development,30.399,30.292,0.0035,,3.1,310.0,False,,False,,2025-09-30,2025-12-31,2,HTGC,30.399
"ALS Education, LLC – Term Debt (S + 6.0 %, 10.1 % Cash, Due 12/2028)",2,GREEN,0,1,1,1,GLAD,Gladstone Management Corporation,,30.36,30.31,0.0016,,,,False,,False,,2025-12-31,2025-12-31,1,GLAD,30.36
INK BC Bidco S.p.A.,2,GREEN,0,1,1,1,BXSL,Blackstone Credit Advisors,Software (continued),30.268,26.649,0.1358,7/16/2032,,,False,,False,,2025-12-31,2025-12-31,1,BXSL,30.268
"Educators Resource, Inc. – Term Debt (SOFR+ 10.5 %, 14.2 % Cash, Due 2/2030)",2,GREEN,0,1,1,1,GAIN,Gladstone Management Corporation,,30.0,30.0,0.0,,,,False,,False,,2025-12-31,2025-12-31,1,GAIN,30.0
"Foodservices Brand Group, LLC – Term Debt (S + 6.5 %, 10.6 % Cash, Due 8/2029)",2,GREEN,0,1,1,1,GLAD,Gladstone Management Corporation,,30.0,30.0,0.0,,,,False,,False,,2025-09-30,2025-12-31,2,GLAD,30.0
"Foodservices Brand Group, LLC – Term Debt (S + 6.5 %, 10.2 % Cash, Due 8/2029)",2,GREEN,0,1,1,1,GLAD,Gladstone Management Corporation,,29.928,30.0,-0.0024,,,,False,,False,,2025-12-31,2025-12-31,1,GLAD,29.928
ASP Integrity Acquisition Co LLC,2,GREEN,0,1,1,1,OCSL,Oaktree Capital Management,Diversified Support Services,29.812,30.653,-0.0274,3/6/2031,4.97,,False,,False,,2025-12-31,2025-12-31,1,OCSL,29.812
"Endeavor Bidco LLC and Endeavor TopCo, Inc.",2,GREEN,0,1,1,1,ARCC,Ares Capital Management,,29.8,27.8,0.0719,08/2029,7.92,,False,,False,,2025-09-30,2025-12-31,2,ARCC,29.8
"CMG HoldCo, LLC and CMG Buyer Holdings, Inc.",2,GREEN,0,1,1,1,ARCC,Ares Capital Management,,29.5,31.5,-0.0635,11/2030,8.21,,False,,False,,2025-09-30,2025-12-31,2,ARCC,29.5
"Denali Midco 2, LLC",2,GREEN,0,1,1,1,CGBD,Carlyle Investment Management,Consumer Services,29.406,29.305,0.0034,12/22/2028,,,False,,False,,2025-09-30,2025-12-31,2,CGBD,29.406
"Blackbird Holdco, Inc. (Ohio Transmission Corp.)",2,GREEN,0,1,1,1,TCPC,Tennenbaum Capital Partners (BlackRock),Trading Companies & Distributors,29.3382,15.5966,0.8811,,12.5,,False,,False,,2025-12-31,2025-12-31,1,TCPC,29.3382
"ADPD Holdings, LLC",2,GREEN,0,1,1,1,CGBD,Carlyle Investment Management,Consumer Services,29.332,31.732,-0.0756,8/15/2028,,,False,,False,,2025-09-30,2025-12-31,2,CGBD,29.332
"Unity Purchaser, LLC and Unity Ultimate Holdings, LP",2,GREEN,0,1,1,1,ARCC,Ares Capital Management,,29.2,29.4,-0.0068,01/2031,8.42,,False,,False,,2025-09-30,2025-12-31,2,ARCC,29.2
Confine Visual Bidco,2,GREEN,0,1,1,1,BXSL,Blackstone Credit Advisors,Software (continued),29.079,32.215,-0.0973,2/23/2029,,,False,,False,,2025-12-31,2025-12-31,1,BXSL,29.079
"MVI MSO, LLC",2,GREEN,0,1,1,1,MAIN,Main Street Capital (internal),,29.076,25.018,0.1622,3/28/2030,13.0,,False,,False,,2025-09-30,2025-12-31,2,MAIN,29.076
Caerus Midco 3 S.A.R.L.*+,2,GREEN,0,1,1,1,GBDC,GC Advisors,Pharmaceuticals,29.063,29.035,0.001,,,,False,,False,,2025-09-30,2025-12-31,2,GBDC,29.063
"Trident TPI Holdings, Inc.",2,GREEN,0,1,1,1,OCSL,Oaktree Capital Management,Paper & Plastic Packaging Products & Materials,29.045,29.59,-0.0184,9/15/2028,3.75,,False,,False,,2025-09-30,2025-12-31,2,OCSL,29.045
"Phantom Purchaser, Inc.",2,GREEN,0,1,1,1,OBDC,Blue Owl Credit Advisors,,29.038,28.974,0.0022,9/2031,,,False,,False,,2025-09-30,2025-12-31,2,OBDC,29.038
"Project Alpine Co-Invest Fund, LP",2,GREEN,0,1,1,1,OBDC,Blue Owl Credit Advisors,Internet software and services,28.891,22.589,0.279,,,,False,,False,,2025-09-30,2025-12-31,2,OBDC,28.891
"CircusTrix Holdings, LLC",2,GREEN,0,1,1,1,CGBD,Carlyle Investment Management,Leisure Products & Services,28.841,28.235,0.0215,7/14/2028,,,False,,False,,2025-09-30,2025-12-31,2,CGBD,28.841
"Airx Climate Solutions, Inc.",2,GREEN,0,1,1,1,ARCC,Ares Capital Management,Capital Goods,28.7,19.3,0.487,11/2029,9.2,,False,,False,,2025-09-30,2025-12-31,2,ARCC,28.7
"Access CIG, LLC",2,GREEN,0,1,1,1,OCSL,Oaktree Capital Management,Diversified Support Services,28.625,28.983,-0.0124,8/18/2030,4.0,,False,,False,,2025-09-30,2025-12-31,2,OCSL,28.625
"Park County Holdings, LLC",2,GREEN,0,1,1,1,CGBD,Carlyle Investment Management,Media: Diversified & Production,28.615,28.249,0.013,11/29/2029,,,False,,False,,2025-09-30,2025-12-31,2,CGBD,28.615
"Internet Truckstop Group, LLC*",2,GREEN,0,1,1,1,GBDC,GC Advisors,Road & Rail,28.612,28.632,-0.0007,,,,False,,False,,2025-09-30,2025-12-31,2,GBDC,28.612
"The Maids International, LLC – Term Debt (SOFR+ 10.5 %, 14.2 % Cash, Due 3/2028)",2,GREEN,0,1,1,1,GAIN,Gladstone Management Corporation,,28.56,28.56,0.0,,,,False,,False,,2025-12-31,2025-12-31,1,GAIN,28.56
"GI Ranger Intermediate, LLC (dba Rectangle Health)",2,GREEN,0,1,1,1,OBDC,Blue Owl Credit Advisors,Healthcare technology,28.554,28.743,-0.0066,10/2027,,,False,,False,,2025-09-30,2025-12-31,2,OBDC,28.554
"Bamboo Health Holdings, LLC",2,GREEN,0,1,1,1,CGBD,Carlyle Investment Management,Healthcare & Pharmaceuticals,28.549,28.187,0.0128,5/6/2028,,,False,,False,,2025-09-30,2025-12-31,2,CGBD,28.549
"Belmont Instrument, LLC*+",2,GREEN,0,1,1,1,GBDC,GC Advisors,Healthcare Equipment & Supplies,28.523,28.675,-0.0053,,,,False,,False,,2025-09-30,2025-12-31,2,GBDC,28.523
NeoGov Newt Holdco Inc,2,GREEN,0,1,1,1,FSK,FS/KKR Advisor,Software & Services,28.4,28.5,-0.0035,,,,False,,False,,2025-09-30,2025-12-31,2,FSK,28.4
"Leadpoint Business Services, LLC – Term Debt (S + 8.5 %, 12.6 % Cash, Due 2/2028)",2,GREEN,0,1,1,1,GLAD,Gladstone Management Corporation,,28.398,28.117,0.01,,,,False,,False,,2025-12-31,2025-12-31,1,GLAD,28.398
"Community Management Holdings Midco 2, LLC",2,GREEN,0,1,1,1,BXSL,Blackstone Credit Advisors,Real Estate Management & Development,28.15,27.917,0.0083,11/1/2031,,,False,,False,,2025-12-31,2025-12-31,1,BXSL,28.15
"Arrow Borrower 2025, Inc.",2,GREEN,0,1,1,1,ARCC,Ares Capital Management,Software and Services,28.1,28.3,-0.0071,10/2032,8.15,,False,,False,,2025-12-31,2025-12-31,1,ARCC,28.1
Superior Rigging & Erecting Co.,2,GREEN,0,1,1,1,MAIN,Main Street Capital (internal),,28.03,9.0,2.1144,,,,False,,False,,2025-09-30,2025-12-31,2,MAIN,28.03
"Phoenix Finance, Inc.",2,GREEN,0,1,1,1,OCSL,Oaktree Capital Management,Application Software,28.023,29.92,-0.0634,8/14/2028,8.06,,False,,False,,2025-12-31,2025-12-31,1,OCSL,28.023
"Minotaur Acquisition, Inc.",2,GREEN,0,1,1,1,OCSL,Oaktree Capital Management,Diversified Financial Services,28.019,27.863,0.0056,6/3/2030,5.0,,False,,False,,2025-09-30,2025-12-31,2,OCSL,28.019
Transit Technologies LLC,2,GREEN,0,1,1,1,ARCC,Ares Capital Management,,28.0,20.2,0.3861,08/2031,8.53,,False,,False,,2025-09-30,2025-12-31,2,ARCC,28.0
"Schylling, Inc. – Term Debt (SOFR+ 11.0 %, 15.3 % Cash, Due 9/2027)",2,GREEN,0,1,1,1,GAIN,Gladstone Management Corporation,,27.981,27.981,0.0,,,,False,,False,,2025-12-31,2025-12-31,1,GAIN,27.981
Majesco*+,2,GREEN,0,1,1,1,GBDC,GC Advisors,,27.906,27.881,0.0009,,,,False,,False,,2025-09-30,2025-12-31,2,GBDC,27.906
"Arrow Buyer, Inc.+",2,GREEN,0,1,1,1,GBDC,GC Advisors,Software,27.847,27.986,-0.005,,,,False,,False,,2025-09-30,2025-12-31,2,GBDC,27.847
"FRG AcquireCo, LLC",2,GREEN,0,1,1,1,MAIN,Main Street Capital (internal),,27.785,27.883,-0.0035,9/22/2028,13.0,,False,,False,,2025-09-30,2025-12-31,2,MAIN,27.785
Cradle Lux Bidco S.A.R.L. and Hamilton Thorne Inc.,2,GREEN,0,1,1,1,ARCC,Ares Capital Management,,27.7,14.3,0.9371,11/2031,7.65,,False,,False,,2025-09-30,2025-12-31,2,ARCC,27.7
"Azurite Intermediate Holdings, Inc. (dba Alteryx, Inc.)",2,GREEN,0,1,1,1,OBDC,Blue Owl Credit Advisors,Internet software and services,27.697,27.383,0.0115,3/2031,,,False,,False,,2025-09-30,2025-12-31,2,OBDC,27.697
"Blades Buyer, Inc.*+",2,GREEN,0,1,1,1,GBDC,GC Advisors,Healthcare Equipment & Supplies,27.661,27.733,-0.0026,,,,False,,False,,2025-09-30,2025-12-31,2,GBDC,27.661
"Oak Purchaser, Inc.",2,GREEN,0,1,1,1,CGBD,Carlyle Investment Management,Business Services,27.609,27.619,-0.0004,4/28/2028,,,False,,False,,2025-09-30,2025-12-31,2,CGBD,27.609
"EET Buyer, Inc. (dba e-Emphasys)",2,GREEN,0,1,1,1,OBDC,Blue Owl Credit Advisors,,27.607,27.317,0.0106,11/2027,,,False,,False,,2025-09-30,2025-12-31,2,OBDC,27.607
"Togetherwork Holdings, LLC*+",2,GREEN,0,1,1,1,GBDC,GC Advisors,,27.585,27.623,-0.0014,,,,False,,False,,2025-09-30,2025-12-31,2,GBDC,27.585
"Homecare Software Solutions, LLC",2,GREEN,0,1,1,1,BXSL,Blackstone Credit Advisors,Software (continued),27.581,27.509,0.0026,6/16/2031,,,False,,False,,2025-12-31,2025-12-31,1,BXSL,27.581
"MPG Parent Holdings, LLC",2,GREEN,0,1,1,1,BXSL,Blackstone Credit Advisors,Professional Services (continued),27.569,27.102,0.0172,1/8/2030,,,False,,False,,2025-12-31,2025-12-31,1,BXSL,27.569
"Viper Bidco, Inc.",2,GREEN,0,1,1,1,ARCC,Ares Capital Management,,27.5,15.8,0.7405,11/2031,8.45,,False,,False,,2025-09-30,2025-12-31,2,ARCC,27.5
"NeoGraf Solutions LLC – Term Debt (S + 7.0 %, 11.0 % Cash, 0.1 % PIK, Due 1/2028)",2,GREEN,0,1,1,1,GLAD,Gladstone Management Corporation,,27.456,27.456,0.0,,,,False,,False,,2025-12-31,2025-12-31,1,GLAD,27.456
"ATNX SPV, LLC",2,GREEN,0,1,1,1,OCSL,Oaktree Capital Management,Pharmaceuticals,27.41,28.171,-0.027,5/31/2031,,,False,,False,,2025-09-30,2025-12-31,2,OCSL,27.41
"Suveto Buyer, LLC*+",2,GREEN,0,1,1,1,GBDC,GC Advisors,,27.384,27.387,-0.0001,,,,False,,False,,2025-09-30,2025-12-31,2,GBDC,27.384
"BrightStar Group Holdings, Inc.",2,GREEN,0,1,1,1,ARCC,Ares Capital Management,,27.3,27.3,0.0,03/2032,8.84,,False,,False,,2025-09-30,2025-12-31,2,ARCC,27.3
Big Bus Tours Group Limited (United Kingdom),2,GREEN,0,1,1,1,CGBD,Carlyle Investment Management,Leisure Products & Services,27.238,26.786,0.0169,6/4/2031,,,False,,False,,2025-09-30,2025-12-31,2,CGBD,27.238
"Cybermedia Technologies, LLC",2,GREEN,0,1,1,1,MAIN,Main Street Capital (internal),,27.082,27.21,-0.0047,5/5/2028,13.0,,False,,False,,2025-09-30,2025-12-31,2,MAIN,27.082
"Louisiana Fish Fry Products, Ltd.*+",2,GREEN,0,1,1,1,GBDC,GC Advisors,Food Products,27.024,27.082,-0.0021,,,,False,,False,,2025-09-30,2025-12-31,2,GBDC,27.024
Saturn Borrower Inc.*+,2,GREEN,0,1,1,1,GBDC,GC Advisors,,27.009,27.257,-0.0091,,,,False,,False,,2025-09-30,2025-12-31,2,GBDC,27.009
"Azureon, LLC (F/K/A Tpcn Midco, LLC)",2,GREEN,0,1,1,1,PFLT,PennantPark Investment Advisers,Diversified Consumer Services,27.007,28.977,-0.068,06/26/2029,9.59,,False,,False,,2025-09-30,2025-12-31,2,PFLT,27.007
ClubCorp Club Operations Inc,2,GREEN,0,1,1,1,FSK,FS/KKR Advisor,Consumer Services,27.0,27.1,-0.0037,,,,False,,False,,2025-09-30,2025-12-31,2,FSK,27.0
"Healthcare Venture Partners, LLC",2,GREEN,0,1,1,1,PSEC,Prospect Capital Management,Health Care Providers & Services,26.9601,29.11,-0.0739,8/29/2030,11.67,800.0,False,,False,,2025-09-30,2025-12-31,2,PSEC,26.9601
"Denali Holdco, Ltd.",2,GREEN,0,1,1,1,BXSL,Blackstone Credit Advisors,Software,26.918,21.96,0.2258,9/5/2032,,,False,,False,,2025-12-31,2025-12-31,1,BXSL,26.918
"Walnut Parent, Inc.",2,GREEN,0,1,1,1,ARCC,Ares Capital Management,,26.8,28.8,-0.0694,11/2027,9.42,,False,,False,,2025-12-31,2025-12-31,1,ARCC,26.8
"Brooklyn Lender Co-Invest 2, L.P. (dba Boomi)",2,GREEN,0,1,1,1,OBDC,Blue Owl Credit Advisors,Internet software and services,26.759,17.553,0.5245,,,,False,,False,,2025-09-30,2025-12-31,2,OBDC,26.759
"Ideal Tridon Holdings, Inc.",2,GREEN,0,1,1,1,OBDC,Blue Owl Credit Advisors,Manufacturing,26.667,26.095,0.0219,4/2028,,,False,,False,,2025-09-30,2025-12-31,2,OBDC,26.667
"Celerion Buyer, Inc.",2,GREEN,0,1,1,1,CGBD,Carlyle Investment Management,Healthcare & Pharmaceuticals,26.572,26.553,0.0007,11/3/2029,,,False,,False,,2025-09-30,2025-12-31,2,CGBD,26.572
"Excel Fitness Consolidator LLC, Health Buyer LLC and Excel Fitness Holdings, Inc.",2,GREEN,0,1,1,1,ARCC,Ares Capital Management,,26.5,13.5,0.963,04/2030,8.42,,False,,False,,2025-09-30,2025-12-31,2,ARCC,26.5
"Express Wash Acquisition Company, LLC (Whistle)",2,GREEN,0,1,1,1,TCPC,Tennenbaum Capital Partners (BlackRock),Diversified Consumer Services,26.4411,27.942,-0.0537,4/10/2031,6.25,,False,,False,,2025-09-30,2025-12-31,2,TCPC,26.4411
"P&P Food Safety Holdings, Inc.*+",2,GREEN,0,1,1,1,GBDC,GC Advisors,Food Products,26.361,26.21,0.0058,,,,False,,False,,2025-09-30,2025-12-31,2,GBDC,26.361
"Ardonagh Midco 3 Limited, Ardonagh Group Finco Pty Limited, Ardonagh Finco LLC, Ardonagh Finco B.V., and MDCP Co-Investors (Jade I), L.P.",2,GREEN,0,1,1,1,ARCC,Ares Capital Management,Insurance,26.3,24.1,0.0913,,,,False,,False,,2025-09-30,2025-12-31,2,ARCC,26.3
"Centralsquare Technologies, LLC",2,GREEN,0,1,1,1,OCSL,Oaktree Capital Management,Application Software,26.29,25.813,0.0185,4/12/2030,6.0,,False,,False,,2025-09-30,2025-12-31,2,OCSL,26.29
"Icefall Parent, Inc. (dba EngageSmart)",2,GREEN,0,1,1,1,OBDC,Blue Owl Credit Advisors,,26.248,25.86,0.015,1/2030,,,False,,False,,2025-09-30,2025-12-31,2,OBDC,26.248
"Merit Financial Group, LLC and CWC Fund I Co-Invest (MFA) LP",2,GREEN,0,1,1,1,ARCC,Ares Capital Management,,26.2,19.0,0.3789,08/2032,8.74,,False,,False,,2025-09-30,2025-12-31,2,ARCC,26.2
"BlueCat Networks, Inc. (Canada)",2,GREEN,0,1,1,1,CGBD,Carlyle Investment Management,High Tech Industries,26.163,26.457,-0.0111,8/8/2028,,,False,,False,,2025-09-30,2025-12-31,2,CGBD,26.163
"Applause App Quality, Inc.",2,GREEN,0,1,1,1,TCPC,Tennenbaum Capital Partners (BlackRock),Professional Services,26.1203,25.9519,0.0065,10/24/2029,5.87,,False,,False,,2025-09-30,2025-12-31,2,TCPC,26.1203
"Broadcast Music, Inc. (fka Otis Merger Sub, Inc.)",2,GREEN,0,1,1,1,OBDC,Blue Owl Credit Advisors,Advertising and media,26.105,26.696,-0.0221,2/2030,,,False,,False,,2025-09-30,2025-12-31,2,OBDC,26.105
"CAP-KSI Holdings, LLC*+",2,GREEN,0,1,1,1,GBDC,GC Advisors,Automobiles,26.073,26.359,-0.0109,,,,False,,False,,2025-09-30,2025-12-31,2,GBDC,26.073
"CivicPlus, LLC+",2,GREEN,0,1,1,1,GBDC,GC Advisors,IT Services,26.07,26.144,-0.0028,,,,False,,False,,2025-09-30,2025-12-31,2,GBDC,26.07
"Lighthouse Parent Holdings, Inc (Aperture)",2,GREEN,0,1,1,1,TCPC,Tennenbaum Capital Partners (BlackRock),Professional Services,26.0167,25.9655,0.002,12/20/2031,4.87,,False,,False,,2025-09-30,2025-12-31,2,TCPC,26.0167
"Rowan Energy Inc. – Term Debt (SOFR+ 9.0 %, 14.5 % Cash, Due 12/2030)",2,GREEN,0,1,1,1,GAIN,Gladstone Management Corporation,,25.79,25.79,0.0,,,,False,,False,,2025-12-31,2025-12-31,1,GAIN,25.79
"Deerfield Dakota Holding, LLC",2,GREEN,0,1,1,1,CGBD,Carlyle Investment Management,Diversified Financial Services,25.615,25.675,-0.0023,9/12/2032,,,False,,False,,2025-09-30,2025-12-31,2,CGBD,25.615
"Hissho Parent, LLC",2,GREEN,0,1,1,1,OBDC,Blue Owl Credit Advisors,Food and beverage,25.6,25.424,0.0069,5/2029,,,False,,False,,2025-09-30,2025-12-31,2,OBDC,25.6
"Hoosier Intermediate, LLC",2,GREEN,0,1,1,1,CGBD,Carlyle Investment Management,Healthcare & Pharmaceuticals,25.574,25.322,0.01,11/15/2028,,,False,,False,,2025-09-30,2025-12-31,2,CGBD,25.574
AGS Health LLC,2,GREEN,0,1,1,1,FSK,FS/KKR Advisor,Software & Services,25.4,25.4,0.0,,,,False,,False,,2025-09-30,2025-12-31,2,FSK,25.4
"Zappi, Inc.",2,GREEN,0,1,1,1,HTGC,Hercules Capital (internal),,25.37,24.978,0.0157,,8.03,803.0,False,,False,,2025-09-30,2025-12-31,2,HTGC,25.37
"MASSiv Brands, LLC – Term Debt ( 10.0 % Cash, 5.0 % PIK, Due 7/2030)",2,GREEN,0,1,1,1,GLAD,Gladstone Management Corporation,,25.313,25.313,0.0,,,,False,,False,,2025-12-31,2025-12-31,1,GLAD,25.313
Distributed Creation Inc.,2,GREEN,0,1,1,1,HTGC,Hercules Capital (internal),Debt Investments,25.272,25.005,0.0107,,3.0,300.0,False,,False,,2025-09-30,2025-12-31,2,HTGC,25.272
"Mason West, LLC – Term Debt (SOFR+ 10.0 %, 13.7 % Cash, Due 7/2027)",2,GREEN,0,1,1,1,GAIN,Gladstone Management Corporation,,25.25,25.25,0.0,,,,False,,False,,2025-12-31,2025-12-31,1,GAIN,25.25
"AmplifyBio, LLC",2,GREEN,0,1,1,1,HTGC,Hercules Capital (internal),Drug Discovery & Development,25.091,24.878,0.0086,,2.5,250.0,False,,False,,2025-09-30,2025-12-31,2,HTGC,25.091
LOV Acquisition LLC*+,2,GREEN,0,1,1,1,GBDC,GC Advisors,,25.017,25.123,-0.0042,,,,False,,False,,2025-12-31,2025-12-31,1,GBDC,25.017
"Smile Doctors, LLC",2,GREEN,0,1,1,1,BXSL,Blackstone Credit Advisors,Health Care Providers & Services (continued),24.863,25.315,-0.0179,12/23/2028,,,False,,False,,2025-12-31,2025-12-31,1,BXSL,24.863
"LTI Holdings, Inc.",2,GREEN,0,1,1,1,OCSL,Oaktree Capital Management,Electronic Components,24.803,24.347,0.0187,7/29/2029,3.75,,False,,False,,2025-09-30,2025-12-31,2,OCSL,24.803
"COP Hometown Acquisitions, Inc.+",2,GREEN,0,1,1,1,GBDC,GC Advisors,,24.796,24.911,-0.0046,,,,False,,False,,2025-09-30,2025-12-31,2,GBDC,24.796
"Eagle Family Foods Group, LLC+",2,GREEN,0,1,1,1,GBDC,GC Advisors,Food Products,24.758,24.967,-0.0084,,,,False,,False,,2025-09-30,2025-12-31,2,GBDC,24.758
"Sunk Rock Foundry Partners LP, Hatteras Electrical Manufacturing Holding Company and Sigma Electric Manufacturing Corporation",2,GREEN,0,1,1,1,ARCC,Ares Capital Management,,24.7,24.7,0.0,12/2027,9.55,,False,,False,,2025-09-30,2025-12-31,2,ARCC,24.7
"Wood Group Receivables LLC (FKA John Wood Group PLC), Revolver",2,GREEN,0,1,1,1,FSK,FS/KKR Advisor,Capital Goods,24.7,24.7,0.0,10/2028,,,False,,False,,2025-12-31,2025-12-31,1,FSK,24.7
"Procure Acquireco, Inc.*+",2,GREEN,0,1,1,1,GBDC,GC Advisors,,24.641,24.603,0.0015,,,,False,,False,,2025-09-30,2025-12-31,2,GBDC,24.641
"US Salt Investors, LLC and Emerald Lake Pearl Acquisition-A, L.P.",2,GREEN,0,1,1,1,ARCC,Ares Capital Management,,24.6,26.6,-0.0752,07/2028,9.07,,False,,False,,2025-09-30,2025-12-31,2,ARCC,24.6
"Brunswick Bowling Products, Inc. – Term Debt (SOFR+ 10.0 %, 13.7 % Cash, Due 3/2029)",2,GREEN,0,1,1,1,GAIN,Gladstone Management Corporation,,24.55,24.55,0.0,,,,False,,False,,2025-12-31,2025-12-31,1,GAIN,24.55
"Advancion Holdings, LLC (fka Aruba Investments Holdings, LLC)",2,GREEN,0,1,1,1,OBDC,Blue Owl Credit Advisors,Chemicals,24.472,26.113,-0.0628,11/2028,,,False,,False,,2025-09-30,2025-12-31,2,OBDC,24.472
"BHG Holdings, LLC+",2,GREEN,0,1,1,1,GBDC,GC Advisors,,24.456,24.732,-0.0112,,,,False,,False,,2025-09-30,2025-12-31,2,GBDC,24.456
"Rhea Acquisition Holdings, LP",2,GREEN,0,1,1,1,OBDC,Blue Owl Credit Advisors,Healthcare equipment and services,24.437,23.719,0.0303,,,,False,,False,,2025-09-30,2025-12-31,2,OBDC,24.437
Scorpio BidCo SAS,2,GREEN,0,1,1,1,BXSL,Blackstone Credit Advisors,Software (continued),24.327,22.826,0.0658,4/30/2031,,,False,,False,,2025-12-31,2025-12-31,1,BXSL,24.327
"Merit Software Finance Holdings, LLC",2,GREEN,0,1,1,1,ARCC,Ares Capital Management,,24.3,24.5,-0.0082,12/2032,8.94,,False,,False,,2025-12-31,2025-12-31,1,ARCC,24.3
LogicSource,2,GREEN,0,1,1,1,HTGC,Hercules Capital (internal),Debt Investments,24.258,23.994,0.011,,8.93,893.0,False,,False,,2025-09-30,2025-12-31,2,HTGC,24.258
"Cafe Rio Holding, Inc.*+",2,GREEN,0,1,1,1,GBDC,GC Advisors,,24.246,24.254,-0.0003,,,,False,,False,,2025-09-30,2025-12-31,2,GBDC,24.246
"Everbridge Holdings, LLC",2,GREEN,0,1,1,1,BXSL,Blackstone Credit Advisors,Software (continued),24.07,24.132,-0.0026,7/2/2031,,,False,,False,,2025-12-31,2025-12-31,1,BXSL,24.07
"S.J. Electro Systems, LLC*",2,GREEN,0,1,1,1,GBDC,GC Advisors,Water Utilities,24.039,24.165,-0.0052,,,,False,,False,,2025-09-30,2025-12-31,2,GBDC,24.039
"Mini Melts of America, LLC",2,GREEN,0,1,1,1,MAIN,Main Street Capital (internal),,24.005,24.177,-0.0071,11/30/2028,10.76,,False,,False,,2025-09-30,2025-12-31,2,MAIN,24.005
Compsych Investments Corp.,2,GREEN,0,1,1,1,BXSL,Blackstone Credit Advisors,Health Care Providers & Services (continued),23.937,24.009,-0.003,7/22/2031,,,False,,False,,2025-12-31,2025-12-31,1,BXSL,23.937
Essential Services Holding Corp.,2,GREEN,0,1,1,1,BXSL,Blackstone Credit Advisors,Diversified Consumer Services,23.835,23.762,0.0031,6/17/2031,,,False,,False,,2025-12-31,2025-12-31,1,BXSL,23.835
"Tricentis Operations Holdings, Inc.",2,GREEN,0,1,1,1,BXSL,Blackstone Credit Advisors,Software (continued),23.787,23.592,0.0083,2/11/2032,,,False,,False,,2025-12-31,2025-12-31,1,BXSL,23.787
"TL Voltron Purchaser, LLC (GES)",2,GREEN,0,1,1,1,TCPC,Tennenbaum Capital Partners (BlackRock),Media,23.7531,23.7141,0.0016,12/31/2030,5.25,,False,,False,,2025-12-31,2025-12-31,1,TCPC,23.7531
"Themis Solutions, Inc.",2,GREEN,0,1,1,1,BXSL,Blackstone Credit Advisors,Software (continued),23.735,23.816,-0.0034,10/29/2032,,,False,,False,,2025-12-31,2025-12-31,1,BXSL,23.735
"CRCI Longhorn Holdings, Inc.",2,GREEN,0,1,1,1,BXSL,Blackstone Credit Advisors,Professional Services (continued),23.587,23.424,0.007,8/27/2031,,,False,,False,,2025-12-31,2025-12-31,1,BXSL,23.587
"Biotouch Global Solutions, Inc.",2,GREEN,0,1,1,1,BXSL,Blackstone Credit Advisors,Health Care Providers & Services,23.555,23.398,0.0067,8/27/2032,,,False,,False,,2025-12-31,2025-12-31,1,BXSL,23.555
Husky Injection Molding Systems Ltd.,2,GREEN,0,1,1,1,OCSL,Oaktree Capital Management,Industrial Machinery & Supplies & Components,23.524,23.265,0.0111,2/15/2029,3.75,,False,,False,,2025-09-30,2025-12-31,2,OCSL,23.524
"PPW Aero Buyer, Inc.*",2,GREEN,0,1,1,1,GBDC,GC Advisors,Aerospace & Defense,23.391,23.572,-0.0077,,,,False,,False,,2025-09-30,2025-12-31,2,GBDC,23.391
"Beacon Pointe Harmony, LLC",2,GREEN,0,1,1,1,ARCC,Ares Capital Management,Financial Services,23.3,23.3,0.0,12/2028,8.23,,False,,False,,2025-09-30,2025-12-31,2,ARCC,23.3
Com Laude Group Ltd,2,GREEN,0,1,1,1,FSK,FS/KKR Advisor,Software & Services,23.3,23.4,-0.0043,,,,False,,False,,2025-12-31,2025-12-31,1,FSK,23.3
"Fitness Ventures Holdings, Inc. and Meaningful Partners Fitness Ventures Co-Investment LP",2,GREEN,0,1,1,1,ARCC,Ares Capital Management,,23.3,25.3,-0.0791,08/2030,8.75,,False,,False,,2025-09-30,2025-12-31,2,ARCC,23.3
"Oranje Holdco, Inc. (KnowBe4)",2,GREEN,0,1,1,1,TCPC,Tennenbaum Capital Partners (BlackRock),Debt Investments (continued),23.2747,22.9153,0.0157,2/1/2029,7.53,,False,,False,,2025-09-30,2025-12-31,2,TCPC,23.2747
"KEN Bidco, Ltd.",2,GREEN,0,1,1,1,BXSL,Blackstone Credit Advisors,IT Services,23.253,18.913,0.2295,8/3/2028,,,False,,False,,2025-12-31,2025-12-31,1,BXSL,23.253
"Imaging Business Machines, L.L.C.",2,GREEN,0,1,1,1,MAIN,Main Street Capital (internal),,23.23,23.306,-0.0033,6/30/2028,11.6,,False,,False,,2025-09-30,2025-12-31,2,MAIN,23.23
IQN Holding Corp. *+,2,GREEN,0,1,1,1,GBDC,GC Advisors,,23.064,23.021,0.0019,,,,False,,False,,2025-09-30,2025-12-31,2,GBDC,23.064
"Ave Holdings III, Corp*+",2,GREEN,0,1,1,1,GBDC,GC Advisors,Specialty Retail,22.966,23.12,-0.0067,,,,False,,False,,2025-09-30,2025-12-31,2,GBDC,22.966
"Captive Resources Midco, LLC+",2,GREEN,0,1,1,1,GBDC,GC Advisors,Insurance,22.937,22.958,-0.0009,,,,False,,False,,2025-09-30,2025-12-31,2,GBDC,22.937
"PROS Parent, Inc.",2,GREEN,0,1,1,1,CGBD,Carlyle Investment Management,Transportation: Consumer,22.916,22.924,-0.0003,12/9/2032,,,False,,False,,2025-12-31,2025-12-31,1,CGBD,22.916
"American Restoration Holdings, LLC",2,GREEN,0,1,1,1,BXSL,Blackstone Credit Advisors,Diversified Consumer Services,22.863,22.677,0.0082,7/24/2030,,,False,,False,,2025-12-31,2025-12-31,1,BXSL,22.863
"MSIS Holdings, Inc. and MS Precision Parent, LP",2,GREEN,0,1,1,1,ARCC,Ares Capital Management,,22.8,24.8,-0.0806,03/2031,8.67,,False,,False,,2025-09-30,2025-12-31,2,ARCC,22.8
"Minerva Holdco, Inc.",2,GREEN,0,1,1,1,OBDC,Blue Owl Credit Advisors,Healthcare technology,22.789,22.899,-0.0048,,,,False,,False,,2025-09-30,2025-12-31,2,OBDC,22.789
Bidco 76 S.p.A.,2,GREEN,0,1,1,1,BXSL,Blackstone Credit Advisors,Machinery,22.772,22.008,0.0347,12/10/2031,,,False,,False,,2025-12-31,2025-12-31,1,BXSL,22.772
Wildcats Topco LLC,2,GREEN,0,1,1,1,MAIN,Main Street Capital (internal),,22.76,22.427,0.0148,,,,False,,False,,2025-09-30,2025-12-31,2,MAIN,22.76
"CCBlue Bidco, Inc.",2,GREEN,0,1,1,1,BXSL,Blackstone Credit Advisors,Health Care Providers & Services (continued),22.759,24.314,-0.064,12/21/2028,,,False,,False,,2025-12-31,2025-12-31,1,BXSL,22.759
"Saber Parent Holdings Corp. and MSHC, Inc.",2,GREEN,0,1,1,1,ARCC,Ares Capital Management,,22.7,22.8,-0.0044,12/2032,8.23,,False,,False,,2025-12-31,2025-12-31,1,ARCC,22.7
"FYI Optical Acquisitions, Inc. & FYI USA, Inc.+",2,GREEN,0,1,1,1,GBDC,GC Advisors,,22.696,22.436,0.0116,,,,False,,False,,2025-09-30,2025-12-31,2,GBDC,22.696
"Bluefin Holding, LLC (Allvue)",2,GREEN,0,1,1,1,TCPC,Tennenbaum Capital Partners (BlackRock),Software,22.6933,21.9269,0.035,9/12/2029,5.25,,False,,False,,2025-09-30,2025-12-31,2,TCPC,22.6933
Bausch + Lomb Corp,2,GREEN,0,1,1,1,OCSL,Oaktree Capital Management,Health Care Supplies,22.613,22.341,0.0122,12/18/2030,4.02,,False,,False,,2025-09-30,2025-12-31,2,OCSL,22.613
Rodeo Buyer Company & Absorb Software Inc.+,2,GREEN,0,1,1,1,GBDC,GC Advisors,,22.602,22.672,-0.0031,,,,False,,False,,2025-09-30,2025-12-31,2,GBDC,22.602
"Mario Purchaser, LLC*+",2,GREEN,0,1,1,1,GBDC,GC Advisors,,22.427,22.506,-0.0035,,,,False,,False,,2025-09-30,2025-12-31,2,GBDC,22.427
"Griffon Bidco, Inc.",2,GREEN,0,1,1,1,BXSL,Blackstone Credit Advisors,Electrical Equipment,22.333,22.128,0.0093,7/31/2031,,,False,,False,,2025-09-30,2025-12-31,2,BXSL,22.333
"Saronic Technologies, Inc.",2,GREEN,0,1,1,1,HTGC,Hercules Capital (internal),Defense Technologies,22.331,21.7,0.0291,,2.5,250.0,False,,False,,2025-09-30,2025-12-31,2,HTGC,22.331
"Vessco Midco Holdings, LLC*",2,GREEN,0,1,1,1,GBDC,GC Advisors,Water Utilities,22.321,22.5,-0.008,,,,False,,False,,2025-09-30,2025-12-31,2,GBDC,22.321
"Java Buyer, Inc.",2,GREEN,0,1,1,1,BXSL,Blackstone Credit Advisors,Commercial Services & Supplies (continued),22.304,22.138,0.0075,12/15/2027,,,False,,False,,2025-12-31,2025-12-31,1,BXSL,22.304
CMI Parent Inc.*,2,GREEN,0,1,1,1,GBDC,GC Advisors,,22.253,22.299,-0.0021,,,,False,,False,,2025-09-30,2025-12-31,2,GBDC,22.253
"Antheia, Inc.",2,GREEN,0,1,1,1,HTGC,Hercules Capital (internal),Biotechnology Tools,22.23,21.284,0.0444,,2.85,285.0,False,,False,,2025-09-30,2025-12-31,2,HTGC,22.23
"Sierra Enterprises, LLC",2,GREEN,0,1,1,1,OCSL,Oaktree Capital Management,Soft Drinks & Non-alcoholic Beverages,22.226,22.089,0.0062,5/20/2030,6.0,,False,,False,,2025-12-31,2025-12-31,1,OCSL,22.226
"ESHA Intermediate, LLC",2,GREEN,0,1,1,1,ARCC,Ares Capital Management,,22.2,22.3,-0.0045,12/2032,8.44,,False,,False,,2025-12-31,2025-12-31,1,ARCC,22.2
"Snif-Snax, LLC – Term Debt (S + 6.7 %, 10.8 % Cash, Due 7/2030)",2,GREEN,0,1,1,1,GLAD,Gladstone Management Corporation,,22.2,22.2,0.0,,,,False,,False,,2025-09-30,2025-12-31,2,GLAD,22.2
"North Haven Ushc Acquisition, Inc.",2,GREEN,0,1,1,1,BXSL,Blackstone Credit Advisors,Interactive Media & Services,22.087,22.511,-0.0188,10/29/2027,,,False,,False,,2025-12-31,2025-12-31,1,BXSL,22.087
KDC/ONE Development Corp Inc.,2,GREEN,0,1,1,1,OCSL,Oaktree Capital Management,Personal Care Products,22.061,21.737,0.0149,8/15/2028,3.5,,False,,False,,2025-09-30,2025-12-31,2,OCSL,22.061
"Radiance Borrower, LLC+",2,GREEN,0,1,1,1,GBDC,GC Advisors,Specialty Retail,22.015,22.153,-0.0062,,,,False,,False,,2025-09-30,2025-12-31,2,GBDC,22.015
"Consilio Midco Limited, Compusoft US LLC, and Consilio Investment Holdings, L.P.",2,GREEN,0,1,1,1,ARCC,Ares Capital Management,,22.0,10.0,1.2,,,,False,,False,,2025-09-30,2025-12-31,2,ARCC,22.0
"ImageWorks Display and Marketing Group, Inc. – Term Debt (SOFR+ 11.0 %, 14.7 % Cash, Due 11/2028)",2,GREEN,0,1,1,1,GAIN,Gladstone Management Corporation,,22.0,22.0,0.0,,,,False,,False,,2025-12-31,2025-12-31,1,GAIN,22.0
"The Ultimus Group Midco, LLC, The Ultimus Group, LLC, and The Ultimus Group Aggregator, LP",2,GREEN,0,1,1,1,ARCC,Ares Capital Management,,22.0,22.1,-0.0045,07/2032,8.42,,False,,False,,2025-09-30,2025-12-31,2,ARCC,22.0
"Schylling, Inc. – Term Debt (SOFR+ 11.0 %, 14.7 % Cash, Due 9/2027)",2,GREEN,0,1,1,1,GAIN,Gladstone Management Corporation,,21.981,21.981,0.0,,,,False,,False,,2025-12-31,2025-12-31,1,GAIN,21.981
"Hercules Buyer, LLC (dba The Vincit Group)",2,GREEN,0,1,1,1,OBDC,Blue Owl Credit Advisors,Business services,21.96,16.604,0.3226,12/2029,,,False,,False,,2025-09-30,2025-12-31,2,OBDC,21.96
PetSmart LLC,2,GREEN,0,1,1,1,OCSL,Oaktree Capital Management,Other Specialty Retail,21.945,21.945,0.0,8/1/2032,4.0,,False,,False,,2025-09-30,2025-12-31,2,OCSL,21.945
"CCI Buyer, Inc.",2,GREEN,0,1,1,1,BXSL,Blackstone Credit Advisors,Wireless Telecommunication Services,21.901,21.812,0.0041,5/13/2032,,,False,,False,,2025-12-31,2025-12-31,1,BXSL,21.901
Espresso Bidco Inc.,2,GREEN,0,1,1,1,CGBD,Carlyle Investment Management,Software,21.729,21.394,0.0157,3/25/2032,,,False,,False,,2025-09-30,2025-12-31,2,CGBD,21.729
"Celerion Buyer, Inc.*",2,GREEN,0,1,1,1,GBDC,GC Advisors,Life Sciences Tools & Services,21.677,21.846,-0.0077,,,,False,,False,,2025-09-30,2025-12-31,2,GBDC,21.677
11852604 Canada Inc. (Canada),2,GREEN,0,1,1,1,CGBD,Carlyle Investment Management,Healthcare & Pharmaceuticals,21.658,21.721,-0.0029,9/30/2028,,,False,,False,,2025-09-30,2025-12-31,2,CGBD,21.658
"Savara, Inc.",2,GREEN,0,1,1,1,HTGC,Hercules Capital (internal),Drug Discovery & Development,21.649,21.971,-0.0147,,1.45,145.0,False,,False,,2025-09-30,2025-12-31,2,HTGC,21.649
NAVEX Global Inc,2,GREEN,0,1,1,1,FSK,FS/KKR Advisor,Software & Services,21.6,21.7,-0.0046,,,,False,,False,,2025-12-31,2025-12-31,1,FSK,21.6
Profile Products LLC+,2,GREEN,0,1,1,1,GBDC,GC Advisors,Commercial Services & Supplies,21.532,21.658,-0.0058,,,,False,,False,,2025-09-30,2025-12-31,2,GBDC,21.532
Morphisec Information Security 2014 Ltd.,2,GREEN,0,1,1,1,HTGC,Hercules Capital (internal),Sustainable and Renewable Technology,21.523,21.643,-0.0055,,3.45,345.0,False,,False,,2025-09-30,2025-12-31,2,HTGC,21.523
"CP PIK DEBT ISSUER, LLC (dba CivicPlus, LLC)",2,GREEN,0,1,1,1,OBDC,Blue Owl Credit Advisors,,21.389,21.177,0.01,6/2034,,,False,,False,,2025-09-30,2025-12-31,2,OBDC,21.389
"Spark Buyer, LLC (Sparkstone)",2,GREEN,0,1,1,1,TCPC,Tennenbaum Capital Partners (BlackRock),Electrical Equipment,21.3364,22.8734,-0.0672,10/15/2031,5.25,,False,,False,,2025-09-30,2025-12-31,2,TCPC,21.3364
"Trading Technologies International, Inc.",2,GREEN,0,1,1,1,ARCC,Ares Capital Management,,21.2,21.2,0.0,11/2032,8.04,,False,,False,,2025-12-31,2025-12-31,1,ARCC,21.2
Pineapple German Bidco GMBH+,2,GREEN,0,1,1,1,GBDC,GC Advisors,,21.11,22.174,-0.048,,,,False,,False,,2025-09-30,2025-12-31,2,GBDC,21.11
"AGS American Glass Services Acquisition, LLC",2,GREEN,0,1,1,1,MAIN,Main Street Capital (internal),,21.107,21.349,-0.0113,7/24/2031,9.22,,False,,False,,2025-09-30,2025-12-31,2,MAIN,21.107
Telesoft Holdings LLC*+,2,GREEN,0,1,1,1,GBDC,GC Advisors,,21.002,20.909,0.0044,,,,False,,False,,2025-09-30,2025-12-31,2,GBDC,21.002
"BGI Purchaser, Inc.",2,GREEN,0,1,1,1,ARCC,Ares Capital Management,Consumer Distribution and Retail,21.0,21.0,0.0,05/2030,8.07,,False,,False,,2025-09-30,2025-12-31,2,ARCC,21.0
"Mitchell International, Inc.",2,GREEN,0,1,1,1,OCSL,Oaktree Capital Management,Application Software,20.856,20.727,0.0062,6/17/2031,3.25,,False,,False,,2025-09-30,2025-12-31,2,OCSL,20.856
"Snif-Snax, LLC – Term Debt (S + 6.7 %, 10.4 % Cash, Due 7/2030)",2,GREEN,0,1,1,1,GLAD,Gladstone Management Corporation,,20.842,20.961,-0.0057,,,,False,,False,,2025-12-31,2025-12-31,1,GLAD,20.842
Vermont Information Processing Inc,2,GREEN,0,1,1,1,FSK,FS/KKR Advisor,Software & Services,20.8,20.8,0.0,,,,False,,False,,2025-09-30,2025-12-31,2,FSK,20.8
"Thermostat Purchaser III, Inc. (Reedy Industries)",2,GREEN,0,1,1,1,TCPC,Tennenbaum Capital Partners (BlackRock),Commercial Services & Supplies,20.7662,20.3441,0.0207,8/31/2029,7.25,,False,,False,,2025-12-31,2025-12-31,1,TCPC,20.7662
"CCSL Holdings, LLC*",2,GREEN,0,1,1,1,GBDC,GC Advisors,Healthcare Equipment & Supplies,20.754,20.788,-0.0016,,,,False,,False,,2025-09-30,2025-12-31,2,GBDC,20.754
ASP-R-PAC Acquisition Co LLC,2,GREEN,0,1,1,1,OCSL,Oaktree Capital Management,Paper & Plastic Packaging Products & Materials,20.579,20.656,-0.0037,12/29/2027,6.0,,False,,False,,2025-09-30,2025-12-31,2,OCSL,20.579
"Excel Fitness Holdings, Inc.",2,GREEN,0,1,1,1,CGBD,Carlyle Investment Management,Leisure Products & Services,20.539,20.466,0.0036,4/29/2029,,,False,,False,,2025-09-30,2025-12-31,2,CGBD,20.539
"Aptean Acquiror, Inc. (dba Aptean)",2,GREEN,0,1,1,1,OBDC,Blue Owl Credit Advisors,Internet software and services,20.533,20.176,0.0177,1/2031,,,False,,False,,2025-09-30,2025-12-31,2,OBDC,20.533
Notorious Holdings LLC (dba Beauty Industry Group),2,GREEN,0,1,1,1,OBDC,Blue Owl Credit Advisors,Specialty retail,20.435,20.436,-0.0,12/2031,,,False,,False,,2025-12-31,2025-12-31,1,OBDC,20.435
"Bad Vibes Forever, LLC and Bad Vibes Forever Publishing, LLC",2,GREEN,0,1,1,1,ARCC,Ares Capital Management,,20.4,20.4,0.0,06/2032,9.1,,False,,False,,2025-09-30,2025-12-31,2,ARCC,20.4
JHCC Holdings LLC*+,2,GREEN,0,1,1,1,GBDC,GC Advisors,,20.269,20.283,-0.0007,,,,False,,False,,2025-09-30,2025-12-31,2,GBDC,20.269
"Athlete Buyer, LLC",2,GREEN,0,1,1,1,CGBD,Carlyle Investment Management,Construction & Building,20.214,21.897,-0.0769,4/26/2029,,,False,,False,,2025-09-30,2025-12-31,2,CGBD,20.214
"Pyrotek Special Effects, Inc. – Term Debt (SOFR+ 8.0 %, 13.0 % Cash, Due 11/2029)",2,GREEN,0,1,1,1,GAIN,Gladstone Management Corporation,,20.12,20.12,0.0,,,,False,,False,,2025-09-30,2025-12-31,2,GAIN,20.12
"3GTMS, LLC",2,GREEN,0,1,1,1,HTGC,Hercules Capital (internal),Debt Investments,20.119,20.453,-0.0163,,9.4,939.8,False,,False,,2025-09-30,2025-12-31,2,HTGC,20.119
TaxCalc,2,GREEN,0,1,1,1,HTGC,Hercules Capital (internal),,20.095,20.075,0.001,,8.12,811.5,False,,False,,2025-09-30,2025-12-31,2,HTGC,20.095
VulcanForms Inc.,2,GREEN,0,1,1,1,HTGC,Hercules Capital (internal),Manufacturing Technology,20.005,20.125,-0.006,,4.25,425.0,False,,False,,2025-09-30,2025-12-31,2,HTGC,20.005
Island Bidco AB+,2,GREEN,0,1,1,1,GBDC,GC Advisors,,19.983,21.139,-0.0547,,,,False,,False,,2025-09-30,2025-12-31,2,GBDC,19.983
"Blades Buyer, Inc.+",2,GREEN,0,1,1,1,GBDC,GC Advisors,Healthcare Equipment & Supplies,19.929,19.998,-0.0035,,,,False,,False,,2025-09-30,2025-12-31,2,GBDC,19.929
"1251 Insurance Distribution Platform Payco, LP",2,GREEN,0,1,1,1,CGBD,Carlyle Investment Management,Diversified Financial Services,19.883,19.909,-0.0013,3/31/2031,,,False,,False,,2025-09-30,2025-12-31,2,CGBD,19.883
"Biscuit Parent, LLC*+",2,GREEN,0,1,1,1,GBDC,GC Advisors,Specialty Retail,19.801,19.953,-0.0076,,,,False,,False,,2025-09-30,2025-12-31,2,GBDC,19.801
"Physician Partners, LLC",2,GREEN,0,1,1,1,OBDC,Blue Owl Credit Advisors,,19.744,19.101,0.0337,12/2028,,,False,,False,,2025-09-30,2025-12-31,2,OBDC,19.744
Fixed 6.34 %,2,GREEN,0,1,1,1,OCSL,Oaktree Capital Management,,19.731,0.0,,2/27/2030,,,False,,False,,2025-09-30,2025-12-31,2,OCSL,19.731
Boxer Parent Company Inc.,2,GREEN,0,1,1,1,OCSL,Oaktree Capital Management,Systems Software,19.716,19.693,0.0012,7/30/2031,3.0,,False,,False,,2025-09-30,2025-12-31,2,OCSL,19.716
"Aptean, Inc. and Aptean Acquiror Inc.",2,GREEN,0,1,1,1,ARCC,Ares Capital Management,Software and Services,19.7,19.7,0.0,01/2031,8.57,,False,,False,,2025-09-30,2025-12-31,2,ARCC,19.7
Gestion ABS Bidco Inc. / ABS Bidco Holdings Inc.,2,GREEN,0,1,1,1,ARCC,Ares Capital Management,,19.7,10.1,0.9505,03/2031,7.25,,False,,False,,2025-09-30,2025-12-31,2,ARCC,19.7
"Cobalt Buyer Sub, Inc.*+",2,GREEN,0,1,1,1,GBDC,GC Advisors,Pharmaceuticals,19.513,19.557,-0.0022,,,,False,,False,,2025-09-30,2025-12-31,2,GBDC,19.513
Behavior Development Group Holdings,2,GREEN,0,1,1,1,MAIN,Main Street Capital (internal),,19.486,19.628,-0.0072,12/17/2030,9.7,,False,,False,,2025-12-31,2025-12-31,1,MAIN,19.486
"Akero Therapeutics, Inc.",2,GREEN,0,1,1,1,HTGC,Hercules Capital (internal),Drug Discovery & Development,19.483,19.036,0.0235,,3.65,365.0,False,,False,,2025-09-30,2025-12-31,2,HTGC,19.483
GC Champion Acquisition LLC (Numerix),2,GREEN,0,1,1,1,TCPC,Tennenbaum Capital Partners (BlackRock),Diversified Financial Services,19.425,18.8901,0.0283,8/21/2028,5.13,,False,,False,,2025-12-31,2025-12-31,1,TCPC,19.425
"Krayden Holdings, Inc.*",2,GREEN,0,1,1,1,GBDC,GC Advisors,Chemicals,19.315,19.458,-0.0073,,,,False,,False,,2025-09-30,2025-12-31,2,GBDC,19.315
Learning Experience Corp/The,2,GREEN,0,1,1,1,FSK,FS/KKR Advisor,Consumer Services,19.3,19.4,-0.0052,,,,False,,False,,2025-09-30,2025-12-31,2,FSK,19.3
"Express Wash Intermediate, LLC",2,GREEN,0,1,1,1,PNNT,PennantPark Investment Advisers,Auto Sector,19.28,21.047,-0.084,04/10/2031,,,False,,False,,2025-09-30,2025-12-31,2,PNNT,19.28
Intralot Capital Luxembourg S.A.,2,GREEN,0,1,1,1,OCSL,Oaktree Capital Management,Casinos & Gaming,19.266,14.624,0.3174,10/7/2031,5.5,,False,,False,,2025-12-31,2025-12-31,1,OCSL,19.266
Griffon Bidco Inc. (Layerzero),2,GREEN,0,1,1,1,TCPC,Tennenbaum Capital Partners (BlackRock),Electrical Equipment,19.25,19.0617,0.0099,7/31/2031,5.0,,False,,False,,2025-12-31,2025-12-31,1,TCPC,19.25
"River Aggregates, LLC",2,GREEN,0,1,1,1,MAIN,Main Street Capital (internal),,19.23,0.738,25.0569,,,,False,,False,,2025-09-30,2025-12-31,2,MAIN,19.23
"Syndigo, LLC",2,GREEN,0,1,1,1,TCPC,Tennenbaum Capital Partners (BlackRock),Internet and Catalog Retail,19.2035,18.9699,0.0123,12/14/2028,7.82,,False,,False,,2025-09-30,2025-12-31,2,TCPC,19.2035
Subordinate debt,2,GREEN,0,1,1,1,PFLT,PennantPark Investment Advisers,,19.149,18.504,0.0349,,,,False,,False,,2025-12-31,2025-12-31,1,PFLT,19.149
"WU Holdco, Inc.+",2,GREEN,0,1,1,1,GBDC,GC Advisors,Household Products,19.102,19.204,-0.0053,,,,False,,False,,2025-09-30,2025-12-31,2,GBDC,19.102
"Bobcat Purchaser, LLC and Bobcat Topco, L.P.",2,GREEN,0,1,1,1,ARCC,Ares Capital Management,,19.1,15.5,0.2323,06/2030,8.44,,False,,False,,2025-09-30,2025-12-31,2,ARCC,19.1
"SIG Parent Holdings, LLC",2,GREEN,0,1,1,1,ARCC,Ares Capital Management,,19.1,19.1,0.0,08/2031,8.47,,False,,False,,2025-09-30,2025-12-31,2,ARCC,19.1
"LJ Avalon Holdings, LLC (Ardurra)",2,GREEN,0,1,1,1,TCPC,Tennenbaum Capital Partners (BlackRock),Construction and Engineering,19.0979,18.6158,0.0259,2/1/2030,4.75,,False,,False,,2025-12-31,2025-12-31,1,TCPC,19.0979
"PPV Intermediate Holdings, LLC+",2,GREEN,0,1,1,1,GBDC,GC Advisors,,19.049,19.109,-0.0031,,,,False,,False,,2025-09-30,2025-12-31,2,GBDC,19.049
Kite Midco II Inc.,2,GREEN,0,1,1,1,OCSL,Oaktree Capital Management,Research & Consulting Services,19.031,19.008,0.0012,11/25/2031,4.5,,False,,False,,2025-12-31,2025-12-31,1,OCSL,19.031
"Quant Buyer, Inc.*+",2,GREEN,0,1,1,1,GBDC,GC Advisors,,18.997,19.144,-0.0077,,,,False,,False,,2025-09-30,2025-12-31,2,GBDC,18.997
CC SAG Holdings Corp.,2,GREEN,0,1,1,1,SLRC,SLR Capital Partners,Diversified Consumer Services,18.799,18.799,0.0,,,,False,,False,,2025-09-30,2025-12-31,2,SLRC,18.799
"Galaxy Technologies Holdings, Inc. – Term Debt (SOFR+ 7.0 %, 10.7 % Cash, Due 10/2028)",2,GREEN,0,1,1,1,GAIN,Gladstone Management Corporation,,18.796,18.796,0.0,,,,False,,False,,2025-12-31,2025-12-31,1,GAIN,18.796
Alcami Corporation,2,GREEN,0,1,1,1,TCPC,Tennenbaum Capital Partners (BlackRock),Life Sciences Tools & Services,18.7341,18.2718,0.0253,12/21/2028,7.15,,False,,False,,2025-09-30,2025-12-31,2,TCPC,18.7341
Elliott Alto Co-Investor Aggregator L.P.,2,GREEN,0,1,1,1,OBDC,Blue Owl Credit Advisors,Internet software and services,18.669,10.697,0.7453,,,,False,,False,,2025-09-30,2025-12-31,2,OBDC,18.669
IAMGOLD Corporation,2,GREEN,0,1,1,1,OCSL,Oaktree Capital Management,Gold,18.665,17.698,0.0546,5/16/2028,8.25,,False,,False,,2025-09-30,2025-12-31,2,OCSL,18.665
Rocky MRA Acquisition Corp.,2,GREEN,0,1,1,1,BXSL,Blackstone Credit Advisors,Health Care Technology (continued),18.632,18.479,0.0083,4/1/2028,,,False,,False,,2025-12-31,2025-12-31,1,BXSL,18.632
"Hills Distribution, Inc., Hills Intermediate FT Holdings, LLC and GMP Hills, LP",2,GREEN,0,1,1,1,ARCC,Ares Capital Management,,18.6,20.6,-0.0971,11/2029,8.74,,False,,False,,2025-09-30,2025-12-31,2,ARCC,18.6
"HH-Inspire Acquisition, Inc. – Term Debt (S + 10.0 %, 12.1 % Cash, 2.0 % PIK, Due 4/2028)",2,GREEN,0,1,1,1,GLAD,Gladstone Management Corporation,,18.58,19.805,-0.0619,,,,False,,False,,2025-09-30,2025-12-31,2,GLAD,18.58
"S.J. Electro Systems, LLC*+",2,GREEN,0,1,1,1,GBDC,GC Advisors,Water Utilities,18.484,18.534,-0.0027,,,,False,,False,,2025-09-30,2025-12-31,2,GBDC,18.484
"Viron International Corp. – Term Debt (S + 7.0 %, 11.1 % Cash, Due 2/2030)",2,GREEN,0,1,1,1,GLAD,Gladstone Management Corporation,,18.475,18.383,0.005,,,,False,,False,,2025-12-31,2025-12-31,1,GLAD,18.475
"Empyrean Solutions, LLC+",2,GREEN,0,1,1,1,GBDC,GC Advisors,Banks,18.464,18.566,-0.0055,,,,False,,False,,2025-09-30,2025-12-31,2,GBDC,18.464
"Harp Finco, Ltd.",2,GREEN,0,1,1,1,BXSL,Blackstone Credit Advisors,Financial Services,18.455,14.508,0.2721,3/27/2032,,,False,,False,,2025-12-31,2025-12-31,1,BXSL,18.455
Blue Bidco Limited+,2,GREEN,0,1,1,1,GBDC,GC Advisors,Software,18.418,18.718,-0.016,,,,False,,False,,2025-09-30,2025-12-31,2,GBDC,18.418
"HH-Inspire Acquisition, Inc. – Term Debt (S + 8.0 %, 11.7 % Cash, 2.0 % PIK, Due 4/2028)",2,GREEN,0,1,1,1,GLAD,Gladstone Management Corporation,,18.417,19.844,-0.0719,,,,False,,False,,2025-12-31,2025-12-31,1,GLAD,18.417
"Wellness AcquisitionCo, Inc.",2,GREEN,0,1,1,1,ARCC,Ares Capital Management,,18.3,18.3,0.0,01/2029,8.42,,False,,False,,2025-09-30,2025-12-31,2,ARCC,18.3
"Espresso Bidco, Inc.+",2,GREEN,0,1,1,1,GBDC,GC Advisors,,18.239,18.543,-0.0164,,,,False,,False,,2025-09-30,2025-12-31,2,GBDC,18.239
LSI Financing 1 DAC,2,GREEN,0,1,1,1,OBDC,Blue Owl Credit Advisors,Pharmaceuticals,18.085,18.316,-0.0126,,,,False,,False,,2025-09-30,2025-12-31,2,OBDC,18.085
"Triple Lift, Inc.+",2,GREEN,0,1,1,1,GBDC,GC Advisors,Media,18.068,18.271,-0.0111,,,,False,,False,,2025-09-30,2025-12-31,2,GBDC,18.068
"LDS Intermediate Holdings, LLC+",2,GREEN,0,1,1,1,GBDC,GC Advisors,Transportation Infrastructure,17.998,18.116,-0.0065,,,,False,,False,,2025-09-30,2025-12-31,2,GBDC,17.998
"Vamos Bidco, Inc.",2,GREEN,0,1,1,1,ARCC,Ares Capital Management,,17.9,18.1,-0.011,01/2032,8.42,,False,,False,,2025-09-30,2025-12-31,2,ARCC,17.9
"ELK Bidco, Inc.",2,GREEN,0,1,1,1,BXSL,Blackstone Credit Advisors,Commercial Services & Supplies,17.871,17.835,0.002,6/14/2032,,,False,,False,,2025-12-31,2025-12-31,1,BXSL,17.871
Bianalisi S.p.A. (Italy),2,GREEN,0,1,1,1,CGBD,Carlyle Investment Management,Healthcare & Pharmaceuticals,17.837,16.437,0.0852,2/26/2032,,,False,,False,,2025-09-30,2025-12-31,2,CGBD,17.837
"Any Hour, LLC*",2,GREEN,0,1,1,1,GBDC,GC Advisors,Diversified Consumer Services,17.826,17.927,-0.0056,,,,False,,False,,2025-09-30,2025-12-31,2,GBDC,17.826
"WorkforceQA, LLC – Term Debt (S + 6.5 %, 10.6 % Cash, Due 12/2026)",2,GREEN,0,1,1,1,GLAD,Gladstone Management Corporation,,17.813,17.777,0.002,,,,False,,False,,2025-12-31,2025-12-31,1,GLAD,17.813
"MRO Florida, Inc.",2,GREEN,0,1,1,1,OCSL,Oaktree Capital Management,Aerospace & Defense,17.757,17.754,0.0002,10/2/2032,4.5,,False,,False,,2025-12-31,2025-12-31,1,OCSL,17.757
"Fleet Farm Group, LLC+",2,GREEN,0,1,1,1,GBDC,GC Advisors,Multiline Retail,17.732,17.732,0.0,,,,False,,False,,2025-09-30,2025-12-31,2,GBDC,17.732
"Ascent Resources Utica Holdings LLC / ARU Finance Corp, Trade Claim",2,GREEN,0,1,1,1,FSK,FS/KKR Advisor,Energy,17.7,0.0,,,,,False,,False,,2025-09-30,2025-12-31,2,FSK,17.7
"Conventional Lending TCP Holdings, LLC",2,GREEN,0,1,1,1,TCPC,Tennenbaum Capital Partners (BlackRock),Diversified Financial Services,17.6758,17.8006,-0.007,,,,False,,False,,2025-12-31,2025-12-31,1,TCPC,17.6758
Project Ruby Ultimate Parent Corp.,2,GREEN,0,1,1,1,BXSL,Blackstone Credit Advisors,Health Care Technology (continued),17.638,17.554,0.0048,3/10/2028,,,False,,False,,2025-12-31,2025-12-31,1,BXSL,17.638
Vermont Aus Pty Ltd+,2,GREEN,0,1,1,1,GBDC,GC Advisors,,17.618,17.842,-0.0126,,,,False,,False,,2025-09-30,2025-12-31,2,GBDC,17.618
Mobile Solutions Services,2,GREEN,0,1,1,1,HTGC,Hercules Capital (internal),Debt Investments,17.616,18.237,-0.0341,,9.21,921.0,False,,False,,2025-09-30,2025-12-31,2,HTGC,17.616
"KOBHG Holdings, L.P. (dba OB Hospitalist)",2,GREEN,0,1,1,1,OBDC,Blue Owl Credit Advisors,Healthcare providers and services,17.552,16.046,0.0939,,,,False,,False,,2025-09-30,2025-12-31,2,OBDC,17.552
Varicent Parent Holdings Corp.,2,GREEN,0,1,1,1,BXSL,Blackstone Credit Advisors,Software (continued),17.548,17.556,-0.0005,8/23/2031,,,False,,False,,2025-12-31,2025-12-31,1,BXSL,17.548
"YE Brands Holding, LLC*+",2,GREEN,0,1,1,1,GBDC,GC Advisors,,17.524,17.41,0.0065,,,,False,,False,,2025-09-30,2025-12-31,2,GBDC,17.524
"Elite Sportswear, L.P.+",2,GREEN,0,1,1,1,GBDC,GC Advisors,,17.513,17.514,-0.0001,,,,False,,False,,2025-09-30,2025-12-31,2,GBDC,17.513
"Turn Key Health Clinics, LLC – Term Debt (S + 7.3 %, 11.4 % Cash, Due 6/2026)",2,GREEN,0,1,1,1,GLAD,Gladstone Management Corporation,,17.5,17.5,0.0,,,,False,,False,,2025-09-30,2025-12-31,2,GLAD,17.5
"Baker Tilly Advisory Group, LP+",2,GREEN,0,1,1,1,GBDC,GC Advisors,Diversified Financial Services,17.43,17.578,-0.0084,,,,False,,False,,2025-09-30,2025-12-31,2,GBDC,17.43
"Altimmune, Inc.",2,GREEN,0,1,1,1,HTGC,Hercules Capital (internal),Drug Discovery & Development,17.403,17.437,-0.0019,,2.45,245.0,False,,False,,2025-09-30,2025-12-31,2,HTGC,17.403
"Banyan Software Holdings, LLC",2,GREEN,0,1,1,1,BXSL,Blackstone Credit Advisors,Software,17.35,17.302,0.0028,1/2/2031,,,False,,False,,2025-12-31,2025-12-31,1,BXSL,17.35
"Color Intermediate, LLC*+",2,GREEN,0,1,1,1,GBDC,GC Advisors,Healthcare Technology,17.313,17.345,-0.0018,,,,False,,False,,2025-09-30,2025-12-31,2,GBDC,17.313
"Bending Spoons US, Inc.",2,GREEN,0,1,1,1,BXSL,Blackstone Credit Advisors,Software,17.272,17.489,-0.0124,3/7/2031,,,False,,False,,2025-12-31,2025-12-31,1,BXSL,17.272
"Mandolin Technology Intermediate Holdings, Inc.",2,GREEN,0,1,1,1,BXSL,Blackstone Credit Advisors,Software (continued),17.244,19.097,-0.097,4/30/2028,,,False,,False,,2025-12-31,2025-12-31,1,BXSL,17.244
"Dispatch Technologies, Inc.",2,GREEN,0,1,1,1,HTGC,Hercules Capital (internal),Debt Investments,17.165,17.392,-0.0131,,7.94,793.6,False,,False,,2025-09-30,2025-12-31,2,HTGC,17.165
"Active Day, Inc.*+",2,GREEN,0,1,1,1,GBDC,GC Advisors,Healthcare Providers & Services,17.129,17.164,-0.002,,,,False,,False,,2025-09-30,2025-12-31,2,GBDC,17.129
"Knowledge Pro Buyer, Inc.",2,GREEN,0,1,1,1,BXSL,Blackstone Credit Advisors,Commercial Services & Supplies (continued),17.123,17.235,-0.0065,12/10/2027,,,False,,False,,2025-12-31,2025-12-31,1,BXSL,17.123
"AAH TOPCO, LLC +",2,GREEN,0,1,1,1,GBDC,GC Advisors,Healthcare Providers & Services,17.059,17.148,-0.0052,,,,False,,False,,2025-09-30,2025-12-31,2,GBDC,17.059
Wilsonart LLC,2,GREEN,0,1,1,1,OCSL,Oaktree Capital Management,Building Products,17.026,17.228,-0.0117,8/5/2031,4.25,,False,,False,,2025-09-30,2025-12-31,2,OCSL,17.026
Dance Midco S.a.r.l. (United Kingdom),2,GREEN,0,1,1,1,CGBD,Carlyle Investment Management,Media: Diversified & Production,17.009,16.02,0.0617,10/25/2031,,,False,,False,,2025-09-30,2025-12-31,2,CGBD,17.009
"GULF PACIFIC ACQUISITION, LLC",2,GREEN,0,1,1,1,MAIN,Main Street Capital (internal),,16.995,17.619,-0.0354,9/30/2028,10.64,,False,,False,,2025-09-30,2025-12-31,2,MAIN,16.995
"Higginbotham Insurance Agency, Inc.*+",2,GREEN,0,1,1,1,GBDC,GC Advisors,,16.969,16.919,0.003,,,,False,,False,,2025-09-30,2025-12-31,2,GBDC,16.969
"Noble Midco 3, Ltd.",2,GREEN,0,1,1,1,BXSL,Blackstone Credit Advisors,Software (continued),16.966,16.82,0.0087,6/24/2031,,,False,,False,,2025-12-31,2025-12-31,1,BXSL,16.966
"Mango Technologies, Inc.",2,GREEN,0,1,1,1,HTGC,Hercules Capital (internal),Debt Investments,16.938,16.929,0.0005,,2.25,225.0,False,,False,,2025-09-30,2025-12-31,2,HTGC,16.938
"Frontier Communications Holdings, LLC",2,GREEN,0,1,1,1,OCSL,Oaktree Capital Management,Integrated Telecommunication Services,16.891,16.782,0.0065,7/1/2031,2.5,,False,,False,,2025-09-30,2025-12-31,2,OCSL,16.891
"Denali TopCo, LLC",2,GREEN,0,1,1,1,BXSL,Blackstone Credit Advisors,IT Services,16.8,16.754,0.0027,8/26/2032,,,False,,False,,2025-12-31,2025-12-31,1,BXSL,16.8
"Kwol Acquisition, Inc.",2,GREEN,0,1,1,1,BXSL,Blackstone Credit Advisors,Health Care Providers & Services (continued),16.749,16.454,0.0179,12/6/2029,,,False,,False,,2025-12-31,2025-12-31,1,BXSL,16.749
"Kona Buyer, LLC+",2,GREEN,0,1,1,1,GBDC,GC Advisors,Healthcare Technology,16.712,16.853,-0.0084,,,,False,,False,,2025-09-30,2025-12-31,2,GBDC,16.712
"Grand River Aseptic Manufacturing, Inc.",2,GREEN,0,1,1,1,OCSL,Oaktree Capital Management,Health Care Equipment,16.636,16.669,-0.002,3/10/2031,5.0,,False,,False,,2025-12-31,2025-12-31,1,OCSL,16.636
"PlanSource Holdings, Inc.*+",2,GREEN,0,1,1,1,GBDC,GC Advisors,,16.625,16.65,-0.0015,,,,False,,False,,2025-09-30,2025-12-31,2,GBDC,16.625
"YA Intermediate Holdings II, LLC",2,GREEN,0,1,1,1,BXSL,Blackstone Credit Advisors,Professional Services (continued),16.511,16.498,0.0008,10/1/2031,,,False,,False,,2025-12-31,2025-12-31,1,BXSL,16.511
Cisive Holdings Corp.,2,GREEN,0,1,1,1,BXSL,Blackstone Credit Advisors,Professional Services (continued),16.485,16.61,-0.0075,12/8/2028,,,False,,False,,2025-12-31,2025-12-31,1,BXSL,16.485
"Covercraft Parent III, Inc.+",2,GREEN,0,1,1,1,GBDC,GC Advisors,Auto Components,16.455,16.598,-0.0086,,,,False,,False,,2025-09-30,2025-12-31,2,GBDC,16.455
"Spaceship Purchaser, Inc. (dba Squarespace)",2,GREEN,0,1,1,1,OBDC,Blue Owl Credit Advisors,,16.341,16.341,0.0,10/2031,,,False,,False,,2025-09-30,2025-12-31,2,OBDC,16.341
"The GI Alliance Management, LLC",2,GREEN,0,1,1,1,BXSL,Blackstone Credit Advisors,Health Care Providers & Services (continued),16.305,15.233,0.0704,9/15/2028,,,False,,False,,2025-12-31,2025-12-31,1,BXSL,16.305
"Axios Industrial Group, LLC – Term Debt (S + 11.6 %, 0.0 % Cash, 15.7 % PIK, Due 10/2027)",2,GREEN,0,1,1,1,GLAD,Gladstone Management Corporation,,16.197,16.771,-0.0342,,,,False,,False,,2025-12-31,2025-12-31,1,GLAD,16.197
"Tango Bidco, SAS",2,GREEN,0,1,1,1,BXSL,Blackstone Credit Advisors,Software (continued),16.176,15.124,0.0696,10/17/2031,,,False,,False,,2025-12-31,2025-12-31,1,BXSL,16.176
"Arc Drilling Holdings LLC – Term Debt (S + 6.8 %, 10.9 % Cash, Due 9/2029)",2,GREEN,0,1,1,1,GLAD,Gladstone Management Corporation,,16.16,16.0,0.01,,,,False,,False,,2025-09-30,2025-12-31,2,GLAD,16.16
Holding Argon (France),2,GREEN,0,1,1,1,CGBD,Carlyle Investment Management,Business Services,16.144,15.605,0.0345,4/16/2032,,,False,,False,,2025-09-30,2025-12-31,2,CGBD,16.144
"Arc Drilling Holdings LLC – Term Debt (S + 7.0 %, 10.7 % Cash, Due 9/2029)",2,GREEN,0,1,1,1,GLAD,Gladstone Management Corporation,,16.059,15.9,0.01,,,,False,,False,,2025-12-31,2025-12-31,1,GLAD,16.059
"Neptune Holdings, Inc.*",2,GREEN,0,1,1,1,GBDC,GC Advisors,Healthcare Technology,16.054,15.976,0.0049,,,,False,,False,,2025-09-30,2025-12-31,2,GBDC,16.054
"Island Pump and Tank, LLC",2,GREEN,0,1,1,1,MAIN,Main Street Capital (internal),,15.992,16.125,-0.0082,5/17/2029,10.4,,False,,False,,2025-09-30,2025-12-31,2,MAIN,15.992
"LeadsOnline, LLC+",2,GREEN,0,1,1,1,GBDC,GC Advisors,,15.942,15.818,0.0078,,,,False,,False,,2025-09-30,2025-12-31,2,GBDC,15.942
"Carr Riggs & Ingram Capital, LLC",2,GREEN,0,1,1,1,BXSL,Blackstone Credit Advisors,Financial Services,15.94,15.858,0.0052,11/18/2031,,,False,,False,,2025-12-31,2025-12-31,1,BXSL,15.94
"Horizon Avionics Buyer, LLC (dba Acron Aviation)",2,GREEN,0,1,1,1,OBDC,Blue Owl Credit Advisors,Aerospace and defense,15.92,15.922,-0.0001,3/2032,,,False,,False,,2025-12-31,2025-12-31,1,OBDC,15.92
"CHVAC Services Investment, LLC*+",2,GREEN,0,1,1,1,GBDC,GC Advisors,,15.859,16.046,-0.0117,,,,False,,False,,2025-09-30,2025-12-31,2,GBDC,15.859
Money Transfer Acquisition Inc.,2,GREEN,0,1,1,1,TCPC,Tennenbaum Capital Partners (BlackRock),Consumer Finance,15.7886,15.9089,-0.0076,12/14/2027,8.35,,False,,False,,2025-12-31,2025-12-31,1,TCPC,15.7886
"1440 Foods Topco, LLC",2,GREEN,0,1,1,1,OCSL,Oaktree Capital Management,Packaged Foods & Meats,15.747,16.338,-0.0362,10/31/2031,5.0,,False,,False,,2025-09-30,2025-12-31,2,OCSL,15.747
"Bamboo IDE8 Insurance Services, LLC",2,GREEN,0,1,1,1,OCSL,Oaktree Capital Management,Property & Casualty Insurance,15.639,15.758,-0.0076,1/24/2031,5.0,,False,,False,,2025-12-31,2025-12-31,1,OCSL,15.639
"Neptune BidCo, SAS",2,GREEN,0,1,1,1,BXSL,Blackstone Credit Advisors,Real Estate Management & Development,15.613,14.7,0.0621,4/1/2031,,,False,,False,,2025-12-31,2025-12-31,1,BXSL,15.613
A-Lign Assurance LLC,2,GREEN,0,1,1,1,FSK,FS/KKR Advisor,Software & Services,15.6,15.7,-0.0064,,,,False,,False,,2025-09-30,2025-12-31,2,FSK,15.6
"Grid Alliance Partners, LLC",2,GREEN,0,1,1,1,BXSL,Blackstone Credit Advisors,Electric Utilities,15.476,15.436,0.0026,7/1/2032,,,False,,False,,2025-12-31,2025-12-31,1,BXSL,15.476
"Regency Entertainment, Inc.",2,GREEN,0,1,1,1,CGBD,Carlyle Investment Management,"Media: Advertising, Printing & Publishing",15.45,14.714,0.05,6/23/2028,,,False,,False,,2025-09-30,2025-12-31,2,CGBD,15.45
"Indigo Buyer, Inc. (dba Inovar Packaging Group)",2,GREEN,0,1,1,1,OBDC,Blue Owl Credit Advisors,Containers and packaging,15.422,15.291,0.0086,5/2028,,,False,,False,,2025-09-30,2025-12-31,2,OBDC,15.422
"Specialty Pharma III, Inc.",2,GREEN,0,1,1,1,CGBD,Carlyle Investment Management,Healthcare & Pharmaceuticals,15.403,15.403,0.0,12/23/2032,,,False,,False,,2025-09-30,2025-12-31,2,CGBD,15.403
"JOBVITE, Inc. (Employ, Inc.)",2,GREEN,0,1,1,1,TCPC,Tennenbaum Capital Partners (BlackRock),Debt Investments (continued),15.3702,15.4595,-0.0058,8/5/2028,7.5,,False,,False,,2025-12-31,2025-12-31,1,TCPC,15.3702
"Revenue Recovery Holdings, LLC",2,GREEN,0,1,1,1,MAIN,Main Street Capital (internal),,15.36,15.42,-0.0039,7/25/2030,13.0,,False,,False,,2025-09-30,2025-12-31,2,MAIN,15.36
"Freedom Dental Management, Inc. – Term Debt (S + 7.3 %, 11.4 % Cash, Due 6/2030)",2,GREEN,0,1,1,1,GLAD,Gladstone Management Corporation,,15.3,15.0,0.02,,,,False,,False,,2025-12-31,2025-12-31,1,GLAD,15.3
"ESO Solution, Inc.+",2,GREEN,0,1,1,1,GBDC,GC Advisors,Healthcare Technology,15.269,15.29,-0.0014,,,,False,,False,,2025-09-30,2025-12-31,2,GBDC,15.269
"Certus Pest, Inc.+",2,GREEN,0,1,1,1,GBDC,GC Advisors,Diversified Consumer Services,15.206,15.292,-0.0056,,,,False,,False,,2025-09-30,2025-12-31,2,GBDC,15.206
"SCRIPPS SPV LLC (FKA EW Scripps Co/The), Revolver",2,GREEN,0,1,1,1,FSK,FS/KKR Advisor,Media & Entertainment,15.2,15.2,0.0,,,,False,,False,,2025-12-31,2025-12-31,1,FSK,15.2
"Freedom Dental Management, Inc. – Term Debt (S + 9.5 %, 13.2 % Cash, Due 6/2030)",2,GREEN,0,1,1,1,GLAD,Gladstone Management Corporation,,15.15,15.0,0.01,,,,False,,False,,2025-12-31,2025-12-31,1,GLAD,15.15
"Messenger, LLC*+",2,GREEN,0,1,1,1,GBDC,GC Advisors,Paper & Forest Products,15.13,15.117,0.0009,,,,False,,False,,2025-09-30,2025-12-31,2,GBDC,15.13
"AI Altius US Bidco, Inc.",2,GREEN,0,1,1,1,BXSL,Blackstone Credit Advisors,IT Services,15.062,14.926,0.0091,12/21/2028,,,False,,False,,2025-12-31,2025-12-31,1,BXSL,15.062
SIQ Holdings III Corp.,2,GREEN,0,1,1,1,BXSL,Blackstone Credit Advisors,Commercial Services & Supplies (continued),15.01,15.011,-0.0001,12/19/2030,,,False,,False,,2025-12-31,2025-12-31,1,BXSL,15.01
"UPB Acquisition, Inc. – Term Debt (SOFR+ 10.0 %, 14.3 % Cash, Due 7/2026)",2,GREEN,0,1,1,1,GAIN,Gladstone Management Corporation,,15.0,15.0,0.0,,,,False,,False,,2025-12-31,2025-12-31,1,GAIN,15.0
"YE Brands Holdings, LLC",2,GREEN,0,1,1,1,ARCC,Ares Capital Management,,15.0,15.0,0.0,10/2027,8.42,,False,,False,,2025-09-30,2025-12-31,2,ARCC,15.0
"Omeda Holdings, LLC",2,GREEN,0,1,1,1,HTGC,Hercules Capital (internal),Debt Investments,14.972,14.725,0.0168,,8.05,805.0,False,,False,,2025-09-30,2025-12-31,2,HTGC,14.972
"Gloves Buyer, Inc. (dba Protective Industrial Products)",2,GREEN,0,1,1,1,OBDC,Blue Owl Credit Advisors,Manufacturing,14.923,14.894,0.0019,12/2027,,,False,,False,,2025-09-30,2025-12-31,2,OBDC,14.923
"AMCP Clean Acquisition Company, LLC",2,GREEN,0,1,1,1,ARCC,Ares Capital Management,Commercial and Professional Services,14.9,15.0,-0.0067,06/2030,7.94,,False,,False,,2025-12-31,2025-12-31,1,ARCC,14.9
"CDS US Intermediate Holdings Inc, Warrant",2,GREEN,0,1,1,1,FSK,FS/KKR Advisor,Media & Entertainment,14.9,0.0,,,,,False,,False,,2025-09-30,2025-12-31,2,FSK,14.9
"Iron Infinity Buyer Sub, Inc.",2,GREEN,0,1,1,1,CGBD,Carlyle Investment Management,Utilities: Oil & Gas,14.79,14.836,-0.0031,10/16/2032,,,False,,False,,2025-12-31,2025-12-31,1,CGBD,14.79
Scylla DB Ltd.,2,GREEN,0,1,1,1,HTGC,Hercules Capital (internal),Sustainable and Renewable Technology,14.759,14.85,-0.0061,,3.0,300.0,False,,False,,2025-09-30,2025-12-31,2,HTGC,14.759
"Proven Optics, LLC",2,GREEN,0,1,1,1,HTGC,Hercules Capital (internal),Debt Investments,14.726,14.726,0.0,,7.3,730.0,False,,False,,2025-12-31,2025-12-31,1,HTGC,14.726
"Bellwether Buyer, L.L.C. and Bellwether Topco V Buyer, Inc.",2,GREEN,0,1,1,1,ARCC,Ares Capital Management,Insurance,14.7,14.7,0.0,04/2032,8.23,,False,,False,,2025-09-30,2025-12-31,2,ARCC,14.7
Matrix42 Holding GMBH+,2,GREEN,0,1,1,1,GBDC,GC Advisors,,14.668,15.167,-0.0329,,,,False,,False,,2025-09-30,2025-12-31,2,GBDC,14.668
"Crow River Buyer, Inc.+",2,GREEN,0,1,1,1,GBDC,GC Advisors,Healthcare Technology,14.654,14.732,-0.0053,,,,False,,False,,2025-09-30,2025-12-31,2,GBDC,14.654
"Marcone Yellowstone Buyer, Inc.",2,GREEN,0,1,1,1,BXSL,Blackstone Credit Advisors,Distributors,14.544,16.075,-0.0952,6/23/2028,,,False,,False,,2025-12-31,2025-12-31,1,BXSL,14.544
"Team Public Choices, LLC",2,GREEN,0,1,1,1,MAIN,Main Street Capital (internal),,14.522,14.683,-0.011,12/18/2027,9.65,,False,,False,,2025-09-30,2025-12-31,2,MAIN,14.522
"Profile Products, LLC",2,GREEN,0,1,1,1,BXSL,Blackstone Credit Advisors,Paper & Forest Products,14.506,14.728,-0.0151,11/12/2027,,,False,,False,,2025-12-31,2025-12-31,1,BXSL,14.506
"ProcessUnity Holdings, LLC+",2,GREEN,0,1,1,1,GBDC,GC Advisors,,14.403,14.429,-0.0018,,,,False,,False,,2025-09-30,2025-12-31,2,GBDC,14.403
ATAI Life Sciences N.V.,2,GREEN,0,1,1,1,HTGC,Hercules Capital (internal),Drug Discovery & Development,14.385,14.442,-0.0039,,4.3,430.0,False,,False,,2025-09-30,2025-12-31,2,HTGC,14.385
Gainwell Acquisition Corp.,2,GREEN,0,1,1,1,TCPC,Tennenbaum Capital Partners (BlackRock),Health Care Technology,14.3681,15.2299,-0.0566,10/2/2028,8.1,,False,,False,,2025-12-31,2025-12-31,1,TCPC,14.3681
KRIV Acquisition Inc. (dba Riveron),2,GREEN,0,1,1,1,OBDC,Blue Owl Credit Advisors,Financial services,14.363,14.018,0.0246,7/2029,,,False,,False,,2025-09-30,2025-12-31,2,OBDC,14.363
"Unirac Holdings, Inc. – Term Debt (S + 6.5 %, 10.6 % Cash, Due 9/2027)",2,GREEN,0,1,1,1,GLAD,Gladstone Management Corporation,,14.325,14.106,0.0155,,,,False,,False,,2025-12-31,2025-12-31,1,GLAD,14.325
"Hybrid Promotions, LLC",2,GREEN,0,1,1,1,MAIN,Main Street Capital (internal),,14.315,14.4,-0.0059,12/31/2027,12.67,,False,,False,,2025-09-30,2025-12-31,2,MAIN,14.315
"Ushur, Inc.",2,GREEN,0,1,1,1,HTGC,Hercules Capital (internal),,14.289,14.456,-0.0116,,2.2,220.0,False,,False,,2025-09-30,2025-12-31,2,HTGC,14.289
"CVP Holdco, Inc.+",2,GREEN,0,1,1,1,GBDC,GC Advisors,Specialty Retail,14.227,14.358,-0.0091,,,,False,,False,,2025-09-30,2025-12-31,2,GBDC,14.227
"PumpTech, LLC and Impel CV-B, LP",2,GREEN,0,1,1,1,ARCC,Ares Capital Management,,14.2,14.4,-0.0139,01/2031,8.47,,False,,False,,2025-09-30,2025-12-31,2,ARCC,14.2
"Gainsight, Inc.+",2,GREEN,0,1,1,1,GBDC,GC Advisors,,14.194,14.171,0.0016,,,,False,,False,,2025-09-30,2025-12-31,2,GBDC,14.194
"Stellar Brands, LLC+",2,GREEN,0,1,1,1,GBDC,GC Advisors,,14.186,14.284,-0.0069,,,,False,,False,,2025-09-30,2025-12-31,2,GBDC,14.186
"Harrison Hydra-Gen, Ltd.",2,GREEN,0,1,1,1,MAIN,Main Street Capital (internal),,14.09,1.436,8.812,,,,False,,False,,2025-09-30,2025-12-31,2,MAIN,14.09
Ignite Visibility LLC,2,GREEN,0,1,1,1,MAIN,Main Street Capital (internal),,14.067,14.137,-0.005,12/1/2028,8.84,,False,,False,,2025-12-31,2025-12-31,1,MAIN,14.067
"Alector, Inc.",2,GREEN,0,1,1,1,HTGC,Hercules Capital (internal),Drug Discovery & Development,13.985,13.974,0.0008,,1.05,105.0,False,,False,,2025-09-30,2025-12-31,2,HTGC,13.985
ViaSat Inc.,2,GREEN,0,1,1,1,OCSL,Oaktree Capital Management,Communications Equipment,13.984,13.991,-0.0005,5/30/2030,4.5,,False,,False,,2025-09-30,2025-12-31,2,OCSL,13.984
"PPV Intermediate Holdings, LLC*+",2,GREEN,0,1,1,1,GBDC,GC Advisors,,13.953,14.012,-0.0042,,,,False,,False,,2025-09-30,2025-12-31,2,GBDC,13.953
"Aspen Medical Products, LLC*+",2,GREEN,0,1,1,1,GBDC,GC Advisors,Healthcare Equipment & Supplies,13.947,14.007,-0.0043,,,,False,,False,,2025-09-30,2025-12-31,2,GBDC,13.947
"SQ ABS Issuer, LLC",2,GREEN,0,1,1,1,BXSL,Blackstone Credit Advisors,Insurance (continued),13.935,13.867,0.0049,10/20/2039,,,False,,False,,2025-12-31,2025-12-31,1,BXSL,13.935
"Viva Railings, LLC – Term Debt (S + 6.4 %, 10.5 % Cash, Due 5/2027)",2,GREEN,0,1,1,1,GLAD,Gladstone Management Corporation,,13.875,13.875,0.0,,,,False,,False,,2025-12-31,2025-12-31,1,GLAD,13.875
"Mario Midco Holdings, Inc. (dba Len the Plumber)",2,GREEN,0,1,1,1,OBDC,Blue Owl Credit Advisors,Household products,13.863,14.209,-0.0244,4/2032,,,False,,False,,2025-09-30,2025-12-31,2,OBDC,13.863
"Neptune Holdings, Inc.",2,GREEN,0,1,1,1,BXSL,Blackstone Credit Advisors,Health Care Technology (continued),13.761,13.521,0.0178,8/31/2030,,,False,,False,,2025-12-31,2025-12-31,1,BXSL,13.761
FSS Buyer LLC*+,2,GREEN,0,1,1,1,GBDC,GC Advisors,,13.668,13.743,-0.0055,,,,False,,False,,2025-09-30,2025-12-31,2,GBDC,13.668
"Serrano Parent, LLC (Sumo Logic)",2,GREEN,0,1,1,1,TCPC,Tennenbaum Capital Partners (BlackRock),IT Services,13.6111,13.5288,0.0061,5/12/2030,6.5,,False,,False,,2025-09-30,2025-12-31,2,TCPC,13.6111
"Rotation Buyer, LLC",2,GREEN,0,1,1,1,CGBD,Carlyle Investment Management,Capital Equipment,13.575,13.646,-0.0052,12/27/2031,,,False,,False,,2025-09-30,2025-12-31,2,CGBD,13.575
Ennoble Care LLC,2,GREEN,0,1,1,1,HTGC,Hercules Capital (internal),Electronics & Computer Hardware,13.548,13.473,0.0056,,2.6,260.0,False,,False,,2025-09-30,2025-12-31,2,HTGC,13.548
Wedgewood Weddings,2,GREEN,0,1,1,1,FSK,FS/KKR Advisor,Consumer Services,13.5,13.5,0.0,,,,False,,False,,2025-09-30,2025-12-31,2,FSK,13.5
"Barteca Restaurants, LLC*+",2,GREEN,0,1,1,1,GBDC,GC Advisors,,13.487,13.506,-0.0014,,,,False,,False,,2025-09-30,2025-12-31,2,GBDC,13.487
"RD Holdco, Inc. (Rug Doctor) Class C *",2,GREEN,0,1,1,1,SLRC,SLR Capital Partners,Diversified Consumer Services,13.408,10.272,0.3053,,,,False,,False,,2025-12-31,2025-12-31,1,SLRC,13.408
"TWAS Holdings, LLC+",2,GREEN,0,1,1,1,GBDC,GC Advisors,,13.405,13.4,0.0004,,,,False,,False,,2025-09-30,2025-12-31,2,GBDC,13.405
"XIFIN, Inc. and ACP Charger Co-Invest LLC",2,GREEN,0,1,1,1,ARCC,Ares Capital Management,,13.4,5.4,1.4815,,,,False,,False,,2025-09-30,2025-12-31,2,ARCC,13.4
Birsa S.p.A. (Italy),2,GREEN,0,1,1,1,CGBD,Carlyle Investment Management,Healthcare & Pharmaceuticals,13.351,12.589,0.0605,6/30/2031,,,False,,False,,2025-09-30,2025-12-31,2,CGBD,13.351
"Quality Environmental Midco, Inc. – Term Debt ( 12.0 % Cash, 0.8 % PIK, Due 11/2028)",2,GREEN,0,1,1,1,GLAD,Gladstone Management Corporation,,13.269,13.008,0.0201,,,,False,,False,,2025-12-31,2025-12-31,1,GLAD,13.269
"Televerde, LLC",2,GREEN,0,1,1,1,MAIN,Main Street Capital (internal),,13.232,4.016,2.2948,,,,False,,False,,2025-09-30,2025-12-31,2,MAIN,13.232
"American Auto Auction Group, LLC",2,GREEN,0,1,1,1,OCSL,Oaktree Capital Management,Diversified Support Services,13.183,13.11,0.0056,5/28/2032,4.5,,False,,False,,2025-09-30,2025-12-31,2,OCSL,13.183
BNZ TopCo B.V.,2,GREEN,0,1,1,1,ARCC,Ares Capital Management,Independent Power and Renewable Electricity Producers,13.1,11.9,0.1008,10/2030,8.77,,False,,False,,2025-09-30,2025-12-31,2,ARCC,13.1
ADC Therapeutics SA,2,GREEN,0,1,1,1,OCSL,Oaktree Capital Management,Biotechnology,13.067,13.164,-0.0074,8/15/2029,7.5,,False,,False,,2025-09-30,2025-12-31,2,OCSL,13.067
"King Risk Partners, LLC",2,GREEN,0,1,1,1,ARCC,Ares Capital Management,,13.0,13.0,0.0,04/2031,8.22,,False,,False,,2025-09-30,2025-12-31,2,ARCC,13.0
"Benefit Plan Administrators of Eau Claire, LLC*",2,GREEN,0,1,1,1,GBDC,GC Advisors,,12.875,12.94,-0.005,,,,False,,False,,2025-09-30,2025-12-31,2,GBDC,12.875
"CFGI Holdings, LLC",2,GREEN,0,1,1,1,BXSL,Blackstone Credit Advisors,Professional Services,12.837,12.761,0.006,11/2/2027,,,False,,False,,2025-12-31,2025-12-31,1,BXSL,12.837
"IG Investments Holdings, LLC*+",2,GREEN,0,1,1,1,GBDC,GC Advisors,,12.806,12.844,-0.003,,,,False,,False,,2025-09-30,2025-12-31,2,GBDC,12.806
"RF Technologies, LLC – Term Debt (S + 6.3 %, 10.4 % Cash, Due 6/2030)",2,GREEN,0,1,1,1,GLAD,Gladstone Management Corporation,,12.735,12.6,0.0107,,,,False,,False,,2025-12-31,2025-12-31,1,GLAD,12.735
"Ministry Brands Holdings, LLC",2,GREEN,0,1,1,1,OBDC,Blue Owl Credit Advisors,,12.626,12.469,0.0126,12/2027,,,False,,False,,2025-09-30,2025-12-31,2,OBDC,12.626
"Eliassen Group, LLC",2,GREEN,0,1,1,1,CGBD,Carlyle Investment Management,Business Services,12.587,12.778,-0.0149,4/14/2028,,,False,,False,,2025-09-30,2025-12-31,2,CGBD,12.587
"Internet Truckstop Group, LLC*+",2,GREEN,0,1,1,1,GBDC,GC Advisors,Road & Rail,12.505,12.553,-0.0038,,,,False,,False,,2025-09-30,2025-12-31,2,GBDC,12.505
"Kura Oncology, Inc.",2,GREEN,0,1,1,1,HTGC,Hercules Capital (internal),Drug Discovery & Development,12.484,12.522,-0.003,,2.4,240.0,False,,False,,2025-09-30,2025-12-31,2,HTGC,12.484
Clear Channel Outdoor Holdings Inc.,2,GREEN,0,1,1,1,OCSL,Oaktree Capital Management,Advertising,12.469,12.454,0.0012,8/21/2028,4.0,,False,,False,,2025-09-30,2025-12-31,2,OCSL,12.469
"ICIMS, Inc.*+",2,GREEN,0,1,1,1,GBDC,GC Advisors,,12.431,12.478,-0.0038,,,,False,,False,,2025-09-30,2025-12-31,2,GBDC,12.431
"Bingo Group Buyer, Inc.",2,GREEN,0,1,1,1,CGBD,Carlyle Investment Management,Environmental Industries,12.343,12.289,0.0044,7/10/2031,,,False,,False,,2025-09-30,2025-12-31,2,CGBD,12.343
"ThreatConnect, Inc.",2,GREEN,0,1,1,1,HTGC,Hercules Capital (internal),,12.324,12.208,0.0095,,9.15,915.0,False,,False,,2025-09-30,2025-12-31,2,HTGC,12.324
"Teaching Company, The+",2,GREEN,0,1,1,1,GBDC,GC Advisors,,12.29,12.29,0.0,,,,False,,False,,2025-09-30,2025-12-31,2,GBDC,12.29
"SSRG Holdings, LLC*",2,GREEN,0,1,1,1,GBDC,GC Advisors,,12.284,12.376,-0.0074,,,,False,,False,,2025-09-30,2025-12-31,2,GBDC,12.284
"Ginsey Home Solutions, Inc. – Term Debt (SOFR+ 10.0 %, 13.7 % Cash, Due 11/2028)",2,GREEN,0,1,1,1,GAIN,Gladstone Management Corporation,,12.2,12.2,0.0,,,,False,,False,,2025-12-31,2025-12-31,1,GAIN,12.2
PROS Holdings Inc,2,GREEN,0,1,1,1,FSK,FS/KKR Advisor,Software & Services,12.2,12.2,0.0,,,,False,,False,,2025-12-31,2025-12-31,1,FSK,12.2
"OEConnection, LLC*+",2,GREEN,0,1,1,1,GBDC,GC Advisors,Auto Components,12.198,12.249,-0.0042,,,,False,,False,,2025-12-31,2025-12-31,1,GBDC,12.198
B-O-F Corporation,2,GREEN,0,1,1,1,MAIN,Main Street Capital (internal),,12.187,12.183,0.0003,2/3/2030,8.74,,False,,False,,2025-09-30,2025-12-31,2,MAIN,12.187
Optimizely Sweden Holdings AB,2,GREEN,0,1,1,1,OCSL,Oaktree Capital Management,Application Software,12.185,10.78,0.1303,10/30/2031,5.32,,False,,False,,2025-12-31,2025-12-31,1,OCSL,12.185
Silk Holdings III LLC,2,GREEN,0,1,1,1,OCSL,Oaktree Capital Management,Personal Care Products,12.15,12.149,0.0001,12/1/2032,4.49,,False,,False,,2025-12-31,2025-12-31,1,OCSL,12.15
HAH Group Holding Co LLC,2,GREEN,0,1,1,1,OCSL,Oaktree Capital Management,Health Care Services,12.069,12.197,-0.0105,9/17/2031,5.0,,False,,False,,2025-12-31,2025-12-31,1,OCSL,12.069
"Propio LS, LLC",2,GREEN,0,1,1,1,CGBD,Carlyle Investment Management,Healthcare & Pharmaceuticals,12.069,12.028,0.0034,5/12/2030,,,False,,False,,2025-09-30,2025-12-31,2,CGBD,12.069
"Acquia, Inc.*+",2,GREEN,0,1,1,1,GBDC,GC Advisors,IT Services,12.009,12.02,-0.0009,,,,False,,False,,2025-09-30,2025-12-31,2,GBDC,12.009
"Bayside HoldCo, LLC",2,GREEN,0,1,1,1,CGBD,Carlyle Investment Management,Healthcare & Pharmaceuticals,12.008,0.012,999.6667,,,,False,,False,,2025-12-31,2025-12-31,1,CGBD,12.008
"Storable, Inc. and EQT IX Co-Investment SCSP",2,GREEN,0,1,1,1,ARCC,Ares Capital Management,,12.0,0.0,,,,,False,,False,,2025-09-30,2025-12-31,2,ARCC,12.0
"Zero Case Holding Inc. – Term Debt (S + 6.4 %, 10.5 % Cash, Due 7/2030)",2,GREEN,0,1,1,1,GLAD,Gladstone Management Corporation,,12.0,12.0,0.0,,,,False,,False,,2025-09-30,2025-12-31,2,GLAD,12.0
Essential Services Holdings Corporation+,2,GREEN,0,1,1,1,GBDC,GC Advisors,Industrial Conglomerates,11.955,12.069,-0.0094,,,,False,,False,,2025-09-30,2025-12-31,2,GBDC,11.955
"Zero Case Holding Inc. – Term Debt (S + 6.4 %, 10.1 % Cash, Due 7/2030)",2,GREEN,0,1,1,1,GLAD,Gladstone Management Corporation,,11.941,12.0,-0.0049,,,,False,,False,,2025-12-31,2025-12-31,1,GLAD,11.941
"ShadowDragon, LLC",2,GREEN,0,1,1,1,HTGC,Hercules Capital (internal),Debt Investments,11.911,11.876,0.0029,,8.83,883.5,False,,False,,2025-09-30,2025-12-31,2,HTGC,11.911
"J.S. Held Holdings, LLC+",2,GREEN,0,1,1,1,GBDC,GC Advisors,Insurance,11.907,12.043,-0.0113,,,,False,,False,,2025-09-30,2025-12-31,2,GBDC,11.907
Lsf12 Crown US Commercial Bidco LLC,2,GREEN,0,1,1,1,OCSL,Oaktree Capital Management,Building Products,11.887,11.716,0.0146,12/2/2031,3.5,,False,,False,,2025-09-30,2025-12-31,2,OCSL,11.887
"KENE Acquisition, Inc. (dba Entrust Solutions Group)",2,GREEN,0,1,1,1,OBDC,Blue Owl Credit Advisors,Infrastructure and environmental services,11.866,11.771,0.0081,2/2031,,,False,,False,,2025-09-30,2025-12-31,2,OBDC,11.866
Inmar Inc.,2,GREEN,0,1,1,1,OCSL,Oaktree Capital Management,Application Software,11.851,11.925,-0.0062,10/30/2031,4.5,,False,,False,,2025-09-30,2025-12-31,2,OCSL,11.851
"Barracuda Networks, Inc.",2,GREEN,0,1,1,1,OBDC,Blue Owl Credit Advisors,Internet software and services,11.807,11.934,-0.0106,8/2029,,,False,,False,,2025-09-30,2025-12-31,2,OBDC,11.807
Peaches Holding Corporation,2,GREEN,0,1,1,1,MAIN,Main Street Capital (internal),,11.761,7.221,0.6287,,,,False,,False,,2025-09-30,2025-12-31,2,MAIN,11.761
"Personify, Inc.*",2,GREEN,0,1,1,1,GBDC,GC Advisors,,11.707,11.769,-0.0053,,,,False,,False,,2025-09-30,2025-12-31,2,GBDC,11.707
Subtotal: System Software ( 0.59 %)*,2,GREEN,0,1,1,1,HTGC,Hercules Capital (internal),,11.674,10.767,0.0842,,,,False,,False,,2025-12-31,2025-12-31,1,HTGC,11.674
Thunder Topco L.P. (dba Vector Solutions),2,GREEN,0,1,1,1,OBDC,Blue Owl Credit Advisors,Internet software and services,11.656,10.154,0.1479,,,,False,,False,,2025-09-30,2025-12-31,2,OBDC,11.656
"Torrent Photonics Holdco LLC – Term Debt (S + 9.5 %, 13.6 % Cash, Due 4/2027)",2,GREEN,0,1,1,1,GLAD,Gladstone Management Corporation,,11.645,11.529,0.0101,,,,False,,False,,2025-12-31,2025-12-31,1,GLAD,11.645
"Burning Glass Intermediate Holdings Company, Inc.*+",2,GREEN,0,1,1,1,GBDC,GC Advisors,Software,11.636,11.67,-0.0029,,,,False,,False,,2025-12-31,2025-12-31,1,GBDC,11.636
"e-Discovery Acquireco, LLC (Reveal)",2,GREEN,0,1,1,1,TCPC,Tennenbaum Capital Partners (BlackRock),Internet Software and Services,11.564,10.9468,0.0564,8/23/2029,6.25,,False,,False,,2025-09-30,2025-12-31,2,TCPC,11.564
"Evolution Parent, LP (dba SIAA)",2,GREEN,0,1,1,1,OBDC,Blue Owl Credit Advisors,Insurance,11.559,9.563,0.2087,,,,False,,False,,2025-09-30,2025-12-31,2,OBDC,11.559
IVCE US LLC,2,GREEN,0,1,1,1,OCSL,Oaktree Capital Management,Health Care Facilities,11.53,11.515,0.0013,12/12/2028,3.75,,False,,False,,2025-09-30,2025-12-31,2,OCSL,11.53
"AP Adhesives Holdings, LLC+",2,GREEN,0,1,1,1,GBDC,GC Advisors,Chemicals,11.52,11.586,-0.0057,,,,False,,False,,2025-09-30,2025-12-31,2,GBDC,11.52
"Acumatica Holdings, Inc.",2,GREEN,0,1,1,1,BXSL,Blackstone Credit Advisors,Software,11.486,11.613,-0.0109,7/28/2032,,,False,,False,,2025-12-31,2025-12-31,1,BXSL,11.486
"Doit International, Ltd.",2,GREEN,0,1,1,1,BXSL,Blackstone Credit Advisors,Software (continued),11.432,11.261,0.0152,11/26/2029,,,False,,False,,2025-12-31,2025-12-31,1,BXSL,11.432
Bond Lux HoldCo S.à r.l.,2,GREEN,0,1,1,1,BXSL,Blackstone Credit Advisors,Software,11.35,9.838,0.1537,9/27/2032,,,False,,False,,2025-12-31,2025-12-31,1,BXSL,11.35
Delinea Inc.+,2,GREEN,0,1,1,1,GBDC,GC Advisors,,11.346,11.356,-0.0009,,,,False,,False,,2025-09-30,2025-12-31,2,GBDC,11.346
Gymspa (France),2,GREEN,0,1,1,1,CGBD,Carlyle Investment Management,Leisure Products & Services,11.343,10.606,0.0695,5/14/2031,,,False,,False,,2025-09-30,2025-12-31,2,CGBD,11.343
"Druva Holdings, Inc.",2,GREEN,0,1,1,1,HTGC,Hercules Capital (internal),,11.332,2.6,3.3585,,,,False,,False,,2025-09-30,2025-12-31,2,HTGC,11.332
Orthrus Limited (United Kingdom),2,GREEN,0,1,1,1,CGBD,Carlyle Investment Management,Diversified Financial Services,11.324,11.245,0.007,12/4/2031,,,False,,False,,2025-09-30,2025-12-31,2,CGBD,11.324
Cliffwater LLC,2,GREEN,0,1,1,1,CGBD,Carlyle Investment Management,Diversified Financial Services,11.31,11.187,0.011,4/22/2032,,,False,,False,,2025-09-30,2025-12-31,2,CGBD,11.31
"Gloves Holdings, LP (dba Protective Industrial Products)",2,GREEN,0,1,1,1,OBDC,Blue Owl Credit Advisors,Manufacturing,11.302,8.645,0.3073,,,,False,,False,,2025-09-30,2025-12-31,2,OBDC,11.302
"Echo Purchaser, Inc.",2,GREEN,0,1,1,1,ARCC,Ares Capital Management,,11.3,11.3,0.0,11/2029,9.22,,False,,False,,2025-09-30,2025-12-31,2,ARCC,11.3
"The Chartis Group, LLC",2,GREEN,0,1,1,1,CGBD,Carlyle Investment Management,Healthcare & Pharmaceuticals,11.223,11.007,0.0196,9/17/2031,,,False,,False,,2025-09-30,2025-12-31,2,CGBD,11.223
PAM Bidco Limited (United Kingdom),2,GREEN,0,1,1,1,CGBD,Carlyle Investment Management,Utilities: Water,11.216,10.917,0.0274,10/29/2031,,,False,,False,,2025-09-30,2025-12-31,2,CGBD,11.216
"Belong Health, Inc.",2,GREEN,0,1,1,1,HTGC,Hercules Capital (internal),Electronics & Computer Hardware,11.188,11.35,-0.0143,,2.25,225.0,False,,False,,2025-12-31,2025-12-31,1,HTGC,11.188
KnowBe4 Inc.,2,GREEN,0,1,1,1,OCSL,Oaktree Capital Management,Systems Software,11.023,11.08,-0.0051,7/23/2032,3.75,,False,,False,,2025-09-30,2025-12-31,2,OCSL,11.023
"Consor Intermediate II, LLC*+",2,GREEN,0,1,1,1,GBDC,GC Advisors,Construction & Engineering,11.016,11.01,0.0005,,,,False,,False,,2025-09-30,2025-12-31,2,GBDC,11.016
"UPB Acquisition, Inc. – Term Debt (SOFR+ 10.0 %, 13.7 % Cash, Due 7/2028)",2,GREEN,0,1,1,1,GAIN,Gladstone Management Corporation,,11.0,11.0,0.0,,,,False,,False,,2025-12-31,2025-12-31,1,GAIN,11.0
Varinem German Midco GMBH+,2,GREEN,0,1,1,1,GBDC,GC Advisors,,10.999,11.922,-0.0774,,,,False,,False,,2025-09-30,2025-12-31,2,GBDC,10.999
"SCP Eye Care HoldCo, LLC",2,GREEN,0,1,1,1,CGBD,Carlyle Investment Management,Healthcare & Pharmaceuticals,10.912,10.941,-0.0027,10/7/2029,,,False,,False,,2025-09-30,2025-12-31,2,CGBD,10.912
"HFS Matterhorn Topco, Inc.",2,GREEN,0,1,1,1,OBDC,Blue Owl Credit Advisors,Food and beverage,10.875,0.0,,,,,False,,False,,2025-09-30,2025-12-31,2,OBDC,10.875
"AI Titan Parent, Inc.+",2,GREEN,0,1,1,1,GBDC,GC Advisors,Machinery,10.874,10.97,-0.0088,,,,False,,False,,2025-09-30,2025-12-31,2,GBDC,10.874
"PSC Parent, Inc.*+",2,GREEN,0,1,1,1,GBDC,GC Advisors,,10.87,10.887,-0.0016,,,,False,,False,,2025-09-30,2025-12-31,2,GBDC,10.87
"COP Hometown Acquisitions, Inc.*+",2,GREEN,0,1,1,1,GBDC,GC Advisors,,10.841,10.882,-0.0038,,,,False,,False,,2025-09-30,2025-12-31,2,GBDC,10.841
5.95 %,2,GREEN,0,1,1,1,OBDC,Blue Owl Credit Advisors,,10.83,4.42,1.4502,2/15/2029,,,False,,False,,2025-09-30,2025-12-31,2,OBDC,10.83
"Crewline Buyer, Inc.+",2,GREEN,0,1,1,1,GBDC,GC Advisors,,10.829,10.857,-0.0026,,,,False,,False,,2025-09-30,2025-12-31,2,GBDC,10.829
TMS International Corp,2,GREEN,0,1,1,1,OCSL,Oaktree Capital Management,Diversified Support Services,10.829,10.828,0.0001,3/2/2030,3.5,,False,,False,,2025-09-30,2025-12-31,2,OCSL,10.829
"UnionRock Energy Fund III, LP",2,GREEN,0,1,1,1,MAIN,Main Street Capital (internal),,10.777,9.359,0.1515,,,,False,,False,,2025-09-30,2025-12-31,2,MAIN,10.777
"Wings ‘N More Restaurants LLC – Term Debt (S + 6.8 %, 10.9 % Cash, Due 11/2029)",2,GREEN,0,1,1,1,GLAD,Gladstone Management Corporation,,10.71,10.5,0.02,,,,False,,False,,2025-12-31,2025-12-31,1,GLAD,10.71
"Comar Aggregator Co, LLC",2,GREEN,0,1,1,1,CGBD,Carlyle Investment Management,"Containers, Packaging & Glass",10.674,0.021,507.2857,,,,False,,False,,2025-12-31,2025-12-31,1,CGBD,10.674
HS Spa Holdings Inc.,2,GREEN,0,1,1,1,CGBD,Carlyle Investment Management,Consumer Services,10.649,10.789,-0.013,6/2/2029,,,False,,False,,2025-09-30,2025-12-31,2,CGBD,10.649
"Purge Rite, LLC",2,GREEN,0,1,1,1,MAIN,Main Street Capital (internal),,10.616,6.562,0.6178,,,,False,,False,,2025-09-30,2025-12-31,2,MAIN,10.616
"Certus Pest, Inc.*",2,GREEN,0,1,1,1,GBDC,GC Advisors,Diversified Consumer Services,10.541,10.588,-0.0044,,,,False,,False,,2025-09-30,2025-12-31,2,GBDC,10.541
"Consor Intermediate II, LLC",2,GREEN,0,1,1,1,BXSL,Blackstone Credit Advisors,Construction & Engineering,10.508,10.514,-0.0006,5/10/2031,,,False,,False,,2025-12-31,2025-12-31,1,BXSL,10.508
"Flint OpCo, LLC",2,GREEN,0,1,1,1,ARCC,Ares Capital Management,,10.5,10.5,0.0,08/2030,8.58,,False,,False,,2025-09-30,2025-12-31,2,ARCC,10.5
"Sail Bidco, Ltd.",2,GREEN,0,1,1,1,BXSL,Blackstone Credit Advisors,Insurance (continued),10.493,8.01,0.31,11/5/2032,,,False,,False,,2025-12-31,2025-12-31,1,BXSL,10.493
"Bynder BidCo, Inc.& Bynder BidCo B.V.+",2,GREEN,0,1,1,1,GBDC,GC Advisors,,10.464,10.536,-0.0068,,,,False,,False,,2025-09-30,2025-12-31,2,GBDC,10.464
Astro Acquisition LLC,2,GREEN,0,1,1,1,OCSL,Oaktree Capital Management,Industrial Machinery & Supplies & Components,10.443,10.343,0.0097,8/30/2032,3.25,,False,,False,,2025-09-30,2025-12-31,2,OCSL,10.443
"PMA Parent Holdings, LLC",2,GREEN,0,1,1,1,TCPC,Tennenbaum Capital Partners (BlackRock),Capital Markets,10.4341,9.9729,0.0462,1/31/2031,5.0,,False,,False,,2025-09-30,2025-12-31,2,TCPC,10.4341
"Azureon, LLC",2,GREEN,0,1,1,1,PNNT,PennantPark Investment Advisers,Diversified Conglomerate Service,10.428,11.376,-0.0833,06/26/2029,,,False,,False,,2025-09-30,2025-12-31,2,PNNT,10.428
"Altumint, Inc.",2,GREEN,0,1,1,1,HTGC,Hercules Capital (internal),Consumer & Business Services,10.424,10.169,0.0251,,3.65,365.0,False,,False,,2025-09-30,2025-12-31,2,HTGC,10.424
Boots Group Finco LP,2,GREEN,0,1,1,1,OCSL,Oaktree Capital Management,Food Retail,10.405,10.401,0.0004,8/29/2032,3.5,,False,,False,,2025-09-30,2025-12-31,2,OCSL,10.405
"Lightbeam Bidco, Inc.",2,GREEN,0,1,1,1,ARCC,Ares Capital Management,,10.4,10.4,0.0,05/2029,8.63,,False,,False,,2025-09-30,2025-12-31,2,ARCC,10.4
DG Investment Intermediate Holdings 2 Inc.,2,GREEN,0,1,1,1,OCSL,Oaktree Capital Management,Security & Alarm Services,10.393,10.376,0.0016,7/9/2032,3.75,,False,,False,,2025-09-30,2025-12-31,2,OCSL,10.393
"bswift, LLC+",2,GREEN,0,1,1,1,GBDC,GC Advisors,Professional Services,10.381,10.424,-0.0041,,,,False,,False,,2025-09-30,2025-12-31,2,GBDC,10.381
"MRI Software, LLC+",2,GREEN,0,1,1,1,GBDC,GC Advisors,Real Estate Management & Development,10.367,10.436,-0.0066,,,,False,,False,,2025-09-30,2025-12-31,2,GBDC,10.367
Caerus Midco 3 S.A.R.L.+,2,GREEN,0,1,1,1,GBDC,GC Advisors,Pharmaceuticals,10.366,10.404,-0.0037,,,,False,,False,,2025-09-30,2025-12-31,2,GBDC,10.366
Subtotal: System Software ( 0.47 %)*,2,GREEN,0,1,1,1,HTGC,Hercules Capital (internal),,10.316,8.487,0.2155,,,,False,,False,,2025-12-31,2025-12-31,1,HTGC,10.316
"Litera Bidco, LLC*",2,GREEN,0,1,1,1,GBDC,GC Advisors,,10.301,10.285,0.0016,,,,False,,False,,2025-09-30,2025-12-31,2,GBDC,10.301
"G702 Buyer, Inc.",2,GREEN,0,1,1,1,ARCC,Ares Capital Management,,10.3,10.5,-0.019,07/2031,8.42,,False,,False,,2025-09-30,2025-12-31,2,ARCC,10.3
Motor Vehicle Software Corporation,2,GREEN,0,1,1,1,ARCC,Ares Capital Management,,10.3,10.3,0.0,01/2032,8.17,,False,,False,,2025-09-30,2025-12-31,2,ARCC,10.3
Signet Marine Corporation,2,GREEN,0,1,1,1,SLRC,SLR Capital Partners,Transportation Infrastructure,10.291,10.319,-0.0027,6/1/2029,8.5,,False,,False,,2025-09-30,2025-12-31,2,SLRC,10.291
"Perseus Bidco US, Inc.",2,GREEN,0,1,1,1,BXSL,Blackstone Credit Advisors,Pharmaceuticals,10.276,10.29,-0.0014,8/13/2032,,,False,,False,,2025-12-31,2025-12-31,1,BXSL,10.276
"Edmunds Govtech, Inc.",2,GREEN,0,1,1,1,ARCC,Ares Capital Management,,10.2,10.2,0.0,02/2030,8.25,,False,,False,,2025-09-30,2025-12-31,2,ARCC,10.2
"OEConnection, LLC*",2,GREEN,0,1,1,1,GBDC,GC Advisors,Auto Components,10.147,10.185,-0.0037,,,,False,,False,,2025-09-30,2025-12-31,2,GBDC,10.147
"DroneDeploy, Inc.",2,GREEN,0,1,1,1,HTGC,Hercules Capital (internal),Warrant Investments,10.131,9.811,0.0326,,2.45,245.0,False,,False,,2025-09-30,2025-12-31,2,HTGC,10.131
"TetraScience, Inc.",2,GREEN,0,1,1,1,TPVG,TriplePoint Advisers,Database Software,10.114,10.094,0.002,,,,False,,False,,2025-09-30,2025-12-31,2,TPVG,10.114
"AA Acquisition Aggregator, LLC (AutoAlert)",2,GREEN,0,1,1,1,TCPC,Tennenbaum Capital Partners (BlackRock),Automobiles,10.064,1.0804,8.3151,,,,False,,False,,2025-12-31,2025-12-31,1,TCPC,10.064
Tecta America Corp,2,GREEN,0,1,1,1,OCSL,Oaktree Capital Management,Construction & Engineering,10.012,9.985,0.0027,2/18/2032,2.88,,False,,False,,2025-09-30,2025-12-31,2,OCSL,10.012
"Alsay Incorporated – Term Debt ( 12.8 % Cash, Due 12/2030)",2,GREEN,0,1,1,1,GLAD,Gladstone Management Corporation,,10.0,10.0,0.0,,,,False,,False,,2025-09-30,2025-12-31,2,GLAD,10.0
Excelitas Technologies Corp.*+,2,GREEN,0,1,1,1,GBDC,GC Advisors,Industrial Conglomerates,9.974,10.022,-0.0048,,,,False,,False,,2025-12-31,2025-12-31,1,GBDC,9.974
"Octave Health Group, Inc.",2,GREEN,0,1,1,1,HTGC,Hercules Capital (internal),Electronics & Computer Hardware,9.943,9.936,0.0007,,2.7,270.0,False,,False,,2025-12-31,2025-12-31,1,HTGC,9.943
"Verde Purchaser, LLC",2,GREEN,0,1,1,1,OCSL,Oaktree Capital Management,Trading Companies & Distributors,9.901,9.97,-0.0069,11/30/2030,4.0,,False,,False,,2025-09-30,2025-12-31,2,OCSL,9.901
Akeyless Security Ltd.,2,GREEN,0,1,1,1,HTGC,Hercules Capital (internal),Sustainable and Renewable Technology,9.895,9.916,-0.0021,,4.0,400.0,False,,False,,2025-09-30,2025-12-31,2,HTGC,9.895
"Trinity Partners Holdings, LLC",2,GREEN,0,1,1,1,BXSL,Blackstone Credit Advisors,Professional Services (continued),9.84,9.747,0.0095,12/21/2028,,,False,,False,,2025-12-31,2025-12-31,1,BXSL,9.84
"Benefit Plan Administrators of Eau Claire, LLC+",2,GREEN,0,1,1,1,GBDC,GC Advisors,,9.824,9.925,-0.0102,,,,False,,False,,2025-09-30,2025-12-31,2,GBDC,9.824
New Look Corporation and New Look Vision Group Inc. *+,2,GREEN,0,1,1,1,GBDC,GC Advisors,,9.776,9.903,-0.0128,,,,False,,False,,2025-09-30,2025-12-31,2,GBDC,9.776
"Magnesium BorrowerCo, Inc.",2,GREEN,0,1,1,1,BXSL,Blackstone Credit Advisors,Software (continued),9.77,9.047,0.0799,5/18/2029,,,False,,False,,2025-12-31,2025-12-31,1,BXSL,9.77
Trinity Air Consultants Holdings Corporation+,2,GREEN,0,1,1,1,GBDC,GC Advisors,,9.767,9.813,-0.0047,,,,False,,False,,2025-09-30,2025-12-31,2,GBDC,9.767
"HuFriedy Group Acquisition, LLC+",2,GREEN,0,1,1,1,GBDC,GC Advisors,,9.745,9.84,-0.0097,,,,False,,False,,2025-09-30,2025-12-31,2,GBDC,9.745
"Tectonic Financial, LLC",2,GREEN,0,1,1,1,MAIN,Main Street Capital (internal),,9.72,4.0,1.43,,,,False,,False,,2025-09-30,2025-12-31,2,MAIN,9.72
Connect Finco SARL,2,GREEN,0,1,1,1,OCSL,Oaktree Capital Management,Alternative Carriers,9.679,9.746,-0.0069,9/27/2029,4.5,,False,,False,,2025-12-31,2025-12-31,1,OCSL,9.679
"Project Hotel California Co-Invest Fund, L.P.",2,GREEN,0,1,1,1,OBDC,Blue Owl Credit Advisors,Internet software and services,9.647,6.869,0.4044,,,,False,,False,,2025-09-30,2025-12-31,2,OBDC,9.647
"Victory Buyer, LLC",2,GREEN,0,1,1,1,BXSL,Blackstone Credit Advisors,Machinery,9.619,9.572,0.0049,11/19/2029,,,False,,False,,2025-12-31,2025-12-31,1,BXSL,9.619
Fixed 7.1 %,2,GREEN,0,1,1,1,OCSL,Oaktree Capital Management,,9.605,0.0,,2/15/2029,,,False,,False,,2025-09-30,2025-12-31,2,OCSL,9.605
"Smiley Lifting Solutions, LLC",2,GREEN,0,1,1,1,SLRC,SLR Capital Partners,Commercial Services & Supplies,9.577,9.577,0.0,,8.61,,False,,False,,2025-09-30,2025-12-31,2,SLRC,9.577
Vienna Bidco Limited (United Kingdom),2,GREEN,0,1,1,1,CGBD,Carlyle Investment Management,Healthcare & Pharmaceuticals,9.571,9.513,0.0061,8/20/2030,,,False,,False,,2025-09-30,2025-12-31,2,CGBD,9.571
"Brown & Settle, Inc.",2,GREEN,0,1,1,1,TCPC,Tennenbaum Capital Partners (BlackRock),Construction and Engineering,9.5554,9.2622,0.0317,5/16/2030,6.25,,False,,False,,2025-12-31,2025-12-31,1,TCPC,9.5554
"Sun State Nursery and Landscaping, LLC – Term Debt (SOFR+ 9.0 %, 13.5 % Cash, Due 5/2030)",2,GREEN,0,1,1,1,GAIN,Gladstone Management Corporation,,9.52,9.52,0.0,,,,False,,False,,2025-09-30,2025-12-31,2,GAIN,9.52
Netwrix Corporation*+,2,GREEN,0,1,1,1,GBDC,GC Advisors,,9.519,9.517,0.0002,,,,False,,False,,2025-09-30,2025-12-31,2,GBDC,9.519
Cyncly Refinancing,2,GREEN,0,1,1,1,FSK,FS/KKR Advisor,Software & Services,9.5,9.5,0.0,,,,False,,False,,2025-09-30,2025-12-31,2,FSK,9.5
"Verona Pharma, Inc.",2,GREEN,0,1,1,1,OCSL,Oaktree Capital Management,Pharmaceuticals,9.456,9.005,0.0501,5/9/2029,,,False,,False,,2025-09-30,2025-12-31,2,OCSL,9.456
"Atlas US Finco, Inc.",2,GREEN,0,1,1,1,CGBD,Carlyle Investment Management,High Tech Industries,9.451,9.26,0.0206,12/10/2029,,,False,,False,,2025-09-30,2025-12-31,2,CGBD,9.451
"Monica Holdco (US), Inc.",2,GREEN,0,1,1,1,ARCC,Ares Capital Management,,9.4,9.4,0.0,07/2030,9.03,,False,,False,,2025-09-30,2025-12-31,2,ARCC,9.4
Wellington-Altus Financial Inc.,2,GREEN,0,1,1,1,ARCC,Ares Capital Management,,9.4,6.8,0.3824,08/2030,7.55,,False,,False,,2025-09-30,2025-12-31,2,ARCC,9.4
SynOx Therapeutics Limited,2,GREEN,0,1,1,1,HTGC,Hercules Capital (internal),Drug Discovery & Development,9.379,9.272,0.0115,,1.4,140.0,False,,False,,2025-09-30,2025-12-31,2,HTGC,9.379
"Alvogen Pharma US, Inc.",2,GREEN,0,1,1,1,OCSL,Oaktree Capital Management,Pharmaceuticals,9.34,9.336,0.0004,3/1/2029,10.5,,False,,False,,2025-09-30,2025-12-31,2,OCSL,9.34
"Lightbeam Bidco, Inc. (dba Lazer Spot)",2,GREEN,0,1,1,1,OBDC,Blue Owl Credit Advisors,Transportation,9.266,9.264,0.0002,5/2030,,,False,,False,,2025-09-30,2025-12-31,2,OBDC,9.266
"Lucky US BuyerCo, LLC (Global Payments)",2,GREEN,0,1,1,1,TCPC,Tennenbaum Capital Partners (BlackRock),Consumer Finance,9.178,9.0563,0.0134,3/30/2029,7.5,,False,,False,,2025-12-31,2025-12-31,1,TCPC,9.178
Nscale Global Holdings Limited,2,GREEN,0,1,1,1,OBDC,Blue Owl Credit Advisors,Internet software and services,9.171,9.171,0.0,,,,False,,False,,2025-09-30,2025-12-31,2,OBDC,9.171
"Evergreen IX Borrower 2023, LLC+",2,GREEN,0,1,1,1,GBDC,GC Advisors,,9.146,9.284,-0.0149,,,,False,,False,,2025-09-30,2025-12-31,2,GBDC,9.146
AmpersCap LLC,2,GREEN,0,1,1,1,CGBD,Carlyle Investment Management,Diversified Financial Services,9.143,9.378,-0.0251,12/17/2032,,,False,,False,,2025-09-30,2025-12-31,2,CGBD,9.143
Olaplex Inc.,2,GREEN,0,1,1,1,OCSL,Oaktree Capital Management,Personal Care Products,9.084,9.072,0.0013,2/23/2029,3.75,,False,,False,,2025-09-30,2025-12-31,2,OCSL,9.084
"Bradyifs Holdings, LLC",2,GREEN,0,1,1,1,CGBD,Carlyle Investment Management,Wholesale,9.027,8.839,0.0213,10/31/2029,,,False,,False,,2025-09-30,2025-12-31,2,CGBD,9.027
Trugreen LP,2,GREEN,0,1,1,1,OCSL,Oaktree Capital Management,Environmental & Facilities Services,8.913,8.928,-0.0017,11/2/2027,4.0,,False,,False,,2025-09-30,2025-12-31,2,OCSL,8.913
"Coupa Holdings, LLC and Coupa Software Incorporated",2,GREEN,0,1,1,1,ARCC,Ares Capital Management,,8.9,8.9,0.0,02/2030,9.09,,False,,False,,2025-09-30,2025-12-31,2,ARCC,8.9
"UnionRock Energy Fund II, LP",2,GREEN,0,1,1,1,MAIN,Main Street Capital (internal),,8.896,5.828,0.5264,,,,False,,False,,2025-09-30,2025-12-31,2,MAIN,8.896
"Einstein Parent, Inc.+",2,GREEN,0,1,1,1,GBDC,GC Advisors,,8.894,9.063,-0.0186,,,,False,,False,,2025-09-30,2025-12-31,2,GBDC,8.894
"Natural Partners, LLC",2,GREEN,0,1,1,1,OBDC,Blue Owl Credit Advisors,,8.885,8.771,0.013,11/2027,,,False,,False,,2025-09-30,2025-12-31,2,OBDC,8.885
"Kleinfelder Intermediate, LLC+",2,GREEN,0,1,1,1,GBDC,GC Advisors,Commercial Services & Supplies,8.867,9.053,-0.0205,,,,False,,False,,2025-09-30,2025-12-31,2,GBDC,8.867
"Kid Distro Holdings, LLC",2,GREEN,0,1,1,1,SLRC,SLR Capital Partners,Software,8.848,8.848,0.0,,,,False,,False,,2025-09-30,2025-12-31,2,SLRC,8.848
Secure Acquisition Inc.,2,GREEN,0,1,1,1,OCSL,Oaktree Capital Management,Paper & Plastic Packaging Products & Materials,8.837,8.771,0.0075,12/16/2028,3.75,,False,,False,,2025-09-30,2025-12-31,2,OCSL,8.837
Conergy Asia Holdings Limited (United Kingdom),2,GREEN,0,1,1,1,TCPC,Tennenbaum Capital Partners (BlackRock),Electric Utilities,8.8333,6.3189,0.3979,,,,False,,False,,2025-12-31,2025-12-31,1,TCPC,8.8333
Infostretch Corporation,2,GREEN,0,1,1,1,BXSL,Blackstone Credit Advisors,IT Services,8.804,9.611,-0.084,4/1/2028,,,False,,False,,2025-12-31,2025-12-31,1,BXSL,8.804
"Defiance Integrated Technologies, Inc. – Term Debt (S + 9.6 %, 13.7 % Cash, Due 1/2027)",2,GREEN,0,1,1,1,GLAD,Gladstone Management Corporation,,8.792,8.792,0.0,,,,False,,False,,2025-09-30,2025-12-31,2,GLAD,8.792
Themis Solutions Inc. (dba Clio),2,GREEN,0,1,1,1,OBDC,Blue Owl Credit Advisors,,8.719,8.722,-0.0003,10/2032,,,False,,False,,2025-12-31,2025-12-31,1,OBDC,8.719
"Clearstead Advisors, LLC",2,GREEN,0,1,1,1,ARCC,Ares Capital Management,Financial Services,8.7,8.7,0.0,02/2028,8.23,,False,,False,,2025-09-30,2025-12-31,2,ARCC,8.7
"Triple Lift, Inc.*+",2,GREEN,0,1,1,1,GBDC,GC Advisors,Media,8.627,8.742,-0.0132,,,,False,,False,,2025-09-30,2025-12-31,2,GBDC,8.627
"PS Op Holdings LLC (fka QC Supply, LLC)",2,GREEN,0,1,1,1,OBDC,Blue Owl Credit Advisors,Distribution,8.6,4.3,1.0,,,,False,,False,,2025-09-30,2025-12-31,2,OBDC,8.6
Beren Therapeutics P.B.C.,2,GREEN,0,1,1,1,HTGC,Hercules Capital (internal),Drug Discovery & Development,8.588,8.573,0.0017,,2.45,245.0,False,,False,,2025-12-31,2025-12-31,1,HTGC,8.588
"Bynder Bidco, Inc. (Netherlands)",2,GREEN,0,1,1,1,TCPC,Tennenbaum Capital Partners (BlackRock),Internet Software and Services,8.5789,8.3396,0.0287,1/26/2029,6.0,,False,,False,,2025-09-30,2025-12-31,2,TCPC,8.5789
"AI Titan Parent, Inc. (dba Prometheus Group)",2,GREEN,0,1,1,1,OBDC,Blue Owl Credit Advisors,Internet software and services,8.549,8.444,0.0124,8/2031,,,False,,False,,2025-09-30,2025-12-31,2,OBDC,8.549
"Thunder Purchaser, Inc. (Vector Solutions)",2,GREEN,0,1,1,1,TCPC,Tennenbaum Capital Partners (BlackRock),Debt Investments (continued),8.5345,8.4913,0.0051,6/30/2028,5.36,,False,,False,,2025-09-30,2025-12-31,2,TCPC,8.5345
"AAH TOPCO, LLC *+",2,GREEN,0,1,1,1,GBDC,GC Advisors,Healthcare Providers & Services,8.529,8.56,-0.0036,,,,False,,False,,2025-09-30,2025-12-31,2,GBDC,8.529
Chronicle Parent LLC (Lexitas),2,GREEN,0,1,1,1,TCPC,Tennenbaum Capital Partners (BlackRock),Professional Services,8.5264,8.421,0.0125,4/15/2031,5.0,,False,,False,,2025-09-30,2025-12-31,2,TCPC,8.5264
"KPCI Co-Invest 2, L.P.",2,GREEN,0,1,1,1,OBDC,Blue Owl Credit Advisors,Healthcare equipment and services,8.516,8.516,0.0,,,,False,,False,,2025-12-31,2025-12-31,1,OBDC,8.516
"CCSL Holdings, LLC*+",2,GREEN,0,1,1,1,GBDC,GC Advisors,Healthcare Equipment & Supplies,8.475,8.483,-0.0009,,,,False,,False,,2025-09-30,2025-12-31,2,GBDC,8.475
"Watermill Express, LLC+",2,GREEN,0,1,1,1,GBDC,GC Advisors,Beverages,8.41,8.487,-0.0091,,,,False,,False,,2025-09-30,2025-12-31,2,GBDC,8.41
Formulations Parent Corp.,2,GREEN,0,1,1,1,BXSL,Blackstone Credit Advisors,Chemicals,8.408,8.341,0.008,11/15/2030,,,False,,False,,2025-12-31,2025-12-31,1,BXSL,8.408
Vantage Bidco GMBH+,2,GREEN,0,1,1,1,GBDC,GC Advisors,,8.385,9.232,-0.0917,,,,False,,False,,2025-09-30,2025-12-31,2,GBDC,8.385
Petco Health & Wellness Co Inc.,2,GREEN,0,1,1,1,OCSL,Oaktree Capital Management,Other Specialty Retail,8.369,8.355,0.0017,3/3/2028,3.25,,False,,False,,2025-09-30,2025-12-31,2,OCSL,8.369
"Leo BuyerCo, LLC",2,GREEN,0,1,1,1,CGBD,Carlyle Investment Management,Capital Equipment,8.364,8.426,-0.0074,11/25/2032,,,False,,False,,2025-12-31,2025-12-31,1,CGBD,8.364
Delek US Holdings Inc.,2,GREEN,0,1,1,1,OCSL,Oaktree Capital Management,Oil & Gas Refining & Marketing,8.328,8.317,0.0013,11/19/2029,3.5,,False,,False,,2025-09-30,2025-12-31,2,OCSL,8.328
"Personify, Inc.*+",2,GREEN,0,1,1,1,GBDC,GC Advisors,,8.309,8.354,-0.0054,,,,False,,False,,2025-09-30,2025-12-31,2,GBDC,8.309
"LLFlex, LLC",2,GREEN,0,1,1,1,MAIN,Main Street Capital (internal),,8.29,8.359,-0.0083,,12.44,,False,,False,,2025-09-30,2025-12-31,2,MAIN,8.29
"ESN Venture Holdings, LLC+",2,GREEN,0,1,1,1,GBDC,GC Advisors,,8.256,8.336,-0.0096,,,,False,,False,,2025-09-30,2025-12-31,2,GBDC,8.256
Igloo Parent Holdings LLC (InMoment),2,GREEN,0,1,1,1,TCPC,Tennenbaum Capital Partners (BlackRock),Equity Securities (continued),8.2407,0.0001,82406.0,,,,False,,False,,2025-12-31,2025-12-31,1,TCPC,8.2407
"BlueCat Networks USA, Inc.",2,GREEN,0,1,1,1,BXSL,Blackstone Credit Advisors,Software,8.201,8.175,0.0032,8/8/2028,,,False,,False,,2025-12-31,2025-12-31,1,BXSL,8.201
"Carbyne, Inc.",2,GREEN,0,1,1,1,HTGC,Hercules Capital (internal),Debt Investments,8.171,7.454,0.0962,,3.5,350.0,False,,False,,2025-09-30,2025-12-31,2,HTGC,8.171
Armstrong Bidco Limited+,2,GREEN,0,1,1,1,GBDC,GC Advisors,Software,8.103,8.915,-0.0911,,,,False,,False,,2025-09-30,2025-12-31,2,GBDC,8.103
"BG MS US Holdings, LLC",2,GREEN,0,1,1,1,OCSL,Oaktree Capital Management,Aerospace & Defense,8.0,7.9,0.0127,10/17/2032,4.75,,False,,False,,2025-12-31,2025-12-31,1,OCSL,8.0
"Erie Construction Mid-west, LLC",2,GREEN,0,1,1,1,SLRC,SLR Capital Partners,Building Products,8.0,8.0,0.0,,,,False,,False,,2025-09-30,2025-12-31,2,SLRC,8.0
"HighTower Holding, LLC",2,GREEN,0,1,1,1,ARCC,Ares Capital Management,,8.0,7.3,0.0959,04/2029,6.75,,False,,False,,2025-09-30,2025-12-31,2,ARCC,8.0
"Kene Acquisition, Inc. and Kene Holdings, L.P.",2,GREEN,0,1,1,1,ARCC,Ares Capital Management,,8.0,0.5,15.0,,,,False,,False,,2025-09-30,2025-12-31,2,ARCC,8.0
"Legacy Intermediate, LLC",2,GREEN,0,1,1,1,BXSL,Blackstone Credit Advisors,Professional Services (continued),7.987,7.898,0.0113,2/25/2028,,,False,,False,,2025-12-31,2025-12-31,1,BXSL,7.987
NS and Associates LLC,2,GREEN,0,1,1,1,SLRC,SLR Capital Partners,Consumer Staples Distribution & Retail,7.958,8.076,-0.0146,,,,False,,False,,2025-12-31,2025-12-31,1,SLRC,7.958
BP Loenbro Holdings Inc.,2,GREEN,0,1,1,1,MAIN,Main Street Capital (internal),,7.9,8.129,-0.0282,2/1/2029,9.92,,False,,False,,2025-09-30,2025-12-31,2,MAIN,7.9
"Collision SP Subco, LLC+",2,GREEN,0,1,1,1,GBDC,GC Advisors,Auto Components,7.862,7.987,-0.0157,,,,False,,False,,2025-09-30,2025-12-31,2,GBDC,7.862
Sigma Irish Acquico Limited (Ireland),2,GREEN,0,1,1,1,CGBD,Carlyle Investment Management,Diversified Financial Services,7.828,7.302,0.072,3/19/2032,,,False,,False,,2025-09-30,2025-12-31,2,CGBD,7.828
"Surewerx Purchaser III, Inc. & Jet Equipment & Tools Ltd.+",2,GREEN,0,1,1,1,GBDC,GC Advisors,,7.798,7.755,0.0055,,,,False,,False,,2025-09-30,2025-12-31,2,GBDC,7.798
"Cresset Capital Management, LLC",2,GREEN,0,1,1,1,OBDC,Blue Owl Credit Advisors,Financial services,7.797,7.724,0.0095,6/2030,,,False,,False,,2025-09-30,2025-12-31,2,OBDC,7.797
Weber-Stephen Products LLC,2,GREEN,0,1,1,1,OCSL,Oaktree Capital Management,Household Appliances,7.776,7.722,0.007,10/1/2032,3.75,,False,,False,,2025-09-30,2025-12-31,2,OCSL,7.776
"GrubMarket, Inc.",2,GREEN,0,1,1,1,TPVG,TriplePoint Advisers,Consumer Products and Services,7.758,0.0,,,,,False,,False,,2025-09-30,2025-12-31,2,TPVG,7.758
"Financial Information Technologies, LLC+",2,GREEN,0,1,1,1,GBDC,GC Advisors,Beverages,7.744,7.761,-0.0022,,,,False,,False,,2025-09-30,2025-12-31,2,GBDC,7.744
"SSRG Holdings, LLC*+",2,GREEN,0,1,1,1,GBDC,GC Advisors,,7.685,7.682,0.0004,,,,False,,False,,2025-09-30,2025-12-31,2,GBDC,7.685
CFC Group (CFC USA 2025 LLC),2,GREEN,0,1,1,1,OCSL,Oaktree Capital Management,Insurance Brokers,7.66,7.92,-0.0328,7/1/2032,3.75,,False,,False,,2025-09-30,2025-12-31,2,OCSL,7.66
"Krayden Holdings, Inc.+",2,GREEN,0,1,1,1,GBDC,GC Advisors,Chemicals,7.658,7.807,-0.0191,,,,False,,False,,2025-09-30,2025-12-31,2,GBDC,7.658
"Safety Borrower Holdings, LP",2,GREEN,0,1,1,1,BXSL,Blackstone Credit Advisors,Transportation Infrastructure,7.636,7.614,0.0029,12/19/2032,,,False,,False,,2025-12-31,2025-12-31,1,BXSL,7.636
Nabors Industries Inc,2,GREEN,0,1,1,1,OCSL,Oaktree Capital Management,Oil & Gas Drilling,7.612,7.746,-0.0173,11/15/2032,,,False,,False,,2025-12-31,2025-12-31,1,OCSL,7.612
Weee! Inc.,2,GREEN,0,1,1,1,HTGC,Hercules Capital (internal),Consumer & Business Products,7.583,7.472,0.0149,,2.25,225.0,False,,False,,2025-09-30,2025-12-31,2,HTGC,7.583
"Belmont Buyer, Inc. (dba Valenz)",2,GREEN,0,1,1,1,OBDC,Blue Owl Credit Advisors,Healthcare providers and services,7.575,7.449,0.0169,6/2029,,,False,,False,,2025-09-30,2025-12-31,2,OBDC,7.575
"bswift, LLC*+",2,GREEN,0,1,1,1,GBDC,GC Advisors,Professional Services,7.573,7.584,-0.0015,,,,False,,False,,2025-09-30,2025-12-31,2,GBDC,7.573
Armstrong Bidco Limited,2,GREEN,0,1,1,1,OBDC,Blue Owl Credit Advisors,Internet software and services,7.538,6.551,0.1507,6/2029,,,False,,False,,2025-09-30,2025-12-31,2,OBDC,7.538
"Thevelia US, LLC",2,GREEN,0,1,1,1,BXSL,Blackstone Credit Advisors,Professional Services (continued),7.489,7.391,0.0133,6/18/2029,,,False,,False,,2025-12-31,2025-12-31,1,BXSL,7.489
Enkindle Limited (United Kingdom),2,GREEN,0,1,1,1,CGBD,Carlyle Investment Management,Diversified Financial Services,7.476,7.183,0.0408,4/16/2031,,,False,,False,,2025-09-30,2025-12-31,2,CGBD,7.476
"ALKU Intermediate Holdings, LLC+",2,GREEN,0,1,1,1,GBDC,GC Advisors,Professional Services,7.467,7.453,0.0019,,,,False,,False,,2025-09-30,2025-12-31,2,GBDC,7.467
Carlyle Global Market Strategies,2,GREEN,0,1,1,1,OCSL,Oaktree Capital Management,Multi-Sector Holdings,7.459,7.15,0.0432,10/21/2037,7.5,,False,,False,,2025-12-31,2025-12-31,1,OCSL,7.459
"Continental Finance Company, LLC",2,GREEN,0,1,1,1,OBDC,Blue Owl Credit Advisors,Financial services,7.444,7.438,0.0008,3/2029,,,False,,False,,2025-09-30,2025-12-31,2,OBDC,7.444
"Cutover, Inc.",2,GREEN,0,1,1,1,HTGC,Hercules Capital (internal),Warrant Investments,7.419,7.331,0.012,,5.2,520.0,False,,False,,2025-09-30,2025-12-31,2,HTGC,7.419
Connect Finco S.À.R.L.,2,GREEN,0,1,1,1,OCSL,Oaktree Capital Management,Alternative Carriers,7.401,7.39,0.0015,9/27/2029,4.5,,False,,False,,2025-09-30,2025-12-31,2,OCSL,7.401
"CHHJ Midco, LLC*+",2,GREEN,0,1,1,1,GBDC,GC Advisors,,7.357,7.376,-0.0026,,,,False,,False,,2025-09-30,2025-12-31,2,GBDC,7.357
"Flight Schedule Pro, LLC",2,GREEN,0,1,1,1,HTGC,Hercules Capital (internal),Debt Investments,7.271,7.145,0.0176,,7.8,780.0,False,,False,,2025-09-30,2025-12-31,2,HTGC,7.271
"Disco Parent, Inc. (Duck Creek Technologies)",2,GREEN,0,1,1,1,TCPC,Tennenbaum Capital Partners (BlackRock),Software,7.2466,6.9878,0.037,3/30/2029,7.5,,False,,False,,2025-09-30,2025-12-31,2,TCPC,7.2466
"KKR Zeno Aggregator LP (K2 Aviation), Partnership Interest",2,GREEN,0,1,1,1,FSK,FS/KKR Advisor,Capital Goods,7.201,5.906,0.2193,,,,False,,False,,2025-09-30,2025-12-31,2,FSK,7.201
SOFR + 3.235 %,2,GREEN,0,1,1,1,CGBD,Carlyle Investment Management,,7.173,0.298,23.0705,,,,False,,False,,2025-12-31,2025-12-31,1,CGBD,7.173
Amberfield Acquisition Co.*+,2,GREEN,0,1,1,1,GBDC,GC Advisors,Healthcare Technology,7.113,7.138,-0.0035,,,,False,,False,,2025-09-30,2025-12-31,2,GBDC,7.113
"Yipit, LLC",2,GREEN,0,1,1,1,HTGC,Hercules Capital (internal),Information Services,7.098,7.65,-0.0722,,,,False,,False,,2025-09-30,2025-12-31,2,HTGC,7.098
Global Medical Response Inc.,2,GREEN,0,1,1,1,OCSL,Oaktree Capital Management,Health Care Services,7.038,7.014,0.0034,9/20/2032,3.5,,False,,False,,2025-09-30,2025-12-31,2,OCSL,7.038
"LDS Intermediate Holdings, L.L.C.",2,GREEN,0,1,1,1,CGBD,Carlyle Investment Management,Transportation: Cargo,6.987,6.892,0.0138,2/7/2032,,,False,,False,,2025-09-30,2025-12-31,2,CGBD,6.987
Zodiac Purchaser LLC,2,GREEN,0,1,1,1,OCSL,Oaktree Capital Management,Systems Software,6.966,6.983,-0.0024,2/14/2032,3.5,,False,,False,,2025-09-30,2025-12-31,2,OCSL,6.966
Fortified Health Security,2,GREEN,0,1,1,1,HTGC,Hercules Capital (internal),,6.95,6.882,0.0099,,7.64,764.0,False,,False,,2025-09-30,2025-12-31,2,HTGC,6.95
"Pestco Intermediate, LLC",2,GREEN,0,1,1,1,CGBD,Carlyle Investment Management,Environmental Industries,6.949,6.787,0.0239,2/17/2028,,,False,,False,,2025-09-30,2025-12-31,2,CGBD,6.949
"Finix Payments, Inc.",2,GREEN,0,1,1,1,HTGC,Hercules Capital (internal),Consumer & Business Services,6.927,6.927,0.0,,2.5,250.0,False,,False,,2025-12-31,2025-12-31,1,HTGC,6.927
MRH Trowe Germany GMBH+,2,GREEN,0,1,1,1,GBDC,GC Advisors,,6.91,7.217,-0.0425,,,,False,,False,,2025-09-30,2025-12-31,2,GBDC,6.91
"Galaxy Technologies Holdings, Inc. – Term Debt (SOFR+ 4.1 %, 7.8 % Cash, Due 10/2028)",2,GREEN,0,1,1,1,GAIN,Gladstone Management Corporation,,6.9,6.9,0.0,,,,False,,False,,2025-12-31,2025-12-31,1,GAIN,6.9
"BestPass, Inc.+",2,GREEN,0,1,1,1,GBDC,GC Advisors,Software,6.885,6.933,-0.0069,,,,False,,False,,2025-09-30,2025-12-31,2,GBDC,6.885
"Vortex Companies, LLC",2,GREEN,0,1,1,1,TCPC,Tennenbaum Capital Partners (BlackRock),Debt Investments (continued),6.873,6.755,0.0175,9/4/2029,5.0,,False,,False,,2025-12-31,2025-12-31,1,TCPC,6.873
Howden Group Holdings Ltd,2,GREEN,0,1,1,1,OCSL,Oaktree Capital Management,Insurance Brokers,6.85,6.865,-0.0022,4/18/2030,3.08,,False,,False,,2025-09-30,2025-12-31,2,OCSL,6.85
Inhabit IQ Inc.*,2,GREEN,0,1,1,1,GBDC,GC Advisors,Real Estate Management & Development,6.841,6.855,-0.002,,,,False,,False,,2025-12-31,2025-12-31,1,GBDC,6.841
AI Grace AUS Bidco Pty LTD (Australia),2,GREEN,0,1,1,1,CGBD,Carlyle Investment Management,Consumer Goods: Non-Durable,6.823,6.733,0.0134,12/5/2029,,,False,,False,,2025-09-30,2025-12-31,2,CGBD,6.823
SimpliSafe Holding Corporation,2,GREEN,0,1,1,1,OBDC,Blue Owl Credit Advisors,,6.785,6.698,0.013,5/2028,,,False,,False,,2025-09-30,2025-12-31,2,OBDC,6.785
G-3 Apollo Acquisition Corp (Appriss Retail),2,GREEN,0,1,1,1,TCPC,Tennenbaum Capital Partners (BlackRock),Software,6.7695,6.6925,0.0115,3/10/2031,5.0,,False,,False,,2025-09-30,2025-12-31,2,TCPC,6.7695
F&M Buyer LLC,2,GREEN,0,1,1,1,OCSL,Oaktree Capital Management,Systems Software,6.615,6.615,0.0,3/18/2032,4.5,,False,,False,,2025-12-31,2025-12-31,1,OCSL,6.615
"Health Buyer, LLC*+",2,GREEN,0,1,1,1,GBDC,GC Advisors,,6.575,6.623,-0.0072,,,,False,,False,,2025-09-30,2025-12-31,2,GBDC,6.575
National Mentor Holdings,2,GREEN,0,1,1,1,OCSL,Oaktree Capital Management,Health Care Services,6.475,6.314,0.0255,12/15/2030,,,False,,False,,2025-12-31,2025-12-31,1,OCSL,6.475
Plentific Ltd,2,GREEN,0,1,1,1,HTGC,Hercules Capital (internal),Consumer & Business Services,6.475,6.475,0.0,,2.55,255.0,False,,False,,2025-09-30,2025-12-31,2,HTGC,6.475
"Blumenthal Temecula, LLC",2,GREEN,0,1,1,1,OCSL,Oaktree Capital Management,Automotive Retail,6.464,5.06,0.2775,,,,False,,False,,2025-09-30,2025-12-31,2,OCSL,6.464
Camelia Bidco Limited+,2,GREEN,0,1,1,1,GBDC,GC Advisors,,6.451,6.853,-0.0587,,,,False,,False,,2025-09-30,2025-12-31,2,GBDC,6.451
"eShipping, LLC",2,GREEN,0,1,1,1,OCSL,Oaktree Capital Management,Diversified Support Services,6.417,6.417,0.0,12/23/2032,4.5,,False,,False,,2025-12-31,2025-12-31,1,OCSL,6.417
"Virginia Green Acquisition, LLC*+",2,GREEN,0,1,1,1,GBDC,GC Advisors,,6.387,6.322,0.0103,,,,False,,False,,2025-09-30,2025-12-31,2,GBDC,6.387
"Minerva Bidco, Ltd.",2,GREEN,0,1,1,1,BXSL,Blackstone Credit Advisors,Commercial Services & Supplies (continued),6.36,4.812,0.3217,11/7/2030,,,False,,False,,2025-12-31,2025-12-31,1,BXSL,6.36
"BridgeBio Pharma, Inc.",2,GREEN,0,1,1,1,HTGC,Hercules Capital (internal),Drug Discovery & Development,6.348,2.255,1.8151,,,,False,,False,,2025-09-30,2025-12-31,2,HTGC,6.348
AVG Intermediate Holdings & AVG Subsidiary Holdings LLC*+,2,GREEN,0,1,1,1,GBDC,GC Advisors,Healthcare Providers & Services,6.341,6.336,0.0008,,,,False,,False,,2025-09-30,2025-12-31,2,GBDC,6.341
ABC Technologies Inc. (TI Automotive) (Canada),2,GREEN,0,1,1,1,TCPC,Tennenbaum Capital Partners (BlackRock),Automobiles,6.2868,6.306,-0.003,7/22/2030,5.8,,False,,False,,2025-12-31,2025-12-31,1,TCPC,6.2868
Zayo Group Holdings Inc,2,GREEN,0,1,1,1,OCSL,Oaktree Capital Management,Alternative Carriers,6.271,6.277,-0.001,3/11/2030,3.0,,False,,False,,2025-12-31,2025-12-31,1,OCSL,6.271
"VORTEQ Coil Finishers, LLC",2,GREEN,0,1,1,1,MAIN,Main Street Capital (internal),,6.25,2.076,2.0106,,,,False,,False,,2025-09-30,2025-12-31,2,MAIN,6.25
"Exactcare Parent, Inc.",2,GREEN,0,1,1,1,SLRC,SLR Capital Partners,Health Care Providers & Services,6.231,6.374,-0.0224,,,,False,,False,,2025-09-30,2025-12-31,2,SLRC,6.231
Guidehouse LLP,2,GREEN,0,1,1,1,CGBD,Carlyle Investment Management,Sovereign & Public Finance,6.227,6.278,-0.0081,12/16/2030,,,False,,False,,2025-09-30,2025-12-31,2,CGBD,6.227
CSC MKG Topco LLC (dba Medical Knowledge Group),2,GREEN,0,1,1,1,OBDC,Blue Owl Credit Advisors,Healthcare equipment and services,6.191,6.087,0.0171,2/2029,,,False,,False,,2025-09-30,2025-12-31,2,OBDC,6.191
"QNNECT, LLC",2,GREEN,0,1,1,1,CGBD,Carlyle Investment Management,Aerospace & Defense,6.135,5.972,0.0273,11/2/2029,,,False,,False,,2025-09-30,2025-12-31,2,CGBD,6.135
BJH Holdings III Corp.+,2,GREEN,0,1,1,1,GBDC,GC Advisors,,6.13,6.184,-0.0087,,,,False,,False,,2025-09-30,2025-12-31,2,GBDC,6.13
"Watermill Express, LLC*+",2,GREEN,0,1,1,1,GBDC,GC Advisors,Beverages,6.04,6.094,-0.0089,,,,False,,False,,2025-09-30,2025-12-31,2,GBDC,6.04
"SnapLogic, Inc.",2,GREEN,0,1,1,1,TCPC,Tennenbaum Capital Partners (BlackRock),Equity Securities (continued),6.0311,3.72,0.6213,,,,False,,False,,2025-12-31,2025-12-31,1,TCPC,6.0311
"Brilliance Technologies, Inc.",2,GREEN,0,1,1,1,BXSL,Blackstone Credit Advisors,Health Care Technology,6.029,5.996,0.0055,3/11/2032,,,False,,False,,2025-12-31,2025-12-31,1,BXSL,6.029
"Krueger-Gilbert Health Physics, LLC*+",2,GREEN,0,1,1,1,GBDC,GC Advisors,,5.999,6.013,-0.0023,,,,False,,False,,2025-09-30,2025-12-31,2,GBDC,5.999
"MajorDrive Holdings IV, LLC",2,GREEN,0,1,1,1,OCSL,Oaktree Capital Management,Automobile Manufacturers,5.993,6.168,-0.0284,6/1/2028,4.0,,False,,False,,2025-09-30,2025-12-31,2,OCSL,5.993
Albaugh LLC,2,GREEN,0,1,1,1,OCSL,Oaktree Capital Management,Fertilizers & Agricultural Chemicals,5.989,6.016,-0.0045,4/6/2029,3.75,,False,,False,,2025-09-30,2025-12-31,2,OCSL,5.989
"Denali Holding, LP (dba Summit Companies)",2,GREEN,0,1,1,1,OBDC,Blue Owl Credit Advisors,Business services,5.959,3.431,0.7368,,,,False,,False,,2025-09-30,2025-12-31,2,OBDC,5.959
"Axiomatic, LLC",2,GREEN,0,1,1,1,ARCC,Ares Capital Management,,5.9,4.7,0.2553,,,,False,,False,,2025-09-30,2025-12-31,2,ARCC,5.9
"Stepping Stones Healthcare Services, LLC",2,GREEN,0,1,1,1,BXSL,Blackstone Credit Advisors,Health Care Providers & Services (continued),5.869,5.805,0.011,1/2/2029,,,False,,False,,2025-12-31,2025-12-31,1,BXSL,5.869
"Oneliance, LLC",2,GREEN,0,1,1,1,MAIN,Main Street Capital (internal),,5.85,2.256,1.5931,,,,False,,False,,2025-09-30,2025-12-31,2,MAIN,5.85
"Peter C. Foy & Associates Insurance Services, LLC (PCF Insurance)",2,GREEN,0,1,1,1,TCPC,Tennenbaum Capital Partners (BlackRock),Insurance,5.8407,5.7317,0.019,11/1/2028,5.5,,False,,False,,2025-12-31,2025-12-31,1,TCPC,5.8407
"Captive Resources Midco, LLC",2,GREEN,0,1,1,1,ARCC,Ares Capital Management,Insurance,5.8,5.8,0.0,07/2029,8.22,,False,,False,,2025-09-30,2025-12-31,2,ARCC,5.8
Inhabit IQ,2,GREEN,0,1,1,1,FSK,FS/KKR Advisor,Software & Services,5.8,5.8,0.0,,,,False,,False,,2025-09-30,2025-12-31,2,FSK,5.8
"When I Work, Inc.",2,GREEN,0,1,1,1,OBDC,Blue Owl Credit Advisors,,5.776,5.959,-0.0307,11/2027,,,False,,False,,2025-09-30,2025-12-31,2,OBDC,5.776
ENC Parent Corporation,2,GREEN,0,1,1,1,PNNT,PennantPark Investment Advisers,Business Services,5.753,6.13,-0.0615,08/20/2029,,,False,,False,,2025-09-30,2025-12-31,2,PNNT,5.753
"JF Acquisition, LLC (JF Petroleum)",2,GREEN,0,1,1,1,TCPC,Tennenbaum Capital Partners (BlackRock),Construction and Engineering,5.7384,5.7061,0.0057,6/18/2030,5.75,,False,,False,,2025-09-30,2025-12-31,2,TCPC,5.7384
CFC USA 2025 LLC,2,GREEN,0,1,1,1,OCSL,Oaktree Capital Management,Insurance Brokers,5.709,5.79,-0.014,7/1/2032,3.75,,False,,False,,2025-12-31,2025-12-31,1,OCSL,5.709
Galileo Pharma Bidco S.p.A,2,GREEN,0,1,1,1,BXSL,Blackstone Credit Advisors,Pharmaceuticals,5.699,4.988,0.1425,10/7/2032,,,False,,False,,2025-12-31,2025-12-31,1,BXSL,5.699
AIP RD Buyer Corp.,2,GREEN,0,1,1,1,OCSL,Oaktree Capital Management,Distributors,5.698,3.466,0.644,,,,False,,False,,2025-09-30,2025-12-31,2,OCSL,5.698
6.20 %,2,GREEN,0,1,1,1,OBDC,Blue Owl Credit Advisors,,5.663,5.663,0.0,7/15/2030,,,False,,False,,2025-09-30,2025-12-31,2,OBDC,5.663
"Flexport Capital, LLC",2,GREEN,0,1,1,1,TCPC,Tennenbaum Capital Partners (BlackRock),Software,5.627,5.613,0.0025,6/30/2029,5.5,,False,,False,,2025-12-31,2025-12-31,1,TCPC,5.627
"Entomo Brands Acquisitions, Inc.+",2,GREEN,0,1,1,1,GBDC,GC Advisors,,5.626,5.635,-0.0016,,,,False,,False,,2025-09-30,2025-12-31,2,GBDC,5.626
"Entomo Brands Acquisitions, Inc.*+",2,GREEN,0,1,1,1,GBDC,GC Advisors,,5.585,5.593,-0.0014,,,,False,,False,,2025-12-31,2025-12-31,1,GBDC,5.585
Darktrace Finco US LLC,2,GREEN,0,1,1,1,OCSL,Oaktree Capital Management,Application Software,5.564,5.508,0.0102,10/9/2031,3.25,,False,,False,,2025-12-31,2025-12-31,1,OCSL,5.564
"Trintech, Inc.",2,GREEN,0,1,1,1,TCPC,Tennenbaum Capital Partners (BlackRock),Debt Investments (continued),5.5009,5.3295,0.0322,7/25/2029,5.5,,False,,False,,2025-12-31,2025-12-31,1,TCPC,5.5009
"North Haven Stack Buyer, LLC*",2,GREEN,0,1,1,1,GBDC,GC Advisors,,5.43,5.449,-0.0035,,,,False,,False,,2025-09-30,2025-12-31,2,GBDC,5.43
"WPEngine, Inc.+",2,GREEN,0,1,1,1,GBDC,GC Advisors,,5.424,5.438,-0.0026,,,,False,,False,,2025-09-30,2025-12-31,2,GBDC,5.424
"BCTO WIW Holdings, Inc. (dba When I Work)",2,GREEN,0,1,1,1,OBDC,Blue Owl Credit Advisors,Internet and software services,5.405,5.994,-0.0983,8/2030,,,False,,False,,2025-09-30,2025-12-31,2,OBDC,5.405
"Calera XXVIII, LLC",2,GREEN,0,1,1,1,ARCC,Ares Capital Management,Consumer Services,5.4,5.4,0.0,,,,False,,False,,2025-12-31,2025-12-31,1,ARCC,5.4
"Capstone Acquisition Holdings, Inc.",2,GREEN,0,1,1,1,BXSL,Blackstone Credit Advisors,Transportation Infrastructure,5.39,5.404,-0.0026,11/13/2029,,,False,,False,,2025-12-31,2025-12-31,1,BXSL,5.39
Cavender Stores L.P.*,2,GREEN,0,1,1,1,GBDC,GC Advisors,Specialty Retail,5.359,5.39,-0.0058,,,,False,,False,,2025-09-30,2025-12-31,2,GBDC,5.359
"ESN Venture Holdings, LLC*+",2,GREEN,0,1,1,1,GBDC,GC Advisors,,5.324,5.377,-0.0099,,,,False,,False,,2025-09-30,2025-12-31,2,GBDC,5.324
Flora Food Management US Corp.,2,GREEN,0,1,1,1,OCSL,Oaktree Capital Management,Packaged Foods & Meats,5.301,5.357,-0.0105,1/3/2028,3.75,,False,,False,,2025-09-30,2025-12-31,2,OCSL,5.301
"BradyIFS Holdings, LLC+",2,GREEN,0,1,1,1,GBDC,GC Advisors,Commercial Services & Supplies,5.277,5.22,0.0109,,,,False,,False,,2025-09-30,2025-12-31,2,GBDC,5.277
"Pinnacle Treatment Centers, Inc.*+",2,GREEN,0,1,1,1,GBDC,GC Advisors,,5.256,5.274,-0.0034,,,,False,,False,,2025-09-30,2025-12-31,2,GBDC,5.256
"Guardian Bidco, Inc.",2,GREEN,0,1,1,1,BXSL,Blackstone Credit Advisors,Electrical Equipment,5.246,5.253,-0.0013,8/30/2032,,,False,,False,,2025-12-31,2025-12-31,1,BXSL,5.246
"North Haven Stack Buyer, LLC*+",2,GREEN,0,1,1,1,GBDC,GC Advisors,Commercial Services & Supplies,5.242,5.272,-0.0057,,,,False,,False,,2025-09-30,2025-12-31,2,GBDC,5.242
"Tex Tech Tennis, LLC",2,GREEN,0,1,1,1,MAIN,Main Street Capital (internal),,5.19,2.0,1.595,,,,False,,False,,2025-09-30,2025-12-31,2,MAIN,5.19
DISA Holdings Corp.*+,2,GREEN,0,1,1,1,GBDC,GC Advisors,Professional Services,5.152,5.175,-0.0044,,,,False,,False,,2025-09-30,2025-12-31,2,GBDC,5.152
"Bad Boy Mowers JV Acquisition, LLC",2,GREEN,0,1,1,1,TCPC,Tennenbaum Capital Partners (BlackRock),Household Durables,5.1142,4.8746,0.0492,11/9/2029,6.0,,False,,False,,2025-12-31,2025-12-31,1,TCPC,5.1142
Atlas Ontario LP (Canada),2,GREEN,0,1,1,1,CGBD,Carlyle Investment Management,Business Services,5.114,5.114,0.0,,,,False,,False,,2025-12-31,2025-12-31,1,CGBD,5.114
"Blackbird Purchaser, Inc.+",2,GREEN,0,1,1,1,GBDC,GC Advisors,Machinery,5.074,5.009,0.013,,,,False,,False,,2025-09-30,2025-12-31,2,GBDC,5.074
"Lotus Topco, Inc.*",2,GREEN,0,1,1,1,GBDC,GC Advisors,Media,5.07,5.099,-0.0057,,,,False,,False,,2025-09-30,2025-12-31,2,GBDC,5.07
NearU Holdings LLC,2,GREEN,0,1,1,1,CGBD,Carlyle Investment Management,Consumer Services,5.068,0.055,91.1455,,,,False,,False,,2025-12-31,2025-12-31,1,CGBD,5.068
"Amergin Asset Management, LLC",2,GREEN,0,1,1,1,OBDC,Blue Owl Credit Advisors,Asset based lending and fund finance,5.052,0.765,5.6039,,,,False,,False,,2025-09-30,2025-12-31,2,OBDC,5.052
"UMP Holdings, LLC",2,GREEN,0,1,1,1,BXSL,Blackstone Credit Advisors,Health Care Providers & Services (continued),5.051,5.077,-0.0051,7/15/2028,,,False,,False,,2025-12-31,2025-12-31,1,BXSL,5.051
"Medrina, LLC",2,GREEN,0,1,1,1,SLRC,SLR Capital Partners,Health Care Providers & Services,5.039,5.144,-0.0204,,,,False,,False,,2025-09-30,2025-12-31,2,SLRC,5.039
"Saguaro Buyer, LLC",2,GREEN,0,1,1,1,CGBD,Carlyle Investment Management,Leisure Products & Services,5.005,4.955,0.0101,7/3/2032,,,False,,False,,2025-09-30,2025-12-31,2,CGBD,5.005
"Bellwether Buyer, LLC+",2,GREEN,0,1,1,1,GBDC,GC Advisors,Insurance,4.998,5.031,-0.0066,,,,False,,False,,2025-09-30,2025-12-31,2,GBDC,4.998
"ENV Bidco, AB",2,GREEN,0,1,1,1,BXSL,Blackstone Credit Advisors,Air Freight & Logistics,4.934,4.876,0.0119,7/19/2029,,,False,,False,,2025-12-31,2025-12-31,1,BXSL,4.934
"Tidal Vision Products, Inc.",2,GREEN,0,1,1,1,HTGC,Hercules Capital (internal),Sustainable and Renewable Technology,4.91,4.968,-0.0117,,2.45,245.0,False,,False,,2025-12-31,2025-12-31,1,HTGC,4.91
ME Equity LLC,2,GREEN,0,1,1,1,ARCC,Ares Capital Management,,4.9,3.0,0.6333,,,,False,,False,,2025-09-30,2025-12-31,2,ARCC,4.9
"iGrafx, LLC",2,GREEN,0,1,1,1,HTGC,Hercules Capital (internal),Debt Investments,4.869,4.879,-0.002,,8.61,861.0,False,,False,,2025-09-30,2025-12-31,2,HTGC,4.869
"Certus Pest, Inc.*+",2,GREEN,0,1,1,1,GBDC,GC Advisors,Diversified Consumer Services,4.85,4.866,-0.0033,,,,False,,False,,2025-09-30,2025-12-31,2,GBDC,4.85
"Sundance Group Holdings, Inc.",2,GREEN,0,1,1,1,ARCC,Ares Capital Management,,4.8,4.8,0.0,07/2029,8.17,,False,,False,,2025-09-30,2025-12-31,2,ARCC,4.8
Blast Bidco Inc.+,2,GREEN,0,1,1,1,GBDC,GC Advisors,Food Products,4.799,4.855,-0.0115,,,,False,,False,,2025-09-30,2025-12-31,2,GBDC,4.799
Blast Bidco Inc.*+,2,GREEN,0,1,1,1,GBDC,GC Advisors,Food Products,4.795,4.843,-0.0099,,,,False,,False,,2025-12-31,2025-12-31,1,GBDC,4.795
"Watermill Express, LLC*",2,GREEN,0,1,1,1,GBDC,GC Advisors,Beverages,4.721,4.762,-0.0086,,,,False,,False,,2025-09-30,2025-12-31,2,GBDC,4.721
PetVet Care Centers LLC*+,2,GREEN,0,1,1,1,GBDC,GC Advisors,Specialty Retail,4.712,4.68,0.0068,,,,False,,False,,2025-09-30,2025-12-31,2,GBDC,4.712
"BR PJK Produce, LLC",2,GREEN,0,1,1,1,ARCC,Ares Capital Management,Consumer Distribution and Retail,4.7,4.7,0.0,11/2027,10.39,,False,,False,,2025-09-30,2025-12-31,2,ARCC,4.7
"Vistar Media, Inc.",2,GREEN,0,1,1,1,MAIN,Main Street Capital (internal),,4.676,0.767,5.0965,,,,False,,False,,2025-09-30,2025-12-31,2,MAIN,4.676
"Bloomerang, LLC+",2,GREEN,0,1,1,1,GBDC,GC Advisors,Software,4.674,4.653,0.0045,,,,False,,False,,2025-09-30,2025-12-31,2,GBDC,4.674
"Madrigal Pharmaceuticals, Inc.",2,GREEN,0,1,1,1,HTGC,Hercules Capital (internal),Drug Discovery & Development,4.669,0.57,7.1912,,,,False,,False,,2025-09-30,2025-12-31,2,HTGC,4.669
Bamboo US Bidco LLC+,2,GREEN,0,1,1,1,GBDC,GC Advisors,Healthcare Providers & Services,4.636,4.886,-0.0512,,,,False,,False,,2025-09-30,2025-12-31,2,GBDC,4.636
"Biscuit Parent, LLC+",2,GREEN,0,1,1,1,GBDC,GC Advisors,Specialty Retail,4.619,4.68,-0.013,,,,False,,False,,2025-09-30,2025-12-31,2,GBDC,4.619
Doxa Insurance Holdings LLC+,2,GREEN,0,1,1,1,GBDC,GC Advisors,Insurance,4.618,4.631,-0.0028,,,,False,,False,,2025-09-30,2025-12-31,2,GBDC,4.618
"POY Holdings, LLC*",2,GREEN,0,1,1,1,GBDC,GC Advisors,,4.503,4.517,-0.0031,,,,False,,False,,2025-09-30,2025-12-31,2,GBDC,4.503
"Dundee Eros, LP",2,GREEN,0,1,1,1,ARCC,Ares Capital Management,,4.5,4.8,-0.0625,,,,False,,False,,2025-09-30,2025-12-31,2,ARCC,4.5
Illumifin Corporation+,2,GREEN,0,1,1,1,GBDC,GC Advisors,Insurance,4.462,4.638,-0.0379,,,,False,,False,,2025-09-30,2025-12-31,2,GBDC,4.462
"TIDI Legacy Products, Inc.+",2,GREEN,0,1,1,1,GBDC,GC Advisors,,4.448,4.407,0.0093,,,,False,,False,,2025-09-30,2025-12-31,2,GBDC,4.448
"AMBA Buyer, Inc.*+",2,GREEN,0,1,1,1,GBDC,GC Advisors,Insurance,4.418,4.411,0.0016,,,,False,,False,,2025-09-30,2025-12-31,2,GBDC,4.418
Pretzel Parent Inc.,2,GREEN,0,1,1,1,OCSL,Oaktree Capital Management,Movies & Entertainment,4.408,4.427,-0.0043,10/1/2031,4.5,,False,,False,,2025-12-31,2025-12-31,1,OCSL,4.408
Forbion Growth Opportunities Fund I C.V.,2,GREEN,0,1,1,1,HTGC,Hercules Capital (internal),Drug Discovery & Development,4.382,2.847,0.5392,,,,False,,False,,2025-12-31,2025-12-31,1,HTGC,4.382
"YI, LLC+",2,GREEN,0,1,1,1,GBDC,GC Advisors,,4.373,4.374,-0.0002,,,,False,,False,,2025-09-30,2025-12-31,2,GBDC,4.373
NEP Group Inc,2,GREEN,0,1,1,1,OCSL,Oaktree Capital Management,Broadcasting,4.353,4.612,-0.0562,10/17/2031,4.5,,False,,False,,2025-12-31,2025-12-31,1,OCSL,4.353
"Sallie Mae Levered, Bond",2,GREEN,0,1,1,1,FSK,FS/KKR Advisor,Financial Services,4.3,4.3,0.0,,,,False,,False,,2025-12-31,2025-12-31,1,FSK,4.3
"Worldwide Flight Services, Inc.",2,GREEN,0,1,1,1,SLRC,SLR Capital Partners,Transportation Infrastructure,4.284,4.331,-0.0109,,9.93,,False,,False,,2025-09-30,2025-12-31,2,SLRC,4.284
"Baxter Planning Systems, LLC+",2,GREEN,0,1,1,1,GBDC,GC Advisors,Software,4.229,4.237,-0.0019,,,,False,,False,,2025-09-30,2025-12-31,2,GBDC,4.229
IQN Holding Corp. +,2,GREEN,0,1,1,1,GBDC,GC Advisors,,4.19,4.224,-0.008,,,,False,,False,,2025-09-30,2025-12-31,2,GBDC,4.19
Clever Devices Ltd.,2,GREEN,0,1,1,1,TCPC,Tennenbaum Capital Partners (BlackRock),Software,4.1633,4.0563,0.0264,6/12/2030,6.0,,False,,False,,2025-12-31,2025-12-31,1,TCPC,4.1633
"Litera Bidco, LLC+",2,GREEN,0,1,1,1,GBDC,GC Advisors,,4.147,4.158,-0.0026,,,,False,,False,,2025-09-30,2025-12-31,2,GBDC,4.147
US Renal Care Inc.,2,GREEN,0,1,1,1,OCSL,Oaktree Capital Management,Health Care Services,4.144,4.241,-0.0229,6/20/2028,5.0,,False,,False,,2025-09-30,2025-12-31,2,OCSL,4.144
"Accuserve Solutions, Inc.",2,GREEN,0,1,1,1,TCPC,Tennenbaum Capital Partners (BlackRock),Diversified Financial Services,4.1265,4.3468,-0.0507,3/15/2030,5.25,,False,,False,,2025-09-30,2025-12-31,2,TCPC,4.1265
"Empower Payments Investor, LLC",2,GREEN,0,1,1,1,ARCC,Ares Capital Management,,4.1,4.1,0.0,03/2031,8.17,,False,,False,,2025-09-30,2025-12-31,2,ARCC,4.1
"MEDX AMCP Holdings, LLC",2,GREEN,0,1,1,1,BXSL,Blackstone Credit Advisors,Health Care Technology (continued),4.034,4.037,-0.0007,7/21/2032,,,False,,False,,2025-12-31,2025-12-31,1,BXSL,4.034
"Diamondback Acquisition, Inc. (dba Sphera)",2,GREEN,0,1,1,1,OBDC,Blue Owl Credit Advisors,,4.005,3.977,0.007,9/2028,,,False,,False,,2025-09-30,2025-12-31,2,OBDC,4.005
"Verge Analytics, Inc.",2,GREEN,0,1,1,1,HTGC,Hercules Capital (internal),Drug Discovery & Development,4.004,3.103,0.2904,,,,False,,False,,2025-09-30,2025-12-31,2,HTGC,4.004
"CoreWeave Compute Acquisition Co. II, LLC",2,GREEN,0,1,1,1,CGBD,Carlyle Investment Management,High Tech Industries,4.002,3.934,0.0173,7/30/2028,,,False,,False,,2025-09-30,2025-12-31,2,CGBD,4.002
Orion Services Group,2,GREEN,0,1,1,1,FSK,FS/KKR Advisor,Capital Goods,4.0,4.0,0.0,,,,False,,False,,2025-12-31,2025-12-31,1,FSK,4.0
"Sphynx UK Bidco, Ltd.+",2,GREEN,0,1,1,1,GBDC,GC Advisors,Food Products,3.992,4.048,-0.0138,,,,False,,False,,2025-09-30,2025-12-31,2,GBDC,3.992
"Anthracite Buyer, Inc. (Coalfire)",2,GREEN,0,1,1,1,TCPC,Tennenbaum Capital Partners (BlackRock),IT Services,3.985,3.9854,-0.0001,12/3/2032,4.5,,False,,False,,2025-12-31,2025-12-31,1,TCPC,3.985
"Seven Bidco, SASU",2,GREEN,0,1,1,1,BXSL,Blackstone Credit Advisors,Software (continued),3.966,3.412,0.1624,8/27/2032,,,False,,False,,2025-12-31,2025-12-31,1,BXSL,3.966
"High Bar Brands Operating, LLC+",2,GREEN,0,1,1,1,GBDC,GC Advisors,,3.923,3.937,-0.0036,,,,False,,False,,2025-09-30,2025-12-31,2,GBDC,3.923
"Rome Topco Holdings, LLC (dba SimpliSafe)",2,GREEN,0,1,1,1,OBDC,Blue Owl Credit Advisors,Household products,3.91,1.955,1.0,,,,False,,False,,2025-12-31,2025-12-31,1,OBDC,3.91
"Click Therapeutics, Inc.",2,GREEN,0,1,1,1,HTGC,Hercules Capital (internal),Electronics & Computer Hardware,3.899,3.324,0.173,,,,False,,False,,2025-09-30,2025-12-31,2,HTGC,3.899
Parexel International Corp,2,GREEN,0,1,1,1,OCSL,Oaktree Capital Management,Life Sciences Tools & Services,3.892,3.867,0.0065,12/9/2031,3.75,,False,,False,,2025-12-31,2025-12-31,1,OCSL,3.892
"Garreco, LLC",2,GREEN,0,1,1,1,MAIN,Main Street Capital (internal),,3.89,2.4,0.6208,,,,False,,False,,2025-09-30,2025-12-31,2,MAIN,3.89
"Severin Acquisition, LLC (dba PowerSchool)",2,GREEN,0,1,1,1,OBDC,Blue Owl Credit Advisors,Education,3.883,2.308,0.6824,10/2031,,,False,,False,,2025-09-30,2025-12-31,2,OBDC,3.883
StubHub Holdco Sub LLC,2,GREEN,0,1,1,1,OCSL,Oaktree Capital Management,Movies & Entertainment,3.88,3.795,0.0224,3/15/2030,4.75,,False,,False,,2025-09-30,2025-12-31,2,OCSL,3.88
Mpulse Mobile Inc.,2,GREEN,0,1,1,1,TCPC,Tennenbaum Capital Partners (BlackRock),Health Care Technology,3.8675,3.8678,-0.0001,8/26/2032,4.75,,False,,False,,2025-09-30,2025-12-31,2,TCPC,3.8675
"Fortis Solutions Group, LLC+",2,GREEN,0,1,1,1,GBDC,GC Advisors,Containers & Packaging,3.854,3.994,-0.0351,,,,False,,False,,2025-09-30,2025-12-31,2,GBDC,3.854
"Northwinds Services Group, LLC",2,GREEN,0,1,1,1,PNNT,PennantPark Investment Advisers,Consumer Services,3.851,3.36,0.1461,,,,False,,False,,2025-09-30,2025-12-31,2,PNNT,3.851
SirionLabs Pte. Ltd.,2,GREEN,0,1,1,1,HTGC,Hercules Capital (internal),Equity Investments,3.823,3.584,0.0667,,,,False,,False,,2025-09-30,2025-12-31,2,HTGC,3.823
Eternal Aus Bidco Pty Ltd,2,GREEN,0,1,1,1,ARCC,Ares Capital Management,,3.8,3.7,0.027,10/2029,8.71,,False,,False,,2025-09-30,2025-12-31,2,ARCC,3.8
Railpros Inc,2,GREEN,0,1,1,1,FSK,FS/KKR Advisor,Commercial & Professional Services,3.8,3.8,0.0,,,,False,,False,,2025-09-30,2025-12-31,2,FSK,3.8
"Insight CP (Blocker) Holdings, L.P. (dba CivicPlus, LLC)",2,GREEN,0,1,1,1,OBDC,Blue Owl Credit Advisors,Internet software and services,3.799,3.05,0.2456,,,,False,,False,,2025-09-30,2025-12-31,2,OBDC,3.799
"Generator US Buyer, Inc.",2,GREEN,0,1,1,1,CGBD,Carlyle Investment Management,Energy: Electricity,3.766,3.75,0.0043,7/22/2030,,,False,,False,,2025-09-30,2025-12-31,2,CGBD,3.766
Community Merger Sub Debt LLC (CINC Systems),2,GREEN,0,1,1,1,TCPC,Tennenbaum Capital Partners (BlackRock),Real Estate Management and Development,3.7289,3.6041,0.0346,1/18/2030,5.46,,False,,False,,2025-09-30,2025-12-31,2,TCPC,3.7289
"Titan Home Improvement, LLC (Renuity)",2,GREEN,0,1,1,1,TCPC,Tennenbaum Capital Partners (BlackRock),Debt Investments (continued),3.7133,3.6007,0.0313,5/31/2030,5.25,,False,,False,,2025-12-31,2025-12-31,1,TCPC,3.7133
"Palmdale Oil Company, LLC",2,GREEN,0,1,1,1,TCPC,Tennenbaum Capital Partners (BlackRock),Media,3.7126,3.5736,0.0389,10/2/2029,6.52,,False,,False,,2025-12-31,2025-12-31,1,TCPC,3.7126
Heartland Veterinary Partners LLC+,2,GREEN,0,1,1,1,GBDC,GC Advisors,,3.688,3.687,0.0003,,,,False,,False,,2025-09-30,2025-12-31,2,GBDC,3.688
"Coupa Software, Inc.",2,GREEN,0,1,1,1,BXSL,Blackstone Credit Advisors,Software (continued),3.635,3.569,0.0185,2/27/2030,,,False,,False,,2025-12-31,2025-12-31,1,BXSL,3.635
"Icefall Parent, Inc.+",2,GREEN,0,1,1,1,GBDC,GC Advisors,,3.629,3.639,-0.0027,,,,False,,False,,2025-09-30,2025-12-31,2,GBDC,3.629
"PSC Parent, Inc.+",2,GREEN,0,1,1,1,GBDC,GC Advisors,,3.59,3.617,-0.0075,,,,False,,False,,2025-09-30,2025-12-31,2,GBDC,3.59
N26 GmbH,2,GREEN,0,1,1,1,TPVG,TriplePoint Advisers,Other Financial Services,3.553,0.055,63.6,,,,False,,False,,2025-09-30,2025-12-31,2,TPVG,3.553
"Intercept Bidco, Inc.",2,GREEN,0,1,1,1,TCPC,Tennenbaum Capital Partners (BlackRock),IT Services,3.5515,3.5194,0.0091,6/3/2030,6.0,,False,,False,,2025-12-31,2025-12-31,1,TCPC,3.5515
Ampersand Partners Feeder AIV LP,2,GREEN,0,1,1,1,CGBD,Carlyle Investment Management,Diversified Financial Services,3.53,0.17,19.7647,,,,False,,False,,2025-12-31,2025-12-31,1,CGBD,3.53
"Acuity Eyecare Holdings, LLC*+",2,GREEN,0,1,1,1,GBDC,GC Advisors,Healthcare Providers & Services,3.496,3.504,-0.0023,,,,False,,False,,2025-09-30,2025-12-31,2,GBDC,3.496
"Monarch Buyer, Inc.",2,GREEN,0,1,1,1,CGBD,Carlyle Investment Management,Business Services,3.486,3.638,-0.0418,6/2/2032,,,False,,False,,2025-09-30,2025-12-31,2,CGBD,3.486
Subtotal: System Software ( 0.17 %)*,2,GREEN,0,1,1,1,HTGC,Hercules Capital (internal),,3.475,3.466,0.0026,,,,False,,False,,2025-12-31,2025-12-31,1,HTGC,3.475
RBS Buyer Inc.,2,GREEN,0,1,1,1,TCPC,Tennenbaum Capital Partners (BlackRock),Debt Investments (continued),3.4314,3.3538,0.0231,7/31/2031,5.0,,False,,False,,2025-09-30,2025-12-31,2,TCPC,3.4314
"Community Care Partners, LLC+",2,GREEN,0,1,1,1,GBDC,GC Advisors,,3.405,3.445,-0.0116,,,,False,,False,,2025-09-30,2025-12-31,2,GBDC,3.405
"Aimbridge Topco, LLC",2,GREEN,0,1,1,1,ARCC,Ares Capital Management,Consumer Services,3.4,3.3,0.0303,,,,False,,False,,2025-09-30,2025-12-31,2,ARCC,3.4
"Baypine Commander Co-Invest, LP",2,GREEN,0,1,1,1,OBDC,Blue Owl Credit Advisors,Healthcare providers and services,3.36,3.086,0.0888,,,,False,,False,,2025-09-30,2025-12-31,2,OBDC,3.36
"OSP PAR Holdings, LP",2,GREEN,0,1,1,1,PNNT,PennantPark Investment Advisers,"Healthcare, Education and Childcare",3.301,3.624,-0.0891,,,,False,,False,,2025-09-30,2025-12-31,2,PNNT,3.301
"AArete Investment, LLC",2,GREEN,0,1,1,1,CGBD,Carlyle Investment Management,Healthcare & Pharmaceuticals,3.261,3.238,0.0071,6/5/2031,,,False,,False,,2025-09-30,2025-12-31,2,CGBD,3.261
"Convey Health Solutions, Inc.",2,GREEN,0,1,1,1,ARCC,Ares Capital Management,,3.2,2.0,0.6,07/2029,4.77,,False,,False,,2025-09-30,2025-12-31,2,ARCC,3.2
"Phoenix Door Systems, Inc. – Term Debt (SOFR+ 3.4 %, 7.7 % Cash, Due 9/2026)",2,GREEN,0,1,1,1,GAIN,Gladstone Management Corporation,,3.2,3.2,0.0,,,,False,,False,,2025-09-30,2025-12-31,2,GAIN,3.2
Talon MidCo 1 Limited,2,GREEN,0,1,1,1,CGBD,Carlyle Investment Management,Software,3.174,2.172,0.4613,,,,False,,False,,2025-12-31,2025-12-31,1,CGBD,3.174
Cowboy Parent LLC,2,GREEN,0,1,1,1,PNNT,PennantPark Investment Advisers,Distribution,3.157,3.015,0.0471,,,,False,,False,,2025-09-30,2025-12-31,2,PNNT,3.157
"Crewline Buyer, Inc. (New Relic)",2,GREEN,0,1,1,1,TCPC,Tennenbaum Capital Partners (BlackRock),IT Services,3.1544,3.0569,0.0319,11/8/2030,6.75,,False,,False,,2025-09-30,2025-12-31,2,TCPC,3.1544
EWMW LP,2,GREEN,0,1,1,1,MAIN,Main Street Capital (internal),,3.144,3.144,0.0,,9.87,,False,,False,,2025-12-31,2025-12-31,1,MAIN,3.144
Shackleton Bidco Inc. (Payworks) (Canada),2,GREEN,0,1,1,1,TCPC,Tennenbaum Capital Partners (BlackRock),Debt Investments (continued),3.1388,3.0419,0.0319,10/25/2032,4.5,,False,,False,,2025-12-31,2025-12-31,1,TCPC,3.1388
Arch Global CCT Holdings Corp.*+,2,GREEN,0,1,1,1,GBDC,GC Advisors,Industrial Conglomerates,3.137,3.151,-0.0044,,,,False,,False,,2025-09-30,2025-12-31,2,GBDC,3.137
"BEHP Co-Investor II, L.P.",2,GREEN,0,1,1,1,OBDC,Blue Owl Credit Advisors,Healthcare technology,3.131,1.866,0.6779,,,,False,,False,,2025-09-30,2025-12-31,2,OBDC,3.131
"Allium Buyer, LLC",2,GREEN,0,1,1,1,BXSL,Blackstone Credit Advisors,IT Services,3.13,3.07,0.0195,5/2/2030,,,False,,False,,2025-12-31,2025-12-31,1,BXSL,3.13
EBS Parent Holdings Inc. (The Difference Card),2,GREEN,0,1,1,1,TCPC,Tennenbaum Capital Partners (BlackRock),Insurance,3.0848,3.0811,0.0012,7/1/2032,5.0,,False,,False,,2025-09-30,2025-12-31,2,TCPC,3.0848
"NTI Connect, LLC*+",2,GREEN,0,1,1,1,GBDC,GC Advisors,Diversified Telecommunication Services,3.05,3.058,-0.0026,,,,False,,False,,2025-09-30,2025-12-31,2,GBDC,3.05
"Bullhorn, Inc.+",2,GREEN,0,1,1,1,GBDC,GC Advisors,Software,3.045,3.034,0.0036,,,,False,,False,,2025-09-30,2025-12-31,2,GBDC,3.045
"TG Therapeutics, Inc.",2,GREEN,0,1,1,1,HTGC,Hercules Capital (internal),Drug Discovery & Development,3.041,1.442,1.1089,,,,False,,False,,2025-09-30,2025-12-31,2,HTGC,3.041
"Salisbury House, LLC+",2,GREEN,0,1,1,1,GBDC,GC Advisors,,3.04,3.059,-0.0062,,,,False,,False,,2025-09-30,2025-12-31,2,GBDC,3.04
"Ground Penetrating Radar Systems, LLC",2,GREEN,0,1,1,1,BXSL,Blackstone Credit Advisors,Commercial Services & Supplies,3.031,3.0,0.0103,1/2/2032,,,False,,False,,2025-12-31,2025-12-31,1,BXSL,3.031
"FedHC InvestCo II, LP",2,GREEN,0,1,1,1,PNNT,PennantPark Investment Advisers,Aerospace and Defense,3.002,2.303,0.3035,,,,False,,False,,2025-09-30,2025-12-31,2,PNNT,3.002
"Phoenix Door Systems, Inc. – Term Debt (SOFR+ 3.4 %, 7.0 % Cash, Due 9/2026)",2,GREEN,0,1,1,1,GAIN,Gladstone Management Corporation,,2.99,3.2,-0.0656,,,,False,,False,,2025-12-31,2025-12-31,1,GAIN,2.99
"Tamarack Intermediate, L.L.C. (dba Verisk 3E)",2,GREEN,0,1,1,1,OBDC,Blue Owl Credit Advisors,Infrastructure and environmental services,2.951,2.918,0.0113,3/2028,,,False,,False,,2025-09-30,2025-12-31,2,OBDC,2.951
"Phoenix Door Systems, Inc. – Line of Credit, $ 0 available (SOFR+ 1.4 %, 5.0 % Cash ( 0.3 % Unused Fee), Due 9/2026)",2,GREEN,0,1,1,1,GAIN,Gladstone Management Corporation,,2.95,2.95,0.0,,,,False,,False,,2025-12-31,2025-12-31,1,GAIN,2.95
"Finastra USA, Inc.+",2,GREEN,0,1,1,1,GBDC,GC Advisors,,2.932,2.966,-0.0115,,,,False,,False,,2025-09-30,2025-12-31,2,GBDC,2.932
"Huckabee Acquisition, LLC (MOREgroup)",2,GREEN,0,1,1,1,TCPC,Tennenbaum Capital Partners (BlackRock),Professional Services,2.9269,2.8216,0.0373,1/16/2030,5.25,,False,,False,,2025-09-30,2025-12-31,2,TCPC,2.9269
"Carolina’s Contracting, LLC",2,GREEN,0,1,1,1,SLRC,SLR Capital Partners,Diversified Consumer Services,2.912,2.932,-0.0068,,8.72,,False,,False,,2025-09-30,2025-12-31,2,SLRC,2.912
"JSG II, Inc. and Checkers USA, Inc.+",2,GREEN,0,1,1,1,GBDC,GC Advisors,Chemicals,2.862,2.879,-0.0059,,,,False,,False,,2025-09-30,2025-12-31,2,GBDC,2.862
SCIL IV LLC,2,GREEN,0,1,1,1,OCSL,Oaktree Capital Management,Specialty Chemicals,2.86,2.836,0.0085,10/29/2032,4.0,,False,,False,,2025-12-31,2025-12-31,1,OCSL,2.86
"Global GRAB Technologies, Inc.– Line of Credit, $ 4,150 available (SOFR+ 5.0 %, 10.0 % Cash, Due 7/2026)",2,GREEN,0,1,1,1,GAIN,Gladstone Management Corporation,,2.85,2.85,0.0,,,,False,,False,,2025-12-31,2025-12-31,1,GAIN,2.85
DISA Holdings Corp.+,2,GREEN,0,1,1,1,GBDC,GC Advisors,Professional Services,2.794,2.821,-0.0096,,,,False,,False,,2025-09-30,2025-12-31,2,GBDC,2.794
Subtotal: Space Technologies ( 0.12 %)*,2,GREEN,0,1,1,1,HTGC,Hercules Capital (internal),Space Technologies,2.768,1.438,0.9249,,,,False,,False,,2025-12-31,2025-12-31,1,HTGC,2.768
"SingleStore, Inc.",2,GREEN,0,1,1,1,HTGC,Hercules Capital (internal),,2.755,2.383,0.1561,,,,False,,False,,2025-09-30,2025-12-31,2,HTGC,2.755
Trulite Holding Corp.,2,GREEN,0,1,1,1,TCPC,Tennenbaum Capital Partners (BlackRock),Building Products,2.7376,2.6729,0.0242,2/22/2030,6.0,,False,,False,,2025-12-31,2025-12-31,1,TCPC,2.7376
"Infogroup Parent Holdings, Inc.",2,GREEN,0,1,1,1,PNNT,PennantPark Investment Advisers,Other Media,2.735,2.04,0.3407,,,,False,,False,,2025-09-30,2025-12-31,2,PNNT,2.735
"Legacy Service Partners, LLC",2,GREEN,0,1,1,1,SLRC,SLR Capital Partners,Diversified Consumer Services,2.733,2.796,-0.0225,,,,False,,False,,2025-09-30,2025-12-31,2,SLRC,2.733
Bamboo US Bidco LLC*+,2,GREEN,0,1,1,1,GBDC,GC Advisors,Healthcare Providers & Services,2.659,2.706,-0.0174,,,,False,,False,,2025-09-30,2025-12-31,2,GBDC,2.659
"ABC Legal Holdings, LLC+",2,GREEN,0,1,1,1,GBDC,GC Advisors,Diversified Consumer Services,2.647,2.667,-0.0075,,,,False,,False,,2025-09-30,2025-12-31,2,GBDC,2.647
"CKD Holdings, Inc.",2,GREEN,0,1,1,1,SLRC,SLR Capital Partners,Ground Transportation,2.631,2.631,0.0,,8.6,,False,,False,,2025-09-30,2025-12-31,2,SLRC,2.631
"S.J. Electro Systems, LLC+",2,GREEN,0,1,1,1,GBDC,GC Advisors,Water Utilities,2.62,2.674,-0.0202,,,,False,,False,,2025-09-30,2025-12-31,2,GBDC,2.62
"Lotus Topco, Inc.+",2,GREEN,0,1,1,1,GBDC,GC Advisors,Media,2.606,2.64,-0.0129,,,,False,,False,,2025-09-30,2025-12-31,2,GBDC,2.606
"TSS Buyer, LLC",2,GREEN,0,1,1,1,ARCC,Ares Capital Management,,2.6,2.5,0.04,06/2029,9.34,,False,,False,,2025-09-30,2025-12-31,2,ARCC,2.6
"AMBA Buyer, Inc.+",2,GREEN,0,1,1,1,GBDC,GC Advisors,Insurance,2.578,2.581,-0.0012,,,,False,,False,,2025-09-30,2025-12-31,2,GBDC,2.578
"Wasabi Lower Holdco, LLC+",2,GREEN,0,1,1,1,GBDC,GC Advisors,,2.57,2.61,-0.0153,,,,False,,False,,2025-09-30,2025-12-31,2,GBDC,2.57
"Power Grid Holdings, Inc.+",2,GREEN,0,1,1,1,GBDC,GC Advisors,Electrical Equipment,2.522,2.552,-0.0118,,,,False,,False,,2025-09-30,2025-12-31,2,GBDC,2.522
"Axios Industrial Group, LLC – Term Debt ( 18.0 % PIK, Due 10/2027)",2,GREEN,0,1,1,1,GLAD,Gladstone Management Corporation,,2.509,2.598,-0.0343,,,,False,,False,,2025-12-31,2025-12-31,1,GLAD,2.509
"Galaxy Universal LLC, Trade Claim",2,GREEN,0,1,1,1,FSK,FS/KKR Advisor,Consumer Durables & Apparel,2.501,0.0,,,,,False,,False,,2025-09-30,2025-12-31,2,FSK,2.501
"Pyrotek Special Effects, Inc. – Line of Credit, $ 500 available (SOFR+ 5.0 %, 10.0 % Cash, Due 11/2026)",2,GREEN,0,1,1,1,GAIN,Gladstone Management Corporation,,2.5,2.5,0.0,,,,False,,False,,2025-09-30,2025-12-31,2,GAIN,2.5
"RecordXTechnologies, LLC (Ontellus)",2,GREEN,0,1,1,1,TCPC,Tennenbaum Capital Partners (BlackRock),Healthcare Providers and Services,2.4937,2.4564,0.0152,5/20/2030,5.25,,False,,False,,2025-12-31,2025-12-31,1,TCPC,2.4937
SVP-Singer Holdings Inc.,2,GREEN,0,1,1,1,OCSL,Oaktree Capital Management,Home Furnishings,2.463,2.463,0.0,,,,False,,False,,2025-09-30,2025-12-31,2,OCSL,2.463
"Archer Systems, LLC",2,GREEN,0,1,1,1,MAIN,Main Street Capital (internal),,2.45,1.388,0.7651,,,,False,,False,,2025-09-30,2025-12-31,2,MAIN,2.45
"NH Holdings 2025 SPV, L.P.",2,GREEN,0,1,1,1,HTGC,Hercules Capital (internal),Electronics & Computer Hardware,2.439,1.848,0.3198,,,,False,,False,,2025-12-31,2025-12-31,1,HTGC,2.439
CAI Software LLC,2,GREEN,0,1,1,1,MAIN,Main Street Capital (internal),,2.417,2.142,0.1284,,,,False,,False,,2025-09-30,2025-12-31,2,MAIN,2.417
"Home Concepts Acquisition, Inc. – Line of Credit, $ 0 available (SOFR+ 6.0 %, 10.3 % Cash, Due 11/2025)",2,GREEN,0,1,1,1,GAIN,Gladstone Management Corporation,,2.4,2.4,0.0,,,,False,,False,,2025-09-30,2025-12-31,2,GAIN,2.4
"Flexera Software, LLC+",2,GREEN,0,1,1,1,GBDC,GC Advisors,,2.391,2.397,-0.0025,,,,False,,False,,2025-09-30,2025-12-31,2,GBDC,2.391
"First American Commercial Bancorp, Inc.",2,GREEN,0,1,1,1,SLRC,SLR Capital Partners,Financial Services,2.361,2.362,-0.0004,,9.0,,False,,False,,2025-09-30,2025-12-31,2,SLRC,2.361
Deepl Se (Germany),2,GREEN,0,1,1,1,TCPC,Tennenbaum Capital Partners (BlackRock),Software,2.3526,2.3452,0.0032,6/26/2030,5.0,,False,,False,,2025-09-30,2025-12-31,2,TCPC,2.3526
"Octane Purchaser, Inc.",2,GREEN,0,1,1,1,BXSL,Blackstone Credit Advisors,Health Care Technology (continued),2.329,2.319,0.0043,5/19/2032,,,False,,False,,2025-12-31,2025-12-31,1,BXSL,2.329
"Olo Parent, Inc.+",2,GREEN,0,1,1,1,GBDC,GC Advisors,,2.32,2.326,-0.0026,,,,False,,False,,2025-09-30,2025-12-31,2,GBDC,2.32
"North Haven Goldfinch Topco, LLC",2,GREEN,0,1,1,1,CGBD,Carlyle Investment Management,"Containers, Packaging & Glass",2.315,2.315,0.0,,,,False,,False,,2025-09-30,2025-12-31,2,CGBD,2.315
"Securonix, Inc.",2,GREEN,0,1,1,1,OBDC,Blue Owl Credit Advisors,,2.307,2.497,-0.0761,4/2028,,,False,,False,,2025-09-30,2025-12-31,2,OBDC,2.307
"HIG Intermediate, Inc.",2,GREEN,0,1,1,1,CGBD,Carlyle Investment Management,Diversified Financial Services,2.259,0.003,752.0,,10.5,,False,,False,,2025-12-31,2025-12-31,1,CGBD,2.259
"Eliassen Group, LLC+",2,GREEN,0,1,1,1,GBDC,GC Advisors,,2.25,2.264,-0.0062,,,,False,,False,,2025-09-30,2025-12-31,2,GBDC,2.25
"Contentful Global, Inc.",2,GREEN,0,1,1,1,HTGC,Hercules Capital (internal),,2.228,1.276,0.7461,,,,False,,False,,2025-09-30,2025-12-31,2,HTGC,2.228
"Yorkshire Parent, Inc.*+",2,GREEN,0,1,1,1,GBDC,GC Advisors,,2.225,2.203,0.01,,,,False,,False,,2025-12-31,2025-12-31,1,GBDC,2.225
AI Altius Luxembourg S.à r.l.,2,GREEN,0,1,1,1,BXSL,Blackstone Credit Advisors,IT Services,2.216,2.225,-0.004,12/21/2029,,,False,,False,,2025-12-31,2025-12-31,1,BXSL,2.216
"Fossil Group, Inc., Fossil Partners, L.P., and Fossil Canada Inc.",2,GREEN,0,1,1,1,ARCC,Ares Capital Management,Consumer Durables and Apparel,2.2,2.2,0.0,08/2030,9.04,,False,,False,,2025-09-30,2025-12-31,2,ARCC,2.2
"Apothecary Products, LLC*",2,GREEN,0,1,1,1,GBDC,GC Advisors,Pharmaceuticals,2.189,2.191,-0.0009,,,,False,,False,,2025-09-30,2025-12-31,2,GBDC,2.189
"PKF O'Connor Davies Advisory, LLC",2,GREEN,0,1,1,1,BXSL,Blackstone Credit Advisors,Financial Services,2.189,2.178,0.0051,11/18/2031,,,False,,False,,2025-12-31,2025-12-31,1,BXSL,2.189
"Thrillist Media Group, Inc.",2,GREEN,0,1,1,1,TPVG,TriplePoint Advisers,General Media and Content,2.184,0.624,2.5,,,,False,,False,,2025-09-30,2025-12-31,2,TPVG,2.184
"Confluence Technologies, Inc.",2,GREEN,0,1,1,1,BXSL,Blackstone Credit Advisors,Software (continued),2.182,2.164,0.0083,7/30/2028,,,False,,False,,2025-12-31,2025-12-31,1,BXSL,2.182
MMan Acquisition Co.+,2,GREEN,0,1,1,1,GBDC,GC Advisors,IT Services,2.18,2.18,0.0,,,,False,,False,,2025-09-30,2025-12-31,2,GBDC,2.18
Paulus Holdings Public Limited Company,2,GREEN,0,1,1,1,OCSL,Oaktree Capital Management,Health Care Technology,2.18,1.421,0.5341,,,,False,,False,,2025-12-31,2025-12-31,1,OCSL,2.18
"AAH Topco., LLC",2,GREEN,0,1,1,1,CGBD,Carlyle Investment Management,Healthcare & Pharmaceuticals,2.17,2.173,-0.0014,12/31/2027,,,False,,False,,2025-09-30,2025-12-31,2,CGBD,2.17
Dechra Pharmaceuticals Holdings Ltd,2,GREEN,0,1,1,1,BXSL,Blackstone Credit Advisors,Pharmaceuticals,2.159,2.038,0.0594,1/24/2031,,,False,,False,,2025-12-31,2025-12-31,1,BXSL,2.159
"Dellner Couplers Group, AB",2,GREEN,0,1,1,1,BXSL,Blackstone Credit Advisors,Auto Components,2.127,2.0,0.0635,6/18/2029,,,False,,False,,2025-12-31,2025-12-31,1,BXSL,2.127
"SWK BUYER, Inc. (dba Stonewall Kitchen)",2,GREEN,0,1,1,1,OBDC,Blue Owl Credit Advisors,Consumer products,2.127,2.147,-0.0093,3/2029,,,False,,False,,2025-09-30,2025-12-31,2,OBDC,2.127
"DTE Enterprises, LLC",2,GREEN,0,1,1,1,MAIN,Main Street Capital (internal),,2.092,0.0,,,9.26,,False,,False,,2025-09-30,2025-12-31,2,MAIN,2.092
"ISQ Hawkeye Holdco, Inc.",2,GREEN,0,1,1,1,BXSL,Blackstone Credit Advisors,Commercial Services & Supplies,2.027,2.027,0.0,8/20/2030,,,False,,False,,2025-12-31,2025-12-31,1,BXSL,2.027
Premise Health Holding Corp.+,2,GREEN,0,1,1,1,GBDC,GC Advisors,,2.009,2.027,-0.0089,,,,False,,False,,2025-09-30,2025-12-31,2,GBDC,2.009
Dos Rios Stone Products LLC,2,GREEN,0,1,1,1,MAIN,Main Street Capital (internal),,2.0,0.0,,,,,False,,False,,2025-09-30,2025-12-31,2,MAIN,2.0
"Pico Quantitative Trading Holdings, LLC",2,GREEN,0,1,1,1,TCPC,Tennenbaum Capital Partners (BlackRock),Capital Markets,1.9883,0.0144,137.0764,,,,False,,False,,2025-12-31,2025-12-31,1,TCPC,1.9883
TL Alpine Holding Corp.,2,GREEN,0,1,1,1,TCPC,Tennenbaum Capital Partners (BlackRock),Building Products,1.9883,1.9471,0.0212,8/1/2030,6.0,,False,,False,,2025-12-31,2025-12-31,1,TCPC,1.9883
Air Distribution Technologies Inc,2,GREEN,0,1,1,1,TCPC,Tennenbaum Capital Partners (BlackRock),Building Products,1.9764,1.9616,0.0075,8/1/2030,6.0,,False,,False,,2025-12-31,2025-12-31,1,TCPC,1.9764
"Huskies Parent, Inc.+",2,GREEN,0,1,1,1,GBDC,GC Advisors,Insurance,1.976,1.995,-0.0095,,,,False,,False,,2025-12-31,2025-12-31,1,GBDC,1.976
GrowthCurve Capital Sunrise Co-Invest LP (dba Brightway),2,GREEN,0,1,1,1,OBDC,Blue Owl Credit Advisors,Insurance,1.942,1.894,0.0253,,,,False,,False,,2025-09-30,2025-12-31,2,OBDC,1.942
"Embark Intermediate Holdings, LLC",2,GREEN,0,1,1,1,CGBD,Carlyle Investment Management,Business Services,1.936,1.957,-0.0107,9/2/2032,,,False,,False,,2025-09-30,2025-12-31,2,CGBD,1.936
PCX Aerostructures LLC,2,GREEN,0,1,1,1,SLRC,SLR Capital Partners,Aerospace & Defense,1.931,1.931,0.0,12/1/2028,9.32,,False,,False,,2025-09-30,2025-12-31,2,SLRC,1.931
"CMG HoldCo, LLC (dba Crete United)",2,GREEN,0,1,1,1,OBDC,Blue Owl Credit Advisors,Business services,1.929,1.912,0.0089,5/2028,,,False,,False,,2025-09-30,2025-12-31,2,OBDC,1.929
"SCI PH Parent, Inc.",2,GREEN,0,1,1,1,ARCC,Ares Capital Management,,1.9,1.1,0.7273,,,,False,,False,,2025-09-30,2025-12-31,2,ARCC,1.9
"Jeppesen Holdings, LLC+",2,GREEN,0,1,1,1,GBDC,GC Advisors,Aerospace & Defense,1.894,1.901,-0.0037,,,,False,,False,,2025-12-31,2025-12-31,1,GBDC,1.894
"Trinity Equipment, Inc.",2,GREEN,0,1,1,1,SLRC,SLR Capital Partners,Commercial Services & Supplies,1.885,1.885,0.0,5/2028,8.93,,False,,False,,2025-09-30,2025-12-31,2,SLRC,1.885
"Helix Acquisition Holdings, Inc. (dba MW Industries)",2,GREEN,0,1,1,1,OBDC,Blue Owl Credit Advisors,Manufacturing,1.878,1.849,0.0157,3/2030,,,False,,False,,2025-09-30,2025-12-31,2,OBDC,1.878
"Idera, Inc.",2,GREEN,0,1,1,1,TCPC,Tennenbaum Capital Partners (BlackRock),IT Services,1.8727,1.8219,0.0279,2/4/2029,6.75,,False,,False,,2025-12-31,2025-12-31,1,TCPC,1.8727
"GFP Atlantic Holdco 2, LLC+",2,GREEN,0,1,1,1,GBDC,GC Advisors,,1.85,1.86,-0.0054,,,,False,,False,,2025-09-30,2025-12-31,2,GBDC,1.85
AMEREQUIP LLC,2,GREEN,0,1,1,1,MAIN,Main Street Capital (internal),,1.844,0.0,,,,,False,,False,,2025-09-30,2025-12-31,2,MAIN,1.844
GI Apple Midco LLC (dba Atlas Technical Consultants),2,GREEN,0,1,1,1,OBDC,Blue Owl Credit Advisors,Infrastructure and environmental services,1.823,1.825,-0.0011,4/2029,,,False,,False,,2025-09-30,2025-12-31,2,OBDC,1.823
"JS Parent, Inc. (dba Jama Software)",2,GREEN,0,1,1,1,OBDC,Blue Owl Credit Advisors,,1.809,1.802,0.0039,4/2031,,,False,,False,,2025-09-30,2025-12-31,2,OBDC,1.809
"Arc Drilling Holdings LLC – Line of Credit, $ 3,200 available (S + 7.0 %, 10.7 % Cash, Due 9/2029)",2,GREEN,0,1,1,1,GLAD,Gladstone Management Corporation,,1.8,1.8,0.0,,,,False,,False,,2025-12-31,2025-12-31,1,GLAD,1.8
"Denali Intermediate Holdings, Inc.+",2,GREEN,0,1,1,1,GBDC,GC Advisors,Professional Services,1.799,1.818,-0.0105,,,,False,,False,,2025-09-30,2025-12-31,2,GBDC,1.799
"Shout! Factory, LLC+",2,GREEN,0,1,1,1,GBDC,GC Advisors,Media,1.78,1.793,-0.0073,,,,False,,False,,2025-09-30,2025-12-31,2,GBDC,1.78
"SDC Holdco, LLC+",2,GREEN,0,1,1,1,GBDC,GC Advisors,,1.779,1.788,-0.005,,,,False,,False,,2025-09-30,2025-12-31,2,GBDC,1.779
"Crunch Holdings, LLC+",2,GREEN,0,1,1,1,GBDC,GC Advisors,Leisure Products,1.755,1.76,-0.0028,,,,False,,False,,2025-09-30,2025-12-31,2,GBDC,1.755
"Aptive Environmental, LLC+",2,GREEN,0,1,1,1,GBDC,GC Advisors,Diversified Consumer Services,1.748,1.765,-0.0096,,,,False,,False,,2025-12-31,2025-12-31,1,GBDC,1.748
"HH-Inspire Acquisition, Inc. – Line of Credit, $ 0 available (S + 10.0 %, 12.1 % Cash, 2.0 % PIK, Due 4/2028)",2,GREEN,0,1,1,1,GLAD,Gladstone Management Corporation,,1.739,1.861,-0.0656,,,,False,,False,,2025-09-30,2025-12-31,2,GLAD,1.739
"HH-Inspire Acquisition, Inc. – Line of Credit, $ 0 available (S + 8.0 %, 11.7 % Cash, 2.0 % PIK, Due 4/2028)",2,GREEN,0,1,1,1,GLAD,Gladstone Management Corporation,,1.729,1.871,-0.0759,,,,False,,False,,2025-12-31,2025-12-31,1,GLAD,1.729
Daxko Acquisition Corporation+,2,GREEN,0,1,1,1,GBDC,GC Advisors,,1.709,1.729,-0.0116,,,,False,,False,,2025-09-30,2025-12-31,2,GBDC,1.709
"Abacus Holdco 2, Oy",2,GREEN,0,1,1,1,BXSL,Blackstone Credit Advisors,Software,1.699,1.565,0.0856,8/13/2031,,,False,,False,,2025-12-31,2025-12-31,1,BXSL,1.699
Zelis Payments Buyer Inc,2,GREEN,0,1,1,1,OCSL,Oaktree Capital Management,Health Care Technology,1.684,1.683,0.0006,9/28/2029,3.0,,False,,False,,2025-12-31,2025-12-31,1,OCSL,1.684
"Ole Smoky Distillery, LLC",2,GREEN,0,1,1,1,OBDC,Blue Owl Credit Advisors,Food and beverage,1.659,1.692,-0.0195,3/2028,,,False,,False,,2025-09-30,2025-12-31,2,OBDC,1.659
"RTI Surgical, Inc.+",2,GREEN,0,1,1,1,GBDC,GC Advisors,,1.657,1.667,-0.006,,,,False,,False,,2025-09-30,2025-12-31,2,GBDC,1.657
Divisions Holding Corp.,2,GREEN,0,1,1,1,BXSL,Blackstone Credit Advisors,Commercial Services & Supplies,1.605,1.59,0.0094,4/17/2032,,,False,,False,,2025-12-31,2025-12-31,1,BXSL,1.605
Valor Compute Infrastructure L.P.,2,GREEN,0,1,1,1,OBDC,Blue Owl Credit Advisors,Infrastructure and environmental services,1.583,1.583,0.0,,,,False,,False,,2025-12-31,2025-12-31,1,OBDC,1.583
Disco Parent Inc,2,GREEN,0,1,1,1,OCSL,Oaktree Capital Management,Application Software,1.562,1.562,0.0,8/6/2032,3.25,,False,,False,,2025-12-31,2025-12-31,1,OCSL,1.562
Gryphon Acquire NewCo LLC,2,GREEN,0,1,1,1,OCSL,Oaktree Capital Management,Semiconductors,1.562,1.563,-0.0006,9/13/2032,3.0,,False,,False,,2025-12-31,2025-12-31,1,OCSL,1.562
Allied Universal Holdco LLC,2,GREEN,0,1,1,1,OCSL,Oaktree Capital Management,Security & Alarm Services,1.556,1.555,0.0006,8/20/2032,3.25,,False,,False,,2025-12-31,2025-12-31,1,OCSL,1.556
"Koala Investment Holdings, Inc.+",2,GREEN,0,1,1,1,GBDC,GC Advisors,Insurance,1.556,1.564,-0.0051,,,,False,,False,,2025-09-30,2025-12-31,2,GBDC,1.556
Flynn Restaurant Group LP,2,GREEN,0,1,1,1,OCSL,Oaktree Capital Management,Restaurants,1.554,1.557,-0.0019,1/28/2032,3.75,,False,,False,,2025-12-31,2025-12-31,1,OCSL,1.554
"Bayou Intermediate II, LLC+",2,GREEN,0,1,1,1,GBDC,GC Advisors,,1.553,1.563,-0.0064,,,,False,,False,,2025-09-30,2025-12-31,2,GBDC,1.553
Culligan Holding Inc,2,GREEN,0,1,1,1,OCSL,Oaktree Capital Management,Specialized Consumer Services,1.551,1.551,0.0,7/31/2028,3.0,,False,,False,,2025-12-31,2025-12-31,1,OCSL,1.551
Ultimate Software (UKG Inc),2,GREEN,0,1,1,1,OCSL,Oaktree Capital Management,Application Software,1.55,1.549,0.0006,2/10/2031,3.5,,False,,False,,2025-12-31,2025-12-31,1,OCSL,1.55
Dayforce Inc,2,GREEN,0,1,1,1,OCSL,Oaktree Capital Management,Human Resource & Employment Services,1.547,1.547,0.0,8/20/2032,3.0,,False,,False,,2025-12-31,2025-12-31,1,OCSL,1.547
"CR Fitness Holdings, LLC+",2,GREEN,0,1,1,1,GBDC,GC Advisors,,1.526,1.531,-0.0033,,,,False,,False,,2025-12-31,2025-12-31,1,GBDC,1.526
"Diamondback Acquisition, Inc.+",2,GREEN,0,1,1,1,GBDC,GC Advisors,,1.526,1.53,-0.0026,,,,False,,False,,2025-09-30,2025-12-31,2,GBDC,1.526
QSR Acquisition Co.+,2,GREEN,0,1,1,1,GBDC,GC Advisors,,1.515,1.522,-0.0046,,,,False,,False,,2025-09-30,2025-12-31,2,GBDC,1.515
Northwoods Capital 20 Ltd,2,GREEN,0,1,1,1,OCSL,Oaktree Capital Management,Multi-Sector Holdings,1.507,1.487,0.0134,10/25/2038,6.88,,False,,False,,2025-12-31,2025-12-31,1,OCSL,1.507
KUEHG Corp,2,GREEN,0,1,1,1,OCSL,Oaktree Capital Management,Education Services,1.505,1.505,0.0,6/12/2030,2.75,,False,,False,,2025-12-31,2025-12-31,1,OCSL,1.505
"Krueger-Gilbert Health Physics, LLC*",2,GREEN,0,1,1,1,GBDC,GC Advisors,,1.504,1.505,-0.0007,,,,False,,False,,2025-09-30,2025-12-31,2,GBDC,1.504
"The Smedley Company & Smedley Services, Inc.",2,GREEN,0,1,1,1,SLRC,SLR Capital Partners,Commercial Services & Supplies,1.501,1.602,-0.063,1/2028,4.07,,False,,False,,2025-09-30,2025-12-31,2,SLRC,1.501
"Healthmark Holdings, L.P.+",2,GREEN,0,1,1,1,GBDC,GC Advisors,Healthcare Technology,1.491,1.499,-0.0053,,,,False,,False,,2025-09-30,2025-12-31,2,GBDC,1.491
Signant Finance One Limited+,2,GREEN,0,1,1,1,GBDC,GC Advisors,,1.489,1.504,-0.01,,,,False,,False,,2025-12-31,2025-12-31,1,GBDC,1.489
Ben Nevis Midco Limited+,2,GREEN,0,1,1,1,GBDC,GC Advisors,Insurance,1.486,1.501,-0.01,,,,False,,False,,2025-09-30,2025-12-31,2,GBDC,1.486
"Crumbl Enterprises, LLC",2,GREEN,0,1,1,1,BXSL,Blackstone Credit Advisors,Consumer Staples Distribution & Retail,1.484,1.478,0.0041,5/5/2032,,,False,,False,,2025-12-31,2025-12-31,1,BXSL,1.484
"Artifact Bidco, Inc.+",2,GREEN,0,1,1,1,GBDC,GC Advisors,Software,1.477,1.489,-0.0081,,,,False,,False,,2025-09-30,2025-12-31,2,GBDC,1.477
"Tivity Health, Inc.",2,GREEN,0,1,1,1,OBDC,Blue Owl Credit Advisors,,1.471,1.463,0.0055,6/2029,,,False,,False,,2025-09-30,2025-12-31,2,OBDC,1.471
Lacker Bidco Limited+,2,GREEN,0,1,1,1,GBDC,GC Advisors,Healthcare Technology,1.465,1.519,-0.0355,,,,False,,False,,2025-09-30,2025-12-31,2,GBDC,1.465
Gimlet Bidco GMBH+,2,GREEN,0,1,1,1,GBDC,GC Advisors,Insurance,1.448,1.597,-0.0933,,,,False,,False,,2025-09-30,2025-12-31,2,GBDC,1.448
"United Land Services Holdings, LLC",2,GREEN,0,1,1,1,PNNT,PennantPark Investment Advisers,Environmental Services,1.445,1.2,0.2042,,,,False,,False,,2025-09-30,2025-12-31,2,PNNT,1.445
"Complete Equipment Rentals, LLC",2,GREEN,0,1,1,1,SLRC,SLR Capital Partners,Commercial Services & Supplies,1.442,1.45,-0.0055,,7.15,,False,,False,,2025-09-30,2025-12-31,2,SLRC,1.442
Forbion Growth Opportunities Fund II C.V.,2,GREEN,0,1,1,1,HTGC,Hercules Capital (internal),Drug Discovery & Development,1.438,1.242,0.1578,,,,False,,False,,2025-12-31,2025-12-31,1,HTGC,1.438
Stark International Lux,2,GREEN,0,1,1,1,BXSL,Blackstone Credit Advisors,Pharmaceuticals,1.435,1.407,0.0199,8/13/2032,,,False,,False,,2025-12-31,2025-12-31,1,BXSL,1.435
"Whoop, Inc.",2,GREEN,0,1,1,1,HTGC,Hercules Capital (internal),Consumer & Business Products,1.427,0.034,40.9706,,,,False,,False,,2025-09-30,2025-12-31,2,HTGC,1.427
Subtotal: Biotechnology Tools ( 0.07 %)*,2,GREEN,0,1,1,1,HTGC,Hercules Capital (internal),Biotechnology Tools,1.423,1.5,-0.0513,,,,False,,False,,2025-12-31,2025-12-31,1,HTGC,1.423
"BlueVine Capital, Inc.",2,GREEN,0,1,1,1,TPVG,TriplePoint Advisers,Financial Institution and Services,1.416,0.361,2.9224,,,,False,,False,,2025-09-30,2025-12-31,2,TPVG,1.416
HPS Loan Management Ltd,2,GREEN,0,1,1,1,OCSL,Oaktree Capital Management,Multi-Sector Holdings,1.409,1.407,0.0014,7/20/2038,5.35,,False,,False,,2025-12-31,2025-12-31,1,OCSL,1.409
Kawa Solar Holdings Limited (Conergy) (Cayman Islands),2,GREEN,0,1,1,1,TCPC,Tennenbaum Capital Partners (BlackRock),Electric Utilities,1.3953,0.093,14.0032,,,,False,,False,,2025-09-30,2025-12-31,2,TCPC,1.3953
"Azurite Intermediate Holdings, Inc.+",2,GREEN,0,1,1,1,GBDC,GC Advisors,Software,1.384,1.401,-0.0121,,,,False,,False,,2025-09-30,2025-12-31,2,GBDC,1.384
"Unchained Labs, LLC*+",2,GREEN,0,1,1,1,GBDC,GC Advisors,,1.371,1.382,-0.008,,,,False,,False,,2025-09-30,2025-12-31,2,GBDC,1.371
"GFRC 360, LLC – Line of Credit, $ 95 available (S + 8.0 %, 12.1 % Cash, Due 9/2026)",2,GREEN,0,1,1,1,GLAD,Gladstone Management Corporation,,1.355,1.355,0.0,,,,False,,False,,2025-12-31,2025-12-31,1,GLAD,1.355
"U.S. Crane & Rigging, LLC",2,GREEN,0,1,1,1,SLRC,SLR Capital Partners,Commercial Services & Supplies,1.352,1.352,0.0,9/1/2028,8.73,,False,,False,,2025-09-30,2025-12-31,2,SLRC,1.352
"Cafe Rio Holding, Inc.*",2,GREEN,0,1,1,1,GBDC,GC Advisors,,1.35,1.35,0.0,,,,False,,False,,2025-09-30,2025-12-31,2,GBDC,1.35
"Barteca Restaurants, LLC+",2,GREEN,0,1,1,1,GBDC,GC Advisors,,1.316,1.346,-0.0223,,,,False,,False,,2025-09-30,2025-12-31,2,GBDC,1.316
"Reltio, Inc.",2,GREEN,0,1,1,1,HTGC,Hercules Capital (internal),Warrant Investments,1.307,0.43,2.0395,,,,False,,False,,2025-09-30,2025-12-31,2,HTGC,1.307
"Rent the Runway, Inc.",2,GREEN,0,1,1,1,TPVG,TriplePoint Advisers,E-Commerce - Clothing and Accessories,1.294,0.0,,,,,False,,False,,2025-09-30,2025-12-31,2,TPVG,1.294
"U.S. Legal Support Investment Holdings, LLC",2,GREEN,0,1,1,1,CGBD,Carlyle Investment Management,Business Services,1.281,1.281,0.0,,,,False,,False,,2025-12-31,2025-12-31,1,CGBD,1.281
Par Technology Corporation,2,GREEN,0,1,1,1,OBDC,Blue Owl Credit Advisors,Food and beverage,1.273,1.267,0.0047,7/2029,,,False,,False,,2025-09-30,2025-12-31,2,OBDC,1.273
"R1 Holdings, LLC",2,GREEN,0,1,1,1,BXSL,Blackstone Credit Advisors,Air Freight & Logistics,1.26,1.301,-0.0315,12/29/2028,,,False,,False,,2025-12-31,2025-12-31,1,BXSL,1.26
Boart Longyear Company,2,GREEN,0,1,1,1,SLRC,SLR Capital Partners,Metals & Mining,1.218,1.218,0.0,,9.64,,False,,False,,2025-09-30,2025-12-31,2,SLRC,1.218
"Puma Buyer, LLC (dba PANTHERx)",2,GREEN,0,1,1,1,OBDC,Blue Owl Credit Advisors,Pharmaceuticals,1.213,1.205,0.0066,3/2032,,,False,,False,,2025-09-30,2025-12-31,2,OBDC,1.213
Otranto Park,2,GREEN,0,1,1,1,OCSL,Oaktree Capital Management,Multi-Sector Holdings,1.211,1.05,0.1533,10/15/2039,5.4,,False,,False,,2025-12-31,2025-12-31,1,OCSL,1.211
"Tinicum Space Coast Holdings, LLC",2,GREEN,0,1,1,1,PNNT,PennantPark Investment Advisers,Aerospace and Defense,1.21,0.409,1.9584,,,,False,,False,,2025-09-30,2025-12-31,2,PNNT,1.21
Lakefield Acquisition Corp. (dba Lakefield Veterinary Group),2,GREEN,0,1,1,1,OBDC,Blue Owl Credit Advisors,,1.208,1.205,0.0025,9/2030,,,False,,False,,2025-09-30,2025-12-31,2,OBDC,1.208
Arch Global CCT Holdings Corp.+,2,GREEN,0,1,1,1,GBDC,GC Advisors,Industrial Conglomerates,1.204,1.223,-0.0155,,,,False,,False,,2025-09-30,2025-12-31,2,GBDC,1.204
"Datix Bidco Limited and RL Datix Holdings, Inc.+",2,GREEN,0,1,1,1,GBDC,GC Advisors,,1.203,1.253,-0.0399,,,,False,,False,,2025-09-30,2025-12-31,2,GBDC,1.203
"CaseWorthy, Inc.",2,GREEN,0,1,1,1,MAIN,Main Street Capital (internal),,1.2,0.571,1.1016,,,,False,,False,,2025-09-30,2025-12-31,2,MAIN,1.2
Nidda Healthcare Holding AG,2,GREEN,0,1,1,1,FSK,FS/KKR Advisor,"Pharmaceuticals, Biotechnology & Life Sciences",1.2,1.0,0.2,,,,False,,False,,2025-09-30,2025-12-31,2,FSK,1.2
"Acquia, Inc.+",2,GREEN,0,1,1,1,GBDC,GC Advisors,IT Services,1.193,1.195,-0.0017,,,,False,,False,,2025-09-30,2025-12-31,2,GBDC,1.193
"Symplr Software, Inc.",2,GREEN,0,1,1,1,PFLT,PennantPark Investment Advisers,Software,1.185,1.248,-0.0505,12/20/2027,,,False,,False,,2025-09-30,2025-12-31,2,PFLT,1.185
"DCCM, LLC+",2,GREEN,0,1,1,1,GBDC,GC Advisors,Construction & Engineering,1.177,1.184,-0.0059,,,,False,,False,,2025-09-30,2025-12-31,2,GBDC,1.177
"Quip NYC, Inc.",2,GREEN,0,1,1,1,TPVG,TriplePoint Advisers,Consumer Products and Services,1.171,0.0,,,,,False,,False,,2025-09-30,2025-12-31,2,TPVG,1.171
Sinch AB (Sweden),2,GREEN,0,1,1,1,CGBD,Carlyle Investment Management,High Tech Industries,1.168,0.106,10.0189,,,,False,,False,,2025-12-31,2025-12-31,1,CGBD,1.168
Garda World Security Corp.,2,GREEN,0,1,1,1,OCSL,Oaktree Capital Management,Security & Alarm Services,1.156,1.16,-0.0034,2/1/2029,3.0,,False,,False,,2025-12-31,2025-12-31,1,OCSL,1.156
"Anacomp, Inc.",2,GREEN,0,1,1,1,TCPC,Tennenbaum Capital Partners (BlackRock),Professional Services,1.1553,1.2555,-0.0798,,,,False,,False,,2025-12-31,2025-12-31,1,TCPC,1.1553
Broadstreet Partners Group LLC,2,GREEN,0,1,1,1,OCSL,Oaktree Capital Management,Insurance Brokers,1.153,1.152,0.0009,6/13/2031,2.75,,False,,False,,2025-12-31,2025-12-31,1,OCSL,1.153
Touchdown Acquirer Inc,2,GREEN,0,1,1,1,OCSL,Oaktree Capital Management,Commodity Chemicals,1.152,1.154,-0.0017,2/21/2031,2.75,,False,,False,,2025-12-31,2025-12-31,1,OCSL,1.152
Amynta Agency Borrower Inc,2,GREEN,0,1,1,1,OCSL,Oaktree Capital Management,Property & Casualty Insurance,1.151,1.151,0.0,12/29/2031,2.75,,False,,False,,2025-12-31,2025-12-31,1,OCSL,1.151
ProAmpac LLC,2,GREEN,0,1,1,1,OCSL,Oaktree Capital Management,"Metal, Glass & Plastic Containers",1.151,1.151,0.0,9/15/2028,4.0,,False,,False,,2025-12-31,2025-12-31,1,OCSL,1.151
Instructure Holdings Inc,2,GREEN,0,1,1,1,OCSL,Oaktree Capital Management,Application Software,1.15,1.15,0.0,11/13/2031,2.75,,False,,False,,2025-12-31,2025-12-31,1,OCSL,1.15
Nielsen Holdings Ltd,2,GREEN,0,1,1,1,OCSL,Oaktree Capital Management,Interactive Media & Services,1.14,1.139,0.0009,4/11/2029,5.0,,False,,False,,2025-12-31,2025-12-31,1,OCSL,1.14
"Ironclad Holdco, LLC (Applied Technical Services, LLC)",2,GREEN,0,1,1,1,PNNT,PennantPark Investment Advisers,Environmental Services,1.139,0.525,1.1695,,,,False,,False,,2025-09-30,2025-12-31,2,PNNT,1.139
Lackawanna Energy Center LLC,2,GREEN,0,1,1,1,OCSL,Oaktree Capital Management,Independent Power Producers & Energy Traders,1.139,1.141,-0.0018,8/5/2032,3.0,,False,,False,,2025-12-31,2025-12-31,1,OCSL,1.139
Bowlmor AMF Corp,2,GREEN,0,1,1,1,OCSL,Oaktree Capital Management,Leisure Facilities,1.13,1.133,-0.0026,9/16/2032,3.25,,False,,False,,2025-12-31,2025-12-31,1,OCSL,1.13
"Arc Drilling Holdings LLC – Line of Credit, $ 3,875 available (S + 6.8 %, 10.9 % Cash, Due 9/2029)",2,GREEN,0,1,1,1,GLAD,Gladstone Management Corporation,,1.125,1.125,0.0,,,,False,,False,,2025-09-30,2025-12-31,2,GLAD,1.125
"Anteriad Holdings, LP (f/k/a MeritDirect Holdings, LP)",2,GREEN,0,1,1,1,PNNT,PennantPark Investment Advisers,Media,1.12,1.135,-0.0132,,,,False,,False,,2025-09-30,2025-12-31,2,PNNT,1.12
RoadOne Inc,2,GREEN,0,1,1,1,BXSL,Blackstone Credit Advisors,Air Freight & Logistics,1.109,1.11,-0.0009,12/30/2028,,,False,,False,,2025-12-31,2025-12-31,1,BXSL,1.109
NBG Acquisition Corp. and NBG-P Acquisition Corp.+,2,GREEN,0,1,1,1,GBDC,GC Advisors,,1.106,1.117,-0.0098,,,,False,,False,,2025-09-30,2025-12-31,2,GBDC,1.106
"TLB Holdings I, LLC+",2,GREEN,0,1,1,1,GBDC,GC Advisors,Household Durables,1.103,1.111,-0.0072,,,,False,,False,,2025-12-31,2025-12-31,1,GBDC,1.103
"SEM Holdings, LLC (dba Southeast Mechanical, LLC)",2,GREEN,0,1,1,1,GSBD,Goldman Sachs Asset Management,Diversified Consumer Services,1.1,1.1,0.0,,,,False,,False,,2025-09-30,2025-12-31,2,GSBD,1.1
"WorkforceQA, LLC – Line of Credit, $ 900 available (S + 6.5 %, 10.6 % Cash, Due 12/2026)",2,GREEN,0,1,1,1,GLAD,Gladstone Management Corporation,,1.1,1.1,0.0,,,,False,,False,,2025-12-31,2025-12-31,1,GLAD,1.1
"Drillers Choice, Inc.",2,GREEN,0,1,1,1,SLRC,SLR Capital Partners,Commercial Services & Supplies,1.089,1.091,-0.0018,,10.08,,False,,False,,2025-09-30,2025-12-31,2,SLRC,1.089
Alvotech Holdings S.A.,2,GREEN,0,1,1,1,OCSL,Oaktree Capital Management,Biotechnology,1.087,0.718,0.5139,,,,False,,False,,2025-09-30,2025-12-31,2,OCSL,1.087
Apex Group Treasury Ltd,2,GREEN,0,1,1,1,OCSL,Oaktree Capital Management,Diversified Financial Services,1.084,1.087,-0.0028,2/27/2032,3.5,,False,,False,,2025-12-31,2025-12-31,1,OCSL,1.084
"Nielsen-Kellerman Acquisition Corp. – Line of Credit, $ 2,820 available (SOFR+ 5.0 %, 10.0 % Cash, Due 12/2025)",2,GREEN,0,1,1,1,GAIN,Gladstone Management Corporation,,1.07,1.07,0.0,,,,False,,False,,2025-09-30,2025-12-31,2,GAIN,1.07
"Bright Machines, Inc.",2,GREEN,0,1,1,1,HTGC,Hercules Capital (internal),Manufacturing Technology,1.056,1.074,-0.0168,,,,False,,False,,2025-09-30,2025-12-31,2,HTGC,1.056
Tempo Buyer Corp. (dba Global Claims Services),2,GREEN,0,1,1,1,OBDC,Blue Owl Credit Advisors,,1.056,1.043,0.0125,8/2028,,,False,,False,,2025-09-30,2025-12-31,2,OBDC,1.056
"Iracore Investments Holdings, Inc.",2,GREEN,0,1,1,1,TCPC,Tennenbaum Capital Partners (BlackRock),Media,1.0504,0.0162,63.8395,,,,False,,False,,2025-12-31,2025-12-31,1,TCPC,1.0504
Octagon 67 Ltd,2,GREEN,0,1,1,1,OCSL,Oaktree Capital Management,Multi-Sector Holdings,1.022,1.033,-0.0106,7/25/2038,7.41,,False,,False,,2025-12-31,2025-12-31,1,OCSL,1.022
"GFRC 360, LLC – Term Debt (S + 8.0 %, 12.1 % Cash, Due 9/2026)",2,GREEN,0,1,1,1,GLAD,Gladstone Management Corporation,,1.0,1.0,0.0,,,,False,,False,,2025-12-31,2025-12-31,1,GLAD,1.0
Klarna Holding AB,2,GREEN,0,1,1,1,OBDC,Blue Owl Credit Advisors,,1.0,1.0,0.0,4/2034,,,False,,False,,2025-09-30,2025-12-31,2,OBDC,1.0
Pushpay USA Inc.,2,GREEN,0,1,1,1,CGBD,Carlyle Investment Management,Diversified Financial Services,1.0,0.99,0.0101,8/16/2031,,,False,,False,,2025-09-30,2025-12-31,2,CGBD,1.0
"Valar Atomics, Inc.",2,GREEN,0,1,1,1,TPVG,TriplePoint Advisers,Energy,0.993,0.978,0.0153,,,,False,,False,,2025-12-31,2025-12-31,1,TPVG,0.993
"Eloxx Pharmaceuticals, Inc.",2,GREEN,0,1,1,1,HTGC,Hercules Capital (internal),Drug Discovery & Development,0.988,0.988,0.0,,6.25,625.0,False,,False,,2025-09-30,2025-12-31,2,HTGC,0.988
"Apollo Group Holdco, LLC (Topsail)",2,GREEN,0,1,1,1,TCPC,Tennenbaum Capital Partners (BlackRock),Commercial Services & Supplies,0.9612,0.957,0.0044,12/26/2030,5.88,,False,,False,,2025-12-31,2025-12-31,1,TCPC,0.9612
"AWP Group Holdings, Inc.",2,GREEN,0,1,1,1,OBDC,Blue Owl Credit Advisors,Infrastructure and environmental services,0.957,0.943,0.0148,12/2030,,,False,,False,,2025-09-30,2025-12-31,2,OBDC,0.957
"Fiesta Purchaser, Inc. (dba Shearer's Foods)",2,GREEN,0,1,1,1,OBDC,Blue Owl Credit Advisors,Food and beverage,0.945,0.956,-0.0115,2/2029,,,False,,False,,2025-09-30,2025-12-31,2,OBDC,0.945
UFT Buyer LLC,2,GREEN,0,1,1,1,CGBD,Carlyle Investment Management,Environmental Industries,0.937,0.943,-0.0064,12/4/2032,,,False,,False,,2025-12-31,2025-12-31,1,CGBD,0.937
"NDT Global Holding, Inc.",2,GREEN,0,1,1,1,BXSL,Blackstone Credit Advisors,Professional Services (continued),0.929,0.92,0.0098,6/4/2032,,,False,,False,,2025-12-31,2025-12-31,1,BXSL,0.929
"WebPT, Inc.+",2,GREEN,0,1,1,1,GBDC,GC Advisors,,0.918,0.924,-0.0065,,,,False,,False,,2025-09-30,2025-12-31,2,GBDC,0.918
Conviva Inc.,2,GREEN,0,1,1,1,OCSL,Oaktree Capital Management,Application Software,0.894,0.605,0.4777,,,,False,,False,,2025-09-30,2025-12-31,2,OCSL,0.894
"SimonMed, Inc.",2,GREEN,0,1,1,1,OBDC,Blue Owl Credit Advisors,,0.891,0.894,-0.0034,2/2031,,,False,,False,,2025-09-30,2025-12-31,2,OBDC,0.891
Copper Trail Fund Investments,2,GREEN,0,1,1,1,MAIN,Main Street Capital (internal),,0.89,0.89,0.0,,,,False,,False,,2025-09-30,2025-12-31,2,MAIN,0.89
Worldremit Group Limited (United Kingdom),2,GREEN,0,1,1,1,TCPC,Tennenbaum Capital Partners (BlackRock),Diversified Financial Services,0.8783,0.0934,8.4036,,,,False,,False,,2025-12-31,2025-12-31,1,TCPC,0.8783
"Rally Buyer, Inc.",2,GREEN,0,1,1,1,BXSL,Blackstone Credit Advisors,Software (continued),0.869,0.955,-0.0901,7/19/2029,,,False,,False,,2025-12-31,2025-12-31,1,BXSL,0.869
Achronix Semiconductor Corporation,2,GREEN,0,1,1,1,HTGC,Hercules Capital (internal),Semiconductors,0.862,0.518,0.6641,,,,False,,False,,2025-09-30,2025-12-31,2,HTGC,0.862
Beach Acquisition Bidco LLC,2,GREEN,0,1,1,1,OCSL,Oaktree Capital Management,Footwear,0.858,0.86,-0.0023,9/12/2032,3.25,,False,,False,,2025-12-31,2025-12-31,1,OCSL,0.858
CoorsTek Inc,2,GREEN,0,1,1,1,OCSL,Oaktree Capital Management,Industrial Machinery & Supplies & Components,0.858,0.859,-0.0012,10/28/2032,3.0,,False,,False,,2025-12-31,2025-12-31,1,OCSL,0.858
Eisner Advisory Group LLC,2,GREEN,0,1,1,1,OCSL,Oaktree Capital Management,Research & Consulting Services,0.855,0.856,-0.0012,2/28/2031,4.0,,False,,False,,2025-12-31,2025-12-31,1,OCSL,0.855
Chromalloy Corp.,2,GREEN,0,1,1,1,OCSL,Oaktree Capital Management,Aerospace & Defense,0.854,0.855,-0.0012,3/27/2031,3.25,,False,,False,,2025-12-31,2025-12-31,1,OCSL,0.854
Level 3 Communications Inc,2,GREEN,0,1,1,1,OCSL,Oaktree Capital Management,Alternative Carriers,0.854,0.854,0.0,3/29/2032,3.25,,False,,False,,2025-12-31,2025-12-31,1,OCSL,0.854
Blackfin Pipeline LLC,2,GREEN,0,1,1,1,OCSL,Oaktree Capital Management,Oil & Gas Storage & Transportation,0.853,0.853,0.0,9/29/2032,3.0,,False,,False,,2025-12-31,2025-12-31,1,OCSL,0.853
Edelman Financial Engines Center LLC/The,2,GREEN,0,1,1,1,OCSL,Oaktree Capital Management,Asset Management & Custody Banks,0.853,0.853,0.0,4/7/2028,3.0,,False,,False,,2025-12-31,2025-12-31,1,OCSL,0.853
McGraw-Hill Education Inc,2,GREEN,0,1,1,1,OCSL,Oaktree Capital Management,Publishing,0.853,0.853,0.0,8/6/2031,2.75,,False,,False,,2025-12-31,2025-12-31,1,OCSL,0.853
Cengage Learning Holdings II Inc,2,GREEN,0,1,1,1,OCSL,Oaktree Capital Management,Education Services,0.852,0.851,0.0012,3/24/2031,3.5,,False,,False,,2025-12-31,2025-12-31,1,OCSL,0.852
Clydesdale Acquisition Holdings Inc,2,GREEN,0,1,1,1,OCSL,Oaktree Capital Management,Paper & Plastic Packaging Products & Materials,0.852,0.851,0.0012,4/13/2029,3.18,,False,,False,,2025-12-31,2025-12-31,1,OCSL,0.852
PointClickCare Technologies Inc,2,GREEN,0,1,1,1,OCSL,Oaktree Capital Management,Health Care Technology,0.851,0.853,-0.0023,11/3/2031,2.75,,False,,False,,2025-12-31,2025-12-31,1,OCSL,0.851
Univision Communications Inc,2,GREEN,0,1,1,1,OCSL,Oaktree Capital Management,Broadcasting,0.85,0.853,-0.0035,6/24/2029,4.25,,False,,False,,2025-12-31,2025-12-31,1,OCSL,0.85
STS Operating Inc,2,GREEN,0,1,1,1,OCSL,Oaktree Capital Management,Industrial Machinery & Supplies & Components,0.849,0.849,0.0,3/25/2031,4.0,,False,,False,,2025-12-31,2025-12-31,1,OCSL,0.849
Shearers Foods LLC,2,GREEN,0,1,1,1,OCSL,Oaktree Capital Management,Packaged Foods & Meats,0.849,0.85,-0.0012,2/12/2031,2.75,,False,,False,,2025-12-31,2025-12-31,1,OCSL,0.849
Five Star Lower Holding LLC,2,GREEN,0,1,1,1,OCSL,Oaktree Capital Management,Food Retail,0.847,0.847,0.0,5/5/2029,4.25,,False,,False,,2025-12-31,2025-12-31,1,OCSL,0.847
MRO Parent Corporation,2,GREEN,0,1,1,1,TCPC,Tennenbaum Capital Partners (BlackRock),Health Care Technology,0.8454,0.8391,0.0075,6/9/2032,4.5,,False,,False,,2025-09-30,2025-12-31,2,TCPC,0.8454
RH,2,GREEN,0,1,1,1,OCSL,Oaktree Capital Management,Homefurnishing Retail,0.844,0.843,0.0012,10/20/2028,3.35,,False,,False,,2025-12-31,2025-12-31,1,OCSL,0.844
"Bitsight Technologies, Inc.",2,GREEN,0,1,1,1,HTGC,Hercules Capital (internal),Warrant Investments,0.843,0.568,0.4842,,,,False,,False,,2025-09-30,2025-12-31,2,HTGC,0.843
Dexko Global Inc,2,GREEN,0,1,1,1,OCSL,Oaktree Capital Management,Auto Parts & Equipment,0.843,0.844,-0.0012,10/4/2028,3.75,,False,,False,,2025-12-31,2025-12-31,1,OCSL,0.843
Altice France SA,2,GREEN,0,1,1,1,OCSL,Oaktree Capital Management,Integrated Telecommunication Services,0.842,0.842,0.0,10/30/2028,5.0,,False,,False,,2025-12-31,2025-12-31,1,OCSL,0.842
"Kenan Advantage Group, Inc.",2,GREEN,0,1,1,1,OCSL,Oaktree Capital Management,Cargo Ground Transportation,0.842,0.842,0.0,1/25/2029,3.25,,False,,False,,2025-12-31,2025-12-31,1,OCSL,0.842
xAI Corp.,2,GREEN,0,1,1,1,OCSL,Oaktree Capital Management,Application Software,0.839,0.837,0.0024,6/28/2030,7.25,,False,,False,,2025-12-31,2025-12-31,1,OCSL,0.839
"Coronado Aesthetics, LLC",2,GREEN,0,1,1,1,HTGC,Hercules Capital (internal),Medical Devices & Equipment,0.836,0.5,0.672,,,,False,,False,,2025-09-30,2025-12-31,2,HTGC,0.836
Acosta Inc,2,GREEN,0,1,1,1,OCSL,Oaktree Capital Management,Advertising,0.834,0.837,-0.0036,8/21/2031,5.6,,False,,False,,2025-12-31,2025-12-31,1,OCSL,0.834
Ankura Consulting Group LLC,2,GREEN,0,1,1,1,OCSL,Oaktree Capital Management,Research & Consulting Services,0.831,0.834,-0.0036,12/29/2031,3.5,,False,,False,,2025-12-31,2025-12-31,1,OCSL,0.831
Iridium Communications Inc,2,GREEN,0,1,1,1,OCSL,Oaktree Capital Management,Alternative Carriers,0.83,0.832,-0.0024,9/20/2030,2.25,,False,,False,,2025-12-31,2025-12-31,1,OCSL,0.83
"AFC Acquisitions, Inc. (F-2 Series)",2,GREEN,0,1,1,1,PNNT,PennantPark Investment Advisers,Distribution,0.819,0.749,0.0935,,,,False,,False,,2025-09-30,2025-12-31,2,PNNT,0.819
"PPT Holdings III, LLC (dba Park Place Technologies)",2,GREEN,0,1,1,1,OBDC,Blue Owl Credit Advisors,Telecommunications,0.817,0.809,0.0099,3/2034,,,False,,False,,2025-09-30,2025-12-31,2,OBDC,0.817
"Cotiviti, Inc.",2,GREEN,0,1,1,1,OCSL,Oaktree Capital Management,Health Care Technology,0.816,0.818,-0.0024,3/26/2032,2.75,,False,,False,,2025-12-31,2025-12-31,1,OCSL,0.816
MRP Buyer LLC,2,GREEN,0,1,1,1,OCSL,Oaktree Capital Management,Independent Power Producers & Energy Traders,0.805,0.806,-0.0012,6/4/2032,3.25,,False,,False,,2025-12-31,2025-12-31,1,OCSL,0.805
Beekeeper Buyer Inc. (Archway),2,GREEN,0,1,1,1,TCPC,Tennenbaum Capital Partners (BlackRock),Diversified Financial Services,0.8008,0.7924,0.0106,6/30/2031,5.25,,False,,False,,2025-09-30,2025-12-31,2,TCPC,0.8008
"Marcone Yellowstone Buyer Inc. and Marcone Yellowstone Holdings, LLC",2,GREEN,0,1,1,1,ARCC,Ares Capital Management,,0.8,0.6,0.3333,06/2028,7.88,,False,,False,,2025-09-30,2025-12-31,2,ARCC,0.8
"BCPE Grill Parent, Inc.",2,GREEN,0,1,1,1,OCSL,Oaktree Capital Management,Restaurants,0.79,0.795,-0.0063,9/30/2030,4.75,,False,,False,,2025-12-31,2025-12-31,1,OCSL,0.79
Cambrex Corporation,2,GREEN,0,1,1,1,OBDC,Blue Owl Credit Advisors,,0.785,0.777,0.0103,3/2032,,,False,,False,,2025-09-30,2025-12-31,2,OBDC,0.785
"Modernizing Medicine, Inc. (dba ModMed)",2,GREEN,0,1,1,1,OBDC,Blue Owl Credit Advisors,,0.768,0.765,0.0039,4/2032,,,False,,False,,2025-09-30,2025-12-31,2,OBDC,0.768
Nimble Crane LLC,2,GREEN,0,1,1,1,SLRC,SLR Capital Partners,Commercial Services & Supplies,0.762,0.762,0.0,7/13/2028,9.18,,False,,False,,2025-09-30,2025-12-31,2,SLRC,0.762
"AFG Dallas III, LLC",2,GREEN,0,1,1,1,SLRC,SLR Capital Partners,Diversified Consumer Services,0.743,0.743,0.0,,11.29,,False,,False,,2025-09-30,2025-12-31,2,SLRC,0.743
"Higginbotham Insurance Agency, Inc.+",2,GREEN,0,1,1,1,GBDC,GC Advisors,,0.717,0.719,-0.0028,,,,False,,False,,2025-09-30,2025-12-31,2,GBDC,0.717
Kairos Bidco Limited+,2,GREEN,0,1,1,1,GBDC,GC Advisors,,0.7,0.705,-0.0071,,,,False,,False,,2025-09-30,2025-12-31,2,GBDC,0.7
"PlanSource Holdings, Inc.+",2,GREEN,0,1,1,1,GBDC,GC Advisors,,0.694,0.695,-0.0014,,,,False,,False,,2025-09-30,2025-12-31,2,GBDC,0.694
"Couchbase, Inc.",2,GREEN,0,1,1,1,HTGC,Hercules Capital (internal),Sustainable and Renewable Technology,0.686,0.462,0.4848,,,,False,,False,,2025-09-30,2025-12-31,2,HTGC,0.686
"Events Buyer, LLC",2,GREEN,0,1,1,1,PNNT,PennantPark Investment Advisers,Event Services,0.684,0.536,0.2761,,,,False,,False,,2025-09-30,2025-12-31,2,PNNT,0.684
"Stonebridge Companies, LLC",2,GREEN,0,1,1,1,TCPC,Tennenbaum Capital Partners (BlackRock),Healthcare Providers and Services,0.6809,0.6691,0.0176,5/16/2031,5.0,,False,,False,,2025-09-30,2025-12-31,2,TCPC,0.6809
"Horizon Avionics Buyer, LLC",2,GREEN,0,1,1,1,CGBD,Carlyle Investment Management,Aerospace & Defense,0.677,0.744,-0.0901,3/28/2032,,,False,,False,,2025-12-31,2025-12-31,1,CGBD,0.677
everdrop GmbH,2,GREEN,0,1,1,1,TPVG,TriplePoint Advisers,Consumer Products and Services,0.673,0.17,2.9588,,,,False,,False,,2025-09-30,2025-12-31,2,TPVG,0.673
Dalton US Inc.,2,GREEN,0,1,1,1,MAIN,Main Street Capital (internal),,0.65,0.72,-0.0972,,,,False,,False,,2025-09-30,2025-12-31,2,MAIN,0.65
"Veronica Holdings, LLC (Vapotherm) *",2,GREEN,0,1,1,1,SLRC,SLR Capital Partners,Health Care Equipment & Supplies,0.639,0.33,0.9364,,,,False,,False,,2025-09-30,2025-12-31,2,SLRC,0.639
PDQ.com Corporation+,2,GREEN,0,1,1,1,GBDC,GC Advisors,,0.63,0.632,-0.0032,,,,False,,False,,2025-12-31,2025-12-31,1,GBDC,0.63
"ContractPod Technologies, Ltd.+",2,GREEN,0,1,1,1,GBDC,GC Advisors,IT Services,0.629,0.633,-0.0063,,,,False,,False,,2025-09-30,2025-12-31,2,GBDC,0.629
"Miranda Logistics Enterprise, Inc.",2,GREEN,0,1,1,1,SLRC,SLR Capital Partners,Construction & Engineering,0.628,0.628,0.0,4/14/2028,7.69,,False,,False,,2025-09-30,2025-12-31,2,SLRC,0.628
"Edition Holdings, Inc.+",2,GREEN,0,1,1,1,GBDC,GC Advisors,Media,0.626,0.63,-0.0063,,,,False,,False,,2025-12-31,2025-12-31,1,GBDC,0.626
Rayzor’s Edge LLC,2,GREEN,0,1,1,1,SLRC,SLR Capital Partners,Diversified Consumer Services,0.624,0.624,0.0,,8.27,,False,,False,,2025-09-30,2025-12-31,2,SLRC,0.624
Sandisk Corp/DE,2,GREEN,0,1,1,1,OCSL,Oaktree Capital Management,"Technology Hardware, Storage & Peripherals",0.618,0.619,-0.0016,2/20/2032,3.0,,False,,False,,2025-12-31,2025-12-31,1,OCSL,0.618
"VisionSafe Parent, LLC",2,GREEN,0,1,1,1,GSBD,Goldman Sachs Asset Management,Aerospace & Defense,0.61,0.61,0.0,,,,False,,False,,2025-09-30,2025-12-31,2,GSBD,0.61
"Savage X Holding, LLC",2,GREEN,0,1,1,1,HTGC,Hercules Capital (internal),Consumer & Business Products,0.604,0.026,22.2308,,,,False,,False,,2025-09-30,2025-12-31,2,HTGC,0.604
Pyramid Analytics BV (Netherlands),2,GREEN,0,1,1,1,TCPC,Tennenbaum Capital Partners (BlackRock),Debt Investments (continued),0.5979,0.5534,0.0804,5/14/2029,6.5,,False,,False,,2025-12-31,2025-12-31,1,TCPC,0.5979
"Mixpanel, Inc.",2,GREEN,0,1,1,1,HTGC,Hercules Capital (internal),Warrant Investments,0.595,0.504,0.1806,,,,False,,False,,2025-09-30,2025-12-31,2,HTGC,0.595
"ANLG Holdings, LLC",2,GREEN,0,1,1,1,CGBD,Carlyle Investment Management,Capital Equipment,0.592,0.592,0.0,,,,False,,False,,2025-12-31,2025-12-31,1,CGBD,0.592
"Unirac Holdings, Inc. – Line of Credit, $ 1,633 available (S + 6.5 %, 10.6 % Cash, Due 9/2027)",2,GREEN,0,1,1,1,GLAD,Gladstone Management Corporation,,0.589,0.589,0.0,,,,False,,False,,2025-12-31,2025-12-31,1,GLAD,0.589
Windstream Holdings Inc,2,GREEN,0,1,1,1,OCSL,Oaktree Capital Management,Integrated Telecommunication Services,0.553,0.555,-0.0036,10/1/2031,4.75,,False,,False,,2025-12-31,2025-12-31,1,OCSL,0.553
"FYI Optical Acquisitions, Inc. & FYI USA, Inc.*+",2,GREEN,0,1,1,1,GBDC,GC Advisors,,0.55,0.554,-0.0072,,,,False,,False,,2025-12-31,2025-12-31,1,GBDC,0.55
"Profile Holdings I, LP",2,GREEN,0,1,1,1,CGBD,Carlyle Investment Management,"Chemicals, Plastics & Rubber",0.523,0.005,103.6,,,,False,,False,,2025-12-31,2025-12-31,1,CGBD,0.523
"Gauge APHIX Blocker, LLC",2,GREEN,0,1,1,1,PNNT,PennantPark Investment Advisers,Business Services,0.519,0.49,0.0592,,,,False,,False,,2025-09-30,2025-12-31,2,PNNT,0.519
"Torrent Photonics Holdco LLC – Term Debt (S + 9.5 %, 13.6 % Cash, Due 4/2026)",2,GREEN,0,1,1,1,GLAD,Gladstone Management Corporation,,0.505,0.5,0.01,,,,False,,False,,2025-12-31,2025-12-31,1,GLAD,0.505
WideOpenWest Inc,2,GREEN,0,1,1,1,OCSL,Oaktree Capital Management,Cable & Satellite,0.501,0.499,0.004,12/11/2028,3.0,,False,,False,,2025-12-31,2025-12-31,1,OCSL,0.501
"AH Holdings, LLC",2,GREEN,0,1,1,1,PNNT,PennantPark Investment Advisers,"Healthcare, Education and Childcare",0.5,0.211,1.3697,,,,False,,False,,2025-09-30,2025-12-31,2,PNNT,0.5
Stonepeak Bayou Holdings LP,2,GREEN,0,1,1,1,OCSL,Oaktree Capital Management,Oil & Gas Storage & Transportation,0.499,0.506,-0.0138,9/24/2032,2.75,,False,,False,,2025-12-31,2025-12-31,1,OCSL,0.499
"ACP Ulysses Buyer, Inc.+",2,GREEN,0,1,1,1,GBDC,GC Advisors,Pharmaceuticals,0.479,0.499,-0.0401,,,,False,,False,,2025-12-31,2025-12-31,1,GBDC,0.479
"Solis Midco, SAS",2,GREEN,0,1,1,1,BXSL,Blackstone Credit Advisors,Software (continued),0.476,0.417,0.1415,10/8/2032,,,False,,False,,2025-12-31,2025-12-31,1,BXSL,0.476
"Hissho Sushi Holdings, LLC",2,GREEN,0,1,1,1,OBDC,Blue Owl Credit Advisors,Food and beverage,0.475,0.318,0.4937,,,,False,,False,,2025-09-30,2025-12-31,2,OBDC,0.475
"Vanco Payment Solutions, LLC+",2,GREEN,0,1,1,1,GBDC,GC Advisors,,0.473,0.478,-0.0105,,,,False,,False,,2025-12-31,2025-12-31,1,GBDC,0.473
"The Black Tux, Inc.",2,GREEN,0,1,1,1,TPVG,TriplePoint Advisers,Consumer Products and Services,0.467,0.0,,,,,False,,False,,2025-09-30,2025-12-31,2,TPVG,0.467
"PAS Parent, Inc.",2,GREEN,0,1,1,1,BXSL,Blackstone Credit Advisors,Life Sciences Tools & Services,0.454,0.454,0.0,8/18/2032,,,False,,False,,2025-12-31,2025-12-31,1,BXSL,0.454
"Talkspace, LLC (f/k/a Groop Internet Platfom, Inc.)",2,GREEN,0,1,1,1,TPVG,TriplePoint Advisers,Healthcare Technology Systems,0.453,0.0,,,,,False,,False,,2025-09-30,2025-12-31,2,TPVG,0.453
MRH Trowe Beteiligungsgesellschaft mbH,2,GREEN,0,1,1,1,BXSL,Blackstone Credit Advisors,Insurance,0.45,0.406,0.1084,5/17/2032,,,False,,False,,2025-12-31,2025-12-31,1,BXSL,0.45
"Dispatch Acquisition Holdings, LLC+",2,GREEN,0,1,1,1,GBDC,GC Advisors,Commercial Services & Supplies,0.448,0.451,-0.0067,,,,False,,False,,2025-12-31,2025-12-31,1,GBDC,0.448
Ineos AG,2,GREEN,0,1,1,1,OCSL,Oaktree Capital Management,Commodity Chemicals,0.447,0.442,0.0113,2/18/2030,3.25,,False,,False,,2025-12-31,2025-12-31,1,OCSL,0.447
"Maia Aggregator, LP",2,GREEN,0,1,1,1,OBDC,Blue Owl Credit Advisors,Healthcare equipment and services,0.444,0.437,0.016,,,,False,,False,,2025-09-30,2025-12-31,2,OBDC,0.444
"Curevo, Inc.",2,GREEN,0,1,1,1,HTGC,Hercules Capital (internal),Drug Discovery & Development,0.426,0.466,-0.0858,,,,False,,False,,2025-09-30,2025-12-31,2,HTGC,0.426
"Edison Bidco, AS",2,GREEN,0,1,1,1,BXSL,Blackstone Credit Advisors,Software (continued),0.406,0.345,0.1768,12/18/2031,,,False,,False,,2025-12-31,2025-12-31,1,BXSL,0.406
"Cielo Bidco, Ltd.",2,GREEN,0,1,1,1,BXSL,Blackstone Credit Advisors,Machinery,0.405,0.338,0.1982,3/31/2032,,,False,,False,,2025-12-31,2025-12-31,1,BXSL,0.405
"Newfront Insurance Holdings, Inc.",2,GREEN,0,1,1,1,HTGC,Hercules Capital (internal),Diversified Financial Services,0.404,0.403,0.0025,,,,False,,False,,2025-09-30,2025-12-31,2,HTGC,0.404
Liberty Zim Co-Invest L.P.,2,GREEN,0,1,1,1,HTGC,Hercules Capital (internal),Drug Discovery & Development,0.4,0.381,0.0499,,,,False,,False,,2025-12-31,2025-12-31,1,HTGC,0.4
"Summit Bidco, Inc. (Canada)",2,GREEN,0,1,1,1,CGBD,Carlyle Investment Management,Diversified Financial Services,0.399,0.393,0.0153,10/1/2032,,,False,,False,,2025-12-31,2025-12-31,1,CGBD,0.399
"RailPros Parent, LLC",2,GREEN,0,1,1,1,BXSL,Blackstone Credit Advisors,Commercial Services & Supplies (continued),0.398,0.397,0.0025,5/24/2032,,,False,,False,,2025-12-31,2025-12-31,1,BXSL,0.398
"QF Holdings, Inc.+",2,GREEN,0,1,1,1,GBDC,GC Advisors,,0.372,0.372,0.0,,,,False,,False,,2025-09-30,2025-12-31,2,GBDC,0.372
"EvolveIP, LLC",2,GREEN,0,1,1,1,CGBD,Carlyle Investment Management,Telecommunications,0.368,0.152,1.4211,,,,False,,False,,2025-12-31,2025-12-31,1,CGBD,0.368
"Eagan Parent, Inc.",2,GREEN,0,1,1,1,BXSL,Blackstone Credit Advisors,Software (continued),0.36,0.359,0.0028,9/8/2032,,,False,,False,,2025-12-31,2025-12-31,1,BXSL,0.36
"Accounting Platform Blocker, Inc.",2,GREEN,0,1,1,1,PNNT,PennantPark Investment Advisers,Financial Services,0.356,0.356,0.0,,,,False,,False,,2025-09-30,2025-12-31,2,PNNT,0.356
Provenance Buyer LLC+,2,GREEN,0,1,1,1,GBDC,GC Advisors,,0.356,0.364,-0.022,,,,False,,False,,2025-09-30,2025-12-31,2,GBDC,0.356
"Pascal Ultimate Holdings, L.P",2,GREEN,0,1,1,1,CGBD,Carlyle Investment Management,Capital Equipment,0.346,0.036,8.6111,,,,False,,False,,2025-12-31,2025-12-31,1,CGBD,0.346
"Pearl Acquisition Buyer, Inc.+",2,GREEN,0,1,1,1,GBDC,GC Advisors,Commercial Services & Supplies,0.345,0.346,-0.0029,,,,False,,False,,2025-12-31,2025-12-31,1,GBDC,0.345
"CIP Revolution Holdings, LLC",2,GREEN,0,1,1,1,CGBD,Carlyle Investment Management,"Media: Advertising, Printing & Publishing",0.318,0.318,0.0,,,,False,,False,,2025-12-31,2025-12-31,1,CGBD,0.318
"GC Waves Holdings, Inc. (Mercer)",2,GREEN,0,1,1,1,TCPC,Tennenbaum Capital Partners (BlackRock),Debt Investments (continued),0.3044,0.2423,0.2563,10/4/2030,4.5,,False,,False,,2025-12-31,2025-12-31,1,TCPC,0.3044
"Lincoln Acq Buyer, LLC+",2,GREEN,0,1,1,1,GBDC,GC Advisors,,0.298,0.3,-0.0067,,,,False,,False,,2025-12-31,2025-12-31,1,GBDC,0.298
Addev Group (France),2,GREEN,0,1,1,1,CGBD,Carlyle Investment Management,"Chemicals, Plastics & Rubber",0.295,0.293,0.0068,10/28/2032,,,False,,False,,2025-12-31,2025-12-31,1,CGBD,0.295
"Nephele III, BV",2,GREEN,0,1,1,1,BXSL,Blackstone Credit Advisors,IT Services (continued),0.287,0.267,0.0749,1/14/2032,,,False,,False,,2025-12-31,2025-12-31,1,BXSL,0.287
"MBS Parent, LLC",2,GREEN,0,1,1,1,TCPC,Tennenbaum Capital Partners (BlackRock),Media,0.2861,0.001,285.1,,,,False,,False,,2025-12-31,2025-12-31,1,TCPC,0.2861
"Berry Aviation, Inc.",2,GREEN,0,1,1,1,MAIN,Main Street Capital (internal),,0.286,0.0,,,,,False,,False,,2025-09-30,2025-12-31,2,MAIN,0.286
"Flo Health, Inc.",2,GREEN,0,1,1,1,TPVG,TriplePoint Advisers,Application Software,0.274,0.0,,,,,False,,False,,2025-09-30,2025-12-31,2,TPVG,0.274
"GB Vino Parent, L.P.",2,GREEN,0,1,1,1,CGBD,Carlyle Investment Management,Beverage & Food,0.274,0.004,67.5,,,,False,,False,,2025-12-31,2025-12-31,1,CGBD,0.274
"Accelerate Topco Holdings, LLC",2,GREEN,0,1,1,1,OBDC,Blue Owl Credit Advisors,Insurance,0.273,0.268,0.0187,,,,False,,False,,2025-09-30,2025-12-31,2,OBDC,0.273
"Scientian France, SAS",2,GREEN,0,1,1,1,BXSL,Blackstone Credit Advisors,Diversified Consumer Services,0.271,0.235,0.1532,7/15/2032,,,False,,False,,2025-12-31,2025-12-31,1,BXSL,0.271
Rotten Rock Hardscaping & Tree Service,2,GREEN,0,1,1,1,SLRC,SLR Capital Partners,Diversified Consumer Services,0.269,0.269,0.0,12/6/2027,8.21,,False,,False,,2025-09-30,2025-12-31,2,SLRC,0.269
Ardonagh Midco 3 PLC (United Kingdom),2,GREEN,0,1,1,1,CGBD,Carlyle Investment Management,Diversified Financial Services,0.237,0.232,0.0216,2/15/2031,,,False,,False,,2025-09-30,2025-12-31,2,CGBD,0.237
"LeoLabs, Inc.",2,GREEN,0,1,1,1,TPVG,TriplePoint Advisers,Business Products and Services,0.227,0.0,,,,,False,,False,,2025-09-30,2025-12-31,2,TPVG,0.227
"Quant Buyer, Inc.+",2,GREEN,0,1,1,1,GBDC,GC Advisors,,0.227,0.23,-0.013,,,,False,,False,,2025-09-30,2025-12-31,2,GBDC,0.227
"DOXA Insurance Holdings LLC and Rocket Co-Invest, SLP",2,GREEN,0,1,1,1,ARCC,Ares Capital Management,Insurance,0.2,0.2,0.0,12/2029,8.17,,False,,False,,2025-09-30,2025-12-31,2,ARCC,0.2
King Bidco S.P.E.C.,2,GREEN,0,1,1,1,BXSL,Blackstone Credit Advisors,Professional Services (continued),0.2,0.175,0.1429,6/26/2032,,,False,,False,,2025-12-31,2025-12-31,1,BXSL,0.2
"Victors Purchaser, LLC",2,GREEN,0,1,1,1,CGBD,Carlyle Investment Management,High Tech Industries,0.193,0.196,-0.0153,12/23/2032,,,False,,False,,2025-12-31,2025-12-31,1,CGBD,0.193
"CB Sports Holdings Bidco, LLC+",2,GREEN,0,1,1,1,GBDC,GC Advisors,,0.183,0.184,-0.0054,,,,False,,False,,2025-12-31,2025-12-31,1,GBDC,0.183
"Muon Space, Inc.",2,GREEN,0,1,1,1,TPVG,TriplePoint Advisers,Business Products and Services,0.183,0.0,,,,,False,,False,,2025-09-30,2025-12-31,2,TPVG,0.183
"ModMed Software Midco Holdings, Inc. (dba ModMed)",2,GREEN,0,1,1,1,OBDC,Blue Owl Credit Advisors,Healthcare technology,0.182,0.181,0.0055,,,,False,,False,,2025-09-30,2025-12-31,2,OBDC,0.182
"No Limit Construction Services, LLC",2,GREEN,0,1,1,1,SLRC,SLR Capital Partners,Commercial Services & Supplies,0.166,0.166,0.0,6/1/2028,7.73,,False,,False,,2025-09-30,2025-12-31,2,SLRC,0.166
"Cassipoee, SASU",2,GREEN,0,1,1,1,BXSL,Blackstone Credit Advisors,IT Services,0.165,0.16,0.0313,2/26/2032,,,False,,False,,2025-12-31,2025-12-31,1,BXSL,0.165
Metrodora S.L.,2,GREEN,0,1,1,1,BXSL,Blackstone Credit Advisors,Diversified Consumer Services,0.148,0.128,0.1562,7/15/2032,,,False,,False,,2025-12-31,2025-12-31,1,BXSL,0.148
"Stance, Inc.",2,GREEN,0,1,1,1,TPVG,TriplePoint Advisers,E-Commerce - Clothing and Accessories,0.14,0.041,2.4146,,,,False,,False,,2025-09-30,2025-12-31,2,TPVG,0.14
"Sorrento Therapeutics, Inc.",2,GREEN,0,1,1,1,OCSL,Oaktree Capital Management,Biotechnology,0.139,0.0,,,,,False,,False,,2025-09-30,2025-12-31,2,OCSL,0.139
"Trinity Equipment Rentals, Inc.",2,GREEN,0,1,1,1,SLRC,SLR Capital Partners,Commercial Services & Supplies,0.136,0.136,0.0,,7.95,,False,,False,,2025-09-30,2025-12-31,2,SLRC,0.136
"LovePop, Inc.",2,GREEN,0,1,1,1,TPVG,TriplePoint Advisers,Consumer Retail,0.128,0.0,,,,,False,,False,,2025-09-30,2025-12-31,2,TPVG,0.128
"Scientian 2 Spain, S.L.",2,GREEN,0,1,1,1,BXSL,Blackstone Credit Advisors,Diversified Consumer Services,0.123,0.107,0.1495,7/15/2032,,,False,,False,,2025-12-31,2025-12-31,1,BXSL,0.123
"Consor Intermediate II, LLC+",2,GREEN,0,1,1,1,GBDC,GC Advisors,Construction & Engineering,0.121,0.134,-0.097,,,,False,,False,,2025-09-30,2025-12-31,2,GBDC,0.121
"Burning Glass Intermediate Holdings Company, Inc.+",2,GREEN,0,1,1,1,GBDC,GC Advisors,Software,0.109,0.109,0.0,,,,False,,False,,2025-09-30,2025-12-31,2,GBDC,0.109
"East River Bidco, GmbH",2,GREEN,0,1,1,1,BXSL,Blackstone Credit Advisors,Professional Services (continued),0.103,0.097,0.0619,3/26/2032,,,False,,False,,2025-12-31,2025-12-31,1,BXSL,0.103
"ICIMS, Inc.+",2,GREEN,0,1,1,1,GBDC,GC Advisors,,0.103,0.106,-0.0283,,,,False,,False,,2025-09-30,2025-12-31,2,GBDC,0.103
"Narvar, Inc.",2,GREEN,0,1,1,1,TPVG,TriplePoint Advisers,Business Applications Software,0.102,0.0,,,,,False,,False,,2025-09-30,2025-12-31,2,TPVG,0.102
"Databricks, Inc.",2,GREEN,0,1,1,1,ARCC,Ares Capital Management,,0.1,0.1,0.0,01/2031,8.27,,False,,False,,2025-09-30,2025-12-31,2,ARCC,0.1
"A&A Crane and Rigging, LLC",2,GREEN,0,1,1,1,SLRC,SLR Capital Partners,Commercial Services & Supplies,0.093,0.093,0.0,3/2028,7.78,,False,,False,,2025-09-30,2025-12-31,2,SLRC,0.093
"Apothecary Products, LLC+",2,GREEN,0,1,1,1,GBDC,GC Advisors,Pharmaceuticals,0.09,0.091,-0.011,,,,False,,False,,2025-09-30,2025-12-31,2,GBDC,0.09
"Project Affinity, Inc.",2,GREEN,0,1,1,1,TPVG,TriplePoint Advisers,Business Applications Software,0.083,0.0,,,,,False,,False,,2025-09-30,2025-12-31,2,TPVG,0.083
"Cubic Corp, Warrant",2,GREEN,0,1,1,1,FSK,FS/KKR Advisor,Software & Services,0.076,0.0,,,,,False,,False,,2025-09-30,2025-12-31,2,FSK,0.076
"PL Acquisitionco, LLC -",2,GREEN,0,1,1,1,PNNT,PennantPark Investment Advisers,Retail,0.073,0.0,,,,,False,,False,,2025-09-30,2025-12-31,2,PNNT,0.073
"Inotiv, Inc.",2,GREEN,0,1,1,1,TCPC,Tennenbaum Capital Partners (BlackRock),Pharmaceuticals,0.0686,0.0292,1.3493,,,,False,,False,,2025-12-31,2025-12-31,1,TCPC,0.0686
"Optoro, Inc.",2,GREEN,0,1,1,1,TPVG,TriplePoint Advisers,Business to Business Marketplace,0.067,0.0,,,,,False,,False,,2025-09-30,2025-12-31,2,TPVG,0.067
MXP Prime Platform GmbH (SellerX) (Germany),2,GREEN,0,1,1,1,TCPC,Tennenbaum Capital Partners (BlackRock),Diversified Consumer Services,0.0667,0.0054,11.3519,,,,False,,False,,2025-12-31,2025-12-31,1,TCPC,0.0667
"Vial Health Technology, Inc.",2,GREEN,0,1,1,1,TPVG,TriplePoint Advisers,Healthcare Services,0.066,0.033,1.0,,,,False,,False,,2025-09-30,2025-12-31,2,TPVG,0.066
"US Chemical Technologies, Inc.",2,GREEN,0,1,1,1,TPVG,TriplePoint Advisers,Aerospace and Defense,0.053,0.0,,,,,False,,False,,2025-12-31,2025-12-31,1,TPVG,0.053
"Curia Receivables II SPV LLC (FKA Curia Global Inc), Revolver",2,GREEN,0,1,1,1,FSK,FS/KKR Advisor,"Pharmaceuticals, Biotechnology & Life Sciences",0.0417,0.0417,0.0,,,,False,,False,,2025-12-31,2025-12-31,1,FSK,0.0417
"Fortna AR LLC (FKA Fortna Group Inc), Revolver",2,GREEN,0,1,1,1,FSK,FS/KKR Advisor,Capital Goods,0.0369,0.0369,0.0,,,,False,,False,,2025-12-31,2025-12-31,1,FSK,0.0369
"Health Buyer, LLC+",2,GREEN,0,1,1,1,GBDC,GC Advisors,,0.035,0.038,-0.0789,,,,False,,False,,2025-09-30,2025-12-31,2,GBDC,0.035
Razor Group GmbH (Germany),2,GREEN,0,1,1,1,TCPC,Tennenbaum Capital Partners (BlackRock),Diversified Consumer Services,0.0344,0.0009,37.2222,,,,False,,False,,2025-12-31,2025-12-31,1,TCPC,0.0344
Divisions Holding Corporation,2,GREEN,0,1,1,1,CGBD,Carlyle Investment Management,Business Services,0.032,-0.021,,4/17/2032,,,False,,False,,2025-09-30,2025-12-31,2,CGBD,0.032
"Found Health, Inc.",2,GREEN,0,1,1,1,TPVG,TriplePoint Advisers,Healthcare Services,0.032,0.022,0.4545,,,,False,,False,,2025-09-30,2025-12-31,2,TPVG,0.032
AGS Health BCP LLC,2,GREEN,0,1,1,1,CGBD,Carlyle Investment Management,Healthcare & Pharmaceuticals,0.03,-0.007,,7/31/2032,,,False,,False,,2025-09-30,2025-12-31,2,CGBD,0.03
"AFC Acquisitions, Inc. (J-2 Series)",2,GREEN,0,1,1,1,PNNT,PennantPark Investment Advisers,Distribution,0.02,0.02,0.0,,,,False,,False,,2025-09-30,2025-12-31,2,PNNT,0.02
"AFC Acquisitions, Inc. (G-2 Series)",2,GREEN,0,1,1,1,PNNT,PennantPark Investment Advisers,Distribution,0.019,0.018,0.0556,,,,False,,False,,2025-09-30,2025-12-31,2,PNNT,0.019
"AFC Acquisitions, Inc. (H-2 Series)",2,GREEN,0,1,1,1,PNNT,PennantPark Investment Advisers,Distribution,0.013,0.012,0.0833,,,,False,,False,,2025-09-30,2025-12-31,2,PNNT,0.013
"AFC Acquisitions, Inc. (I-2 Series)",2,GREEN,0,1,1,1,PNNT,PennantPark Investment Advisers,Distribution,0.011,0.012,-0.0833,,,,False,,False,,2025-09-30,2025-12-31,2,PNNT,0.011
Substack Inc.,2,GREEN,0,1,1,1,TPVG,TriplePoint Advisers,Business Products and Services,0.006,0.0,,,,,False,,False,,2025-09-30,2025-12-31,2,TPVG,0.006
Equafin Corp.,2,GREEN,0,1,1,1,TPVG,TriplePoint Advisers,Business Products and Services,0.003,0.0,,,,,False,,False,,2025-09-30,2025-12-31,2,TPVG,0.003
"Quorum Health Corp, Trade Claim",2,GREEN,0,1,1,1,FSK,FS/KKR Advisor,Health Care Equipment & Services,0.0007,0.0,,,,,False,,False,,2025-09-30,2025-12-31,2,FSK,0.0007
"AI Aqua Merger Sub, Inc.",2,GREEN,0,1,1,1,ARCC,Ares Capital Management,Capital Goods,0.0,1.0,,07/2028,6.86,,False,,False,,2025-09-30,2025-12-31,2,ARCC,0.0
"ALS Education, LLC – Line of Credit, $ 3,000 available (S + 6.0 %, 10.1 % Cash, Due 12/2028)",2,GREEN,0,1,1,1,GLAD,Gladstone Management Corporation,,0.0,0.0,,,,,False,,False,,2025-12-31,2025-12-31,1,GLAD,0.0
"Actfy Buyer, Inc.",2,GREEN,0,1,1,1,ARCC,Ares Capital Management,Software and Services,0.0,20.9,,05/2031,8.47,,False,,False,,2025-09-30,2025-12-31,2,ARCC,0.0
"AdCellerant Holdings, LLC Series A Units",2,GREEN,0,1,1,1,SCM,Stellus Capital Management,​,0.0,0.0,,,,,False,,False,,2025-09-30,2025-12-31,2,SCM,0.0
AdCellerant LLC,2,GREEN,0,1,1,1,SCM,Stellus Capital Management,​,0.0,0.0,,,,,False,,False,,2025-09-30,2025-12-31,2,SCM,0.0
"Aduro Advisors, LLC",2,GREEN,0,1,1,1,ARCC,Ares Capital Management,Financial Services,0.0,8.2,,07/2030,8.42,,False,,False,,2025-09-30,2025-12-31,2,ARCC,0.0
Advania Sverige AB,2,GREEN,0,1,1,1,FSK,FS/KKR Advisor,Software & Services,0.0,0.0,,,,,False,,False,,2025-09-30,2025-12-31,2,FSK,0.0
"Advarra Holdings, Inc.",2,GREEN,0,1,1,1,ARCC,Ares Capital Management,,0.0,11.2,,09/2031,8.22,,False,,False,,2025-09-30,2025-12-31,2,ARCC,0.0
"Alcresta Therapeutics, Inc.",2,GREEN,0,1,1,1,ARCC,Ares Capital Management,,0.0,26.6,,03/2031,9.27,,False,,False,,2025-12-31,2025-12-31,1,ARCC,0.0
Aldinger Company Inc,2,GREEN,0,1,1,1,ARCC,Ares Capital Management,Commercial and Professional Services,0.0,44.2,,10/2030,8.42,,False,,False,,2025-09-30,2025-12-31,2,ARCC,0.0
"Aledade, Inc.",2,GREEN,0,1,1,1,ARCC,Ares Capital Management,,0.0,17.6,,11/2028,9.64,,False,,False,,2025-12-31,2025-12-31,1,ARCC,0.0
"Argenbright Holdings V, LLC, Amberstone Security Group Limited, Unifi Aviation North America LLC and Unifi Aviation Canada, Inc.",2,GREEN,0,1,1,1,ARCC,Ares Capital Management,Commercial and Professional Services,0.0,48.7,,09/2028,9.02,,False,,False,,2025-09-30,2025-12-31,2,ARCC,0.0
"Artivion, Inc.",2,GREEN,0,1,1,1,ARCC,Ares Capital Management,,0.0,24.8,,01/2031,8.65,,False,,False,,2025-09-30,2025-12-31,2,ARCC,0.0
"Avalign Holdings, Inc. and Avalign Technologies, Inc.",2,GREEN,0,1,1,1,ARCC,Ares Capital Management,,0.0,2.6,,12/2028,10.22,,False,,False,,2025-09-30,2025-12-31,2,ARCC,0.0
BCA Marketplace Ltd,2,GREEN,0,1,1,1,FSK,FS/KKR Advisor,Commercial & Professional Services,0.0,0.0,,,,,False,,False,,2025-09-30,2025-12-31,2,FSK,0.0
"BGIF IV Fearless Utility Services, Inc.",2,GREEN,0,1,1,1,ARCC,Ares Capital Management,,0.0,45.1,,06/2030,8.73,,False,,False,,2025-09-30,2025-12-31,2,ARCC,0.0
"Baker Manufacturing Company, LLC",2,GREEN,0,1,1,1,SCM,Stellus Capital Management,​,0.0,0.0,,,,,False,,False,,2025-09-30,2025-12-31,2,SCM,0.0
BioQ Pharma Incorporated,2,GREEN,0,1,1,1,HTGC,Hercules Capital (internal),Drug Delivery,0.0,0.5,,,,,False,,False,,2025-09-30,2025-12-31,2,HTGC,0.0
"Bluejack Fire Acquisition, Inc. and Bluejack Fire Holdings LLC",2,GREEN,0,1,1,1,ARCC,Ares Capital Management,Commercial and Professional Services,0.0,7.3,,01/2031,8.47,,False,,False,,2025-09-30,2025-12-31,2,ARCC,0.0
"Bottomline Technologies, Inc.",2,GREEN,0,1,1,1,ARCC,Ares Capital Management,,0.0,16.5,,05/2029,8.17,,False,,False,,2025-09-30,2025-12-31,2,ARCC,0.0
"Bowery Farming Inc, Warrant",2,GREEN,0,1,1,1,FSK,FS/KKR Advisor,"Food, Beverage & Tobacco",0.0,0.0,,,,,False,,False,,2025-09-30,2025-12-31,2,FSK,0.0
"Bowhunter Holdings, LLC",2,GREEN,0,1,1,1,ARCC,Ares Capital Management,Consumer Durables and Apparel,0.0,4.2,,,,,False,,False,,2025-09-30,2025-12-31,2,ARCC,0.0
"CMW Parent LLC (fka Black Arrow, Inc.)",2,GREEN,0,1,1,1,ARCC,Ares Capital Management,,0.0,0.0,,,,,False,,False,,2025-09-30,2025-12-31,2,ARCC,0.0
CPIG Holdco Inc.,2,GREEN,0,1,1,1,ARCC,Ares Capital Management,,0.0,14.4,,04/2028,11.09,,False,,False,,2025-09-30,2025-12-31,2,ARCC,0.0
"CapLinked, Inc.",2,GREEN,0,1,1,1,HTGC,Hercules Capital (internal),Equity Investments,0.0,0.051,,,,,False,,False,,2025-09-30,2025-12-31,2,HTGC,0.0
"Capstone Acquisition Holdings, Inc., Capstone Logistics Holdings, Inc. and Capstone Parent Holdings, LP",2,GREEN,0,1,1,1,ARCC,Ares Capital Management,Commercial and Professional Services,0.0,100.8,,05/2029,12.0,,False,,False,,2025-09-30,2025-12-31,2,ARCC,0.0
"Centralsquare Technologies, LLC and Supermoose Newco, Inc.",2,GREEN,0,1,1,1,ARCC,Ares Capital Management,,0.0,0.0,,04/2030,,,False,,False,,2025-09-30,2025-12-31,2,ARCC,0.0
Chemical Computing Group ULC (Canada),2,GREEN,0,1,1,1,CGBD,Carlyle Investment Management,,0.0,0.0,,,,,False,,False,,2025-09-30,2025-12-31,2,CGBD,0.0
"Classic H&G Holdings, LLC",2,GREEN,0,1,1,1,MAIN,Main Street Capital (internal),,0.0,0.0,,,,,False,,False,,2025-09-30,2025-12-31,2,MAIN,0.0
Consilium Safety Group AB,2,GREEN,0,1,1,1,FSK,FS/KKR Advisor,Capital Goods,0.0,0.0,,,,,False,,False,,2025-09-30,2025-12-31,2,FSK,0.0
Control investments,2,GREEN,0,1,1,1,SCM,Stellus Capital Management,​,0.0,0.0,,,,,False,,False,,2025-12-31,2025-12-31,1,SCM,0.0
Core Transformers,2,GREEN,0,1,1,1,MAIN,Main Street Capital (internal),,0.0,0.0,,9/23/2031,,,False,,False,,2025-09-30,2025-12-31,2,MAIN,0.0
"DFO Enterprises, LLC",2,GREEN,0,1,1,1,SCM,Stellus Capital Management,​,0.0,0.0,,9/22/2030,,,False,,False,,2025-09-30,2025-12-31,2,SCM,0.0
"DMD Systems Recovery, LLC",2,GREEN,0,1,1,1,SCM,Stellus Capital Management,​,0.0,0.0,,8/22/2031,,,False,,False,,2025-09-30,2025-12-31,2,SCM,0.0
Davidson Hotel Company LLC,2,GREEN,0,1,1,1,ARCC,Ares Capital Management,,0.0,8.3,,10/2031,8.72,,False,,False,,2025-09-30,2025-12-31,2,ARCC,0.0
Dedalus Finance GmbH,2,GREEN,0,1,1,1,FSK,FS/KKR Advisor,Software & Services,0.0,0.0,,,,,False,,False,,2025-09-30,2025-12-31,2,FSK,0.0
"Dorado Bidco, Inc.",2,GREEN,0,1,1,1,ARCC,Ares Capital Management,,0.0,7.7,,09/2031,8.22,,False,,False,,2025-09-30,2025-12-31,2,ARCC,0.0
"Dynamic NC Aerospace Holdings, LLC and Dynamic NC Investment Holdings, LP",2,GREEN,0,1,1,1,ARCC,Ares Capital Management,,0.0,28.6,,12/2027,10.63,,False,,False,,2025-09-30,2025-12-31,2,ARCC,0.0
"EHI Buyer, Inc.",2,GREEN,0,1,1,1,SCM,Stellus Capital Management,​,0.0,0.0,,,,,False,,False,,2025-09-30,2025-12-31,2,SCM,0.0
"EIS Legacy Holdco, LLC",2,GREEN,0,1,1,1,ARCC,Ares Capital Management,,0.0,9.5,,11/2031,8.38,,False,,False,,2025-09-30,2025-12-31,2,ARCC,0.0
"ELM DebtCo, LLC",2,GREEN,0,1,1,1,ARCC,Ares Capital Management,,0.0,5.2,,11/2031,8.42,,False,,False,,2025-12-31,2025-12-31,1,ARCC,0.0
Elder Care Opco LLC,2,GREEN,0,1,1,1,SCM,Stellus Capital Management,​,0.0,0.0,,7/31/2030,,,False,,False,,2025-09-30,2025-12-31,2,SCM,0.0
Endurance PT Technology Buyer Corporation and Endurance PT Technology Holdings LLC,2,GREEN,0,1,1,1,ARCC,Ares Capital Management,,0.0,58.1,,10/2031,10.17,,False,,False,,2025-12-31,2025-12-31,1,ARCC,0.0
"Equine Network, LLC",2,GREEN,0,1,1,1,SCM,Stellus Capital Management,​,0.0,0.0,,,,,False,,False,,2025-09-30,2025-12-31,2,SCM,0.0
"Evolent Health LLC and Evolent Health, Inc.",2,GREEN,0,1,1,1,ARCC,Ares Capital Management,,0.0,44.0,,12/2029,9.6,,False,,False,,2025-09-30,2025-12-31,2,ARCC,0.0
"FES Resources Holdings LLC – Term Debt ( 4.5 % Cash, Due 12/2024)",2,GREEN,0,1,1,1,GLAD,Gladstone Management Corporation,,0.0,0.538,,,,,False,,False,,2025-09-30,2025-12-31,2,GLAD,0.0
FSS Buyer LLC+,2,GREEN,0,1,1,1,GBDC,GC Advisors,,0.0,0.0,,,,,False,,False,,2025-09-30,2025-12-31,2,GBDC,0.0
"Foodservices Brand Group, LLC – Line of Credit, $ 10,000 available (S + 6.5 %, 10.2 % Cash, Due 8/2029)",2,GREEN,0,1,1,1,GLAD,Gladstone Management Corporation,,0.0,0.0,,,,,False,,False,,2025-12-31,2025-12-31,1,GLAD,0.0
Fortnox AB,2,GREEN,0,1,1,1,FSK,FS/KKR Advisor,Software & Services,0.0,0.0,,,,,False,,False,,2025-09-30,2025-12-31,2,FSK,0.0
"Forza Insurance Holdings, LLC",2,GREEN,0,1,1,1,ARCC,Ares Capital Management,,0.0,38.7,,02/2030,9.42,,False,,False,,2025-09-30,2025-12-31,2,ARCC,0.0
"GGG Midco, LLC – Unfunded Revolver",2,GREEN,0,1,1,1,PFLT,PennantPark Investment Advisers,Diversified Consumer Services,0.0,1.311,,09/27/2030,,,False,,False,,2025-09-30,2025-12-31,2,PFLT,0.0
GHP-VGS Purchaser LLC,2,GREEN,0,1,1,1,ARCC,Ares Capital Management,,0.0,14.3,,04/2032,8.59,,False,,False,,2025-09-30,2025-12-31,2,ARCC,0.0
GS Financial Square Government Fund,2,GREEN,0,1,1,1,HTGC,Hercules Capital (internal),Cash & Cash Equivalents,0.0,21.1,,,,,False,,False,,2025-12-31,2025-12-31,1,HTGC,0.0
"GSV Purchaser, Inc.",2,GREEN,0,1,1,1,ARCC,Ares Capital Management,,0.0,0.1,,08/2031,8.28,,False,,False,,2025-09-30,2025-12-31,2,ARCC,0.0
"Gadget Guard, LLC",2,GREEN,0,1,1,1,HTGC,Hercules Capital (internal),Consumer & Business Products,0.0,0.228,,,,,False,,False,,2025-09-30,2025-12-31,2,HTGC,0.0
"Generator US Buyer, Inc. and Total Power Limited",2,GREEN,0,1,1,1,ARCC,Ares Capital Management,,0.0,14.0,,07/2030,7.02,,False,,False,,2025-09-30,2025-12-31,2,ARCC,0.0
"Global Music Rights, LLC",2,GREEN,0,1,1,1,ARCC,Ares Capital Management,,0.0,112.9,,12/2031,8.17,,False,,False,,2025-12-31,2025-12-31,1,ARCC,0.0
"Goldeneye Parent, LLC",2,GREEN,0,1,1,1,ARCC,Ares Capital Management,,0.0,17.3,,03/2032,8.47,,False,,False,,2025-09-30,2025-12-31,2,ARCC,0.0
"Guidepoint Security Holdings, LLC",2,GREEN,0,1,1,1,ARCC,Ares Capital Management,,0.0,16.9,,10/2029,8.97,,False,,False,,2025-09-30,2025-12-31,2,ARCC,0.0
"HGC Holdings, LLC",2,GREEN,0,1,1,1,ARCC,Ares Capital Management,,0.0,79.6,,06/2029,8.24,,False,,False,,2025-09-30,2025-12-31,2,ARCC,0.0
"HP RSS Buyer, Inc.",2,GREEN,0,1,1,1,ARCC,Ares Capital Management,,0.0,16.8,,12/2029,8.67,,False,,False,,2025-09-30,2025-12-31,2,ARCC,0.0
"Halex Holdings, Inc.",2,GREEN,0,1,1,1,ARCC,Ares Capital Management,,0.0,0.0,,,,,False,,False,,2025-09-30,2025-12-31,2,ARCC,0.0
"Halio, Inc.",2,GREEN,0,1,1,1,HTGC,Hercules Capital (internal),Sustainable and Renewable Technology,0.0,0.063,,,,,False,,False,,2025-09-30,2025-12-31,2,HTGC,0.0
Hargreaves Lansdown Ltd,2,GREEN,0,1,1,1,FSK,FS/KKR Advisor,Financial Services,0.0,0.0,,,,,False,,False,,2025-09-30,2025-12-31,2,FSK,0.0
"Harvey Tool Company, LLC",2,GREEN,0,1,1,1,ARCC,Ares Capital Management,,0.0,122.4,,08/2032,8.26,,False,,False,,2025-09-30,2025-12-31,2,ARCC,0.0
"Heavy Construction Systems Specialists, LLC",2,GREEN,0,1,1,1,ARCC,Ares Capital Management,,0.0,13.9,,11/2028,8.42,,False,,False,,2025-09-30,2025-12-31,2,ARCC,0.0
"Helix Acquisition Holdings, Inc.",2,GREEN,0,1,1,1,ARCC,Ares Capital Management,,0.0,11.9,,03/2030,10.82,,False,,False,,2025-09-30,2025-12-31,2,ARCC,0.0
"HighRoads, Inc.",2,GREEN,0,1,1,1,HTGC,Hercules Capital (internal),Equity Investments,0.0,0.307,,,,,False,,False,,2025-09-30,2025-12-31,2,HTGC,0.0
"Horizon Avionics Buyer, LLC and Horizon CTS Buyer, LLC",2,GREEN,0,1,1,1,ARCC,Ares Capital Management,,0.0,100.8,,03/2032,8.46,,False,,False,,2025-09-30,2025-12-31,2,ARCC,0.0
HuFriedy Group Acquisition LLC,2,GREEN,0,1,1,1,ARCC,Ares Capital Management,,0.0,167.4,,05/2031,9.3,,False,,False,,2025-09-30,2025-12-31,2,ARCC,0.0
"Hyland Software, Inc.+",2,GREEN,0,1,1,1,GBDC,GC Advisors,,0.0,0.0,,,,,False,,False,,2025-09-30,2025-12-31,2,GBDC,0.0
"IG Investments Holdings, LLC+",2,GREEN,0,1,1,1,GBDC,GC Advisors,,0.0,0.0,,,,,False,,False,,2025-09-30,2025-12-31,2,GBDC,0.0
"Inszone Mid, LLC and INSZ Holdings, LLC",2,GREEN,0,1,1,1,ARCC,Ares Capital Management,,0.0,78.4,,11/2029,8.93,,False,,False,,2025-09-30,2025-12-31,2,ARCC,0.0
"JSG II, Inc. and Checkers USA, Inc.",2,GREEN,0,1,1,1,ARCC,Ares Capital Management,,0.0,57.8,,09/2032,8.23,,False,,False,,2025-09-30,2025-12-31,2,ARCC,0.0
KPS Global LLC and Cool Group LLC,2,GREEN,0,1,1,1,ARCC,Ares Capital Management,,0.0,5.2,,09/2030,8.42,,False,,False,,2025-09-30,2025-12-31,2,ARCC,0.0
LCM XIV Ltd.,2,GREEN,0,1,1,1,PSEC,Prospect Capital Management,Structured Finance,0.0,9.422,,7/21/2031,,,False,,False,,2025-09-30,2025-12-31,2,PSEC,0.0
"LKCM Headwater Investments I, L.P.",2,GREEN,0,1,1,1,MAIN,Main Street Capital (internal),,0.0,0.0,,,,,False,,False,,2025-09-30,2025-12-31,2,MAIN,0.0
"LTG Acquisition, Inc.",2,GREEN,0,1,1,1,ARCC,Ares Capital Management,,0.0,5.1,,,,,False,,False,,2025-09-30,2025-12-31,2,ARCC,0.0
"LivTech Purchaser, Inc.",2,GREEN,0,1,1,1,ARCC,Ares Capital Management,,0.0,9.3,,11/2031,8.76,,False,,False,,2025-09-30,2025-12-31,2,ARCC,0.0
LiveBarn Inc.,2,GREEN,0,1,1,1,ARCC,Ares Capital Management,,0.0,17.3,,,,,False,,False,,2025-09-30,2025-12-31,2,ARCC,0.0
"Mavis Tire Express Services Topco Corp., Metis HoldCo, Inc., and Metis TopCo, LP",2,GREEN,0,1,1,1,ARCC,Ares Capital Management,,0.0,13.2,,05/2028,7.03,,False,,False,,2025-09-30,2025-12-31,2,ARCC,0.0
"Meadowlark Acquirer, LLC- Unfunded Revolver",2,GREEN,0,1,1,1,PNNT,PennantPark Investment Advisers,Business Services,0.0,1.348,,12/10/2027,,,False,,False,,2025-09-30,2025-12-31,2,PNNT,0.0
"MedeAnalytics Group Holdings, LLC",2,GREEN,0,1,1,1,GSBD,Goldman Sachs Asset Management,Health Care Technology,0.0,0.009,,,,,False,,False,,2025-09-30,2025-12-31,2,GSBD,0.0
"Microstar Logistics LLC, Microstar Global Asset Management LLC, MStar Holding Corporation and Kegstar USA Inc.",2,GREEN,0,1,1,1,ARCC,Ares Capital Management,,0.0,134.8,,12/2030,11.17,,False,,False,,2025-09-30,2025-12-31,2,ARCC,0.0
"Modumetal, Inc.",2,GREEN,0,1,1,1,HTGC,Hercules Capital (internal),Sustainable and Renewable Technology,0.0,0.5,,,,,False,,False,,2025-09-30,2025-12-31,2,HTGC,0.0
"Moon Valley Nursery of Arizona Retail, LLC, Moon Valley Nursery Farm Holdings, LLC, Moon Valley Nursery RE Holdings LLC, and Stonecourt IV Partners, LP",2,GREEN,0,1,1,1,ARCC,Ares Capital Management,,0.0,20.8,,,,,False,,False,,2025-09-30,2025-12-31,2,ARCC,0.0
"NN, Inc.",2,GREEN,0,1,1,1,OCSL,Oaktree Capital Management,Industrial Machinery & Supplies & Components,0.0,0.0,,,,,False,,False,,2025-09-30,2025-12-31,2,OCSL,0.0
"Nearshore AcquireCo, LLC",2,GREEN,0,1,1,1,MAIN,Main Street Capital (internal),,0.0,0.0,,11/12/2030,,,False,,False,,2025-12-31,2025-12-31,1,MAIN,0.0
"NeoGraf Solutions LLC – Line of Credit, $ 4,500 available (S + 7.0 %, 11.0 % Cash, 0.1 % PIK, Due 1/2028)",2,GREEN,0,1,1,1,GLAD,Gladstone Management Corporation,,0.0,0.0,,,,,False,,False,,2025-12-31,2025-12-31,1,GLAD,0.0
"Neptune Holdings, Inc.+",2,GREEN,0,1,1,1,GBDC,GC Advisors,Healthcare Technology,0.0,0.0,,,,,False,,False,,2025-09-30,2025-12-31,2,GBDC,0.0
Net Senior Secured Loans—First Lien,2,GREEN,0,1,1,1,FSK,FS/KKR Advisor,Health Care Equipment & Services,0.0,7995.1,,,,,False,,False,,2025-09-30,2025-12-31,2,FSK,0.0
Net Senior Secured Loans—Second Lien,2,GREEN,0,1,1,1,FSK,FS/KKR Advisor,"Food, Beverage & Tobacco",0.0,690.0,,,,,False,,False,,2025-09-30,2025-12-31,2,FSK,0.0
"NetBase Quid, Inc.",2,GREEN,0,1,1,1,HTGC,Hercules Capital (internal),Information Services,0.0,0.356,,,,,False,,False,,2025-09-30,2025-12-31,2,HTGC,0.0
"NetBase Quid, Inc. (p.k.a NetBase Solutions)",2,GREEN,0,1,1,1,HTGC,Hercules Capital (internal),Information Services,0.0,0.356,,,,,False,,False,,2025-09-30,2025-12-31,2,HTGC,0.0
"Nixon, Inc.",2,GREEN,0,1,1,1,PSEC,Prospect Capital Management,"Textiles, Apparel & Luxury Goods",0.0,0.0,,,,,False,,False,,2025-09-30,2025-12-31,2,PSEC,0.0
"Non-controlled, affiliated investments",2,GREEN,0,1,1,1,SCM,Stellus Capital Management,​,0.0,0.0,,,,,False,,False,,2025-12-31,2025-12-31,1,SCM,0.0
"Non-controlled, non-affiliated investments",2,GREEN,0,1,1,1,SCM,Stellus Capital Management,​,0.0,0.0,,,,,False,,False,,2025-12-31,2025-12-31,1,SCM,0.0
Nordic Climate Group Holding AB,2,GREEN,0,1,1,1,FSK,FS/KKR Advisor,Commercial & Professional Services,0.0,0.0,,,,,False,,False,,2025-09-30,2025-12-31,2,FSK,0.0
"Nottingdale Receivables Limited (FKA TalkTalk Telecom Group Ltd), Revolver",2,GREEN,0,1,1,1,FSK,FS/KKR Advisor,Telecommunication Services,0.0,0.0,,,,,False,,False,,2025-12-31,2025-12-31,1,FSK,0.0
"Omnigo Software, LLC, Omnigo Software",2,GREEN,0,1,1,1,ARCC,Ares Capital Management,,0.0,13.7,,12/2030,8.7,,False,,False,,2025-12-31,2025-12-31,1,ARCC,0.0
Optimizely North America Inc. and Optimizely Sweden Holdings AB,2,GREEN,0,1,1,1,ARCC,Ares Capital Management,,0.0,8.5,,10/2031,8.4,,False,,False,,2025-09-30,2025-12-31,2,ARCC,0.0
"PDDS HoldCo, Inc.",2,GREEN,0,1,1,1,ARCC,Ares Capital Management,,0.0,13.6,,09/2031,9.72,,False,,False,,2025-12-31,2025-12-31,1,ARCC,0.0
"PRGX Global, Inc.",2,GREEN,0,1,1,1,OCSL,Oaktree Capital Management,Data Processing & Outsourced Services,0.0,0.0,,,,,False,,False,,2025-09-30,2025-12-31,2,OCSL,0.0
"PSC Parent, Inc.",2,GREEN,0,1,1,1,ARCC,Ares Capital Management,,0.0,112.4,,04/2030,8.98,,False,,False,,2025-09-30,2025-12-31,2,ARCC,0.0
"Petvisor Holdings, LLC",2,GREEN,0,1,1,1,ARCC,Ares Capital Management,,0.0,20.9,,11/2029,9.3,,False,,False,,2025-09-30,2025-12-31,2,ARCC,0.0
"Poseidon IntermediateCo, Inc.",2,GREEN,0,1,1,1,ARCC,Ares Capital Management,,0.0,28.1,,06/2032,8.23,,False,,False,,2025-09-30,2025-12-31,2,ARCC,0.0
"Preventics, Inc.",2,GREEN,0,1,1,1,PSEC,Prospect Capital Management,,0.0,2.465,,,,,False,,False,,2025-09-30,2025-12-31,2,PSEC,0.0
"Project Alliance Buyer, LLC",2,GREEN,0,1,1,1,ARCC,Ares Capital Management,,0.0,10.8,,08/2031,8.82,,False,,False,,2025-09-30,2025-12-31,2,ARCC,0.0
"Project Cardinal Acquisition, LLC",2,GREEN,0,1,1,1,ARCC,Ares Capital Management,,0.0,18.8,,10/2032,8.49,,False,,False,,2025-12-31,2025-12-31,1,ARCC,0.0
"Quality Environmental Midco, Inc. – Line of Credit, $ 3,000 available ( 12.0 % Cash, 0.8 % PIK, Due 11/2028)",2,GREEN,0,1,1,1,GLAD,Gladstone Management Corporation,,0.0,0.0,,,,,False,,False,,2025-12-31,2025-12-31,1,GLAD,0.0
"Quirch Foods Holdings, LLC",2,GREEN,0,1,1,1,ARCC,Ares Capital Management,,0.0,114.7,,11/2030,10.34,,False,,False,,2025-12-31,2025-12-31,1,ARCC,0.0
"RD Holdco, Inc. (Rug Doctor) *",2,GREEN,0,1,1,1,SLRC,SLR Capital Partners,Diversified Consumer Services,0.0,15.683,,,,,False,,False,,2025-09-30,2025-12-31,2,SLRC,0.0
"RD Holdco, Inc. (Rug Doctor) Class B *",2,GREEN,0,1,1,1,SLRC,SLR Capital Partners,Diversified Consumer Services,0.0,5.216,,,,,False,,False,,2025-09-30,2025-12-31,2,SLRC,0.0
"RF Technologies, LLC – Line of Credit, $ 3,500 available (S + 6.3 %, 10.4 % Cash, Due 6/2030)",2,GREEN,0,1,1,1,GLAD,Gladstone Management Corporation,,0.0,0.0,,,,,False,,False,,2025-12-31,2025-12-31,1,GLAD,0.0
"RWA Wealth Partners, LLC",2,GREEN,0,1,1,1,ARCC,Ares Capital Management,,0.0,9.2,,11/2030,8.61,,False,,False,,2025-09-30,2025-12-31,2,ARCC,0.0
Rallyday Elder Care Co-Investors LP Partnership Interests,2,GREEN,0,1,1,1,SCM,Stellus Capital Management,​,0.0,0.0,,,,,False,,False,,2025-09-30,2025-12-31,2,SCM,0.0
Reddy Ice LLC,2,GREEN,0,1,1,1,ARCC,Ares Capital Management,,0.0,277.4,,04/2029,9.46,,False,,False,,2025-09-30,2025-12-31,2,ARCC,0.0
"Reischling Press, Inc.",2,GREEN,0,1,1,1,HTGC,Hercules Capital (internal),Consumer & Business Services,0.0,0.039,,,,,False,,False,,2025-09-30,2025-12-31,2,HTGC,0.0
"Revival Animal Health, LLC",2,GREEN,0,1,1,1,ARCC,Ares Capital Management,,0.0,28.5,,01/2028,9.72,,False,,False,,2025-09-30,2025-12-31,2,ARCC,0.0
Rodeo AcquisitionCo LLC,2,GREEN,0,1,1,1,ARCC,Ares Capital Management,,0.0,60.8,,07/2029,8.42,,False,,False,,2025-09-30,2025-12-31,2,ARCC,0.0
"Runway Bidco, LLC",2,GREEN,0,1,1,1,ARCC,Ares Capital Management,,0.0,42.1,,12/2031,8.67,,False,,False,,2025-09-30,2025-12-31,2,ARCC,0.0
"SDB HOLDCO, LLC (dba Specialty Dental Brands)",2,GREEN,0,1,1,1,GSBD,Goldman Sachs Asset Management,Health Care Providers & Services,0.0,731.038,,,,,False,,False,,2025-09-30,2025-12-31,2,GSBD,0.0
"SGM Acquisition Sub, LLC and Schill Holdings, LP",2,GREEN,0,1,1,1,ARCC,Ares Capital Management,,0.0,55.4,,12/2031,8.72,,False,,False,,2025-12-31,2025-12-31,1,ARCC,0.0
"SV Newco 2, Inc. and Site 2020 Incorporated",2,GREEN,0,1,1,1,ARCC,Ares Capital Management,,0.0,37.0,,06/2031,8.42,,False,,False,,2025-09-30,2025-12-31,2,ARCC,0.0
"Sandlot Action Sports, LLC",2,GREEN,0,1,1,1,ARCC,Ares Capital Management,,0.0,0.0,,,,,False,,False,,2025-12-31,2025-12-31,1,ARCC,0.0
"Sapphire Software Buyer, Inc.",2,GREEN,0,1,1,1,ARCC,Ares Capital Management,,0.0,31.5,,09/2031,8.87,,False,,False,,2025-09-30,2025-12-31,2,ARCC,0.0
Saturn Purchaser Corp.,2,GREEN,0,1,1,1,ARCC,Ares Capital Management,,0.0,1.7,,07/2030,8.71,,False,,False,,2025-09-30,2025-12-31,2,ARCC,0.0
Secretariat Advisors LLC,2,GREEN,0,1,1,1,CGBD,Carlyle Investment Management,,0.0,0.0,,,,,False,,False,,2025-09-30,2025-12-31,2,CGBD,0.0
"Shoes For Crews Global, LLC and Shoes For Crews Holdings, LLC",2,GREEN,0,1,1,1,ARCC,Ares Capital Management,,0.0,11.5,,07/2029,10.5,,False,,False,,2025-09-30,2025-12-31,2,ARCC,0.0
"Shout! Factory, LLC",2,GREEN,0,1,1,1,ARCC,Ares Capital Management,,0.0,37.0,,06/2031,8.92,,False,,False,,2025-09-30,2025-12-31,2,ARCC,0.0
"Signal Advisors USA, Inc.",2,GREEN,0,1,1,1,TPVG,TriplePoint Advisers,Financial Software,0.0,0.033,,9/26/2028,,,False,,False,,2025-12-31,2025-12-31,1,TPVG,0.0
Silver Hill Mineral Lease,2,GREEN,0,1,1,1,PSEC,Prospect Capital Management,Energy Equipment & Services,0.0,0.0,,,,,False,,False,,2025-09-30,2025-12-31,2,PSEC,0.0
"Simpler Trading, LLC",2,GREEN,0,1,1,1,SCM,Stellus Capital Management,​,0.0,0.0,,3/21/2030,,,False,,False,,2025-09-30,2025-12-31,2,SCM,0.0
Slaine Holdings LLC,2,GREEN,0,1,1,1,ARCC,Ares Capital Management,,0.0,49.2,,05/2030,10.47,,False,,False,,2025-09-30,2025-12-31,2,ARCC,0.0
"Snagajob.com, Inc.",2,GREEN,0,1,1,1,HTGC,Hercules Capital (internal),Consumer & Business Services,0.0,0.86,,,,,False,,False,,2025-09-30,2025-12-31,2,HTGC,0.0
"South Florida Motorsports, LLC",2,GREEN,0,1,1,1,ARCC,Ares Capital Management,,0.0,5.5,,,,,False,,False,,2025-12-31,2025-12-31,1,ARCC,0.0
"Spark Purchaser, Inc.",2,GREEN,0,1,1,1,ARCC,Ares Capital Management,,0.0,30.4,,04/2031,9.17,,False,,False,,2025-09-30,2025-12-31,2,ARCC,0.0
"Spirit RR Holdings, Inc. and Winterfell Co-Invest SCSp",2,GREEN,0,1,1,1,ARCC,Ares Capital Management,,0.0,4.1,,09/2028,8.27,,False,,False,,2025-09-30,2025-12-31,2,ARCC,0.0
"Startec Equity, LLC",2,GREEN,0,1,1,1,ARCC,Ares Capital Management,,0.0,0.0,,,,,False,,False,,2025-09-30,2025-12-31,2,ARCC,0.0
"Storm Investment S.a.r.l. and Atletico Holdco, S.L.",2,GREEN,0,1,1,1,ARCC,Ares Capital Management,,0.0,163.2,,06/2029,3.75,,False,,False,,2025-09-30,2025-12-31,2,ARCC,0.0
"Stryker Energy, LLC",2,GREEN,0,1,1,1,PSEC,Prospect Capital Management,Energy Equipment & Services,0.0,0.0,,,,,False,,False,,2025-09-30,2025-12-31,2,PSEC,0.0
Subtotal: Application Software ( 0.31 %)*,2,GREEN,0,1,1,1,HTGC,Hercules Capital (internal),,0.0,6.978,,,,,False,,False,,2025-12-31,2025-12-31,1,HTGC,0.0
Subtotal: Application Software ( 0.48 %)*,2,GREEN,0,1,1,1,HTGC,Hercules Capital (internal),Equity Investments,0.0,10.607,,,,,False,,False,,2025-12-31,2025-12-31,1,HTGC,0.0
Subtotal: Biotechnology Tools ( 0.01 %)*,2,GREEN,0,1,1,1,HTGC,Hercules Capital (internal),Biotechnology Tools,0.0,0.223,,,,,False,,False,,2025-09-30,2025-12-31,2,HTGC,0.0
Subtotal: Biotechnology Tools ( 0.04 %)*,2,GREEN,0,1,1,1,HTGC,Hercules Capital (internal),Biotechnology Tools,0.0,0.841,,,,,False,,False,,2025-12-31,2025-12-31,1,HTGC,0.0
Subtotal: Biotechnology Tools ( 0.12 %)*,2,GREEN,0,1,1,1,HTGC,Hercules Capital (internal),Biotechnology Tools,0.0,2.64,,,,,False,,False,,2025-12-31,2025-12-31,1,HTGC,0.0
Subtotal: Communications & Networking ( 0.00 %)*,2,GREEN,0,1,1,1,HTGC,Hercules Capital (internal),Communications & Networking,0.0,0.0,,,,,False,,False,,2025-12-31,2025-12-31,1,HTGC,0.0
Subtotal: Communications & Networking ( 0.01 %)*,2,GREEN,0,1,1,1,HTGC,Hercules Capital (internal),Communications & Networking,0.0,0.209,,,,,False,,False,,2025-09-30,2025-12-31,2,HTGC,0.0
Subtotal: Communications & Networking ( 1.38 %)*,2,GREEN,0,1,1,1,HTGC,Hercules Capital (internal),Communications & Networking,0.0,27.491,,,,,False,,False,,2025-09-30,2025-12-31,2,HTGC,0.0
Subtotal: Consumer & Business Products ( 0.02 %)*,2,GREEN,0,1,1,1,HTGC,Hercules Capital (internal),Consumer & Business Products,0.0,0.514,,,,,False,,False,,2025-09-30,2025-12-31,2,HTGC,0.0
Subtotal: Consumer & Business Products ( 0.03 %)*,2,GREEN,0,1,1,1,HTGC,Hercules Capital (internal),Consumer & Business Products,0.0,0.713,,,,,False,,False,,2025-12-31,2025-12-31,1,HTGC,0.0
Subtotal: Consumer & Business Products ( 0.04 %)*,2,GREEN,0,1,1,1,HTGC,Hercules Capital (internal),Consumer & Business Products,0.0,0.714,,,,,False,,False,,2025-09-30,2025-12-31,2,HTGC,0.0
Subtotal: Consumer & Business Services ( 0.29 %)*,2,GREEN,0,1,1,1,HTGC,Hercules Capital (internal),Consumer & Business Services,0.0,6.333,,,,,False,,False,,2025-12-31,2025-12-31,1,HTGC,0.0
Subtotal: Consumer & Business Services ( 0.32 %)*,2,GREEN,0,1,1,1,HTGC,Hercules Capital (internal),,0.0,6.353,,,,,False,,False,,2025-09-30,2025-12-31,2,HTGC,0.0
Subtotal: Consumer & Business Services ( 0.33 %)*,2,GREEN,0,1,1,1,HTGC,Hercules Capital (internal),,0.0,7.263,,,,,False,,False,,2025-12-31,2025-12-31,1,HTGC,0.0
Subtotal: Consumer & Business Services ( 18.03 %)*,2,GREEN,0,1,1,1,HTGC,Hercules Capital (internal),Consumer & Business Services,0.0,358.786,,,,,False,,False,,2025-09-30,2025-12-31,2,HTGC,0.0
Subtotal: Defense Technologies ( 0.06 %)*,2,GREEN,0,1,1,1,HTGC,Hercules Capital (internal),,0.0,1.284,,,,,False,,False,,2025-12-31,2025-12-31,1,HTGC,0.0
Subtotal: Diversified Financial Services ( 3.05 %)*,2,GREEN,0,1,1,1,HTGC,Hercules Capital (internal),Diversified Financial Services,0.0,67.641,,,,,False,,False,,2025-12-31,2025-12-31,1,HTGC,0.0
Subtotal: Drug Delivery ( 0.00 %)*,2,GREEN,0,1,1,1,HTGC,Hercules Capital (internal),Drug Delivery,0.0,0.014,,,,,False,,False,,2025-12-31,2025-12-31,1,HTGC,0.0
Subtotal: Drug Discovery & Development ( 0.29 %)*,2,GREEN,0,1,1,1,HTGC,Hercules Capital (internal),Drug Discovery & Development,0.0,5.82,,,,,False,,False,,2025-12-31,2025-12-31,1,HTGC,0.0
Subtotal: Drug Discovery & Development ( 0.35 %)*,2,GREEN,0,1,1,1,HTGC,Hercules Capital (internal),Drug Discovery & Development,0.0,6.996,,,,,False,,False,,2025-12-31,2025-12-31,1,HTGC,0.0
Subtotal: Drug Discovery & Development ( 0.58 %)*,2,GREEN,0,1,1,1,HTGC,Hercules Capital (internal),Drug Discovery & Development,0.0,12.922,,,,,False,,False,,2025-12-31,2025-12-31,1,HTGC,0.0
Subtotal: Drug Discovery & Development ( 1.56 %)*,2,GREEN,0,1,1,1,HTGC,Hercules Capital (internal),,0.0,31.02,,,,,False,,False,,2025-12-31,2025-12-31,1,HTGC,0.0
Subtotal: Drug Discovery & Development ( 52.10 %)*,2,GREEN,0,1,1,1,HTGC,Hercules Capital (internal),Drug Discovery & Development,0.0,1036.554,,,,,False,,False,,2025-09-30,2025-12-31,2,HTGC,0.0
Subtotal: Electronics & Computer Hardware ( 0.02 %)*,2,GREEN,0,1,1,1,HTGC,Hercules Capital (internal),Electronics & Computer Hardware,0.0,0.477,,,,,False,,False,,2025-12-31,2025-12-31,1,HTGC,0.0
Subtotal: Electronics & Computer Hardware ( 0.04 %)*,2,GREEN,0,1,1,1,HTGC,Hercules Capital (internal),Electronics & Computer Hardware,0.0,0.972,,,,,False,,False,,2025-12-31,2025-12-31,1,HTGC,0.0
Subtotal: Electronics & Computer Hardware ( 0.05 %)*,2,GREEN,0,1,1,1,HTGC,Hercules Capital (internal),Electronics & Computer Hardware,0.0,0.937,,,,,False,,False,,2025-12-31,2025-12-31,1,HTGC,0.0
"Subtotal: Healthcare Services, Other ( 0.08 %)*",2,GREEN,0,1,1,1,HTGC,Hercules Capital (internal),,0.0,1.8,,,,,False,,False,,2025-12-31,2025-12-31,1,HTGC,0.0
"Subtotal: Healthcare Services, Other ( 0.38 %)*",2,GREEN,0,1,1,1,HTGC,Hercules Capital (internal),Electronics & Computer Hardware,0.0,7.503,,,,,False,,False,,2025-12-31,2025-12-31,1,HTGC,0.0
"Subtotal: Healthcare Services, Other ( 0.54 %)*",2,GREEN,0,1,1,1,HTGC,Hercules Capital (internal),Electronics & Computer Hardware,0.0,11.919,,,,,False,,False,,2025-12-31,2025-12-31,1,HTGC,0.0
"Subtotal: Healthcare Services, Other ( 30.19 %)*",2,GREEN,0,1,1,1,HTGC,Hercules Capital (internal),,0.0,600.582,,,,,False,,False,,2025-09-30,2025-12-31,2,HTGC,0.0
Subtotal: Information Services ( 0.00 %)*,2,GREEN,0,1,1,1,HTGC,Hercules Capital (internal),Information Services,0.0,0.013,,,,,False,,False,,2025-12-31,2025-12-31,1,HTGC,0.0
Subtotal: Information Services ( 0.14 %)*,2,GREEN,0,1,1,1,HTGC,Hercules Capital (internal),Information Services,0.0,3.2,,,,,False,,False,,2025-12-31,2025-12-31,1,HTGC,0.0
Subtotal: Information Services ( 0.20 %)*,2,GREEN,0,1,1,1,HTGC,Hercules Capital (internal),Information Services,0.0,3.898,,,,,False,,False,,2025-12-31,2025-12-31,1,HTGC,0.0
Subtotal: Information Services ( 1.03 %)*,2,GREEN,0,1,1,1,HTGC,Hercules Capital (internal),Information Services,0.0,20.445,,,,,False,,False,,2025-09-30,2025-12-31,2,HTGC,0.0
Subtotal: Manufacturing Technology ( 0.01 %)*,2,GREEN,0,1,1,1,HTGC,Hercules Capital (internal),Manufacturing Technology,0.0,0.249,,,,,False,,False,,2025-12-31,2025-12-31,1,HTGC,0.0
Subtotal: Media/Content/Info ( 0.00 %)*,2,GREEN,0,1,1,1,HTGC,Hercules Capital (internal),Media/Content/Info,0.0,0.095,,,,,False,,False,,2025-12-31,2025-12-31,1,HTGC,0.0
Subtotal: Medical Devices & Equipment ( 0.00 %)*,2,GREEN,0,1,1,1,HTGC,Hercules Capital (internal),Medical Devices & Equipment,0.0,0.069,,,,,False,,False,,2025-09-30,2025-12-31,2,HTGC,0.0
Subtotal: Medical Devices & Equipment ( 0.03 %)*,2,GREEN,0,1,1,1,HTGC,Hercules Capital (internal),Medical Devices & Equipment,0.0,1.266,,,,,False,,False,,2025-12-31,2025-12-31,1,HTGC,0.0
Subtotal: Medical Devices & Equipment ( 0.08 %)*,2,GREEN,0,1,1,1,HTGC,Hercules Capital (internal),Medical Devices & Equipment,0.0,1.727,,,,,False,,False,,2025-12-31,2025-12-31,1,HTGC,0.0
Subtotal: Semiconductors ( 0.00 %)*,2,GREEN,0,1,1,1,HTGC,Hercules Capital (internal),Semiconductors,0.0,0.158,,,,,False,,False,,2025-12-31,2025-12-31,1,HTGC,0.0
Subtotal: Semiconductors ( 0.01 %)*,2,GREEN,0,1,1,1,HTGC,Hercules Capital (internal),Semiconductors,0.0,0.21,,,,,False,,False,,2025-12-31,2025-12-31,1,HTGC,0.0
Subtotal: Semiconductors ( 0.02 %)*,2,GREEN,0,1,1,1,HTGC,Hercules Capital (internal),Semiconductors,0.0,0.494,,,,,False,,False,,2025-12-31,2025-12-31,1,HTGC,0.0
Subtotal: Space Technologies ( 0.00 %)*,2,GREEN,0,1,1,1,HTGC,Hercules Capital (internal),Space Technologies,0.0,0.01,,,,,False,,False,,2025-12-31,2025-12-31,1,HTGC,0.0
Subtotal: Space Technologies ( 0.06 %)*,2,GREEN,0,1,1,1,HTGC,Hercules Capital (internal),Space Technologies,0.0,1.256,,,,,False,,False,,2025-12-31,2025-12-31,1,HTGC,0.0
Subtotal: Sustainable and Renewable Technology ( 0.01 %)*,2,GREEN,0,1,1,1,HTGC,Hercules Capital (internal),Sustainable and Renewable Technology,0.0,0.319,,,,,False,,False,,2025-12-31,2025-12-31,1,HTGC,0.0
Subtotal: Sustainable and Renewable Technology ( 0.02 %)*,2,GREEN,0,1,1,1,HTGC,Hercules Capital (internal),Sustainable and Renewable Technology,0.0,0.964,,,,,False,,False,,2025-12-31,2025-12-31,1,HTGC,0.0
Subtotal: Sustainable and Renewable Technology ( 0.10 %)*,2,GREEN,0,1,1,1,HTGC,Hercules Capital (internal),,0.0,1.992,,,,,False,,False,,2025-12-31,2025-12-31,1,HTGC,0.0
Subtotal: Sustainable and Renewable Technology ( 1.27 %)*,2,GREEN,0,1,1,1,HTGC,Hercules Capital (internal),Sustainable and Renewable Technology,0.0,25.243,,,,,False,,False,,2025-09-30,2025-12-31,2,HTGC,0.0
Subtotal: System Software ( 0.14 %)*,2,GREEN,0,1,1,1,HTGC,Hercules Capital (internal),,0.0,3.099,,,,,False,,False,,2025-12-31,2025-12-31,1,HTGC,0.0
"Superman Holdings, LLC",2,GREEN,0,1,1,1,ARCC,Ares Capital Management,,0.0,22.2,,08/2031,8.17,,False,,False,,2025-09-30,2025-12-31,2,ARCC,0.0
"TNCP Intermediate HoldCo, LLC – Line of Credit, $ 2,000 available ( 11.0 % Cash, Due 10/2027)",2,GREEN,0,1,1,1,GLAD,Gladstone Management Corporation,,0.0,0.0,,,,,False,,False,,2025-09-30,2025-12-31,2,GLAD,0.0
"TW LRW Holdings, LLC",2,GREEN,0,1,1,1,CGBD,Carlyle Investment Management,Business Services,0.0,0.002,,,,,False,,False,,2025-12-31,2025-12-31,1,CGBD,0.0
Talon Buyer Inc. and Talon Holdings SCSP,2,GREEN,0,1,1,1,ARCC,Ares Capital Management,,0.0,49.6,,07/2032,8.39,,False,,False,,2025-09-30,2025-12-31,2,ARCC,0.0
"The Edelman Financial Center, LLC",2,GREEN,0,1,1,1,ARCC,Ares Capital Management,,0.0,0.1,,10/2028,8.97,,False,,False,,2025-09-30,2025-12-31,2,ARCC,0.0
"Thrasio Holdings, Inc.",2,GREEN,0,1,1,1,GSBD,Goldman Sachs Asset Management,Broadline Retail,0.0,252.754,,,,,False,,False,,2025-09-30,2025-12-31,2,GSBD,0.0
"Three Rivers Buyer, Inc.",2,GREEN,0,1,1,1,ARCC,Ares Capital Management,,0.0,5.7,,11/2031,8.6,,False,,False,,2025-12-31,2025-12-31,1,ARCC,0.0
Total non-controlled/affiliate company equity investments,2,GREEN,0,1,1,1,GBDC,GC Advisors,Specialty Retail,0.0,146.148,,,,,False,,False,,2025-12-31,2025-12-31,1,GBDC,0.0
Total non-controlled/affiliate company investments,2,GREEN,0,1,1,1,GBDC,GC Advisors,Specialty Retail,0.0,290.019,,,,,False,,False,,2025-12-31,2025-12-31,1,GBDC,0.0
Total non-controlled/non-affiliate company equity investments,2,GREEN,0,1,1,1,GBDC,GC Advisors,,0.0,480.778,,,,,False,,False,,2025-09-30,2025-12-31,2,GBDC,0.0
Total non-controlled/non-affiliate company investments,2,GREEN,0,1,1,1,GBDC,GC Advisors,,0.0,0.0,,,,,False,,False,,2025-09-30,2025-12-31,2,GBDC,0.0
"Truist Insurance Holdings, LLC and McGriff Insurance Services, LLC",2,GREEN,0,1,1,1,ARCC,Ares Capital Management,,0.0,0.1,,05/2031,6.42,,False,,False,,2025-09-30,2025-12-31,2,ARCC,0.0
"Turn Key Health Clinics, LLC – Line of Credit, $ 5,000 available (S + 6.8 %, 10.4 % Cash, Due 11/2030)",2,GREEN,0,1,1,1,GLAD,Gladstone Management Corporation,,0.0,0.0,,,,,False,,False,,2025-12-31,2025-12-31,1,GLAD,0.0
"UPB Acquisition, Inc.",2,GREEN,0,1,1,1,GAIN,Gladstone Management Corporation,,0.0,6.0,,,,,False,,False,,2025-09-30,2025-12-31,2,GAIN,0.0
Unfunded Loan Commitments,2,GREEN,0,1,1,1,FSK,FS/KKR Advisor,Health Care Equipment & Services,0.0,-1252.9,,,,,False,,False,,2025-09-30,2025-12-31,2,FSK,0.0
"Viva Railings, LLC – Line of Credit, $ 4,000 available (S + 6.4 %, 10.5 % Cash, Due 5/2027)",2,GREEN,0,1,1,1,GLAD,Gladstone Management Corporation,,0.0,0.0,,,,,False,,False,,2025-12-31,2025-12-31,1,GLAD,0.0
"Zero Case Holding Inc. – Line of Credit, $ 1,000 available (S + 6.4 %, 10.1 % Cash, Due 7/2030)",2,GREEN,0,1,1,1,GLAD,Gladstone Management Corporation,,0.0,0.0,,,,,False,,False,,2025-12-31,2025-12-31,1,GLAD,0.0
"GTIV, LLC+",2,GREEN,0,1,1,1,GBDC,GC Advisors,,-0.001,-0.002,,,,,False,,False,,2025-09-30,2025-12-31,2,GBDC,-0.001
"Banker's Toolbox, Inc.+",2,GREEN,0,1,1,1,GBDC,GC Advisors,Diversified Financial Services,-0.002,0.0,,,,,False,,False,,2025-09-30,2025-12-31,2,GBDC,-0.002
"Belmont Instrument, LLC+",2,GREEN,0,1,1,1,GBDC,GC Advisors,Healthcare Equipment & Supplies,-0.002,0.0,,,,,False,,False,,2025-09-30,2025-12-31,2,GBDC,-0.002
"Integrity Marketing Acquisition, LLC+",2,GREEN,0,1,1,1,GBDC,GC Advisors,Insurance,-0.006,0.0,,,,,False,,False,,2025-09-30,2025-12-31,2,GBDC,-0.006
LOV Acquisition LLC+,2,GREEN,0,1,1,1,GBDC,GC Advisors,,-0.011,0.0,,,,,False,,False,,2025-09-30,2025-12-31,2,GBDC,-0.011
"Crumbl Enterprises, LLC+",2,GREEN,0,1,1,1,GBDC,GC Advisors,,-0.012,0.0,,,,,False,,False,,2025-09-30,2025-12-31,2,GBDC,-0.012
McQueen Bidco PTY LTD. (Australia),2,GREEN,0,1,1,1,CGBD,Carlyle Investment Management,Auto Aftermarket & Services,-0.021,-0.021,,11/28/2032,,,False,,False,,2025-12-31,2025-12-31,1,CGBD,-0.021
"SCHP Purchaser, INC",2,GREEN,0,1,1,1,CGBD,Carlyle Investment Management,,-0.03,0.0,,,,,False,,False,,2025-12-31,2025-12-31,1,CGBD,-0.03
"Enverus, Inc.",2,GREEN,0,1,1,1,CGBD,Carlyle Investment Management,Energy: Oil & Gas,-0.031,-0.015,,12/18/2032,,,False,,False,,2025-12-31,2025-12-31,1,CGBD,-0.031
"Pareto Health Intermediate Holdings, Inc.+",2,GREEN,0,1,1,1,GBDC,GC Advisors,,-0.048,0.0,,,,,False,,False,,2025-09-30,2025-12-31,2,GBDC,-0.048
"Olympia Acquisition, Inc., Olympia TopCo, L.P., and Asclepius Holdings LLC",2,GREEN,0,1,1,1,ARCC,Ares Capital Management,,-2.0,0.0,,,,,False,,False,,2025-09-30,2025-12-31,2,ARCC,-2.0
"RE Community Holdings GP, LLC and RE Community Holdings, LP",2,GREEN,0,1,1,1,ARCC,Ares Capital Management,,-2.0,0.0,,,,,False,,False,,2025-09-30,2025-12-31,2,ARCC,-2.0
"League One Volleyball Clubs, LLC and League One Volleyball, Inc.",2,GREEN,0,1,1,1,ARCC,Ares Capital Management,,-4.0,0.0,,01/2030,,,False,,False,,2025-09-30,2025-12-31,2,ARCC,-4.0
"Nomi Health, Inc.",2,GREEN,0,1,1,1,ARCC,Ares Capital Management,,-4.0,0.0,,07/2033,,,False,,False,,2025-09-30,2025-12-31,2,ARCC,-4.0
"Research Now Group, LLC and Dynata, LLC and New Insight Holdings, Inc.",2,GREEN,0,1,1,1,ARCC,Ares Capital Management,,-4.0,0.0,,07/2028,,,False,,False,,2025-09-30,2025-12-31,2,ARCC,-4.0
SOFR + 3.2345 %,2,GREEN,0,1,1,1,CGBD,Carlyle Investment Management,,-6.875,-6.875,,,,,False,,False,,2025-12-31,2025-12-31,1,CGBD,-6.875
Unfunded Asset Based Finance Commitments,2,GREEN,0,1,1,1,FSK,FS/KKR Advisor,Consumer Discretionary Distribution & Retail,-282.3,-282.3,,,,,False,,False,,2025-09-30,2025-12-31,2,FSK,-282.3
