Family,Family Key,Surveillance Score,Stress Tier,Stress Score,Borrower Count,Fund Count,Manager Count,Borrowers,Funds,Managers,Primary Industry,Total FV ($M),Total Cost ($M),Unrealized %,Nearest Maturity,Weighted Avg Rate %,Weighted Avg Spread (bps),Non-Accrual,Non-Accrual Funds,PIK,PIK Funds,First Seen,Last Seen,Period Count
Walker Edison Furniture Company LLC,walker edison,32,RED,8,3,5,3,"Walker Edison, Walker Edison Furniture Company LLC, Walker Edison Holdco LLC","BCSF, OBDC, OTF, PFLT, PNNT","Bain Capital Credit, Blue Owl Credit Advisors, PennantPark Investment Advisers",Household products,415.637,635.665,-0.3461,2/2/2026,10.0,,True,"BCSF, OBDC, OTF",False,,2025-09-30,2025-12-31,2
Alpine Acquisition Corp II,alpine ii,28,RED,7,2,4,3,"Alpine Acquisition Corp II, Alpine Acquisition Corp II (48Forty)","CGBD, PFLT, PNNT, TCPC","Carlyle Investment Management, PennantPark Investment Advisers, Tennenbaum Capital Partners (BlackRock)",Transportation: Cargo,82.9157,138.2464,-0.4002,11/30/26,5.61,533.0,True,"CGBD, PFLT",True,TCPC,2025-09-30,2025-12-31,2
"Thrasio, LLC",thrasio,27,RED,6,2,4,4,"Thrasio Holdings, Inc., Thrasio, LLC","BCSF, GSBD, OCSL, TCPC","Bain Capital Credit, Goldman Sachs Asset Management, Oaktree Capital Management, Tennenbaum Capital Partners (BlackRock)",Broadline Retail,128.6756,390.95,-0.6709,06/18/29,10.25,,True,"BCSF, GSBD, OCSL",True,"BCSF, TCPC",2025-09-30,2025-12-31,2
"Pluralsight, LLC",pluralsight,27,RED,6,1,7,6,"Pluralsight, LLC","ARCC, GBDC, GSBD, OBDC, OCSL, OTF, TCPC","Ares Capital Management, Blue Owl Credit Advisors, GC Advisors, Goldman Sachs Asset Management, Oaktree Capital Management, Tennenbaum Capital Partners (BlackRock)",Professional Services,683.89,764.981,-0.106,08/22/29,6.93,150.0,True,"ARCC, GBDC, GSBD, OBDC, OCSL, OTF",True,"ARCC, TCPC",2025-09-30,2025-12-31,2
"STG Distribution, LLC",stg distribution,27,RED,7,1,3,2,"STG Distribution, LLC","PFLT, PNNT, PSEC","PennantPark Investment Advisers, Prospect Capital Management",Air Freight and Logistics,57.742,73.738,-0.2169,10/03/29,5.98,100.0,True,"PFLT, PNNT",True,PSEC,2025-09-30,2025-12-31,2
"FPG Intermediate Holdco, LLC",fpg,26,RED,6,2,3,3,"FPG Intermediate Holdco, LLC, FPG Parent, LLC","CGBD, GBDC, MSDL","Carlyle Investment Management, GC Advisors, Morgan Stanley Investment Management",Diversified Consumer Services,24.564,19.463,0.2621,07/2025,,,True,"CGBD, GBDC, MSDL",True,GBDC,2025-09-30,2025-12-31,2
Astra Acquisition Corp.,astra,26,RED,7,1,2,2,Astra Acquisition Corp.,"OCSL, TSLX","Oaktree Capital Management, Sixth Street Partners",Application Software,22.015,52.724,-0.5824,3/31/2026,5.89,988.0,True,"OCSL, TSLX",False,,2025-09-30,2025-12-31,2
GoHealth,gohealth,25,RED,7,1,2,2,GoHealth,"MFIC, OBDC","Apollo Investment Management, L.P., Blue Owl Credit Advisors",GoHealth,6.429,13.541,-0.5252,08/05/29,4.94,,True,OBDC,True,MFIC,2025-09-30,2025-12-31,2
"Khoros, LLC",khoros,23,RED,6,1,2,2,"Khoros, LLC","GSBD, HTGC","Goldman Sachs Asset Management, Hercules Capital (internal)",Interactive Media & Services,51.543,96.592,-0.4664,05/23/30,7.91,450.0,True,HTGC,True,HTGC,2025-09-30,2025-12-31,2
"HV Watterson Holdings, LLC",hv watterson,23,RED,6,1,2,2,"HV Watterson Holdings, LLC","PNNT, SCM","PennantPark Investment Advisers, Stellus Capital Management",Business Services,16.738,34.018,-0.508,12/17/26,8.0,,True,PNNT,False,,2025-09-30,2025-12-31,2
"Material Holdings, LLC",material,22,RED,5,1,2,2,"Material Holdings, LLC","BXSL, CGBD","Blackstone Credit Advisors, Carlyle Investment Management",Professional Services,34.4978,46.205,-0.2534,8/19/2027,,,True,"BXSL, CGBD",False,,2025-09-30,2025-12-31,2
Bird Holding B.V.,bird bv,22,RED,7,1,2,1,Bird Holding B.V.,"OBDC, OTF",Blue Owl Credit Advisors,Internet software and services,0.841,194.247,-0.9957,,,,True,OBDC,False,,2025-09-30,2025-12-31,2
"Eclipse Buyer, Inc.",eclipse,21,RED,5,2,3,3,"Eclipse Buyer, Inc., Eclipse Topco, Inc.","ARCC, GBDC, MSDL","Ares Capital Management, GC Advisors, Morgan Stanley Investment Management",Diversified Consumer Services,121.1961,234.753,-0.4837,09/2024,8.57,,False,,True,ARCC,2025-09-30,2025-12-31,2
Streamland Media Midco LLC,streamland media,21,RED,5,2,3,3,"Streamland Media Holdings LLC, Streamland Media Midco LLC","GSBD, SLRC, TCPC","Goldman Sachs Asset Management, SLR Capital Partners, Tennenbaum Capital Partners (BlackRock)",Entertainment,81.9739,255.1561,-0.6787,03/31/25,12.23,,True,GSBD,True,TCPC,2025-09-30,2025-12-31,2
48Forty Solutions LLC,48forty solutions,21,RED,5,1,2,2,48Forty Solutions LLC,"FSK, MSDL","FS/KKR Advisor, Morgan Stanley Investment Management",Commercial & Professional Services,385.883,416.726,-0.074,11/30/29,2.0,,True,"FSK, MSDL",True,FSK,2025-09-30,2025-12-31,2
ATX Networks Corp,atx networks,21,RED,5,1,2,2,ATX Networks Corp,"FSK, GSBD","FS/KKR Advisor, Goldman Sachs Asset Management",Capital Goods,289.633,304.076,-0.0475,9/1/26,10.1,,True,"FSK, GSBD",True,FSK,2025-09-30,2025-12-31,2
"Pink Lily Holdco, LLC",pink lily,21,RED,6,1,2,1,"Pink Lily Holdco, LLC","PFLT, PNNT",PennantPark Investment Advisers,"Textiles, Apparel and Luxury Goods",10.023,22.608,-0.5567,11/09/27,4.27,,True,PNNT,False,,2025-09-30,2025-12-31,2
"Buckeye Group Holdings, L.P.",buckeye group,21,RED,7,1,1,1,"Buckeye Group Holdings, L.P.",CGBD,Carlyle Investment Management,Auto Aftermarket & Services,3.042,39.302,-0.9226,,10.97,,True,CGBD,True,CGBD,2025-12-31,2025-12-31,1
"Performance Health Holdings, Inc.",performance health,20,RED,5,2,4,4,"Performance Health & Wellness, Performance Health Holdings, Inc.","CGBD, FSK, MSDL, OCSL","Carlyle Investment Management, FS/KKR Advisor, Morgan Stanley Investment Management, Oaktree Capital Management",Healthcare & Pharmaceuticals,32.311,125.007,-0.7415,7/12/27,3.75,,False,,False,,2025-09-30,2025-12-31,2
"Daylight Beta Parent LLC and CFCo, LLC",daylight beta,20,RED,6,2,2,2,"Daylight Beta Parent LLC and CFCo, LLC, Daylight Beta Parent, LLC (Benefytt Technologies, Inc.)","ARCC, BXSL","Ares Capital Management, Blackstone Credit Advisors",Insurance,4.702,36.118,-0.8698,9/12/2033,,,True,"ARCC, BXSL",False,,2025-09-30,2025-12-31,2
"B T Group Acquisition, Inc.",bt group,20,RED,6,1,2,1,"B T Group Acquisition, Inc.","GAIN, GLAD",Gladstone Management Corporation,,19.57,48.6,-0.5973,,,,True,GAIN,False,,2025-09-30,2025-12-31,2
First Brands Group,first brands group,20,RED,6,1,1,1,First Brands Group,PSEC,Prospect Capital Management,Automobile Components,79.4912,211.593,-0.6243,6/29/2026,9.3,480.2,True,PSEC,True,PSEC,2025-09-30,2025-12-31,2
Eagle Football Holdings Limited,eagle football,20,RED,6,1,1,1,Eagle Football Holdings Limited,ARCC,Ares Capital Management,,48.6,143.8,-0.662,12/2026,20.0,,True,ARCC,True,ARCC,2025-09-30,2025-12-31,2
"United Sporting Companies, Inc.",united sporting companies,20,RED,6,1,1,1,"United Sporting Companies, Inc.",PSEC,Prospect Capital Management,Distributors,42.974,249.123,-0.8275,11/16/2019,11.0,1100.0,True,PSEC,True,PSEC,2025-09-30,2025-12-31,2
USES Corp.,uses,20,RED,6,1,1,1,USES Corp.,PSEC,Prospect Capital Management,Commercial Services & Supplies,29.624,112.776,-0.7373,8/15/2026,13.59,900.0,True,PSEC,True,PSEC,2025-09-30,2025-12-31,2
Bowery Farming Inc,bowery farming,20,RED,6,1,1,1,Bowery Farming Inc,FSK,FS/KKR Advisor,"Food, Beverage & Tobacco",10.0,74.8,-0.8663,9/10/26,,,True,FSK,True,FSK,2025-09-30,2025-12-31,2
"Project 1920, Inc.",project 1920,20,RED,6,1,1,1,"Project 1920, Inc.",TPVG,TriplePoint Advisers,Consumer Products and Services,4.284,57.6,-0.9256,3/25/2024,,,True,TPVG,False,,2025-09-30,2025-12-31,2
"Mosaic Companies, LLC",mosaic companies,20,RED,6,1,1,1,"Mosaic Companies, LLC",OCSL,Oaktree Capital Management,Home Improvement Retail,3.295,40.139,-0.9179,7/2/2026,8.25,,True,OCSL,False,,2025-09-30,2025-12-31,2
SK Neptune Husky Group Sarl (Luxembourg Investment Company 428 S.a r.l.),sk neptune,20,RED,6,1,1,1,SK Neptune Husky Group Sarl (Luxembourg Investment Company 428 S.a r.l.),MFIC,"Apollo Investment Management, L.P.",Heubach,0.029,9.438,-0.9969,01/03/29,10.75,,True,MFIC,False,,2025-12-31,2025-12-31,1
"Zoro TopCo, LP",zoro,19,RED,5,2,4,3,"Zoro, Zoro TopCo, LP","ARCC, BXSL, OBDC, OTF","Ares Capital Management, Blackstone Credit Advisors, Blue Owl Credit Advisors",Internet software and services,323.8687,495.207,-0.346,11/22/2022,9.99,,False,,True,ARCC,2025-09-30,2025-12-31,2
"DCA Investment Holdings, LLC",dca investment,19,ORANGE,4,2,4,4,"DCA Investment Holding LLC, DCA Investment Holdings, LLC","BXSL, CGBD, GBDC, MSDL","Blackstone Credit Advisors, Carlyle Investment Management, GC Advisors, Morgan Stanley Investment Management",Health Care Providers & Services (continued),130.278,139.23,-0.0643,12/2022,,,True,"BXSL, CGBD, GBDC, MSDL",False,,2025-09-30,2025-12-31,2
PS Operating Company LLC,ps operating,19,RED,5,2,2,2,"PS Operating Company LLC, PS Operating Company LLC and PS Op Holdings LLC","ARCC, OBDC","Ares Capital Management, Blue Owl Credit Advisors",Distribution,11.231,105.879,-0.8939,12/2026,,,True,"ARCC, OBDC",False,,2025-09-30,2025-12-31,2
"Aimbridge Topco, LLC",aimbridge,19,RED,5,2,2,2,"Aimbridge Acquisition Co., Inc., Aimbridge Topco, LLC","ARCC, CGBD","Ares Capital Management, Carlyle Investment Management",Consumer Services,5.658,12.439,-0.5451,2/1/2027,,,True,CGBD,False,,2025-09-30,2025-12-31,2
Mind Candy Limited,mind candy,19,RED,5,2,1,1,"Mind Candy Limited, Mind Candy, Inc.",TPVG,TriplePoint Advisers,Entertainment,47.708,96.052,-0.5033,12/31/2025,,,True,TPVG,False,,2025-09-30,2025-12-31,2
"mPulse Mobile, Inc.",mpulse mobile,19,RED,5,1,3,3,"mPulse Mobile, Inc.","MFIC, MSDL, TCPC","Apollo Investment Management, L.P., Morgan Stanley Investment Management, Tennenbaum Capital Partners (BlackRock)",mPulse,65.5385,229.9828,-0.715,08/26/32,2.05,,False,,False,,2025-09-30,2025-12-31,2
Accommodations Plus Technologies LLC,accommodations plus,19,RED,5,1,3,3,Accommodations Plus Technologies LLC,"ARCC, GSBD, OTF","Ares Capital Management, Blue Owl Credit Advisors, Goldman Sachs Asset Management",Commercial and Professional Services,52.625,170.392,-0.6912,05/28/32,8.94,,False,,False,,2025-09-30,2025-12-31,2
"Shout! Factory, LLC",shout factory,19,RED,5,1,3,3,"Shout! Factory, LLC","ARCC, GBDC, MFIC","Apollo Investment Management, L.P., Ares Capital Management, GC Advisors",Media,15.023,52.243,-0.7124,06/30/31,5.51,,False,,False,,2025-09-30,2025-12-31,2
"Firebird Acquisition Corp, Inc.",firebird,19,RED,6,1,2,2,"Firebird Acquisition Corp, Inc.","ARCC, MSDL","Ares Capital Management, Morgan Stanley Investment Management",Commercial Services & Supplies,15.003,254.807,-0.9411,02/2032,8.61,,False,,True,ARCC,2025-09-30,2025-12-31,2
"Credit.com Holdings, LLC",credit com,19,RED,6,1,1,1,"Credit.com Holdings, LLC",PSEC,Prospect Capital Management,Diversified Consumer Services,103.6341,286.552,-0.6383,9/28/2028,15.39,1100.0,True,PSEC,True,PSEC,2025-09-30,2025-12-31,2
"North Haven Falcon Buyer, LLC",north haven falcon,19,RED,5,1,1,1,"North Haven Falcon Buyer, LLC",GBDC,GC Advisors,Auto Components,13.86,20.131,-0.3115,05/2021,,,True,GBDC,True,GBDC,2025-09-30,2025-12-31,2
"Edge Adhesives Holdings, Inc.",edge adhesives,19,RED,6,1,1,1,"Edge Adhesives Holdings, Inc.",GLAD,Gladstone Management Corporation,,0.981,12.28,-0.9201,,,,True,GLAD,False,,2025-09-30,2025-12-31,2
"TPC Holding Company, LP",tpc,18,RED,5,3,3,2,"TPC 2022, LLC, TPC Holding Company, LP, TPC US Parent, LLC","PFLT, PNNT, SLRC","PennantPark Investment Advisers, SLR Capital Partners",Food Products,119.921,163.524,-0.2666,11/24/25,10.04,,False,,False,,2025-09-30,2025-12-31,2
Kellermeyer Bergensons Services LLC,kellermeyer bergensons,18,ORANGE,4,2,3,3,"Kellermeyer Bergensons Services LLC, Kellermeyer Bergensons Services, LLC and KBS TopCo, LLC","ARCC, FSK, TCPC","Ares Capital Management, FS/KKR Advisor, Tennenbaum Capital Partners (BlackRock)",Commercial & Professional Services,664.5067,676.901,-0.0183,11/6/28,8.83,457.1,True,"ARCC, FSK",True,"ARCC, FSK, TCPC",2025-09-30,2025-12-31,2
"Shoes For Crews Global, LLC",shoes for,18,ORANGE,4,2,3,3,"Shoes For Crews Global, LLC, Shoes for Crews Holdings, LLC","ARCC, GBDC, SLRC","Ares Capital Management, GC Advisors, SLR Capital Partners",Diversified Consumer Services,54.622,65.911,-0.1713,06/2024,10.5,,False,,True,SLRC,2025-09-30,2025-12-31,2
Spotless Brands,spotless brands,18,ORANGE,4,1,5,5,Spotless Brands,"BCSF, CGBD, FSK, GSBD, OBDC","Bain Capital Credit, Blue Owl Credit Advisors, Carlyle Investment Management, FS/KKR Advisor, Goldman Sachs Asset Management",Services: Consumer,381.7764,552.632,-0.3092,7/25/28,6.22,,False,,False,,2025-09-30,2025-12-31,2
"Einstein Parent, Inc.",einstein,18,RED,5,1,3,3,"Einstein Parent, Inc.","ARCC, CGBD, GBDC","Ares Capital Management, Carlyle Investment Management, GC Advisors",Software,38.929,84.641,-0.5401,01/2031,10.36,,False,,False,,2025-09-30,2025-12-31,2
"Maverick Acquisition, Inc.",maverick,18,ORANGE,4,1,2,2,"Maverick Acquisition, Inc.","BXSL, CGBD","Blackstone Credit Advisors, Carlyle Investment Management",Aerospace & Defense,37.732,52.969,-0.2877,6/1/2027,,,True,BXSL,False,,2025-09-30,2025-12-31,2
Education,education,18,RED,5,1,1,1,Education,NMFC,"New Mountain Finance Advisers BDC, L.L.C.",Deca Dental Holdings LLC,340.0253,518.114,-0.3437,08/2013,9.41,50.0,True,NMFC,True,NMFC,2025-09-30,2025-09-30,1
NBG Home,nbg home,18,RED,5,1,1,1,NBG Home,FSK,FS/KKR Advisor,Consumer Durables & Apparel,56.3,83.6,-0.3266,3/30/25,,,True,FSK,True,FSK,2025-09-30,2025-12-31,2
Frubana Inc.,frubana,18,RED,5,1,1,1,Frubana Inc.,TPVG,TriplePoint Advisers,Consumer Products and Services,33.788,80.605,-0.5808,10/31/2026,,,True,TPVG,False,,2025-09-30,2025-12-31,2
"American Teleconferencing Services, Ltd.",american teleconferencing,18,RED,5,1,1,1,"American Teleconferencing Services, Ltd.",MAIN,Main Street Capital (internal),,17.196,35.401,-0.5143,4/7/2023,,,True,MAIN,False,,2025-09-30,2025-12-31,2
"Dialyze Holdings, LLC",dialyze,18,RED,5,1,1,1,"Dialyze Holdings, LLC",OCSL,Oaktree Capital Management,Health Care Equipment,15.893,53.69,-0.704,2/4/2027,11.0,,True,OCSL,False,,2025-09-30,2025-12-31,2
Miami Beach Medical Group LLC,miami beach,18,RED,5,1,1,1,Miami Beach Medical Group LLC,FSK,FS/KKR Advisor,Health Care Equipment & Services,11.5,18.3,-0.3716,2/18/25,1.5,,True,FSK,True,FSK,2025-12-31,2025-12-31,1
Accuride Corp,accuride,18,RED,5,1,1,1,Accuride Corp,FSK,FS/KKR Advisor,Capital Goods,10.1,14.5,-0.3034,4/19/25,3.87,,True,FSK,True,FSK,2025-09-30,2025-12-31,2
"Synapse Financial Technologies, Inc.",synapse financial,18,RED,5,1,1,1,"Synapse Financial Technologies, Inc.",TPVG,TriplePoint Advisers,Financial Software,0.079,0.727,-0.8913,7/31/2025,,,True,TPVG,False,,2025-09-30,2025-12-31,2
Heubach Holdings USA LLC,heubach usa,18,RED,5,1,1,1,Heubach Holdings USA LLC,MFIC,"Apollo Investment Management, L.P.",Heubach,0.054,0.478,-0.887,01/03/29,13.75,,True,MFIC,False,,2025-12-31,2025-12-31,1
"Vessco Midco Holdings, LLC",vessco,17,ORANGE,4,2,3,3,"Vessco Midco Holdings, LLC, Vessco Midco Holdings, LLC*","GBDC, MSDL, OBDC","Blue Owl Credit Advisors, GC Advisors, Morgan Stanley Investment Management",Water Utilities,269.504,490.345,-0.4504,7/2031,,,False,,False,,2025-09-30,2025-12-31,2
"PCS MidCo, Inc.",pcs,17,RED,5,2,3,2,"PCS MidCo, Inc., PCS Parent, LP","ARCC, PFLT, PNNT","Ares Capital Management, PennantPark Investment Advisers",Professional Services,58.396,495.911,-0.8822,03/01/30,9.52,,False,,False,,2025-09-30,2025-12-31,2
"Infolinks Media Buyco, LLC",infolinks media,17,RED,5,2,3,2,"Infolinks Media Buyco, LLC, Tower Arch Infolinks Media, LP","PFLT, PNNT, SCM","PennantPark Investment Advisers, Stellus Capital Management",Media,46.874,777.854,-0.9397,11/01/26,9.46,,False,,False,,2025-09-30,2025-12-31,2
"JSG II, Inc.",jsg ii,17,RED,5,2,3,3,"JSG II, Inc., JSG II, Inc. and Checkers USA, Inc.","ARCC, GBDC, OBDC","Ares Capital Management, Blue Owl Credit Advisors, GC Advisors",Chemicals,16.36,74.142,-0.7793,6/2026,8.23,,False,,False,,2025-09-30,2025-12-31,2
"OHCP V TC COI, LP",ohcp v,17,RED,5,2,3,2,"OHCP V BC COI, LP, OHCP V TC COI, LP","BXSL, PFLT, PNNT","Blackstone Credit Advisors, PennantPark Investment Advisers",Professional Services,11.88,159.818,-0.9257,6/29/2021,,,False,,False,,2025-09-30,2025-12-31,2
"RTIC Parent Holdings, LLC",rtic,17,RED,5,2,2,1,"RTIC Parent Holdings, LLC, RTIC Subsidiary Holdings, LLC","PFLT, PNNT",PennantPark Investment Advisers,Leisure Products,170.24,230.106,-0.2602,05/03/29,9.57,,False,,False,,2025-09-30,2025-12-31,2
"Sabel Systems Technology Solutions, LLC",sabel investco,17,RED,5,2,2,1,"Sabel InvestCo, LP., Sabel Systems Technology Solutions, LLC","PFLT, PNNT",PennantPark Investment Advisers,Government Services,133.211,580.461,-0.7705,10/31/30,9.83,,False,,False,,2025-09-30,2025-12-31,2
"BAART Programs, Inc.",baart programs,17,ORANGE,4,2,2,2,"BAART Programs, Inc., BAART Programs, Inc., MedMark Services, Inc., and Canadian Addiction Treatment Centres LP","ARCC, OCSL","Ares Capital Management, Oaktree Capital Management",Health Care Services,54.864,77.569,-0.2927,6/11/2026,5.59,,True,"ARCC, OCSL",False,,2025-09-30,2025-12-31,2
"ORL Acquisition, Inc.",orl,17,RED,5,2,2,1,"ORL Acquisition, Inc., ORL Holdco, Inc.","PFLT, PNNT",PennantPark Investment Advisers,Consumer Finance,24.391,30.643,-0.204,9/1/2021,13.4,,False,,False,,2025-09-30,2025-12-31,2
"PSC Parent, Inc.*",psc,17,RED,5,2,2,2,"PSC Parent, Inc., PSC Parent, Inc.*","ARCC, GBDC","Ares Capital Management, GC Advisors",,14.46,126.904,-0.8861,04/2030,8.98,,False,,False,,2025-09-30,2025-12-31,2
"QuantiTech InvestCo, LP",quantitech investco,17,RED,5,2,2,1,"QuantiTech InvestCo II, LP, QuantiTech InvestCo, LP","PFLT, PNNT",PennantPark Investment Advisers,Aerospace and Defense,0.212,3.362,-0.9369,5/1/2020,,,False,,False,,2025-09-30,2025-12-31,2
"AlphaSense, Inc.",alphasense,17,ORANGE,4,1,4,3,"AlphaSense, Inc.","HTGC, OBDC, OTF, TCPC","Blue Owl Credit Advisors, Hercules Capital (internal), Tennenbaum Capital Partners (BlackRock)",Debt Investments,197.2865,318.0176,-0.3796,6/2029,6.25,625.0,False,,False,,2025-09-30,2025-12-31,2
Intelerad Medical Systems Incorporated,intelerad medical,17,ORANGE,4,1,3,2,Intelerad Medical Systems Incorporated,"MSDL, OBDC, OTF","Blue Owl Credit Advisors, Morgan Stanley Investment Management",Health Care Providers & Services,617.336,619.265,-0.0031,8/2026,,,True,OBDC,False,,2025-09-30,2025-12-31,2
"UniTek Global Services, Inc.",unitek global,17,RED,5,1,2,2,"UniTek Global Services, Inc.","MAIN, PFLT","Main Street Capital (internal), PennantPark Investment Advisers",Telecommunications,50.396,1284.972,-0.9608,1/13/2015,17.62,,False,,False,,2025-09-30,2025-12-31,2
Loft Orbital Solutions Inc.,loft orbital,17,RED,5,1,2,2,Loft Orbital Solutions Inc.,"HTGC, TPVG","Hercules Capital (internal), TriplePoint Advisers",Space Technologies,9.415,28.6,-0.6708,11/30/2027,1.75,175.0,False,,True,HTGC,2025-09-30,2025-12-31,2
"Filevine, Inc.",filevine,17,RED,5,1,2,2,"Filevine, Inc.","GBDC, TPVG","GC Advisors, TriplePoint Advisers",Professional Services,7.088,113.143,-0.9374,04/2022,,,False,,False,,2025-09-30,2025-12-31,2
"Beacon Behavioral Support Services, LLC",beacon behavioral,16,ORANGE,4,3,2,1,"Beacon Behavioral Holdings, LLC, Beacon Behavioral Support Service, LLC, Beacon Behavioral Support Services, LLC","PFLT, PNNT",PennantPark Investment Advisers,"Healthcare, Education and Childcare",135.297,184.208,-0.2655,06/21/29,9.64,,False,,True,PNNT,2025-09-30,2025-12-31,2
"Paving Parent, LLC",paving,16,ORANGE,4,3,2,1,"Paving Lessor Corp., Paving Lessor Corp. First Lien, Paving Parent, LLC","PFLT, PNNT",PennantPark Investment Advisers,Business Services,81.433,121.071,-0.3274,07/01/31,9.02,,False,,False,,2025-09-30,2025-12-31,2
IQN Holding Corp.,iqn,16,ORANGE,3,2,6,6,"IQN Holding Corp., IQN Holding Corp. *","ARCC, BXSL, CGBD, GBDC, MFIC, MSDL","Apollo Investment Management, L.P., Ares Capital Management, Blackstone Credit Advisors, Carlyle Investment Management, GC Advisors, Morgan Stanley Investment Management",Software (continued),67.293,70.17,-0.041,05/02/28,5.41,,False,,True,"ARCC, MFIC",2025-09-30,2025-12-31,2
"OEConnection, LLC",oeconnection,16,ORANGE,3,2,4,4,"OEConnection, LLC, OEConnection, LLC*","CGBD, FSK, GBDC, OTF","Blue Owl Credit Advisors, Carlyle Investment Management, FS/KKR Advisor, GC Advisors",Auto Components,192.185,207.931,-0.0757,4/22/31,0.0,,False,,True,FSK,2025-09-30,2025-12-31,2
Burgess Point Purchaser Corporation,burgess point,16,ORANGE,3,2,4,3,"Burgess Point Holdings, LP, Burgess Point Purchaser Corporation","ARCC, PFLT, PNNT, PSEC","Ares Capital Management, PennantPark Investment Advisers, Prospect Capital Management",Auto Sector,149.765,189.422,-0.2094,07/25/29,11.68,900.0,False,,False,,2025-09-30,2025-12-31,2
"Aventiv Technologies, LLC",aventiv technologies,16,RED,5,2,3,3,"Aventiv Technologies, Inc. (Securus), Aventiv Technologies, LLC","MFIC, PSEC, TCPC","Apollo Investment Management, L.P., Prospect Capital Management, Tennenbaum Capital Partners (BlackRock)",Diversified Telecommunication Services,98.2651,122.9889,-0.201,03/25/26,13.8,997.7,True,MFIC,True,TCPC,2025-09-30,2025-12-31,2
Sweep Purchaser LLC,sweep,16,ORANGE,4,2,2,2,"Sweep Midco LLC, Sweep Purchaser LLC","GSBD, MSDL","Goldman Sachs Asset Management, Morgan Stanley Investment Management",Commercial Services & Supplies,92.51,105.803,-0.1256,06/30/27,9.89,,False,,False,,2025-09-30,2025-12-31,2
"Connatix Buyer, Inc.",connatix,16,ORANGE,4,2,2,2,"Connatix Buyer, Inc., Connatix Parent, LLC","BXSL, PNNT","Blackstone Credit Advisors, PennantPark Investment Advisers",Software (continued),48.639,49.8,-0.0233,7/14/2021,,,False,,False,,2025-09-30,2025-12-31,2
Guidepoint,guidepoint,16,ORANGE,4,2,2,2,"Guidepoint, Guidepoint Security Holdings, LLC","ARCC, GSBD","Ares Capital Management, Goldman Sachs Asset Management",IT Services,11.373,28.2,-0.5967,10/02/29,9.19,,False,,False,,2025-09-30,2025-12-31,2
DRI Holding Inc.,dri,16,ORANGE,4,1,3,2,DRI Holding Inc.,"PFLT, PNNT, PSEC","PennantPark Investment Advisers, Prospect Capital Management",Media,462.7808,775.281,-0.4031,12/21/28,9.36,525.0,False,,False,,2025-09-30,2025-12-31,2
"Horizon CTS Buyer, LLC",horizon cts,16,ORANGE,4,1,3,3,"Horizon CTS Buyer, LLC","ARCC, BXSL, FSK","Ares Capital Management, Blackstone Credit Advisors, FS/KKR Advisor",Aerospace & Defense,113.591,214.685,-0.4709,03/2032,8.46,,False,,False,,2025-09-30,2025-12-31,2
"Align Precision Group, LLC",align precision,16,ORANGE,4,1,3,3,"Align Precision Group, LLC","ARCC, BXSL, CGBD","Ares Capital Management, Blackstone Credit Advisors, Carlyle Investment Management",Capital Goods,44.614,53.722,-0.1695,7/3/2030,10.71,,False,,True,ARCC,2025-09-30,2025-12-31,2
"Atlas Purchaser, Inc.",atlas,16,ORANGE,4,1,2,2,"Atlas Purchaser, Inc.","MSDL, PNNT","Morgan Stanley Investment Management, PennantPark Investment Advisers",IT Services,16.822,21.921,-0.2326,05/06/2028,,,True,PNNT,False,,2025-09-30,2025-12-31,2
HuFriedy Group Acquisition LLC,hufriedy group,16,RED,5,1,2,2,HuFriedy Group Acquisition LLC,"ARCC, GBDC","Ares Capital Management, GC Advisors",,9.751,177.24,-0.945,05/2031,9.3,,False,,False,,2025-09-30,2025-12-31,2
"Quad (U.S.) Co-Invest, LP",quad us,16,RED,5,1,2,1,"Quad (U.S.) Co-Invest, LP","PFLT, PNNT",PennantPark Investment Advisers,Professional Services,8.661,475.604,-0.9818,10/3/2022,,,False,,False,,2025-09-30,2025-12-31,2
"White Tiger Newco, LLC",white tiger,16,RED,5,1,2,1,"White Tiger Newco, LLC","PFLT, PNNT",PennantPark Investment Advisers,Capital Equipment,6.931,77.599,-0.9107,07/31/25,,,False,,False,,2025-09-30,2025-12-31,2
"New Insight Holdings, Inc.",new insight,16,RED,5,1,2,1,"New Insight Holdings, Inc.","PFLT, PNNT",PennantPark Investment Advisers,Business Services,5.609,206.21,-0.9728,07/15/24,,,False,,False,,2025-09-30,2025-12-31,2
"OceanSound Discovery Equity, LP",oceansound discovery,16,RED,5,1,2,1,"OceanSound Discovery Equity, LP","PFLT, PNNT",PennantPark Investment Advisers,Aerospace and Defense,5.231,214.34,-0.9756,3/28/2024,,,False,,False,,2025-09-30,2025-12-31,2
"SP L2 Holdings, LLC",sp l2,16,RED,5,1,2,1,"SP L2 Holdings, LLC","PFLT, PNNT",PennantPark Investment Advisers,Leisure Products,2.666,572.623,-0.9953,11/4/2021,,,False,,False,,2025-09-30,2025-12-31,2
"K&N Holdco, LLC",kn,16,RED,5,1,2,2,"K&N Holdco, LLC","MFIC, PSEC","Apollo Investment Management, L.P., Prospect Capital Management",Automobile Components,2.119,127.031,-0.9833,,,,False,,False,,2025-09-30,2025-12-31,2
"SBI Holdings Investments, LLC",sbi investments,16,RED,5,1,2,1,"SBI Holdings Investments, LLC","PFLT, PNNT",PennantPark Investment Advisers,Professional Services,1.985,130.0,-0.9847,12/23/2019,,,False,,False,,2025-09-30,2025-12-31,2
"OfferUp, Inc.",offerup,16,RED,5,1,2,2,"OfferUp, Inc.","HTGC, TPVG","Hercules Capital (internal), TriplePoint Advisers",Consumer & Business Services,1.275,135.596,-0.9906,,,,False,,False,,2025-09-30,2025-12-31,2
"NXOF Holdings, Inc.",nxof,16,RED,5,1,2,1,"NXOF Holdings, Inc.","PFLT, PNNT",PennantPark Investment Advisers,IT Services,1.045,37.983,-0.9725,9/25/2018,,,False,,False,,2025-09-30,2025-12-31,2
"Grove Collaborative, Inc.",grove collaborative,16,RED,5,1,2,2,"Grove Collaborative, Inc.","HTGC, TPVG","Hercules Capital (internal), TriplePoint Advisers",Consumer & Business Products,1.022,32.889,-0.9689,,,,False,,False,,2025-09-30,2025-12-31,2
"North Haven Saints Equity Holdings, LP",north haven saints,16,RED,5,1,2,1,"North Haven Saints Equity Holdings, LP","PFLT, PNNT",PennantPark Investment Advisers,Healthcare Technology,0.994,224.306,-0.9956,2/25/2022,,,False,,False,,2025-09-30,2025-12-31,2
"Advarra Holdings, Inc.",advarra,16,RED,5,1,2,2,"Advarra Holdings, Inc.","ARCC, MSDL","Ares Capital Management, Morgan Stanley Investment Management",Health Care Providers & Services,0.953,12.169,-0.9217,09/2031,8.22,,False,,False,,2025-09-30,2025-12-31,2
"TWD Parent Holdings, LLC",twd,16,RED,5,1,2,1,"TWD Parent Holdings, LLC","PFLT, PNNT",PennantPark Investment Advisers,Construction & Engineering,0.173,1.761,-0.9018,8/25/2021,,,False,,False,,2025-09-30,2025-12-31,2
Grey Orange International Inc.,grey orange,16,RED,5,1,2,2,Grey Orange International Inc.,"TCPC, TPVG","Tennenbaum Capital Partners (BlackRock), TriplePoint Advisers",Software,0.1252,52.784,-0.9976,,,,False,,False,,2025-09-30,2025-12-31,2
National Dentex Labs LLC,national dentex labs,16,ORANGE,4,1,1,1,National Dentex Labs LLC,OBDC,Blue Owl Credit Advisors,,181.035,290.929,-0.3777,1/2026,,,True,OBDC,False,,2025-09-30,2025-12-31,2
Absolute Dental Group LLC,absolute dental,16,ORANGE,4,1,1,1,Absolute Dental Group LLC,ARCC,Ares Capital Management,Health Care Equipment and Services,105.0,176.8,-0.4061,06/2026,,,True,ARCC,False,,2025-09-30,2025-12-31,2
"Robbins Bros. Jewelry, Inc.",robbins bros,16,ORANGE,4,1,1,1,"Robbins Bros. Jewelry, Inc.",MAIN,Main Street Capital (internal),,103.955,153.754,-0.3239,12/15/2026,12.5,,True,MAIN,False,,2025-09-30,2025-12-31,2
"OnAsset Intelligence, Inc.",onasset intelligence,16,ORANGE,4,1,1,1,"OnAsset Intelligence, Inc.",MAIN,Main Street Capital (internal),,13.922,21.466,-0.3514,5/10/2027,11.02,,True,MAIN,False,,2025-09-30,2025-12-31,2
U.S. TelePacific Corp.,us telepacific,16,ORANGE,4,1,1,1,U.S. TelePacific Corp.,MAIN,Main Street Capital (internal),,13.796,26.547,-0.4803,5/2/2027,12.09,,True,MAIN,False,,2025-09-30,2025-12-31,2
"ATS Workholding, LLC",ats workholding,16,ORANGE,4,1,1,1,"ATS Workholding, LLC",MAIN,Main Street Capital (internal),,9.198,14.34,-0.3586,9/1/2024,5.0,,True,MAIN,False,,2025-09-30,2025-12-31,2
Total non-controlled/affiliate company debt investments,total non,15,ORANGE,4,4,1,1,"Total non-controlled/affiliate company debt investments, Total non-controlled/affiliate company equity investments, Total non-controlled/affiliate company investments, Total non-controlled/non-affiliate company equity investments",GBDC,GC Advisors,Specialty Retail,0.0037,1089.121,-1.0,,,,False,,False,,2025-09-30,2025-12-31,2
"Suveto Buyer, LLC",suveto,15,ORANGE,3,3,2,2,"Suveto, Suveto Buyer, LLC, Suveto Buyer, LLC*","GBDC, MSDL","GC Advisors, Morgan Stanley Investment Management",Healthcare Providers & Services,66.482,83.348,-0.2024,11/2021,,,False,,False,,2025-09-30,2025-12-31,2
"PetVet Care Centers, LLC",petvet care,15,ORANGE,3,2,5,4,"PetVet Care Centers LLC*, PetVet Care Centers, LLC","ARCC, GBDC, OBDC, OCSL, OTF","Ares Capital Management, Blue Owl Credit Advisors, GC Advisors, Oaktree Capital Management",Specialty Retail,549.506,716.906,-0.2335,11/2029,8.17,,False,,False,,2025-09-30,2025-12-31,2
"AI Titan Parent, Inc.",ai titan,15,ORANGE,3,2,3,3,"AI Titan Group Holdings, LP, AI Titan Parent, Inc.","ARCC, BXSL, GBDC","Ares Capital Management, Blackstone Credit Advisors, GC Advisors",Software,19.811,27.132,-0.2698,8/28/2024,8.25,,False,,False,,2025-09-30,2025-12-31,2
"Medina Health, LLC",medina health,15,ORANGE,3,2,2,1,"Medina Health, LLC, New Medina Health, LLC","PFLT, PNNT",PennantPark Investment Advisers,Healthcare Providers and Services,126.149,135.863,-0.0715,10/20/28,10.08,,True,PNNT,False,,2025-09-30,2025-12-31,2
"Watchtower Buyer, LLC",watchtower,15,ORANGE,4,2,2,1,"Watchtower Buyer, LLC, Watchtower Holdings, LLC","PFLT, PNNT",PennantPark Investment Advisers,"Electronic Equipment, Instruments, and Components",102.529,147.376,-0.3043,12/01/29,9.83,,False,,False,,2025-09-30,2025-12-31,2
"TCG 3.0 Jogger Acquisitionco, Inc.",tcg jogger,15,ORANGE,4,2,2,1,"TCG 3.0 Jogger Acquisitionco, Inc., TCG 3.0 Jogger Co-Invest, LP","PFLT, PNNT",PennantPark Investment Advisers,Media,101.755,122.784,-0.1713,01/23/29,10.35,,False,,False,,2025-09-30,2025-12-31,2
AFC-Dell Holding Corp.,afc dell,15,ORANGE,4,2,2,1,"AFC Dell Holding Corp., AFC-Dell Holding Corp.","PFLT, PNNT",PennantPark Investment Advisers,Distribution,67.237,78.994,-0.1488,04/09/27,9.33,,False,,False,,2025-09-30,2025-12-31,2
"Seaway Buyer, LLC",seaway,15,ORANGE,4,2,2,1,"Seaway Buyer, LLC, Seaway Topco, LP","PFLT, PNNT",PennantPark Investment Advisers,"Chemicals, Plastics and Rubber",56.306,64.104,-0.1216,06/13/29,9.98,,False,,False,,2025-09-30,2025-12-31,2
"ETE Intermediate II, LLC",ete ii,15,ORANGE,4,2,2,1,"ETE Intermediate II, LLC, Gauge ETE Blocker, LLC","PFLT, PNNT",PennantPark Investment Advisers,Diversified Consumer Services,55.7,64.781,-0.1402,05/29/29,8.96,,False,,True,PNNT,2025-09-30,2025-12-31,2
"Kaseya, Inc.",kaseya,15,ORANGE,3,1,9,8,"Kaseya, Inc.","CGBD, GBDC, GSBD, MSDL, OBDC, OCSL, OTF, SLRC, TCPC","Blue Owl Credit Advisors, Carlyle Investment Management, GC Advisors, Goldman Sachs Asset Management, Morgan Stanley Investment Management, Oaktree Capital Management, SLR Capital Partners, Tennenbaum Capital Partners (BlackRock)",High Tech Industries,405.5064,398.2763,0.0182,06/25/29,6.59,,False,,True,SLRC,2025-09-30,2025-12-31,2
Diligent Corporation,diligent,15,ORANGE,3,1,7,7,Diligent Corporation,"ARCC, BXSL, CGBD, GBDC, GSBD, MSDL, OTF","Ares Capital Management, Blackstone Credit Advisors, Blue Owl Credit Advisors, Carlyle Investment Management, GC Advisors, Goldman Sachs Asset Management, Morgan Stanley Investment Management",Software (continued),483.636,411.813,0.1744,08/02/30,9.66,,False,,True,"ARCC, CGBD",2025-09-30,2025-12-31,2
"Granicus, Inc.",granicus,15,ORANGE,3,1,6,5,"Granicus, Inc.","BXSL, FSK, GSBD, MSDL, OBDC, OTF","Blackstone Credit Advisors, Blue Owl Credit Advisors, FS/KKR Advisor, Goldman Sachs Asset Management, Morgan Stanley Investment Management",Software (continued),178.109,177.699,0.0023,1/17/31,6.42,,False,,True,FSK,2025-09-30,2025-12-31,2
"Inovalon Holdings, Inc.",inovalon,15,ORANGE,3,1,4,3,"Inovalon Holdings, Inc.","BXSL, MFIC, OBDC, OTF","Apollo Investment Management, L.P., Blackstone Credit Advisors, Blue Owl Credit Advisors",IT Services,1371.805,1388.982,-0.0124,11/24/28,2.72,,False,,True,MFIC,2025-09-30,2025-12-31,2
"Apex Service Partners, LLC",apex service,15,ORANGE,3,1,4,4,"Apex Service Partners, LLC","ARCC, FSK, GBDC, MSDL","Ares Capital Management, FS/KKR Advisor, GC Advisors, Morgan Stanley Investment Management",Consumer Services,843.096,828.036,0.0182,10/24/29,9.35,,False,,True,FSK,2025-09-30,2025-12-31,2
"Revalize, Inc.",revalize,15,ORANGE,3,1,4,4,"Revalize, Inc.","ARCC, BCSF, GBDC, MSDL","Ares Capital Management, Bain Capital Credit, GC Advisors, Morgan Stanley Investment Management",High Tech Industries,203.087,145.182,0.3988,12/2021,5.63,,False,,True,ARCC,2025-09-30,2025-12-31,2
Avetta LLC,avetta,15,ORANGE,3,1,4,3,Avetta LLC,"FSK, GSBD, OBDC, OTF","Blue Owl Credit Advisors, FS/KKR Advisor, Goldman Sachs Asset Management",Software & Services,128.398,128.191,0.0016,7/26/30,4.41,,False,,True,FSK,2025-09-30,2025-12-31,2
Symplr Software Inc.,symplr software,15,ORANGE,3,1,3,3,Symplr Software Inc.,"ARCC, GBDC, PFLT","Ares Capital Management, GC Advisors, PennantPark Investment Advisers",Healthcare Technology,718.67,813.249,-0.1163,11/2018,11.31,,False,,True,ARCC,2025-09-30,2025-12-31,2
"Alcresta Therapeutics, Inc.",alcresta therapeutics,15,ORANGE,4,1,2,2,"Alcresta Therapeutics, Inc.","ARCC, MFIC","Apollo Investment Management, L.P., Ares Capital Management",Alcresta Therapeutics Inc.,18.652,45.265,-0.5879,03/12/30,5.88,,False,,False,,2025-12-31,2025-12-31,1
"Iracore International Holdings, Inc.",iracore international,15,ORANGE,4,1,2,2,"Iracore International Holdings, Inc.","GSBD, TCPC","Goldman Sachs Asset Management, Tennenbaum Capital Partners (BlackRock)",Energy Equipment & Services,9.3326,31.2426,-0.7013,04/12/26,11.91,,False,,False,,2025-09-30,2025-12-31,2
XOMA Corporation,xoma,15,RED,5,1,2,1,XOMA Corporation,"OBDC, OTF",Blue Owl Credit Advisors,Healthcare providers and services,1.1465,52.175,-0.978,,,,False,,False,,2025-09-30,2025-12-31,2
"Blend Labs, Inc.",blend labs,15,RED,5,1,2,1,"Blend Labs, Inc.","OBDC, OTF",Blue Owl Credit Advisors,Financial services,0.025,302.791,-0.9999,,,,False,,False,,2025-09-30,2025-12-31,2
Hg Saturn Luchaco Limited,hg saturn,15,RED,5,1,2,1,Hg Saturn Luchaco Limited,"OBDC, OTF",Blue Owl Credit Advisors,Asset based lending and fund finance,0.0021,152.465,-1.0,,,,False,,False,,2025-09-30,2025-12-31,2
Business Services,business services,15,ORANGE,4,1,1,1,Business Services,NMFC,"New Mountain Finance Advisers BDC, L.L.C.",Funded Debt Investments - United States,943.8123,1179.261,-0.1997,12/2020,7.32,220.0,True,NMFC,True,NMFC,2025-09-30,2025-09-30,1
Healthcare,healthcare,15,ORANGE,4,1,1,1,Healthcare,NMFC,"New Mountain Finance Advisers BDC, L.L.C.",Deca Dental Holdings LLC,920.38,1208.599,-0.2385,11/2018,7.17,327.4,True,NMFC,True,NMFC,2025-09-30,2025-09-30,1
Reliant Rehab Hospital Cincinnati LLC,reliant rehab,15,ORANGE,4,1,1,1,Reliant Rehab Hospital Cincinnati LLC,FSK,FS/KKR Advisor,Health Care Equipment & Services,140.9,179.7,-0.2159,2/28/26,0.0,,True,FSK,True,FSK,2025-09-30,2025-12-31,2
"Inhance Parent, Inc.",inhance,15,ORANGE,4,1,1,1,"Inhance Parent, Inc.",GBDC,GC Advisors,Chemicals,59.381,70.157,-0.1536,07/2018,,,True,GBDC,True,GBDC,2025-09-30,2025-12-31,2
"Tedder Industries, LLC",tedder industries,15,ORANGE,4,1,1,1,"Tedder Industries, LLC",MAIN,Main Street Capital (internal),,37.235,71.955,-0.4825,,12.0,,True,MAIN,False,,2025-09-30,2025-12-31,2
EOS Finco S.A.R.L,eos,15,ORANGE,4,1,1,1,EOS Finco S.A.R.L,OBDC,Blue Owl Credit Advisors,Telecommunications,34.045,59.794,-0.4306,10/2029,,,True,OBDC,False,,2025-09-30,2025-12-31,2
Consumer Products,consumer products,15,ORANGE,4,1,1,1,Consumer Products,NMFC,"New Mountain Finance Advisers BDC, L.L.C.",Daxko Acquisition Corporation,32.8884,42.592,-0.2278,05/2027,4.78,250.0,True,NMFC,True,NMFC,2025-09-30,2025-09-30,1
"Interface Security Systems, L.L.C",interface security,15,ORANGE,4,1,1,1,"Interface Security Systems, L.L.C",MAIN,Main Street Capital (internal),,22.612,38.034,-0.4055,,12.02,,True,MAIN,False,,2025-09-30,2025-12-31,2
"AAC Holdings, Inc.",aac,15,ORANGE,4,1,1,1,"AAC Holdings, Inc.",MAIN,Main Street Capital (internal),,19.337,32.933,-0.4128,,19.86,,True,MAIN,False,,2025-09-30,2025-12-31,2
"Student Resource Center, LLC",student resource,15,ORANGE,4,1,1,1,"Student Resource Center, LLC",MAIN,Main Street Capital (internal),,9.376,15.947,-0.4121,,8.5,,True,MAIN,False,,2025-09-30,2025-12-31,2
Naviga Inc.,naviga,15,ORANGE,4,1,1,1,Naviga Inc.,GBDC,GC Advisors,,0.121,0.184,-0.3424,,,,True,GBDC,False,,2025-09-30,2025-12-31,2
Deerfield Dakota Holdings,deerfield dakota,14,ORANGE,3,2,5,4,"Deerfield Dakota Holding, LLC, Deerfield Dakota Holdings","CGBD, GBDC, MSDL, OBDC, OTF","Blue Owl Credit Advisors, Carlyle Investment Management, GC Advisors, Morgan Stanley Investment Management",Diversified Financial Services,299.808,300.18,-0.0012,9/12/2032,,,False,,True,GBDC,2025-09-30,2025-12-31,2
Wash & Wax Systems LLC,wash wax,14,ORANGE,3,2,3,2,"Wash & Wax Group, LP, Wash & Wax Systems LLC","MAIN, PFLT, PNNT","Main Street Capital (internal), PennantPark Investment Advisers",Consumer Services,86.387,86.556,-0.002,04/30/25,9.91,,False,,True,PNNT,2025-09-30,2025-12-31,2
SpendMend Holdings LLC,spendmend,14,ORANGE,3,2,3,2,"SpendMend Holdings LLC, SpendMend, LLC","GSBD, PFLT, PNNT","Goldman Sachs Asset Management, PennantPark Investment Advisers",Health Care Providers & Services,39.765,48.749,-0.1843,03/01/28,9.14,,False,,False,,2025-09-30,2025-12-31,2
"SPF Borrower, LLC",spf,14,ORANGE,3,2,2,2,"SPF Borrower, LLC, SPF HoldCo LLC","CGBD, GBDC","Carlyle Investment Management, GC Advisors",Healthcare & Pharmaceuticals,262.855,378.436,-0.3054,02/2024,,,False,,False,,2025-09-30,2025-12-31,2
PrimeFlight Acquisition LLC,primeflight,14,ORANGE,3,2,2,2,"PrimeFlight, PrimeFlight Acquisition LLC","BCSF, MFIC","Apollo Investment Management, L.P., Bain Capital Credit",Transportation: Consumer,51.91,78.883,-0.3419,05/01/29,3.16,,False,,False,,2025-09-30,2025-12-31,2
Dodge Construction Network LLC,dodge construction,14,ORANGE,4,2,2,1,"Dodge Construction Network Holdings, L.P., Dodge Construction Network LLC","OBDC, OTF",Blue Owl Credit Advisors,Construction & Engineering,11.548,20.896,-0.4474,1/2029,,,False,,False,,2025-09-30,2025-12-31,2
"Kodiak Cakes, LLC*",kodiak cakes,14,ORANGE,4,2,1,1,"Kodiak Cakes, LLC, Kodiak Cakes, LLC*",GBDC,GC Advisors,Food Products,91.1291,92.263,-0.0123,06/2021,,,False,,False,,2025-09-30,2025-12-31,2
"PlayPower, Inc.",playpower,14,ORANGE,3,1,4,3,"PlayPower, Inc.","PFLT, PNNT, PSEC, TCPC","PennantPark Investment Advisers, Prospect Capital Management, Tennenbaum Capital Partners (BlackRock)",Leisure Products,69.7734,92.9318,-0.2492,08/28/2030,5.25,,False,,False,,2025-09-30,2025-12-31,2
"PT Intermediate Holdings III, LLC",pt iii,14,ORANGE,3,1,3,3,"PT Intermediate Holdings III, LLC","BXSL, GBDC, MSDL","Blackstone Credit Advisors, GC Advisors, Morgan Stanley Investment Management",Distributors,407.37,425.26,-0.0421,12/2021,,,False,,True,GBDC,2025-09-30,2025-12-31,2
"Netsmart Technologies, Inc.",netsmart technologies,14,ORANGE,3,1,3,3,"Netsmart Technologies, Inc.","BXSL, FSK, GBDC","Blackstone Credit Advisors, FS/KKR Advisor, GC Advisors",Health Care Technology (continued),242.248,242.306,-0.0002,8/25/31,2.7,,False,,True,FSK,2025-09-30,2025-12-31,2
"Pritchard Industries, LLC",pritchard industries,14,ORANGE,4,1,2,2,"Pritchard Industries, LLC","ARCC, MSDL","Ares Capital Management, Morgan Stanley Investment Management",Real Estate Management & Development,64.83,251.812,-0.7425,10/2027,9.63,,False,,False,,2025-09-30,2025-12-31,2
Werner Finco LP,werner,14,ORANGE,4,1,2,2,Werner Finco LP,"ARCC, OCSL","Ares Capital Management, Oaktree Capital Management",Building Products,25.189,134.876,-0.8132,06/2031,8.52,,False,,False,,2025-09-30,2025-12-31,2
"Runway Bidco, LLC",runway,14,ORANGE,4,1,2,2,"Runway Bidco, LLC","ARCC, MSDL","Ares Capital Management, Morgan Stanley Investment Management",,21.591,63.912,-0.6622,12/2031,8.67,,False,,False,,2025-09-30,2025-12-31,2
Vermont Aus Pty Ltd,vermont aus,14,ORANGE,3,1,2,2,Vermont Aus Pty Ltd,"GBDC, OBDC","Blue Owl Credit Advisors, GC Advisors",,20.211,20.835,-0.0299,3/2028,,,True,OBDC,False,,2025-09-30,2025-12-31,2
"The Hiller Companies, LLC",hiller companies,14,ORANGE,4,1,2,2,"The Hiller Companies, LLC","ARCC, BXSL","Ares Capital Management, Blackstone Credit Advisors",Commercial Services & Supplies (continued),19.891,124.987,-0.8409,06/2030,8.71,,False,,False,,2025-09-30,2025-12-31,2
RetailNext,retailnext,14,ORANGE,4,1,2,2,RetailNext,"BCSF, TPVG","Bain Capital Credit, TriplePoint Advisers",High Tech Industries,17.67,141.048,-0.8747,12/5/2030,7.0,,False,,False,,2025-09-30,2025-12-31,2
Nerdy Inc.,nerdy,14,ORANGE,4,1,2,2,Nerdy Inc.,"HTGC, TPVG","Hercules Capital (internal), TriplePoint Advisers",Consumer & Business Services,14.482,76.793,-0.8114,,3.5,350.0,False,,False,,2025-09-30,2025-12-31,2
"PD Tri-State Holdco, LLC",pd tri,14,ORANGE,4,1,2,1,"PD Tri-State Holdco, LLC","PFLT, PNNT",PennantPark Investment Advisers,Diversified Consumer Services,5.93,14.722,-0.5972,10/14/30,8.92,,False,,False,,2025-12-31,2025-12-31,1
"ClubCorp Holdings, Inc.",clubcorp,14,ORANGE,4,1,2,2,"ClubCorp Holdings, Inc.","ARCC, SLRC","Ares Capital Management, SLR Capital Partners","Hotels, Restaurants & Leisure",4.55,45.15,-0.8992,07/2032,9.11,,False,,False,,2025-09-30,2025-12-31,2
"Fabletics, Inc.",fabletics,14,ORANGE,4,1,2,2,"Fabletics, Inc.","HTGC, TPVG","Hercules Capital (internal), TriplePoint Advisers",Consumer & Business Products,4.481,9.669,-0.5366,4/25/2029,,,False,,False,,2025-09-30,2025-12-31,2
"NEPRT Parent Holdings, LLC",neprt,14,ORANGE,4,1,2,1,"NEPRT Parent Holdings, LLC","PFLT, PNNT",PennantPark Investment Advisers,Leisure Products,1.982,3.994,-0.5038,1/27/2021,,,False,,False,,2025-09-30,2025-12-31,2
UniVista Insurance,univista insurance,14,ORANGE,4,1,2,1,UniVista Insurance,"PFLT, PNNT",PennantPark Investment Advisers,Insurance,0.226,0.8,-0.7175,6/14/2021,,,False,,False,,2025-09-30,2025-12-31,2
"MPI Engineered Technologies, LLC",mpi engineered,14,ORANGE,3,1,1,1,"MPI Engineered Technologies, LLC",GSBD,Goldman Sachs Asset Management,Automobile Components,28.666,39.858,-0.2808,07/15/25,12.0,,True,GSBD,False,,2025-09-30,2025-12-31,2
"CIBT Solutions, Inc.",cibt solutions,14,RED,5,1,1,1,"CIBT Solutions, Inc.",TCPC,Tennenbaum Capital Partners (BlackRock),Professional Services,0.057,7.5673,-0.9925,12/31/2027,6.75,,False,,True,TCPC,2025-12-31,2025-12-31,1
Infinite Commerce Holdings LLC (Razor),infinite commerce,14,RED,5,1,1,1,Infinite Commerce Holdings LLC (Razor),TCPC,Tennenbaum Capital Partners (BlackRock),Diversified Consumer Services,0.0005,67.4795,-1.0,12/20/2029,15.0,,False,,True,TCPC,2025-12-31,2025-12-31,1
"Denali Parent Holdings, L.P.",denali,13,YELLOW,2,8,4,4,"Denali Bidco Limited, Denali Bidco, Ltd., Denali Holdco, Ltd., Denali Intermediate Holdings, Inc., Denali Midco 2, LLC, Denali Midco 2, LLC*, Denali Parent Holdings, L.P., Denali TopCo, LLC","ARCC, BXSL, CGBD, GBDC","Ares Capital Management, Blackstone Credit Advisors, Carlyle Investment Management, GC Advisors",Software,1072.938,685.277,0.5657,08/2023,9.21,,False,,True,"ARCC, GBDC",2025-09-30,2025-12-31,2
"Integrity Marketing Acquisition, LLC",integrity marketing,13,YELLOW,2,3,9,8,"Integrity Marketing Acquisition, LLC, Integrity Marketing Acquisition, LLC*, Integrity Marketing Group, LLC","BXSL, CGBD, FSK, GBDC, MSDL, OBDC, OCSL, OTF, TCPC","Blackstone Credit Advisors, Blue Owl Credit Advisors, Carlyle Investment Management, FS/KKR Advisor, GC Advisors, Morgan Stanley Investment Management, Oaktree Capital Management, Tennenbaum Capital Partners (BlackRock)",Insurance,1044.6316,1037.0823,0.0073,8/25/28,7.24,,False,,True,CGBD,2025-09-30,2025-12-31,2
"LJ Avalon Holdings, LLC",lj avalon,13,YELLOW,2,3,4,3,"LJ Avalon Holdings, LLC, LJ Avalon Holdings, LLC (Ardurra), LJ Avalon, LP","MSDL, PFLT, PNNT, TCPC","Morgan Stanley Investment Management, PennantPark Investment Advisers, Tennenbaum Capital Partners (BlackRock)",Environmental Services,90.8329,101.5888,-0.1059,02/01/30,6.92,,False,,False,,2025-09-30,2025-12-31,2
"Safe Haven Defense US, LLC",safe haven,13,ORANGE,3,3,2,1,"Safe Haven Defense Holdco, LLC, Safe Haven Defense MidCo, LLC, Safe Haven Defense US, LLC","PFLT, PNNT",PennantPark Investment Advisers,Building Products,68.801,76.363,-0.099,5/23/2024,9.35,,False,,False,,2025-09-30,2025-12-31,2
"iCIMS, Inc.",icims,13,YELLOW,2,2,7,7,"ICIMS, Inc.*, iCIMS, Inc.","CGBD, GBDC, GSBD, MSDL, OCSL, SLRC, TCPC","Carlyle Investment Management, GC Advisors, Goldman Sachs Asset Management, Morgan Stanley Investment Management, Oaktree Capital Management, SLR Capital Partners, Tennenbaum Capital Partners (BlackRock)",Software,344.1111,350.7709,-0.019,08/18/28,7.84,,False,,False,,2025-09-30,2025-12-31,2
MRI Software LLC,mri software,13,YELLOW,2,2,6,6,"MRI Software LLC, MRI Software, LLC*","ARCC, BXSL, GBDC, GSBD, MSDL, OCSL","Ares Capital Management, Blackstone Credit Advisors, GC Advisors, Goldman Sachs Asset Management, Morgan Stanley Investment Management, Oaktree Capital Management",Real Estate Management & Development,419.053,429.913,-0.0253,02/10/27,5.84,,False,,False,,2025-09-30,2025-12-31,2
High Street Holdco LLC,high street,13,YELLOW,2,2,5,5,"High Street Buyer, Inc., High Street Holdco LLC","ARCC, BXSL, MFIC, MSDL, SLRC","Apollo Investment Management, L.P., Ares Capital Management, Blackstone Credit Advisors, Morgan Stanley Investment Management, SLR Capital Partners",Insurance,697.427,697.037,0.0006,04/16/27,9.13,,False,,True,ARCC,2025-09-30,2025-12-31,2
"Acquia, Inc.",acquia,13,YELLOW,2,2,5,5,"Acquia, Inc., Acquia, Inc.*","GBDC, GSBD, OCSL, OTF, TCPC","Blue Owl Credit Advisors, GC Advisors, Goldman Sachs Asset Management, Oaktree Capital Management, Tennenbaum Capital Partners (BlackRock)",IT Services,610.6495,616.3,-0.0092,10/31/25,8.21,,False,,False,,2025-09-30,2025-12-31,2
"IG Investments Holdings, LLC",ig investments,13,YELLOW,2,2,5,4,"IG Investments Holdings, LLC, IG Investments Holdings, LLC*","BXSL, CGBD, GBDC, PFLT, PNNT","Blackstone Credit Advisors, Carlyle Investment Management, GC Advisors, PennantPark Investment Advisers",Professional Services (continued),137.1843,140.418,-0.023,09/22/28,9.08,,False,,False,,2025-09-30,2025-12-31,2
"Higginbotham Insurance Agency, Inc.",higginbotham insurance,13,YELLOW,2,2,5,5,"Higginbotham Insurance Agency, Inc., Higginbotham Insurance Agency, Inc.*","BXSL, CGBD, FSK, GBDC, MSDL","Blackstone Credit Advisors, Carlyle Investment Management, FS/KKR Advisor, GC Advisors, Morgan Stanley Investment Management",Insurance,107.578,107.931,-0.0033,11/24/28,,,False,,False,,2025-09-30,2025-12-31,2
"GS Acquisitionco, Inc.",gs acquisitionco,13,YELLOW,2,2,4,4,"GS Acquisitionco, Inc., GS Acquisitionco, Inc.*","BXSL, CGBD, GBDC, MSDL","Blackstone Credit Advisors, Carlyle Investment Management, GC Advisors, Morgan Stanley Investment Management",Software (continued),328.817,270.19,0.217,04/2021,,,False,,False,,2025-09-30,2025-12-31,2
Excelitas Technologies Corp.,excelitas technologies,13,YELLOW,2,2,4,4,"Excelitas Technologies Corp., Excelitas Technologies Corp.*","CGBD, FSK, GBDC, MSDL","Carlyle Investment Management, FS/KKR Advisor, GC Advisors, Morgan Stanley Investment Management",Industrial Conglomerates,181.377,187.53,-0.0328,8/12/28,,,False,,False,,2025-09-30,2025-12-31,2
Pacific BidCo Inc.,pacific,13,ORANGE,3,2,4,2,"Pacific BidCo Inc., Pacific Purchaser, LLC","OBDC, OTF, PFLT, PNNT","Blue Owl Credit Advisors, PennantPark Investment Advisers",Professional Services,156.412,162.08,-0.035,10/02/28,10.13,,True,OBDC,False,,2025-09-30,2025-12-31,2
"Modernizing Medicine, Inc. and ModMed Software Midco Holdings, Inc.",modernizing medicine,13,ORANGE,4,2,4,4,"Modernizing Medicine, Inc., Modernizing Medicine, Inc. and ModMed Software Midco Holdings, Inc.","ARCC, BXSL, CGBD, GBDC","Ares Capital Management, Blackstone Credit Advisors, Carlyle Investment Management, GC Advisors",Health Care Technology (continued),128.529,247.661,-0.481,04/2025,9.68,,False,,True,ARCC,2025-09-30,2025-12-31,2
"Color Intermediate, LLC",color,13,ORANGE,3,2,3,3,"Color Intermediate, LLC, Color Intermediate, LLC*","ARCC, BXSL, GBDC","Ares Capital Management, Blackstone Credit Advisors, GC Advisors",Health Care Technology,57.029,76.253,-0.2521,10/1/2029,8.52,,False,,False,,2025-09-30,2025-12-31,2
Mai Capital Management Intermediate LLC,mai capital,13,ORANGE,3,2,3,3,"MAI Capital Management LLC, Mai Capital Management Intermediate LLC","ARCC, FSK, MSDL","Ares Capital Management, FS/KKR Advisor, Morgan Stanley Investment Management",Financial Services,51.636,67.397,-0.2339,8/29/31,5.89,,False,,True,FSK,2025-09-30,2025-12-31,2
"NORA Acquisition, LLC",nora,13,ORANGE,3,2,2,1,"NORA Acquisition, LLC, NORA Parent Holdings, LLC","PFLT, PNNT",PennantPark Investment Advisers,Healthcare Providers and Services,132.14,143.444,-0.0788,08/31/29,10.19,,False,,False,,2025-09-30,2025-12-31,2
"Seacoast Service Partners NA, LLC",seacoast service,13,ORANGE,3,2,2,1,"Seacoast Service Partners NA, LLC, Seacoast Service Partners, LLC","PFLT, PNNT",PennantPark Investment Advisers,Diversified Consumer Services,41.076,61.427,-0.3313,12/20/29,8.96,,False,,False,,2025-09-30,2025-12-31,2
"Podean Buyer, LLC",podean,13,ORANGE,3,2,2,1,"Podean Buyer, LLC, Podean Intermediate II, LLC","PFLT, PNNT",PennantPark Investment Advisers,Marketing Services,24.672,27.597,-0.106,8/4/2025,9.66,,False,,False,,2025-09-30,2025-12-31,2
"Middle Market Credit Fund II, LLC, Member's Interest",middle market,13,ORANGE,4,2,1,1,"Middle Market Credit Fund II, LLC, Member's Interest, Middle Market Credit Fund, LLC",CGBD,Carlyle Investment Management,Investment Funds,64.0005,118.596,-0.4603,5/21/2028,,,False,,False,,2025-09-30,2025-12-31,2
"Forum Brands, LLC",forum brands,13,ORANGE,4,2,1,1,"Forum Brands Holdings, Inc., Forum Brands, LLC",TPVG,TriplePoint Advisers,Business/Productivity Software,59.37,117.722,-0.4957,6/30/2025,,,False,,False,,2025-09-30,2025-12-31,2
"Ao1 Holdings, Inc.",ao1,13,ORANGE,4,2,1,1,"Ao1 Holdings (Player's Health), Ao1 Holdings, Inc.",TPVG,TriplePoint Advisers,Business/Productivity Software,4.318,146.256,-0.9705,,,,False,,False,,2025-09-30,2025-12-31,2
"The Black Tux, Inc.",black tux,13,ORANGE,4,2,1,1,"The Black Tux Holdings, Inc., The Black Tux, Inc.",TPVG,TriplePoint Advisers,Consumer Products and Services,0.917,142.939,-0.9936,,,,False,,False,,2025-09-30,2025-12-31,2
"Quorum Health Corp, Trade Claim",quorum health,13,ORANGE,4,2,1,1,"Quorum Health Corp, Trade Claim, Quorum Health Corp, Trust Initial Funding Units",FSK,FS/KKR Advisor,Health Care Equipment & Services,0.0009,143.4,-1.0,,,,False,,False,,2025-09-30,2025-12-31,2
"Banyan Software Holdings, LLC",banyan software,13,ORANGE,3,1,3,3,"Banyan Software Holdings, LLC","ARCC, BXSL, MSDL","Ares Capital Management, Blackstone Credit Advisors, Morgan Stanley Investment Management",Software,290.888,291.066,-0.0006,1/2/2031,10.89,,False,,True,ARCC,2025-09-30,2025-12-31,2
"Lash OpCo, LLC",lash opco,13,ORANGE,3,1,3,2,"Lash OpCo, LLC","MFIC, PFLT, PNNT","Apollo Investment Management, L.P., PennantPark Investment Advisers",LashCo,160.278,172.416,-0.0704,02/18/27,7.78,,False,,True,MFIC,2025-09-30,2025-12-31,2
"VRC Companies, LLC",vrc companies,13,ORANGE,3,1,3,3,"VRC Companies, LLC","ARCC, CGBD, MSDL","Ares Capital Management, Carlyle Investment Management, Morgan Stanley Investment Management",,149.195,150.155,-0.0064,06/2028,12.0,,False,,True,ARCC,2025-09-30,2025-12-31,2
"Bottomline Technologies, Inc.",bottomline technologies,13,ORANGE,3,1,3,3,"Bottomline Technologies, Inc.","ARCC, GBDC, MSDL","Ares Capital Management, GC Advisors, Morgan Stanley Investment Management",Software,52.558,69.357,-0.2422,05/2029,8.17,,False,,False,,2025-09-30,2025-12-31,2
Inovex Information Systems Incorporated,inovex information,13,ORANGE,3,1,3,2,Inovex Information Systems Incorporated,"PFLT, PNNT, SCM","PennantPark Investment Advisers, Stellus Capital Management",Software,48.544,60.179,-0.1933,12/17/30,9.09,,False,,False,,2025-09-30,2025-12-31,2
"Schlesinger Global, LLC",schlesinger global,13,ORANGE,3,1,3,2,"Schlesinger Global, LLC","MFIC, PFLT, PNNT","Apollo Investment Management, L.P., PennantPark Investment Advisers",Schlesinger Group,42.989,45.623,-0.0577,03/31/27,7.66,,False,,True,MFIC,2025-09-30,2025-12-31,2
"Ledge Lounger, Inc.",ledge lounger,13,ORANGE,3,1,3,2,"Ledge Lounger, Inc.","PFLT, PNNT, SCM","PennantPark Investment Advisers, Stellus Capital Management",Leisure Products,30.863,38.434,-0.197,11/9/2021,,,False,,False,,2025-09-30,2025-12-31,2
"Oxford Global Resources, Inc.",oxford global,13,ORANGE,3,1,2,2,"Oxford Global Resources, Inc.","BXSL, FSK","Blackstone Credit Advisors, FS/KKR Advisor",Professional Services (continued),155.054,263.342,-0.4112,8/17/27,,,False,,False,,2025-09-30,2025-12-31,2
"NBH Group, LLC",nbh group,13,ORANGE,3,1,2,1,"NBH Group, LLC","PFLT, PNNT",PennantPark Investment Advisers,Healthcare Equipment and Supplies,40.154,42.871,-0.0634,08/19/26,9.92,,True,PFLT,False,,2025-09-30,2025-12-31,2
"Efficient Collaborative Retail Marketing Company, LLC",efficient collaborative,13,ORANGE,3,1,2,2,"Efficient Collaborative Retail Marketing Company, LLC","BCSF, PFLT","Bain Capital Credit, PennantPark Investment Advisers",Media: Diversified & Production,38.745,46.952,-0.1748,12/31/2025,6.99,,False,,True,BCSF,2025-09-30,2025-12-31,2
RC IV GEDC Investor LLC,rc iv,13,ORANGE,3,1,1,1,RC IV GEDC Investor LLC,ARCC,Ares Capital Management,Health Care Equipment and Services,58.5,65.4,-0.1055,09/2026,10.82,,True,ARCC,True,ARCC,2025-09-30,2025-12-31,2
J.R. Hobbs Co.,jr hobbs,13,ORANGE,3,1,1,1,J.R. Hobbs Co.,GAIN,Gladstone Management Corporation,,50.323,69.938,-0.2805,,,,True,GAIN,False,,2025-09-30,2025-12-31,2
Alacrity Solutions Group LLC,alacrity solutions,13,ORANGE,3,1,1,1,Alacrity Solutions Group LLC,FSK,FS/KKR Advisor,Insurance,34.7,41.0,-0.1537,12/22/27,,,True,FSK,False,,2025-09-30,2025-12-31,2
Elite Dental Partners LLC,elite dental,13,ORANGE,3,1,1,1,Elite Dental Partners LLC,GBDC,GC Advisors,Healthcare Providers & Services,27.986,34.39,-0.1862,09/2020,,,True,GBDC,False,,2025-09-30,2025-12-31,2
"Bluestem Brands, Inc.",bluestem brands,13,ORANGE,3,1,1,1,"Bluestem Brands, Inc.",MAIN,Main Street Capital (internal),,21.812,30.751,-0.2907,10/19/2032,13.59,,True,MAIN,False,,2025-09-30,2025-12-31,2
Monzo Bank Limited,monzo bank,13,ORANGE,4,1,1,1,Monzo Bank Limited,TPVG,TriplePoint Advisers,Other Financial Services,18.656,317.167,-0.9412,3/8/2026,,,False,,False,,2025-09-30,2025-12-31,2
"Khoros, LLC (Lithium)",khoros lithium,13,ORANGE,4,1,1,1,"Khoros, LLC (Lithium)",TCPC,Tennenbaum Capital Partners (BlackRock),Media,14.0496,35.8091,-0.6077,1/3/2025,6.77,450.0,False,,True,TCPC,2025-12-31,2025-12-31,1
Colonnade Parent Inc,colonnade,13,ORANGE,3,1,1,1,Colonnade Parent Inc,MFIC,"Apollo Investment Management, L.P.",Naviga,13.223,15.709,-0.1583,09/30/26,4.77,,True,MFIC,False,,2025-12-31,2025-12-31,1
Switchfly LLC,switchfly,13,ORANGE,4,1,1,1,Switchfly LLC,GBDC,GC Advisors,Software,10.48,108.429,-0.9033,09/2018,,,False,,False,,2025-09-30,2025-12-31,2
"Fishbowl, Inc.",fishbowl,13,ORANGE,4,1,1,1,"Fishbowl, Inc.",TCPC,Tennenbaum Capital Partners (BlackRock),Internet Software and Services,10.4711,26.9645,-0.6117,5/27/2027,3.16,263.0,False,,True,TCPC,2025-12-31,2025-12-31,1
"Joerns Healthcare, LLC",joerns healthcare,13,ORANGE,3,1,1,1,"Joerns Healthcare, LLC",MAIN,Main Street Capital (internal),,10.188,12.113,-0.1589,8/21/2024,14.92,,True,MAIN,False,,2025-09-30,2025-12-31,2
"Benetech, Inc.",benetech,13,ORANGE,3,1,1,1,"Benetech, Inc.",GBDC,GC Advisors,Beverages,8.604,12.246,-0.2974,,,,True,GBDC,False,,2025-09-30,2025-12-31,2
"Output Services Group, Inc.",output services,13,ORANGE,4,1,1,1,"Output Services Group, Inc.",PFLT,PennantPark Investment Advisers,Business Services,6.152,132.366,-0.9535,11/30/2023,11.54,,False,,False,,2025-09-30,2025-12-31,2
"H-Food Holdings, LLC",h food,13,ORANGE,4,1,1,1,"H-Food Holdings, LLC",OBDC,Blue Owl Credit Advisors,Food and beverage,4.872,109.259,-0.9554,3/2026,,,False,,False,,2025-09-30,2025-12-31,2
"Pragmatic Institute, LLC",pragmatic institute,13,ORANGE,3,1,1,1,"Pragmatic Institute, LLC",PFLT,PennantPark Investment Advisers,Professional Services,4.035,5.362,-0.2475,03/28/2030,9.5,,True,PFLT,False,,2025-09-30,2025-12-31,2
"FlashParking, Inc.",flashparking,13,ORANGE,4,1,1,1,"FlashParking, Inc.",TPVG,TriplePoint Advisers,Business Applications Software,3.677,87.157,-0.9578,5/31/2027,,,False,,False,,2025-09-30,2025-12-31,2
"Rising Tide Holdings, Inc.",rising tide,13,ORANGE,4,1,1,1,"Rising Tide Holdings, Inc.",PSEC,Prospect Capital Management,Specialty Retail,2.9241,6.475,-0.5484,5/1/2027,17.88,,False,,True,PSEC,2025-09-30,2025-12-31,2
"Kentucky Racing Holdco, LLC",kentucky racing,13,ORANGE,4,1,1,1,"Kentucky Racing Holdco, LLC",PFLT,PennantPark Investment Advisers,"Hotels, Restaurants and Leisure",1.942,174.69,-0.9889,4/16/2019,,,False,,False,,2025-09-30,2025-12-31,2
"K Health, Inc.",k health,13,ORANGE,4,1,1,1,"K Health, Inc.",TPVG,TriplePoint Advisers,Healthcare Technology Systems,0.432,5.844,-0.9261,7/31/2026,,,False,,False,,2025-09-30,2025-12-31,2
"Arcadia Power, Inc.",arcadia power,13,ORANGE,4,1,1,1,"Arcadia Power, Inc.",TPVG,TriplePoint Advisers,Business Applications Software,0.399,52.916,-0.9925,11/30/2026,,,False,,False,,2025-09-30,2025-12-31,2
"Sorenson Holdings, LLC",sorenson,13,ORANGE,3,1,1,1,"Sorenson Holdings, LLC",MFIC,"Apollo Investment Management, L.P.",,0.348,0.421,-0.1734,04/01/30,8.44,,True,MFIC,False,,2025-12-31,2025-12-31,1
"StellPen Holdings, LLC (CF512, Inc.)",stellpen cf512,13,ORANGE,4,1,1,1,"StellPen Holdings, LLC (CF512, Inc.)",PFLT,PennantPark Investment Advisers,Media,0.324,323.076,-0.999,8/17/2021,,,False,,False,,2025-09-30,2025-12-31,2
"Branch Messenger, Inc.",branch messenger,13,ORANGE,4,1,1,1,"Branch Messenger, Inc.",TPVG,TriplePoint Advisers,Financial Software,0.322,83.756,-0.9962,9/30/2027,,,False,,False,,2025-09-30,2025-12-31,2
Lower Holding Company,lower,13,ORANGE,4,1,1,1,Lower Holding Company,TPVG,TriplePoint Advisers,Consumer Products and Services,0.301,400.478,-0.9992,12/31/2025,,,False,,False,,2025-09-30,2025-12-31,2
"AirStrip Technologies, Inc.",airstrip technologies,13,ORANGE,4,1,1,1,"AirStrip Technologies, Inc.",TPVG,TriplePoint Advisers,Medical Software and Information Services,0.112,8.036,-0.9861,,,,False,,False,,2025-09-30,2025-12-31,2
"Sandbox VR, Inc.",sandbox vr,13,ORANGE,4,1,1,1,"Sandbox VR, Inc.",TPVG,TriplePoint Advisers,Healthcare Technology Systems,0.073,11.721,-0.9938,10/1/2027,,,False,,False,,2025-12-31,2025-12-31,1
"Baby Generation, Inc.",baby generation,13,ORANGE,4,1,1,1,"Baby Generation, Inc.",TPVG,TriplePoint Advisers,Consumer Products and Services,0.05,42.646,-0.9988,1/31/2025,,,False,,False,,2025-09-30,2025-12-31,2
"Farmer's Business Network, Inc.",farmer s,13,ORANGE,4,1,1,1,"Farmer's Business Network, Inc.",TPVG,TriplePoint Advisers,Business Applications Software,0.049,5.055,-0.9903,9/27/2025,,,False,,False,,2025-09-30,2025-12-31,2
"Veranex, Inc.",veranex,13,ORANGE,4,1,1,1,"Veranex, Inc.",GBDC,GC Advisors,Healthcare Technology,0.03,0.667,-0.955,08/2025,,,False,,False,,2025-09-30,2025-12-31,2
"Don't Run Out, Inc.",don t,13,ORANGE,4,1,1,1,"Don't Run Out, Inc.",TPVG,TriplePoint Advisers,Consumer Non-Durables,0.026,44.527,-0.9994,6/30/2025,,,False,,False,,2025-09-30,2025-12-31,2
"Infinite Athlete, Inc.",infinite athlete,13,ORANGE,4,1,1,1,"Infinite Athlete, Inc.",TPVG,TriplePoint Advisers,Healthcare Technology Systems,0.009,14.007,-0.9994,2/28/2027,,,False,,False,,2025-09-30,2025-12-31,2
NewStore Inc.,newstore,13,ORANGE,4,1,1,1,NewStore Inc.,TPVG,TriplePoint Advisers,Business Applications Software,0.004,2.5,-0.9984,1/31/2027,,,False,,False,,2025-09-30,2025-12-31,2
"Purfoods, LLC",purfoods,13,ORANGE,4,1,1,1,"Purfoods, LLC",GBDC,GC Advisors,Food Products,0.0002,0.945,-0.9998,05/2016,,,False,,False,,2025-09-30,2025-12-31,2
Essential Services Holding Corporation and OMERS Mahomes Investment Holdings LLC,essential services,12,YELLOW,2,3,5,5,"Essential Services Holding Corp., Essential Services Holding Corporation and OMERS Mahomes Investment Holdings LLC, Essential Services Holdings Corporation","ARCC, BXSL, CGBD, GBDC, MSDL","Ares Capital Management, Blackstone Credit Advisors, Carlyle Investment Management, GC Advisors, Morgan Stanley Investment Management",Diversified Consumer Services,416.2361,268.275,0.5515,06/2030,9.22,,False,,True,ARCC,2025-09-30,2025-12-31,2
"Hyland Software, Inc.",hyland software,12,YELLOW,2,2,5,4,"Hyland Software, Inc., Hyland Software, Inc.*","ARCC, GBDC, MSDL, OBDC, OTF","Ares Capital Management, Blue Owl Credit Advisors, GC Advisors, Morgan Stanley Investment Management",Health Care Technology,571.102,570.827,0.0005,09/2030,8.67,,False,,False,,2025-09-30,2025-12-31,2
"PPV Intermediate Holdings, LLC",ppv,12,YELLOW,2,2,5,5,"PPV Intermediate Holdings, LLC, PPV Intermediate Holdings, LLC*","BXSL, CGBD, GBDC, MSDL, OBDC","Blackstone Credit Advisors, Blue Owl Credit Advisors, Carlyle Investment Management, GC Advisors, Morgan Stanley Investment Management",Health Care Providers & Services (continued),127.259,127.663,-0.0032,8/2029,,,False,,False,,2025-09-30,2025-12-31,2
Bamboo US BidCo LLC,bamboo us,12,YELLOW,2,2,5,4,"Bamboo US BidCo LLC, Bamboo US Bidco LLC*","ARCC, BXSL, GBDC, OBDC, OTF","Ares Capital Management, Blackstone Credit Advisors, Blue Owl Credit Advisors, GC Advisors",Healthcare Providers & Services,110.588,110.538,0.0005,10/2029,8.84,,False,,False,,2025-09-30,2025-12-31,2
"ACP Avenu Buyer, LLC",acp avenu,12,YELLOW,2,2,4,3,"ACP Avenu Buyer, LLC, ACP Avenu Midco LLC","ARCC, MFIC, PFLT, PNNT","Apollo Investment Management, L.P., Ares Capital Management, PennantPark Investment Advisers",Software and Services,203.392,194.831,0.0439,10/02/29,8.22,,False,,False,,2025-09-30,2025-12-31,2
"PMA Parent Holdings, LLC",pma,12,YELLOW,2,2,4,4,"PMA, PMA Parent Holdings, LLC","BCSF, MFIC, MSDL, TCPC","Apollo Investment Management, L.P., Bain Capital Credit, Morgan Stanley Investment Management, Tennenbaum Capital Partners (BlackRock)",FIRE: Finance,31.6821,31.4259,0.0082,01/31/31,2.58,,False,,False,,2025-09-30,2025-12-31,2
"System Planning and Analysis, Inc.",system planning,12,YELLOW,2,2,3,2,"System Planning and Analysis, Inc., Systems Planning and Analysis, Inc.","ARCC, PFLT, PNNT","Ares Capital Management, PennantPark Investment Advisers",Aerospace and Defense,179.341,209.669,-0.1446,08/16/27,8.67,,False,,False,,2025-09-30,2025-12-31,2
"Radwell Parent, LLC*",radwell,12,YELLOW,2,2,3,3,"Radwell Parent, LLC, Radwell Parent, LLC*","ARCC, CGBD, GBDC","Ares Capital Management, Carlyle Investment Management, GC Advisors",Wholesale,167.322,166.862,0.0028,03/2022,9.17,,False,,False,,2025-09-30,2025-12-31,2
"Bullhorn, Inc.*",bullhorn,12,YELLOW,2,2,3,3,"Bullhorn, Inc., Bullhorn, Inc.*","GBDC, GSBD, MSDL","GC Advisors, Goldman Sachs Asset Management, Morgan Stanley Investment Management",Software,151.721,151.324,0.0026,10/01/29,9.36,,False,,False,,2025-09-30,2025-12-31,2
"Heartland Home Services, Inc.",heartland,12,YELLOW,2,2,3,3,"Heartland, Heartland Home Services, Inc.","CGBD, GSBD, MSDL","Carlyle Investment Management, Goldman Sachs Asset Management, Morgan Stanley Investment Management",Diversified Consumer Services,117.209,120.767,-0.0295,12/15/26,10.1,,False,,False,,2025-09-30,2025-12-31,2
"Celerion Buyer, Inc.*",celerion,12,YELLOW,2,2,3,3,"Celerion Buyer, Inc., Celerion Buyer, Inc.*","CGBD, GBDC, MFIC","Apollo Investment Management, L.P., Carlyle Investment Management, GC Advisors",Life Sciences Tools & Services,101.204,102.813,-0.0156,11/03/28,0.75,,False,,False,,2025-09-30,2025-12-31,2
Go Car Wash Management Corp.,go car,12,ORANGE,3,2,3,3,"Go Car Wash Management Corp., Go Car Wash Parent, Corp.","BXSL, GBDC, MFIC","Apollo Investment Management, L.P., Blackstone Credit Advisors, GC Advisors",Diversified Consumer Services,54.4991,58.799,-0.0731,06/30/28,1.0,,False,,False,,2025-09-30,2025-12-31,2
"Crumbl Enterprises, LLC*",crumbl enterprises,12,YELLOW,2,2,3,3,"Crumbl Enterprises, LLC, Crumbl Enterprises, LLC*","BXSL, GBDC, MFIC","Apollo Investment Management, L.P., Blackstone Credit Advisors, GC Advisors",Consumer Staples Distribution & Retail,42.711,42.936,-0.0052,05/05/32,0.75,,False,,False,,2025-09-30,2025-12-31,2
"United Flow Technologies Intermediate Holdco II, LLC",united flow technologies,12,YELLOW,2,2,3,3,"United Flow Technologies, United Flow Technologies Intermediate Holdco II, LLC","CGBD, GSBD, MSDL","Carlyle Investment Management, Goldman Sachs Asset Management, Morgan Stanley Investment Management",Trading Companies & Distributors,31.029,31.067,-0.0012,06/21/30,8.77,,False,,False,,2025-09-30,2025-12-31,2
"Eagle Family Foods Group, LLC",eagle family,12,YELLOW,2,2,3,3,"Eagle Family Foods Group Holdings, LLC, Eagle Family Foods Group, LLC","GBDC, GSBD, OBDC","Blue Owl Credit Advisors, GC Advisors, Goldman Sachs Asset Management",Food Products,30.49,30.649,-0.0052,08/12/30,9.21,,False,,False,,2025-09-30,2025-12-31,2
"Abracon Group Holding, LLC.",abracon group,12,ORANGE,3,2,2,2,"Abracon Group Holding, LLC., Abracon Group Holdings, LLC","BCSF, MSDL","Bain Capital Credit, Morgan Stanley Investment Management",Wholesale,28.901,30.12,-0.0405,7/6/2028,2.05,,True,BCSF,True,BCSF,2025-09-30,2025-12-31,2
"Savage X, Inc.",savage x,12,ORANGE,3,2,2,2,"Savage X Holding, LLC, Savage X, Inc.","HTGC, TPVG","Hercules Capital (internal), TriplePoint Advisers",Consumer & Business Products,8.316,45.367,-0.8167,5/31/2027,,,False,,False,,2025-09-30,2025-12-31,2
Kawa Solar Holdings Limited,kawa solar,12,ORANGE,3,2,2,2,"Kawa Solar Holdings Limited, Kawa Solar Holdings Limited (Conergy) (Cayman Islands)","GSBD, TCPC","Goldman Sachs Asset Management, Tennenbaum Capital Partners (BlackRock)",Construction & Engineering,3.7143,4.474,-0.1698,06/30/25,8.0,,False,,True,GSBD,2025-09-30,2025-12-31,2
"Mode Purchaser, Inc.",mode,12,ORANGE,3,2,1,1,"Mode Holdings, LP, Mode Purchaser, Inc.",BXSL,Blackstone Credit Advisors,Air Freight & Logistics,269.991,289.688,-0.068,12/9/2019,,,False,,False,,2025-12-31,2025-12-31,1
"Jayhawk Buyer, LLC",jayhawk,12,ORANGE,3,2,1,1,"Jayhawk Buyer, LLC, Jayhawk Holdings, LP",BXSL,Blackstone Credit Advisors,Health Care Providers & Services,248.826,256.855,-0.0313,5/26/2021,,,False,,False,,2025-12-31,2025-12-31,1
SellerX Germany GmbH (Germany),sellerx germany,12,ORANGE,3,2,1,1,"SellerX Germany GMBH & Co. KG (Germany), SellerX Germany GmbH (Germany)",TCPC,Tennenbaum Capital Partners (BlackRock),Diversified Consumer Services,62.2765,86.6528,-0.2813,5/23/2026,4.45,486.1,False,,True,TCPC,2025-12-31,2025-12-31,1
"Razor Group Holdings II, Inc. (Germany)",razor group,12,ORANGE,3,2,1,1,"Razor Group GmbH (Germany), Razor Group Holdings II, Inc. (Germany)",TCPC,Tennenbaum Capital Partners (BlackRock),Diversified Consumer Services,25.2835,60.8409,-0.5844,9/15/2027,15.0,,False,,False,,2025-09-30,2025-12-31,2
"PL Acquisitionco, LLC",pl acquisitionco,12,ORANGE,3,2,1,1,"PL Acquisitionco, LLC, PL Acquisitionco, LLC -",PNNT,PennantPark Investment Advisers,Retail,0.871,1.618,-0.4617,11/09/2027,,,False,,False,,2025-09-30,2025-12-31,2
"Zendesk, Inc.",zendesk,12,YELLOW,2,1,7,6,"Zendesk, Inc.","BXSL, FSK, GBDC, MFIC, OBDC, OTF, TCPC","Apollo Investment Management, L.P., Blackstone Credit Advisors, Blue Owl Credit Advisors, FS/KKR Advisor, GC Advisors, Tennenbaum Capital Partners (BlackRock)",Software (continued),609.6905,605.4648,0.007,11/22/28,2.57,,False,,False,,2025-09-30,2025-12-31,2
"Anaplan, Inc.",anaplan,12,YELLOW,2,1,6,5,"Anaplan, Inc.","ARCC, BXSL, GBDC, MSDL, OBDC, OTF","Ares Capital Management, Blackstone Credit Advisors, Blue Owl Credit Advisors, GC Advisors, Morgan Stanley Investment Management",Software and Services,547.499,553.337,-0.0106,06/2022,8.32,,False,,False,,2025-09-30,2025-12-31,2
"PDI TA Holdings, Inc.",pdi ta,12,YELLOW,2,1,6,5,"PDI TA Holdings, Inc.","BXSL, CGBD, GBDC, MSDL, OBDC, OTF","Blackstone Credit Advisors, Blue Owl Credit Advisors, Carlyle Investment Management, GC Advisors, Morgan Stanley Investment Management",Software (continued),261.427,257.376,0.0157,02/2023,,,False,,False,,2025-09-30,2025-12-31,2
"Crewline Buyer, Inc.",crewline,12,YELLOW,2,1,6,6,"Crewline Buyer, Inc.","BXSL, GBDC, MFIC, OCSL, SLRC, TSLX","Apollo Investment Management, L.P., Blackstone Credit Advisors, GC Advisors, Oaktree Capital Management, SLR Capital Partners, Sixth Street Partners",Software (continued),253.073,248.951,0.0166,11/08/30,6.45,675.0,False,,False,,2025-09-30,2025-12-31,2
Optimizely North America Inc.,optimizely north,12,YELLOW,2,1,6,6,Optimizely North America Inc.,"ARCC, BXSL, CGBD, GBDC, MSDL, OCSL","Ares Capital Management, Blackstone Credit Advisors, Carlyle Investment Management, GC Advisors, Morgan Stanley Investment Management, Oaktree Capital Management",Software (continued),132.926,141.499,-0.0606,10/2018,5.94,,False,,False,,2025-09-30,2025-12-31,2
Smarsh Inc.,smarsh,12,YELLOW,2,1,5,4,Smarsh Inc.,"CGBD, GSBD, MSDL, OBDC, OTF","Blue Owl Credit Advisors, Carlyle Investment Management, Goldman Sachs Asset Management, Morgan Stanley Investment Management",Software,550.766,550.298,0.0009,02/16/29,9.18,,False,,False,,2025-09-30,2025-12-31,2
"Foundation Consumer Brands, LLC",foundation consumer,12,YELLOW,2,1,5,4,"Foundation Consumer Brands, LLC","ARCC, FSK, OBDC, OTF, SLRC","Ares Capital Management, Blue Owl Credit Advisors, FS/KKR Advisor, SLR Capital Partners",Household and Personal Products,301.851,301.135,0.0024,2/12/29,9.09,,False,,False,,2025-09-30,2025-12-31,2
Fullsteam Operations LLC,fullsteam operations,12,YELLOW,2,1,5,4,Fullsteam Operations LLC,"CGBD, GSBD, MSDL, OBDC, OTF","Blue Owl Credit Advisors, Carlyle Investment Management, Goldman Sachs Asset Management, Morgan Stanley Investment Management",High Tech Industries,150.659,152.663,-0.0131,11/27/29,11.61,,False,,False,,2025-09-30,2025-12-31,2
"Avalara, Inc.",avalara,12,YELLOW,2,1,5,5,"Avalara, Inc.","CGBD, MSDL, OCSL, OTF, TCPC","Blue Owl Credit Advisors, Carlyle Investment Management, Morgan Stanley Investment Management, Oaktree Capital Management, Tennenbaum Capital Partners (BlackRock)",Diversified Financial Services,47.3463,47.1149,0.0049,10/2028,4.98,,False,,False,,2025-09-30,2025-12-31,2
Peraton Corp,peraton,12,YELLOW,2,1,4,3,Peraton Corp,"FSK, OBDC, OCSL, OTF","Blue Owl Credit Advisors, FS/KKR Advisor, Oaktree Capital Management",Capital Goods,824.174,578.283,0.4252,2/1/29,3.75,,False,,False,,2025-09-30,2025-12-31,2
New Relic,new relic,12,YELLOW,2,1,4,3,New Relic,"GSBD, HTGC, OBDC, OTF","Blue Owl Credit Advisors, Goldman Sachs Asset Management, Hercules Capital (internal)",Software,610.699,609.842,0.0014,11/08/30,7.33,675.0,False,,False,,2025-09-30,2025-12-31,2
"Mindbody, Inc.",mindbody,12,YELLOW,2,1,4,3,"Mindbody, Inc.","GBDC, OBDC, OCSL, OTF","Blue Owl Credit Advisors, GC Advisors, Oaktree Capital Management",Internet software and services,568.9131,555.214,0.0247,9/2025,6.02,,False,,False,,2025-09-30,2025-12-31,2
"Foundation Risk Partners, Corp.",foundation risk,12,YELLOW,2,1,4,4,"Foundation Risk Partners, Corp.","ARCC, BXSL, FSK, MSDL","Ares Capital Management, Blackstone Credit Advisors, FS/KKR Advisor, Morgan Stanley Investment Management",Insurance,494.264,494.707,-0.0009,10/29/29,8.42,,False,,False,,2025-09-30,2025-12-31,2
"Wealth Enhancement Group, LLC",wealth enhancement,12,YELLOW,2,1,4,4,"Wealth Enhancement Group, LLC","ARCC, BCSF, FSK, GBDC","Ares Capital Management, Bain Capital Credit, FS/KKR Advisor, GC Advisors",FIRE: Finance,451.095,494.613,-0.088,10/4/28,8.19,,False,,False,,2025-09-30,2025-12-31,2
"CivicPlus, LLC",civicplus,12,YELLOW,2,1,4,3,"CivicPlus, LLC","GBDC, GSBD, OBDC, OTF","Blue Owl Credit Advisors, GC Advisors, Goldman Sachs Asset Management",IT Services,446.144,443.799,0.0053,08/24/27,12.47,,False,,False,,2025-09-30,2025-12-31,2
"Forescout Technologies, Inc.",forescout technologies,12,YELLOW,2,1,4,3,"Forescout Technologies, Inc.","ARCC, OBDC, OTF, TSLX","Ares Capital Management, Blue Owl Credit Advisors, Sixth Street Partners",Business Services,304.474,342.121,-0.11,5/2031,7.82,500.0,False,,False,,2025-09-30,2025-12-31,2
"Gainsight, Inc.",gainsight,12,YELLOW,2,1,4,3,"Gainsight, Inc.","GBDC, GSBD, OBDC, OTF","Blue Owl Credit Advisors, GC Advisors, Goldman Sachs Asset Management",Software,299.592,299.401,0.0006,07/30/27,10.35,,False,,False,,2025-09-30,2025-12-31,2
"Barracuda Parent, LLC",barracuda,12,YELLOW,2,1,4,3,"Barracuda Parent, LLC","OBDC, OCSL, OTF, PSEC","Blue Owl Credit Advisors, Oaktree Capital Management, Prospect Capital Management",Systems Software,177.888,205.828,-0.1357,8/2029,8.84,700.0,False,,False,,2025-09-30,2025-12-31,2
"Inventus Power, Inc.",inventus power,12,YELLOW,2,1,4,3,"Inventus Power, Inc.","GBDC, OCSL, PFLT, PNNT","GC Advisors, Oaktree Capital Management, PennantPark Investment Advisers",Electrical Equipment,119.026,125.429,-0.051,01/15/26,9.08,,False,,False,,2025-09-30,2025-12-31,2
"AuditBoard, Inc.",auditboard,12,YELLOW,2,1,4,4,"AuditBoard, Inc.","BXSL, CGBD, GSBD, MSDL","Blackstone Credit Advisors, Carlyle Investment Management, Goldman Sachs Asset Management, Morgan Stanley Investment Management",Software,103.151,103.29,-0.0013,07/14/31,8.52,,False,,False,,2025-09-30,2025-12-31,2
SitusAMC Holdings Corporation,situsamc,12,YELLOW,2,1,4,4,SitusAMC Holdings Corporation,"CGBD, FSK, MSDL, TCPC","Carlyle Investment Management, FS/KKR Advisor, Morgan Stanley Investment Management, Tennenbaum Capital Partners (BlackRock)",Diversified Financial Services,82.0971,81.8134,0.0035,12/22/27,5.51,,False,,False,,2025-09-30,2025-12-31,2
"Artifact Bidco, Inc.",artifact,12,YELLOW,2,1,4,4,"Artifact Bidco, Inc.","ARCC, CGBD, GBDC, MSDL","Ares Capital Management, Carlyle Investment Management, GC Advisors, Morgan Stanley Investment Management",Software and Services,66.501,74.381,-0.1059,07/2031,7.82,,False,,False,,2025-09-30,2025-12-31,2
"DRS Holdings III, Inc.",drs iii,12,YELLOW,2,1,4,3,"DRS Holdings III, Inc.","MFIC, PFLT, PNNT, SCM","Apollo Investment Management, L.P., PennantPark Investment Advisers, Stellus Capital Management",Dr. Scholl's,54.646,56.566,-0.0339,11/03/25,4.58,,False,,False,,2025-09-30,2025-12-31,2
"Businessolver.com, Inc.",businessolver com,12,YELLOW,2,1,4,4,"Businessolver.com, Inc.","ARCC, BXSL, CGBD, GSBD","Ares Capital Management, Blackstone Credit Advisors, Carlyle Investment Management, Goldman Sachs Asset Management",Software,51.643,51.776,-0.0026,12/01/27,8.88,,False,,False,,2025-09-30,2025-12-31,2
Monotype Imaging Holdings Inc.,monotype imaging,12,ORANGE,3,1,3,2,Monotype Imaging Holdings Inc.,"OBDC, OCSL, OTF","Blue Owl Credit Advisors, Oaktree Capital Management",Advertising and media,592.6016,783.387,-0.2435,2/28/2030,5.38,,False,,False,,2025-09-30,2025-12-31,2
"Auctane, Inc.",auctane,12,ORANGE,3,1,2,2,"Auctane, Inc.","ARCC, BXSL","Ares Capital Management, Blackstone Credit Advisors",Software,277.347,422.75,-0.3439,10/5/2028,9.58,,False,,False,,2025-09-30,2025-12-31,2
"RRA Corporate, LLC",rra corporate,12,ORANGE,3,1,2,1,"RRA Corporate, LLC","PFLT, PNNT",PennantPark Investment Advisers,Diversified Consumer Services,86.109,128.664,-0.3307,08/15/29,9.09,,False,,False,,2025-09-30,2025-12-31,2
"Puget Collision, LLC",puget collision,12,ORANGE,3,1,2,1,"Puget Collision, LLC","PFLT, PNNT",PennantPark Investment Advisers,Automobiles,57.191,113.559,-0.4964,10/02/31,8.42,,False,,False,,2025-12-31,2025-12-31,1
"DriveCentric Holdings, LLC",drivecentric,12,ORANGE,3,1,2,2,"DriveCentric Holdings, LLC","ARCC, MSDL","Ares Capital Management, Morgan Stanley Investment Management",Automobiles,49.919,73.903,-0.3245,08/2031,8.18,,False,,False,,2025-09-30,2025-12-31,2
"Aphix Buyer, Inc.",aphix,12,ORANGE,3,1,2,1,"Aphix Buyer, Inc.","PFLT, PNNT",PennantPark Investment Advisers,Business Services,33.7,64.461,-0.4772,07/16/2027,8.69,,False,,False,,2025-09-30,2025-12-31,2
"Capital Construction, LLC",capital construction,12,ORANGE,3,1,2,1,"Capital Construction, LLC","PFLT, PNNT",PennantPark Investment Advisers,Consumer Services,29.865,51.062,-0.4151,12/30/2025,9.89,,False,,False,,2025-09-30,2025-12-31,2
"First Medical MSO, LLC",first medical mso,12,ORANGE,3,1,2,1,"First Medical MSO, LLC","PFLT, PNNT",PennantPark Investment Advisers,Healthcare Providers and Services,24.164,41.348,-0.4156,06/13/2027,,,False,,False,,2025-09-30,2025-12-31,2
Engage Debtco Limited,engage debtco,12,ORANGE,3,1,2,1,Engage Debtco Limited,"OBDC, OTF",Blue Owl Credit Advisors,Healthcare providers and services,23.164,23.923,-0.0317,7/2029,,,True,OBDC,False,,2025-09-30,2025-12-31,2
"Town & Country Holdings, Inc.",town country,12,ORANGE,4,1,1,1,"Town & Country Holdings, Inc.",PSEC,Prospect Capital Management,Distributors,478.6402,1212.524,-0.6053,8/29/2028,8.0,,False,,True,PSEC,2025-09-30,2025-12-31,2
Tangoe LLC,tangoe,12,ORANGE,3,1,1,1,Tangoe LLC,FSK,FS/KKR Advisor,Software & Services,331.8,363.9,-0.0882,6/30/26,2.28,,True,FSK,True,FSK,2025-09-30,2025-12-31,2
Gibraltar Acquisition LLC,gibraltar,12,ORANGE,4,1,1,1,Gibraltar Acquisition LLC,HTGC,Hercules Capital (internal),Diversified Financial Services,135.053,324.922,-0.5844,,5.7,,False,,True,HTGC,2025-09-30,2025-12-31,2
Packaging,packaging,12,ORANGE,3,1,1,1,Packaging,NMFC,"New Mountain Finance Advisers BDC, L.L.C.",Nelipak Holding Company,119.982,120.387,-0.0034,05/2024,6.23,,True,NMFC,True,NMFC,2025-09-30,2025-09-30,1
"Feradyne Outdoors, LLC",feradyne outdoors,12,ORANGE,3,1,1,1,"Feradyne Outdoors, LLC",OBDC,Blue Owl Credit Advisors,Consumer products,119.725,154.239,-0.2238,5/2028,,,True,OBDC,False,,2025-09-30,2025-12-31,2
Energy,energy,12,ORANGE,3,1,1,1,Energy,NMFC,"New Mountain Finance Advisers BDC, L.L.C.",Permian Trust,105.0743,110.267,-0.0471,07/2017,6.98,,True,NMFC,True,NMFC,2025-09-30,2025-09-30,1
"American Nuts, LLC",american nuts,12,ORANGE,3,1,1,1,"American Nuts, LLC",MAIN,Main Street Capital (internal),,90.806,111.638,-0.1866,,14.83,,True,MAIN,False,,2025-09-30,2025-12-31,2
"Wine.com, LLC",wine com,12,ORANGE,3,1,1,1,"Wine.com, LLC",GSBD,Goldman Sachs Asset Management,Beverages,87.059,31.026,1.806,04/03/27,16.44,,True,GSBD,True,GSBD,2025-09-30,2025-12-31,2
"Teasdale Foods, Inc. (Teasdale Latin Foods)",teasdale foods,12,ORANGE,3,1,1,1,"Teasdale Foods, Inc. (Teasdale Latin Foods)",MSDL,Morgan Stanley Investment Management,Food Products,68.565,81.163,-0.1552,,,,True,MSDL,False,,2025-09-30,2025-12-31,2
Gracent LLC,gracent,12,ORANGE,3,1,1,1,Gracent LLC,FSK,FS/KKR Advisor,Health Care Equipment & Services,63.8,65.5,-0.026,2/28/27,12.0,,True,FSK,True,FSK,2025-09-30,2025-12-31,2
Worldwise Inc,worldwise,12,ORANGE,3,1,1,1,Worldwise Inc,FSK,FS/KKR Advisor,Household & Personal Products,41.9,43.4,-0.0346,3/29/30,,,True,FSK,True,FSK,2025-09-30,2025-12-31,2
"FMG Suite Holdings, LLC",fmg suite,12,ORANGE,4,1,1,1,"FMG Suite Holdings, LLC",MSDL,Morgan Stanley Investment Management,Interactive Media & Services,39.8,1039.624,-0.9617,,,,False,,False,,2025-09-30,2025-12-31,2
"New WPCC Parent, LLC",new wpcc,12,ORANGE,4,1,1,1,"New WPCC Parent, LLC",PSEC,Prospect Capital Management,Health Care Providers & Services,38.0734,89.267,-0.5735,5/9/2030,13.5,950.0,False,,True,PSEC,2025-09-30,2025-12-31,2
"Verdantas, LLC",verdantas,12,ORANGE,4,1,1,1,"Verdantas, LLC",MSDL,Morgan Stanley Investment Management,Professional Services,37.111,515.003,-0.9279,,10.0,,False,,False,,2025-09-30,2025-12-31,2
"Illumio, Inc.",illumio,12,ORANGE,4,1,1,1,"Illumio, Inc.",OTF,Blue Owl Credit Advisors,Systems Software,34.963,358.365,-0.9024,,,,False,,False,,2025-09-30,2025-12-31,2
The Avery,avery,12,ORANGE,3,1,1,1,The Avery,OCSL,Oaktree Capital Management,Real Estate Operating Companies,34.535,41.293,-0.1637,2/16/2028,,,True,OCSL,False,,2025-09-30,2025-12-31,2
"Amplity Parent, Inc.",amplity,12,ORANGE,3,1,1,1,"Amplity Parent, Inc.",MFIC,"Apollo Investment Management, L.P.",Amplity,28.497,29.37,-0.0297,01/31/27,12.06,,True,MFIC,True,MFIC,2025-12-31,2025-12-31,1
Quick Commerce Ltd,quick commerce,12,ORANGE,4,1,1,1,Quick Commerce Ltd,TPVG,TriplePoint Advisers,Business Products and Services,26.868,846.761,-0.9683,12/31/2028,,,False,,False,,2025-09-30,2025-12-31,2
Strategic Chemical Solutions Corp.,strategic chemical,12,ORANGE,3,1,1,1,Strategic Chemical Solutions Corp.,PSEC,Prospect Capital Management,Commercial Services & Supplies,21.416,23.102,-0.073,8/15/2026,12.98,900.0,True,PSEC,True,PSEC,2025-12-31,2025-12-31,1
Luminary Roli Limited,luminary roli,12,ORANGE,4,1,1,1,Luminary Roli Limited,TPVG,TriplePoint Advisers,Entertainment,19.284,493.843,-0.961,,,,False,,False,,2025-09-30,2025-12-31,2
"Pink Lilly Holdco, LLC",pink lilly,12,ORANGE,3,1,1,1,"Pink Lilly Holdco, LLC",PFLT,PennantPark Investment Advisers,"Textiles, Apparel and Luxury Goods",17.955,22.019,-0.1846,11/09/2027,,,True,PFLT,False,,2025-12-31,2025-12-31,1
"Sonatus, Inc.",sonatus,12,ORANGE,4,1,1,1,"Sonatus, Inc.",TPVG,TriplePoint Advisers,Business/Productivity Software,14.934,238.869,-0.9375,,,,False,,False,,2025-12-31,2025-12-31,1
HDC/HW Intermediate Holdings,hdc hw,12,ORANGE,3,1,1,1,HDC/HW Intermediate Holdings,MAIN,Main Street Capital (internal),,10.614,12.966,-0.1814,,8.07,,True,MAIN,False,,2025-09-30,2025-12-31,2
Diligent Delivery Systems,diligent delivery,12,ORANGE,3,1,1,1,Diligent Delivery Systems,GAIN,Gladstone Management Corporation,,9.933,13.0,-0.2359,,,,True,GAIN,False,,2025-09-30,2025-12-31,2
Carta,carta,12,ORANGE,4,1,1,1,Carta,OTF,Blue Owl Credit Advisors,Application Software,8.772,188.912,-0.9536,,,,False,,False,,2025-09-30,2025-12-31,2
"Elah Holdings, Inc.",elah,12,ORANGE,4,1,1,1,"Elah Holdings, Inc.",GSBD,Goldman Sachs Asset Management,Capital Markets,5.238,111.65,-0.9531,,,,False,,False,,2025-09-30,2025-12-31,2
Earnin,earnin,12,ORANGE,4,1,1,1,Earnin,TPVG,TriplePoint Advisers,Consumer Finance,3.57,143.903,-0.9752,,,,False,,False,,2025-09-30,2025-12-31,2
Merama Inc.,merama,12,ORANGE,4,1,1,1,Merama Inc.,TPVG,TriplePoint Advisers,E-Commerce - Personal Goods,2.911,43.995,-0.9338,,,,False,,False,,2025-09-30,2025-12-31,2
Omio Corp.,omio,12,ORANGE,4,1,1,1,Omio Corp.,TPVG,TriplePoint Advisers,Travel & Leisure,2.551,57.723,-0.9558,,,,False,,False,,2025-09-30,2025-12-31,2
OmioCorp.,omiocorp,12,ORANGE,4,1,1,1,OmioCorp.,TPVG,TriplePoint Advisers,Travel & Leisure,2.551,57.723,-0.9558,,,,False,,False,,2025-09-30,2025-12-31,2
"Overtime Sports, Inc.",overtime sports,12,ORANGE,4,1,1,1,"Overtime Sports, Inc.",TPVG,TriplePoint Advisers,General Media and Content,2.121,127.726,-0.9834,,,,False,,False,,2025-09-30,2025-12-31,2
"Metropolis Technologies, Inc.",metropolis technologies,12,ORANGE,4,1,1,1,"Metropolis Technologies, Inc.",TPVG,TriplePoint Advisers,Business/Productivity Software,2.078,87.385,-0.9762,,,,False,,False,,2025-09-30,2025-12-31,2
Lynx BidCo,lynx,12,ORANGE,4,1,1,1,Lynx BidCo,TSLX,Sixth Street Partners,Business Services,1.4627,28.319,-0.9483,,6.5,650.0,False,,False,,2025-09-30,2025-09-30,1
"Envoy, Inc.",envoy,12,ORANGE,4,1,1,1,"Envoy, Inc.",TPVG,TriplePoint Advisers,Business Applications Software,1.441,424.32,-0.9966,,,,False,,False,,2025-09-30,2025-12-31,2
Reveal Data Solutions,reveal data,12,ORANGE,4,1,1,1,Reveal Data Solutions,MSDL,Morgan Stanley Investment Management,Software,1.404,478.467,-0.9971,,,,False,,False,,2025-09-30,2025-12-31,2
Capsule Corporation,capsule,12,ORANGE,4,1,1,1,Capsule Corporation,TPVG,TriplePoint Advisers,Food & Drug,1.242,129.118,-0.9904,,,,False,,False,,2025-09-30,2025-12-31,2
"Cohesity, Inc.",cohesity,12,ORANGE,4,1,1,1,"Cohesity, Inc.",TPVG,TriplePoint Advisers,Network Systems Management Software,1.21,18.945,-0.9361,,,,False,,False,,2025-09-30,2025-12-31,2
Hover Inc.,hover,12,ORANGE,4,1,1,1,Hover Inc.,TPVG,TriplePoint Advisers,Multimedia and Design Software,1.195,260.06,-0.9954,3/31/2029,,,False,,False,,2025-09-30,2025-12-31,2
"Cohesity Global, Inc.",cohesity global,12,ORANGE,4,1,1,1,"Cohesity Global, Inc.",TPVG,TriplePoint Advisers,Network Management Software,1.166,69.364,-0.9832,,,,False,,False,,2025-09-30,2025-12-31,2
Alpha Partners Technology Merger Corp,alpha partners,12,ORANGE,4,1,1,1,Alpha Partners Technology Merger Corp,OTF,Blue Owl Credit Advisors,Application Software,1.161,31.36,-0.963,,,,False,,False,,2025-09-30,2025-12-31,2
Eridu Corporation,eridu,12,ORANGE,4,1,1,1,Eridu Corporation,TPVG,TriplePoint Advisers,Computer Hardware,0.99,21.449,-0.9538,,,,False,,False,,2025-09-30,2025-12-31,2
"Talkspace, LLC",talkspace,12,ORANGE,4,1,1,1,"Talkspace, LLC",TPVG,TriplePoint Advisers,Healthcare Technology Systems,0.986,146.752,-0.9933,,,,False,,False,,2025-09-30,2025-12-31,2
"Frisbee Holdings, LP (Fetch)",frisbee fetch,12,ORANGE,4,1,1,1,"Frisbee Holdings, LP (Fetch)",MSDL,Morgan Stanley Investment Management,Insurance Services,0.627,22.021,-0.9715,,,,False,,False,,2025-09-30,2025-12-31,2
"Radar Labs, Inc.",radar labs,12,ORANGE,4,1,1,1,"Radar Labs, Inc.",TPVG,TriplePoint Advisers,Business Applications Software,0.622,104.336,-0.994,,,,False,,False,,2025-09-30,2025-12-31,2
"Observe, Inc.",observe,12,ORANGE,4,1,1,1,"Observe, Inc.",TPVG,TriplePoint Advisers,Business/Productivity Software,0.596,83.431,-0.9929,,,,False,,False,,2025-12-31,2025-12-31,1
"Misfits Market, Inc.",misfits market,12,ORANGE,4,1,1,1,"Misfits Market, Inc.",TPVG,TriplePoint Advisers,Consumer Non-Durables,0.537,8.811,-0.9391,,,,False,,False,,2025-09-30,2025-12-31,2
"Cresta Intelligence, Inc.",cresta intelligence,12,ORANGE,4,1,1,1,"Cresta Intelligence, Inc.",TPVG,TriplePoint Advisers,Business Applications Software,0.523,110.882,-0.9953,,,,False,,False,,2025-09-30,2025-12-31,2
Bestow Inc.,bestow,12,ORANGE,4,1,1,1,Bestow Inc.,TPVG,TriplePoint Advisers,Insurance,0.515,81.909,-0.9937,5/1/2029,,,False,,False,,2025-09-30,2025-12-31,2
"Leaf Home, LLC",leaf home,12,ORANGE,4,1,1,1,"Leaf Home, LLC",MSDL,Morgan Stanley Investment Management,Diversified Consumer Services,0.505,500.0,-0.999,,,,False,,False,,2025-12-31,2025-12-31,1
McN Investments Ltd.,mcn investments,12,ORANGE,4,1,1,1,McN Investments Ltd.,TPVG,TriplePoint Advisers,Real Estate Services,0.504,48.731,-0.9897,,,,False,,False,,2025-09-30,2025-12-31,2
"Corelight, Inc.",corelight,12,ORANGE,4,1,1,1,"Corelight, Inc.",TPVG,TriplePoint Advisers,Network Management Software,0.493,45.977,-0.9893,,,,False,,False,,2025-09-30,2025-12-31,2
"AGY Equity, LLC",agy equity,12,ORANGE,4,1,1,1,"AGY Equity, LLC",TCPC,Tennenbaum Capital Partners (BlackRock),Chemicals,0.4853,5.9824,-0.9189,,,,False,,False,,2025-12-31,2025-12-31,1
"Curology, Inc.",curology,12,ORANGE,4,1,1,1,"Curology, Inc.",TPVG,TriplePoint Advisers,Healthcare Technology Systems,0.478,209.513,-0.9977,,,,False,,False,,2025-09-30,2025-12-31,2
"Quality Lease Service, LLC",quality lease,12,ORANGE,4,1,1,1,"Quality Lease Service, LLC",MAIN,Main Street Capital (internal),,0.46,7.546,-0.939,,,,False,,False,,2025-09-30,2025-12-31,2
"Thoughtspot, Inc.",thoughtspot,12,ORANGE,4,1,1,1,"Thoughtspot, Inc.",TPVG,TriplePoint Advisers,Business/Productivity Software,0.404,63.931,-0.9937,,,,False,,False,,2025-09-30,2025-12-31,2
"Transfix, Inc.",transfix,12,ORANGE,4,1,1,1,"Transfix, Inc.",TPVG,TriplePoint Advisers,Commercial Services,0.402,133.502,-0.997,,,,False,,False,,2025-09-30,2025-12-31,2
Astra Acquisition Corp. (Anthology),astra anthology,12,ORANGE,4,1,1,1,Astra Acquisition Corp. (Anthology),TCPC,Tennenbaum Capital Partners (BlackRock),Internet Software and Services,0.3903,20.3447,-0.9808,10/25/2029,9.14,,False,,False,,2025-12-31,2025-12-31,1
Uniphore Technologies Inc.,uniphore technologies,12,ORANGE,4,1,1,1,Uniphore Technologies Inc.,TPVG,TriplePoint Advisers,Business Applications Software,0.387,28.233,-0.9863,,,,False,,False,,2025-09-30,2025-12-31,2
"Verana Health, Inc.",verana health,12,ORANGE,4,1,1,1,"Verana Health, Inc.",HTGC,Hercules Capital (internal),Equity Investments,0.37,4.0,-0.9075,,,,False,,False,,2025-09-30,2025-12-31,2
"Docker, Inc.",docker,12,ORANGE,4,1,1,1,"Docker, Inc.",HTGC,Hercules Capital (internal),,0.323,8.568,-0.9623,,,,False,,False,,2025-09-30,2025-12-31,2
ClassPass Inc.,classpass,12,ORANGE,4,1,1,1,ClassPass Inc.,TPVG,TriplePoint Advisers,Social/Platform Software,0.281,84.507,-0.9967,,,,False,,False,,2025-09-30,2025-12-31,2
Sonder Holdings Inc.,sonder,12,ORANGE,4,1,1,1,Sonder Holdings Inc.,TPVG,TriplePoint Advisers,Real Estate Services,0.274,11.073,-0.9753,,,,False,,False,,2025-09-30,2025-12-31,2
"Parry Labs, LLC",parry labs,12,ORANGE,4,1,1,1,"Parry Labs, LLC",TPVG,TriplePoint Advisers,Aerospace and Defense,0.226,19.174,-0.9882,12/1/2028,,,False,,False,,2025-09-30,2025-12-31,2
"Incode Technologies, Inc.",incode technologies,12,ORANGE,4,1,1,1,"Incode Technologies, Inc.",TPVG,TriplePoint Advisers,Business/Productivity Software,0.203,198.805,-0.999,,,,False,,False,,2025-09-30,2025-12-31,2
"Ocrolus, Inc.",ocrolus,12,ORANGE,4,1,1,1,"Ocrolus, Inc.",TPVG,TriplePoint Advisers,Financial Software,0.177,27.399,-0.9935,2/1/2028,,,False,,False,,2025-09-30,2025-12-31,2
Foodology Inc.,foodology,12,ORANGE,4,1,1,1,Foodology Inc.,TPVG,TriplePoint Advisers,Consumer Products and Services,0.172,26.619,-0.9935,,,,False,,False,,2025-09-30,2025-12-31,2
"Athletic Greens International, Inc.",athletic greens,12,ORANGE,4,1,1,1,"Athletic Greens International, Inc.",TPVG,TriplePoint Advisers,Consumer Non-Durables,0.168,2.262,-0.9257,,,,False,,False,,2025-09-30,2025-12-31,2
"23andMe, Inc.",23andme,12,ORANGE,4,1,1,1,"23andMe, Inc.",HTGC,Hercules Capital (internal),Electronics & Computer Hardware,0.134,5.094,-0.9737,,,,False,,False,,2025-09-30,2025-12-31,2
"DialPad, Inc.",dialpad,12,ORANGE,4,1,1,1,"DialPad, Inc.",TPVG,TriplePoint Advisers,Business Applications Software,0.13,15.456,-0.9916,,,,False,,False,,2025-09-30,2025-12-31,2
"Lively, Inc.",lively,12,ORANGE,4,1,1,1,"Lively, Inc.",TPVG,TriplePoint Advisers,Healthcare Technology Systems,0.124,12.756,-0.9903,12/1/2029,,,False,,False,,2025-12-31,2025-12-31,1
"HomeLight, Inc.",homelight,12,ORANGE,4,1,1,1,"HomeLight, Inc.",TPVG,TriplePoint Advisers,Real Estate Services,0.12,109.33,-0.9989,,,,False,,False,,2025-09-30,2025-12-31,2
"Impossible Foods, Inc.",impossible foods,12,ORANGE,4,1,1,1,"Impossible Foods, Inc.",HTGC,Hercules Capital (internal),Sustainable and Renewable Technology,0.106,2.0,-0.947,,,,False,,False,,2025-09-30,2025-12-31,2
"KKR Chord IP Aggregator LP, Partnership Interest",kkr chord,12,ORANGE,4,1,1,1,"KKR Chord IP Aggregator LP, Partnership Interest",FSK,FS/KKR Advisor,Media & Entertainment,0.1001,35.994,-0.9972,,,,False,,False,,2025-09-30,2025-12-31,2
Redesign Health Inc.,redesign health,12,ORANGE,4,1,1,1,Redesign Health Inc.,TPVG,TriplePoint Advisers,Other Financial Services,0.1,5.919,-0.9831,,,,False,,False,,2025-09-30,2025-12-31,2
"Fortress Biotech, Inc.",fortress biotech,12,ORANGE,4,1,1,1,"Fortress Biotech, Inc.",OCSL,Oaktree Capital Management,Biotechnology,0.085,0.854,-0.9005,,,,False,,False,,2025-09-30,2025-12-31,2
"Rudderstack, Inc.",rudderstack,12,ORANGE,4,1,1,1,"Rudderstack, Inc.",TPVG,TriplePoint Advisers,Business/Productivity Software,0.068,20.215,-0.9966,,,,False,,False,,2025-09-30,2025-12-31,2
"Synack, Inc.",synack,12,ORANGE,4,1,1,1,"Synack, Inc.",TPVG,TriplePoint Advisers,Network Management Software,0.068,8.842,-0.9923,12/1/2028,,,False,,False,,2025-12-31,2025-12-31,1
"All Inspire Health, Inc.",all inspire,12,ORANGE,4,1,1,1,"All Inspire Health, Inc.",TPVG,TriplePoint Advisers,Healthcare Technology Systems,0.05,16.428,-0.997,,,,False,,False,,2025-09-30,2025-12-31,2
"Bitonic Technology Labs, Inc.",bitonic technology,12,ORANGE,4,1,1,1,"Bitonic Technology Labs, Inc.",TPVG,TriplePoint Advisers,Business/Productivity Software,0.049,42.415,-0.9988,,,,False,,False,,2025-09-30,2025-12-31,2
"Inspirato, Inc.",inspirato,12,ORANGE,4,1,1,1,"Inspirato, Inc.",TPVG,TriplePoint Advisers,Travel & Leisure,0.045,12.162,-0.9963,,,,False,,False,,2025-09-30,2025-12-31,2
Investment Funds Total,investment funds,12,ORANGE,4,1,1,1,Investment Funds Total,CGBD,Carlyle Investment Management,Investment Funds,0.0412,410.247,-0.9999,,,,False,,False,,2025-09-30,2025-12-31,2
"Roofstock, Inc.",roofstock,12,ORANGE,4,1,1,1,"Roofstock, Inc.",TPVG,TriplePoint Advisers,Real Estate Services,0.038,113.678,-0.9997,,,,False,,False,,2025-09-30,2025-12-31,2
"Belong Home, Inc.",belong home,12,ORANGE,4,1,1,1,"Belong Home, Inc.",TPVG,TriplePoint Advisers,Real Estate Services,0.035,13.763,-0.9975,,,,False,,False,,2025-09-30,2025-12-31,2
"VideoAmp, Inc.",videoamp,12,ORANGE,4,1,1,1,"VideoAmp, Inc.",HTGC,Hercules Capital (internal),,0.034,2.55,-0.9867,,,,False,,False,,2025-09-30,2025-12-31,2
Tempo Interactive Inc.,tempo interactive,12,ORANGE,4,1,1,1,Tempo Interactive Inc.,TPVG,TriplePoint Advisers,Consumer Products and Services,0.025,14.709,-0.9983,,,,False,,False,,2025-09-30,2025-12-31,2
"Pair Eyewear, Inc.",pair eyewear,12,ORANGE,4,1,1,1,"Pair Eyewear, Inc.",TPVG,TriplePoint Advisers,Consumer Products and Services,0.024,4.168,-0.9942,,,,False,,False,,2025-09-30,2025-12-31,2
"Printful, Inc. Holdco.",printful,12,ORANGE,4,1,1,1,"Printful, Inc. Holdco.",TPVG,TriplePoint Advisers,Commercial Services,0.024,11.12,-0.9978,,,,False,,False,,2025-09-30,2025-12-31,2
Bidgely Inc.,bidgely,12,ORANGE,4,1,1,1,Bidgely Inc.,TPVG,TriplePoint Advisers,Business/Productivity Software,0.023,17.273,-0.9987,,,,False,,False,,2025-09-30,2025-12-31,2
"Encharge AI, Inc.",encharge ai,12,ORANGE,4,1,1,1,"Encharge AI, Inc.",TPVG,TriplePoint Advisers,Semiconductors,0.018,2.346,-0.9923,,,,False,,False,,2025-12-31,2025-12-31,1
"Rocket Pharmaceuticals, Ltd.",rocket pharmaceuticals,12,ORANGE,4,1,1,1,"Rocket Pharmaceuticals, Ltd.",HTGC,Hercules Capital (internal),Drug Discovery & Development,0.015,3.0,-0.995,,,,False,,False,,2025-09-30,2025-12-31,2
"Talphera, Inc.",talphera,12,ORANGE,4,1,1,1,"Talphera, Inc.",HTGC,Hercules Capital (internal),Drug Delivery,0.015,2.658,-0.9944,,,,False,,False,,2025-09-30,2025-12-31,2
"Open Space Labs, Inc.",open space,12,ORANGE,4,1,1,1,"Open Space Labs, Inc.",TPVG,TriplePoint Advisers,Multimedia and Design Software,0.011,2.954,-0.9963,,,,False,,False,,2025-09-30,2025-12-31,2
Capella Space Corp.,capella space,12,ORANGE,4,1,1,1,Capella Space Corp.,HTGC,Hercules Capital (internal),Space Technologies,0.01,0.207,-0.9517,,,,False,,False,,2025-12-31,2025-12-31,1
Scilex Holding Co,scilex,12,ORANGE,4,1,1,1,Scilex Holding Co,OCSL,Oaktree Capital Management,Pharmaceuticals,0.008,0.156,-0.9487,,,,False,,False,,2025-09-30,2025-12-31,2
"Outset Medical, Inc.",outset medical,12,ORANGE,4,1,1,1,"Outset Medical, Inc.",HTGC,Hercules Capital (internal),Medical Devices & Equipment,0.007,0.401,-0.9825,,,,False,,False,,2025-09-30,2025-12-31,2
PDS Biotechnology Corporation,pds biotechnology,12,ORANGE,4,1,1,1,PDS Biotechnology Corporation,HTGC,Hercules Capital (internal),Drug Delivery,0.006,0.618,-0.9903,,,,False,,False,,2025-09-30,2025-12-31,2
"Dare Biosciences, Inc.",dare biosciences,12,ORANGE,4,1,1,1,"Dare Biosciences, Inc.",HTGC,Hercules Capital (internal),Drug Discovery & Development,0.004,1.0,-0.996,,,,False,,False,,2025-09-30,2025-12-31,2
"Aytu BioScience, Inc.",aytu bioscience,12,ORANGE,4,1,1,1,"Aytu BioScience, Inc.",HTGC,Hercules Capital (internal),Drug Delivery,0.003,3.0,-0.999,,,,False,,False,,2025-09-30,2025-12-31,2
"Polyconcept North America Inc, Class A",polyconcept north,12,ORANGE,4,1,1,1,"Polyconcept North America Inc, Class A",FSK,FS/KKR Advisor,Household & Personal Products,0.003,30.0,-0.9999,,,,False,,False,,2025-09-30,2025-12-31,2
"Daré Bioscience, Inc.",dar bioscience,12,ORANGE,4,1,1,1,"Daré Bioscience, Inc.",HTGC,Hercules Capital (internal),Drug Discovery & Development,0.002,1.0,-0.998,,,,False,,False,,2025-09-30,2025-12-31,2
"OEI, Inc.",oei,12,ORANGE,4,1,1,1,"OEI, Inc.",CGBD,Carlyle Investment Management,Construction & Building,0.002,23.144,-0.9999,12/29/2032,,,False,,False,,2025-12-31,2025-12-31,1
"Pair Team, PBC",pair team,12,ORANGE,4,1,1,1,"Pair Team, PBC",TPVG,TriplePoint Advisers,Healthcare Services,0.002,1.994,-0.999,6/1/2028,,,False,,False,,2025-09-30,2025-12-31,2
"Scynexis, Inc.",scynexis,12,ORANGE,4,1,1,1,"Scynexis, Inc.",HTGC,Hercules Capital (internal),Drug Discovery & Development,0.002,0.592,-0.9966,,,,False,,False,,2025-09-30,2025-12-31,2
"Avalo Therapeutics, Inc.",avalo therapeutics,12,ORANGE,4,1,1,1,"Avalo Therapeutics, Inc.",HTGC,Hercules Capital (internal),Drug Discovery & Development,0.001,2.0,-0.9995,,,,False,,False,,2025-09-30,2025-12-31,2
Vingil Holdings 2 S.a r.l (Germany),vingil germany,12,ORANGE,4,1,1,1,Vingil Holdings 2 S.a r.l (Germany),TCPC,Tennenbaum Capital Partners (BlackRock),Diversified Consumer Services,0.0005,48.5765,-1.0,,,,False,,False,,2025-12-31,2025-12-31,1
Price Fx Inc.,price fx,12,ORANGE,4,1,1,1,Price Fx Inc.,TSLX,Sixth Street Partners,Business Services,0.0001,0.925,-0.9999,,6.25,625.0,False,,False,,2025-09-30,2025-09-30,1
"Frontline Road Safety, LLC",frontline road,11,YELLOW,2,2,4,4,"Frontline Road Safety Operations, LLC, Frontline Road Safety, LLC","ARCC, BXSL, FSK, GSBD","Ares Capital Management, Blackstone Credit Advisors, FS/KKR Advisor, Goldman Sachs Asset Management",Commercial Services & Supplies,193.152,193.447,-0.0015,03/04/32,8.7,,False,,True,ARCC,2025-09-30,2025-12-31,2
"Ministry Brands Holdings, LLC and RCP MB Investments B, L.P.",ministry brands,11,YELLOW,2,2,4,3,"Ministry Brands Holdings LLC, Ministry Brands Holdings, LLC and RCP MB Investments B, L.P.","ARCC, GBDC, OBDC, OTF","Ares Capital Management, Blue Owl Credit Advisors, GC Advisors",Application Software,151.763,160.996,-0.0573,12/2021,9.36,,False,,False,,2025-09-30,2025-12-31,2
Premise Health Holding Corp,premise health,11,YELLOW,2,2,4,4,"Premise Health Holding Corp, Premise Health Holding Corp. and OMERS Bluejay Investment Holdings LP","ARCC, FSK, GBDC, OBDC","Ares Capital Management, Blue Owl Credit Advisors, FS/KKR Advisor, GC Advisors",Health Care Equipment & Services,134.935,190.888,-0.2931,3/2031,8.17,,False,,False,,2025-09-30,2025-12-31,2
"HALO Buyer, Inc",halo,11,YELLOW,2,2,4,3,"HALO Buyer, Inc, Halo Purchaser, LLC","MFIC, OTF, PFLT, PNNT","Apollo Investment Management, L.P., Blue Owl Credit Advisors, PennantPark Investment Advisers",HALO Branded Solutions,132.188,96.006,0.3769,08/07/29,6.29,,False,,False,,2025-09-30,2025-12-31,2
"QAD, Inc.",qad,11,YELLOW,2,2,3,2,"QAD, Inc., QAD, Inc.*","GBDC, OBDC, OTF","Blue Owl Credit Advisors, GC Advisors",Industrial Conglomerates,318.201,315.954,0.0071,11/2021,,,False,,False,,2025-09-30,2025-12-31,2
"Fortis Solutions Group, LLC",fortis solutions,11,YELLOW,2,2,3,3,"Fortis Solutions Group, LLC, Fortis Solutions Group, LLC*","GBDC, MSDL, OBDC","Blue Owl Credit Advisors, GC Advisors, Morgan Stanley Investment Management",Containers & Packaging,248.029,250.755,-0.0109,10/2027,,,False,,False,,2025-09-30,2025-12-31,2
"Triple Lift, Inc.",triple lift,11,YELLOW,2,2,3,3,"Triple Lift, Inc., Triple Lift, Inc.*","BXSL, GBDC, MSDL","Blackstone Credit Advisors, GC Advisors, Morgan Stanley Investment Management",Media,211.39,227.847,-0.0722,5/5/2028,,,False,,False,,2025-09-30,2025-12-31,2
"Lightspeed Buyer, Inc.",lightspeed,11,YELLOW,2,2,3,2,"Lightspeed Buyer, Inc., Lightspeed Investment Holdco, LLC","MSDL, PFLT, PNNT","Morgan Stanley Investment Management, PennantPark Investment Advisers","Healthcare, Education and Childcare",169.548,172.32,-0.0161,02/03/27,8.59,,False,,False,,2025-09-30,2025-12-31,2
"Infinity Home Services Holdco, Inc.",infinity home,11,YELLOW,2,2,3,2,"Infinity Home Services Holdco, Inc., Infinity Home Services Holdco, Inc., D'Angelo & Sons Construction Limited and IHS Parent Holdings, L.P.","ARCC, PFLT, PNNT","Ares Capital Management, PennantPark Investment Advisers",Commercial Services & Supplies,143.036,157.571,-0.0922,12/28/28,9.75,,False,,False,,2025-09-30,2025-12-31,2
"Appfire Technologies, LLC*",appfire technologies,11,YELLOW,2,2,3,3,"Appfire Technologies, LLC, Appfire Technologies, LLC*","GBDC, MSDL, OTF","Blue Owl Credit Advisors, GC Advisors, Morgan Stanley Investment Management",Software,105.531,105.696,-0.0016,3/2028,,,False,,False,,2025-09-30,2025-12-31,2
"Appriss Health, LLC",appriss health,11,YELLOW,2,2,3,3,"Appriss Health, LLC, Appriss Health, LLC (PatientPing)","ARCC, CGBD, TCPC","Ares Capital Management, Carlyle Investment Management, Tennenbaum Capital Partners (BlackRock)",Software and Services,58.3303,54.4504,0.0713,5/6/2027,7.81,,False,,True,CGBD,2025-09-30,2025-12-31,2
"Urology Management Holdings, Inc.",urology management,11,YELLOW,2,2,3,2,"Urology Management Holdings, Inc., Urology Partners Co., LP","PFLT, PNNT, SLRC","PennantPark Investment Advisers, SLR Capital Partners",Healthcare Providers and Services,45.768,45.113,0.0145,06/15/27,9.66,,False,,False,,2025-09-30,2025-12-31,2
"Ad.net Acquisition, LLC",ad net,11,YELLOW,2,2,3,2,"Ad.net Acquisition, LLC, Ad.net Holdings, Inc.","PFLT, PNNT, SCM","PennantPark Investment Advisers, Stellus Capital Management",Media,42.48,42.986,-0.0118,05/07/26,10.09,,False,,False,,2025-09-30,2025-12-31,2
"Consor Intermediate II, LLC",consor ii,11,YELLOW,2,2,3,3,"Consor Intermediate II, LLC, Consor Intermediate II, LLC*","BXSL, GBDC, MSDL","Blackstone Credit Advisors, GC Advisors, Morgan Stanley Investment Management",Construction & Engineering,33.684,33.79,-0.0031,5/10/2031,,,False,,False,,2025-09-30,2025-12-31,2
Trucordia,trucordia,11,ORANGE,3,2,2,1,"Trucordia, Trucordia Insurance Holdings, LLC","OBDC, OTF",Blue Owl Credit Advisors,Insurance,245.3049,303.944,-0.1929,6/2033,,,False,,False,,2025-09-30,2025-12-31,2
"Carisk Buyer, Inc.",carisk,11,YELLOW,2,2,2,1,"Carisk Buyer, Inc., Carisk Parent, LP","PFLT, PNNT",PennantPark Investment Advisers,"Healthcare, Education and Childcare",65.878,92.223,-0.2857,12/01/29,8.81,,False,,False,,2025-09-30,2025-12-31,2
Conergy Asia Holdings Limited (United Kingdom),conergy asia,11,YELLOW,2,2,2,2,"Conergy Asia & ME Pte. LTD., Conergy Asia Holdings Limited (United Kingdom)","GSBD, TCPC","Goldman Sachs Asset Management, Tennenbaum Capital Partners (BlackRock)",Construction & Engineering,9.8883,6.3189,0.5649,06/30/24,,,True,GSBD,False,,2025-09-30,2025-12-31,2
Conair Holdings LLC,conair,11,ORANGE,3,2,1,1,"ASP Conair Holdings LP, Conair Holdings LLC",OBDC,Blue Owl Credit Advisors,Consumer products,207.66,320.814,-0.3527,5/2028,,,False,,False,,2025-09-30,2025-12-31,2
A.T. Holdings II Ltd.,at ii,11,YELLOW,2,2,1,1,"A.T. Holdings II Ltd., A.T. Holdings II SÀRL",OCSL,Oaktree Capital Management,Biotechnology,56.819,54.045,0.0513,4/30/2024,,,True,OCSL,False,,2025-09-30,2025-12-31,2
"Ave Holdings III, Corp",ave iii,11,YELLOW,2,2,1,1,"Ave Holdings III, Corp, Ave Holdings III, Corp*",GBDC,GC Advisors,Specialty Retail,52.208,29.959,0.7426,02/2022,,,True,GBDC,False,,2025-09-30,2025-12-31,2
"MZR Buyer, LLC",mzr,11,ORANGE,3,2,1,1,"MZR Aggregator, MZR Buyer, LLC",BCSF,Bain Capital Credit,Services: Consumer,32.187,33.653,-0.0436,12/22/2028,6.91,,False,,True,BCSF,2025-09-30,2025-09-30,1
"Sperry Parent Holdings, L.P.",sperry,11,ORANGE,3,2,1,1,"Sperry Acquisition, LLC, Sperry Parent Holdings, L.P.",MFIC,"Apollo Investment Management, L.P.",Beaufort,18.009,35.583,-0.4939,02/03/31,0.75,,False,,False,,2025-12-31,2025-12-31,1
ResearchGate Corporation (Germany),researchgate germany,11,ORANGE,3,2,1,1,"ResearchGate Corporation (Germany), ResearchGate GmBH (Germany)",TCPC,Tennenbaum Capital Partners (BlackRock),Equity Securities (continued),7.7051,8.8988,-0.1341,10/30/2025,,,False,,False,,2025-09-30,2025-12-31,2
"SUNation Energy, Inc. (p.k.a. Pineapple Energy LLC)",sunation energy,11,ORANGE,3,2,1,1,"SUNation Energy, Inc., SUNation Energy, Inc. (p.k.a. Pineapple Energy LLC)",HTGC,Hercules Capital (internal),Sustainable and Renewable Technology,1.273,7.603,-0.8326,,10.0,,False,,False,,2025-09-30,2025-12-31,2
Flexera Software LLC,flexera software,11,YELLOW,2,1,7,6,Flexera Software LLC,"ARCC, BXSL, CGBD, FSK, GBDC, OBDC, OTF","Ares Capital Management, Blackstone Credit Advisors, Blue Owl Credit Advisors, Carlyle Investment Management, FS/KKR Advisor, GC Advisors",Software (continued),453.227,313.394,0.4462,08/2032,8.37,,False,,False,,2025-09-30,2025-12-31,2
"Coupa Holdings, LLC",coupa,11,YELLOW,2,1,7,6,"Coupa Holdings, LLC","ARCC, CGBD, GBDC, MSDL, OBDC, OCSL, OTF","Ares Capital Management, Blue Owl Credit Advisors, Carlyle Investment Management, GC Advisors, Morgan Stanley Investment Management, Oaktree Capital Management",Software,177.273,177.076,0.0011,2/27/2029,6.24,,False,,False,,2025-09-30,2025-12-31,2
"Jeppesen Holdings, LLC",jeppesen,11,YELLOW,2,1,7,7,"Jeppesen Holdings, LLC","ARCC, BXSL, FSK, GBDC, MSDL, OCSL, OTF","Ares Capital Management, Blackstone Credit Advisors, Blue Owl Credit Advisors, FS/KKR Advisor, GC Advisors, Morgan Stanley Investment Management, Oaktree Capital Management",Software (continued),162.668,162.85,-0.0011,10/2032,6.91,,False,,False,,2025-12-31,2025-12-31,1
"Icefall Parent, Inc.",icefall,11,YELLOW,2,1,6,6,"Icefall Parent, Inc.","ARCC, BXSL, CGBD, GBDC, MSDL, OCSL","Ares Capital Management, Blackstone Credit Advisors, Carlyle Investment Management, GC Advisors, Morgan Stanley Investment Management, Oaktree Capital Management",Software (continued),107.724,110.645,-0.0264,01/2030,4.86,,False,,False,,2025-09-30,2025-12-31,2
"Amerilife Holdings, LLC",amerilife,11,YELLOW,2,1,5,4,"Amerilife Holdings, LLC","BXSL, MSDL, OBDC, OTF, TCPC","Blackstone Credit Advisors, Blue Owl Credit Advisors, Morgan Stanley Investment Management, Tennenbaum Capital Partners (BlackRock)",Insurance,197.2022,197.97,-0.0039,8/2028,5.0,,False,,False,,2025-09-30,2025-12-31,2
Galway Borrower LLC,galway,11,YELLOW,2,1,5,4,Galway Borrower LLC,"ARCC, BXSL, MSDL, OBDC, OTF","Ares Capital Management, Blackstone Credit Advisors, Blue Owl Credit Advisors, Morgan Stanley Investment Management",Insurance,118.703,119.018,-0.0026,09/2028,8.17,,False,,False,,2025-09-30,2025-12-31,2
"Associations, Inc.",associations,11,YELLOW,2,1,4,3,"Associations, Inc.","CGBD, MSDL, OBDC, OTF","Blue Owl Credit Advisors, Carlyle Investment Management, Morgan Stanley Investment Management",Construction & Building,1151.036,1148.385,0.0023,7/2/2028,,,False,,False,,2025-09-30,2025-12-31,2
Relativity ODA LLC,relativity oda,11,YELLOW,2,1,4,3,Relativity ODA LLC,"ARCC, BXSL, OBDC, OTF","Ares Capital Management, Blackstone Credit Advisors, Blue Owl Credit Advisors",Software (continued),660.964,666.051,-0.0076,5/12/2029,8.22,,False,,False,,2025-09-30,2025-12-31,2
"Finastra USA, Inc.",finastra usa,11,YELLOW,2,1,4,3,"Finastra USA, Inc.","GBDC, OBDC, OCSL, OTF","Blue Owl Credit Advisors, GC Advisors, Oaktree Capital Management",Financial services,332.7,331.018,0.0051,9/13/2029,5.57,,False,,False,,2025-09-30,2025-12-31,2
Pike Corporation,pike,11,YELLOW,2,1,4,4,Pike Corporation,"ARCC, FSK, OCSL, OTF","Ares Capital Management, Blue Owl Credit Advisors, FS/KKR Advisor, Oaktree Capital Management",Capital Goods,298.494,299.592,-0.0037,12/2032,7.88,,False,,False,,2025-12-31,2025-12-31,1
"Patriot Growth Insurance Services, LLC",patriot growth,11,YELLOW,2,1,4,4,"Patriot Growth Insurance Services, LLC","ARCC, BXSL, GBDC, MSDL","Ares Capital Management, Blackstone Credit Advisors, GC Advisors, Morgan Stanley Investment Management",Insurance (continued),232.163,234.236,-0.0089,10/2028,8.82,,False,,False,,2025-09-30,2025-12-31,2
"Pye-Barker Fire & Safety, LLC",pye barker,11,YELLOW,2,1,4,3,"Pye-Barker Fire & Safety, LLC","BXSL, MSDL, OBDC, OTF","Blackstone Credit Advisors, Blue Owl Credit Advisors, Morgan Stanley Investment Management",Commercial Services & Supplies (continued),223.446,223.16,0.0013,5/2030,,,False,,False,,2025-09-30,2025-12-31,2
"Dwyer Instruments, LLC",dwyer instruments,11,YELLOW,2,1,4,4,"Dwyer Instruments, LLC","BXSL, CGBD, GBDC, MSDL","Blackstone Credit Advisors, Carlyle Investment Management, GC Advisors, Morgan Stanley Investment Management",Electrical Equipment,160.874,166.943,-0.0364,7/20/2029,,,False,,False,,2025-09-30,2025-12-31,2
"Azurite Intermediate Holdings, Inc.",azurite,11,YELLOW,2,1,4,4,"Azurite Intermediate Holdings, Inc.","BXSL, CGBD, GBDC, TSLX","Blackstone Credit Advisors, Carlyle Investment Management, GC Advisors, Sixth Street Partners",Software,129.5,128.355,0.0089,3/19/2031,6.0,600.0,False,,False,,2025-09-30,2025-12-31,2
Cambrex Corp.,cambrex,11,YELLOW,2,1,4,3,Cambrex Corp.,"BXSL, FSK, OBDC, OTF","Blackstone Credit Advisors, Blue Owl Credit Advisors, FS/KKR Advisor",Life Sciences Tools & Services,116.151,115.886,0.0023,3/5/2032,,,False,,False,,2025-09-30,2025-12-31,2
"Aptean, Inc.",aptean,11,YELLOW,2,1,4,3,"Aptean, Inc.","ARCC, MSDL, OBDC, OTF","Ares Capital Management, Blue Owl Credit Advisors, Morgan Stanley Investment Management",Software and Services,97.695,97.556,0.0014,01/2031,8.57,,False,,False,,2025-09-30,2025-12-31,2
LogRhythm,logrhythm,11,YELLOW,2,1,4,4,LogRhythm,"BCSF, HTGC, MSDL, OTF","Bain Capital Credit, Blue Owl Credit Advisors, Hercules Capital (internal), Morgan Stanley Investment Management",High Tech Industries,79.075,80.319,-0.0155,7/2/2029,7.5,750.0,False,,False,,2025-09-30,2025-12-31,2
PartsSource Inc,partssource,11,YELLOW,2,1,3,2,PartsSource Inc,"FSK, OBDC, OTF","Blue Owl Credit Advisors, FS/KKR Advisor",Health Care Equipment & Services,700.331,794.942,-0.119,8/21/26,,,False,,False,,2025-09-30,2025-12-31,2
"Creek Parent, Inc.",creek,11,YELLOW,2,1,3,3,"Creek Parent, Inc.","BXSL, GBDC, OCSL","Blackstone Credit Advisors, GC Advisors, Oaktree Capital Management",Life Sciences Tools & Services,287.666,289.608,-0.0067,12/2024,5.0,,False,,False,,2025-09-30,2025-12-31,2
"Computer Services, Inc.",computer services,11,YELLOW,2,1,3,3,"Computer Services, Inc.","ARCC, GSBD, MSDL","Ares Capital Management, Goldman Sachs Asset Management, Morgan Stanley Investment Management",Financial Services,225.703,225.626,0.0003,11/15/29,8.3,,False,,False,,2025-09-30,2025-12-31,2
"Galileo Parent, Inc.",galileo,11,YELLOW,2,1,3,3,"Galileo Parent, Inc.","CGBD, OCSL, TSLX","Carlyle Investment Management, Oaktree Capital Management, Sixth Street Partners",Telecommunications,190.1867,211.701,-0.1016,5/3/2029,5.75,575.0,False,,False,,2025-09-30,2025-12-31,2
"Turbo Buyer, Inc.",turbo,11,YELLOW,2,1,3,3,"Turbo Buyer, Inc.","CGBD, MFIC, MSDL","Apollo Investment Management, L.P., Carlyle Investment Management, Morgan Stanley Investment Management",Auto Aftermarket & Services,183.669,185.3,-0.0088,06/02/26,1.0,,False,,False,,2025-09-30,2025-12-31,2
"Blazing Star Parent, LLC",blazing star,11,YELLOW,2,1,3,3,"Blazing Star Parent, LLC","ARCC, OCSL, SLRC","Ares Capital Management, Oaktree Capital Management, SLR Capital Partners",Consumer Distribution and Retail,173.951,175.645,-0.0096,8/2025,9.39,,False,,False,,2025-09-30,2025-12-31,2
"Tricentis Operations Holdings, Inc.",tricentis operations,11,YELLOW,2,1,3,3,"Tricentis Operations Holdings, Inc.","BXSL, GBDC, OTF","Blackstone Credit Advisors, Blue Owl Credit Advisors, GC Advisors",Software (continued),147.273,147.29,-0.0001,02/2025,,,False,,False,,2025-09-30,2025-12-31,2
"MHE Intermediate Holdings, LLC",mhe,11,YELLOW,2,1,3,3,"MHE Intermediate Holdings, LLC","BXSL, MSDL, OCSL","Blackstone Credit Advisors, Morgan Stanley Investment Management, Oaktree Capital Management",Machinery,95.914,97.653,-0.0178,7/21/2027,6.0,,False,,False,,2025-09-30,2025-12-31,2
"LogicMonitor, Inc.",logicmonitor,11,YELLOW,2,1,3,3,"LogicMonitor, Inc.","BXSL, GBDC, TCPC","Blackstone Credit Advisors, GC Advisors, Tennenbaum Capital Partners (BlackRock)",Software (continued),76.0833,76.2439,-0.0021,12/2024,5.5,,False,,False,,2025-09-30,2025-12-31,2
"Nellson Nutraceutical, Inc.",nellson nutraceutical,11,YELLOW,2,1,3,3,"Nellson Nutraceutical, Inc.","MSDL, OBDC, OCSL","Blue Owl Credit Advisors, Morgan Stanley Investment Management, Oaktree Capital Management",Food Products,69.127,69.121,0.0001,12/2025,5.75,,False,,False,,2025-09-30,2025-12-31,2
Merative L.P.,merative,11,YELLOW,2,1,3,3,Merative L.P.,"CGBD, MFIC, MSDL","Apollo Investment Management, L.P., Carlyle Investment Management, Morgan Stanley Investment Management",Healthcare & Pharmaceuticals,63.322,63.183,0.0022,09/30/32,0.75,,False,,False,,2025-09-30,2025-12-31,2
"Evergreen IX Borrower 2023, LLC",evergreen ix,11,YELLOW,2,1,3,3,"Evergreen IX Borrower 2023, LLC","GBDC, MFIC, OCSL","Apollo Investment Management, L.P., GC Advisors, Oaktree Capital Management",EVER.AG Corporation,52.438,52.006,0.0083,09/30/30,4.1,,False,,False,,2025-09-30,2025-12-31,2
"Medallia, Inc.",medallia,11,YELLOW,2,1,2,2,"Medallia, Inc.","BXSL, FSK","Blackstone Credit Advisors, FS/KKR Advisor",Software (continued),762.096,852.508,-0.1061,10/29/28,4.0,,False,,True,FSK,2025-09-30,2025-12-31,2
Space Exploration Technologies Corp.,space exploration,11,ORANGE,3,1,2,1,Space Exploration Technologies Corp.,"OBDC, OTF",Blue Owl Credit Advisors,Aerospace and defense,275.453,539.594,-0.4895,,,,False,,False,,2025-09-30,2025-12-31,2
"Shiftkey, LLC",shiftkey,11,YELLOW,2,1,2,2,"Shiftkey, LLC","PNNT, PSEC","PennantPark Investment Advisers, Prospect Capital Management",Business Services,270.985,317.25,-0.1458,06/21/2027,10.0,575.0,False,,True,PSEC,2025-09-30,2025-12-31,2
VCI Intermediate TopCo 1 LLC,vci,11,ORANGE,3,1,2,1,VCI Intermediate TopCo 1 LLC,"OBDC, OTF",Blue Owl Credit Advisors,Infrastructure and environmental services,10.6921,16.801,-0.3636,,,,False,,False,,2025-12-31,2025-12-31,1
"InterDent, Inc.",interdent,11,ORANGE,3,1,1,1,"InterDent, Inc.",PSEC,Prospect Capital Management,Health Care Providers & Services,828.93,1477.447,-0.4389,9/5/2027,5.0,,False,,True,PSEC,2025-09-30,2025-12-31,2
"Credit Central Loan Company, LLC",credit central,11,ORANGE,3,1,1,1,"Credit Central Loan Company, LLC",PSEC,Prospect Capital Management,Consumer Finance,161.892,291.291,-0.4442,9/15/2027,5.39,,False,,True,PSEC,2025-09-30,2025-12-31,2
Distribution & Logistics,distribution logistics,11,ORANGE,3,1,1,1,Distribution & Logistics,NMFC,"New Mountain Finance Advisers BDC, L.L.C.",Trinity Air Consultants Holdings Corporation,158.2208,244.22,-0.3521,09/2021,5.77,174.9,False,,True,NMFC,2025-09-30,2025-09-30,1
"BCPE Osprey Buyer, Inc.",bcpe osprey,11,ORANGE,3,1,1,1,"BCPE Osprey Buyer, Inc.",PSEC,Prospect Capital Management,Health Care Technology,145.6536,300.584,-0.5154,8/21/2026,9.81,575.0,False,,False,,2025-09-30,2025-12-31,2
"JTI Electrical & Mechanical, LLC",jti electrical,11,YELLOW,2,1,1,1,"JTI Electrical & Mechanical, LLC",MAIN,Main Street Capital (internal),,140.276,158.762,-0.1164,12/22/2026,11.57,,True,MAIN,False,,2025-09-30,2025-12-31,2
Investment Fund,investment fund,11,ORANGE,3,1,1,1,Investment Fund,NMFC,"New Mountain Finance Advisers BDC, L.L.C.",Structured Finance Obligations - United States,118.9135,438.864,-0.729,11/2024,7.0,,False,,False,,2025-09-30,2025-09-30,1
"Titan Investment Company, Inc.",titan investment,11,YELLOW,2,1,1,1,"Titan Investment Company, Inc.",BXSL,Blackstone Credit Advisors,Professional Services (continued),69.73,80.906,-0.1381,3/20/2027,,,True,BXSL,False,,2025-12-31,2025-12-31,1
"Shutterfly Finance, LLC",shutterfly finance,11,ORANGE,3,1,1,1,"Shutterfly Finance, LLC",PSEC,Prospect Capital Management,Household Durables,43.3642,81.595,-0.4685,10/1/2027,9.84,600.0,False,,True,PSEC,2025-09-30,2025-12-31,2
"Moda Operandi, Inc.",moda operandi,11,ORANGE,3,1,1,1,"Moda Operandi, Inc.",TPVG,TriplePoint Advisers,Shopping Facilitators,36.299,73.217,-0.5042,12/31/2025,,,False,,False,,2025-09-30,2025-12-31,2
"Offen, Inc.",offen,11,ORANGE,3,1,1,1,"Offen, Inc.",OBDC,Blue Owl Credit Advisors,Distribution,34.7358,241.753,-0.8563,6/2026,,,False,,False,,2025-09-30,2025-12-31,2
"Lithium Technologies, Inc.",lithium technologies,11,ORANGE,3,1,1,1,"Lithium Technologies, Inc.",GSBD,Goldman Sachs Asset Management,Interactive Media & Services,34.272,97.01,-0.6467,01/03/25,,,False,,False,,2025-09-30,2025-12-31,2
"Abita Brewing Co., L.L.C.",abita brewing,11,YELLOW,2,1,1,1,"Abita Brewing Co., L.L.C.",GBDC,GC Advisors,Beverages,27.786,32.356,-0.1412,02/2021,,,True,GBDC,False,,2025-09-30,2025-12-31,2
Fiton Inc.,fiton,11,ORANGE,3,1,1,1,Fiton Inc.,TPVG,TriplePoint Advisers,Consumer Products and Services,22.238,117.375,-0.8105,8/1/2027,,,False,,False,,2025-09-30,2025-12-31,2
True Footage Inc.,true footage,11,ORANGE,3,1,1,1,True Footage Inc.,TPVG,TriplePoint Advisers,Real Estate Services,19.861,146.474,-0.8644,12/31/2024,,,False,,False,,2025-09-30,2025-12-31,2
"Minted, Inc.",minted,11,ORANGE,3,1,1,1,"Minted, Inc.",TPVG,TriplePoint Advisers,E-Commerce - Clothing and Accessories,18.41,51.877,-0.6451,6/15/2025,,,False,,False,,2025-09-30,2025-12-31,2
JOKR S.à r.l.,jokr srl,11,ORANGE,3,1,1,1,JOKR S.à r.l.,TPVG,TriplePoint Advisers,Consumer Products and Services,18.147,83.612,-0.783,7/31/2025,,,False,,False,,2025-09-30,2025-12-31,2
"Vardiman Black Holdings, LLC",vardiman black,11,ORANGE,3,1,1,1,"Vardiman Black Holdings, LLC",MSDL,Morgan Stanley Investment Management,Health Care Providers & Services,16.231,15.163,0.0704,,6.0,,True,MSDL,True,MSDL,2025-09-30,2025-12-31,2
"KKR Central Park Leasing Aggregator L.P., Partnership Interest",kkr central,11,ORANGE,3,1,1,1,"KKR Central Park Leasing Aggregator L.P., Partnership Interest",FSK,FS/KKR Advisor,Capital Goods,15.8391,39.1391,-0.5953,5/31/26,14.3,,False,,False,,2025-09-30,2025-12-31,2
"Kalderos, Inc.",kalderos,11,ORANGE,3,1,1,1,"Kalderos, Inc.",TPVG,TriplePoint Advisers,Healthcare Technology Systems,13.881,81.758,-0.8302,6/30/2026,,,False,,False,,2025-09-30,2025-12-31,2
Clutch Intermediate Holdings,clutch,11,ORANGE,3,1,1,1,Clutch Intermediate Holdings,GSBD,Goldman Sachs Asset Management,Software,13.393,42.969,-0.6883,03/10/27,10.95,,False,,False,,2025-09-30,2025-12-31,2
"AvantStay, Inc.",avantstay,11,ORANGE,3,1,1,1,"AvantStay, Inc.",TPVG,TriplePoint Advisers,Consumer Products and Services,10.512,34.489,-0.6952,4/30/2027,,,False,,False,,2025-09-30,2025-12-31,2
"Homerenew Buyer, Inc. (Renovo)",homerenew renovo,11,ORANGE,3,1,1,1,"Homerenew Buyer, Inc. (Renovo)",TCPC,Tennenbaum Capital Partners (BlackRock),Construction and Engineering,10.2687,19.357,-0.4695,3/13/2025,9.34,,False,,True,TCPC,2025-12-31,2025-12-31,1
"Bamboo Purchaser, Inc.",bamboo,11,ORANGE,3,1,1,1,"Bamboo Purchaser, Inc.",ARCC,Ares Capital Management,Consumer Distribution and Retail,9.9,7.4,0.3378,12/2028,14.01,,True,ARCC,True,ARCC,2025-09-30,2025-12-31,2
WSP,wsp,11,ORANGE,3,1,1,1,WSP,BCSF,Bain Capital Credit,Consumer Goods: Wholesale,8.253,5.434,0.5188,4/27/2028,3.94,,True,BCSF,True,BCSF,2025-09-30,2025-09-30,1
"Ziegler’s NYPD, LLC",ziegler s,11,ORANGE,3,1,1,1,"Ziegler’s NYPD, LLC",MAIN,Main Street Capital (internal),,6.827,18.766,-0.6362,10/1/2025,12.0,,False,,False,,2025-09-30,2025-12-31,2
"Ronnoco Holdings, Inc.",ronnoco,11,ORANGE,3,1,1,1,"Ronnoco Holdings, Inc.",MFIC,"Apollo Investment Management, L.P.",Ronnoco Coffee,5.578,11.244,-0.5039,03/17/31,1.0,,False,,False,,2025-12-31,2025-12-31,1
Aptus 1724 Gmbh,aptus gmbh,11,ORANGE,3,1,1,1,Aptus 1724 Gmbh,BCSF,Bain Capital Credit,Media: Diversified & Production,5.146,5.309,-0.0307,3/3/2028,7.15,,True,BCSF,True,BCSF,2025-09-30,2025-09-30,1
Gordon Brothers Finance Company,gordon brothers,11,ORANGE,3,1,1,1,Gordon Brothers Finance Company,TCPC,Tennenbaum Capital Partners (BlackRock),Debt Investments (continued),5.1435,23.6897,-0.7829,10/31/2025,11.0,,False,,False,,2025-12-31,2025-12-31,1
Music Creation Group Bidco GmbH,music creation,11,ORANGE,3,1,1,1,Music Creation Group Bidco GmbH,BCSF,Bain Capital Credit,Media: Diversified & Production,4.106,4.343,-0.0546,3/3/2028,7.15,,True,BCSF,True,BCSF,2025-09-30,2025-09-30,1
"SOINT, LLC",soint,11,ORANGE,3,1,1,1,"SOINT, LLC",SLRC,SLR Capital Partners,Aerospace & Defense,3.459,9.841,-0.6485,6/30/2025,0.0,,False,,False,,2025-09-30,2025-12-31,2
"Ingenovis Health, Inc. (CCRR Parent Inc)",ingenovis health,11,YELLOW,2,1,1,1,"Ingenovis Health, Inc. (CCRR Parent Inc)",MFIC,"Apollo Investment Management, L.P.",Ingenovis Health,3.34,3.821,-0.1259,03/06/28,7.9,,True,MFIC,False,,2025-12-31,2025-12-31,1
"JHC Investment Intermediate Holdings, LLC",jhc investment,11,ORANGE,3,1,1,1,"JHC Investment Intermediate Holdings, LLC",GBDC,GC Advisors,Healthcare Equipment & Supplies,1.9961,7.45,-0.7321,03/2024,,,False,,False,,2025-09-30,2025-12-31,2
Specialty Dental Brands,specialty dental,11,YELLOW,2,1,1,1,Specialty Dental Brands,GSBD,Goldman Sachs Asset Management,Health Care Providers & Services,1.529,1.734,-0.1182,03/18/27,11.58,,True,GSBD,False,,2025-09-30,2025-12-31,2
"Red Griffin ParentCo, LLC",red griffin,11,ORANGE,3,1,1,1,"Red Griffin ParentCo, LLC",BXSL,Blackstone Credit Advisors,Air Freight & Logistics,1.071,3.968,-0.7301,11/27/2024,,,False,,False,,2025-12-31,2025-12-31,1
"PCG-Ares Sidecar Investment, L.P.",pcg ares,11,ORANGE,3,1,1,1,"PCG-Ares Sidecar Investment, L.P.",ARCC,Ares Capital Management,Investment Funds and Vehicles,0.5,4.5,-0.8889,05/2014,,,False,,False,,2025-09-30,2025-12-31,2
"Meadowlark Title, LLC",meadowlark title,11,ORANGE,3,1,1,1,"Meadowlark Title, LLC",PNNT,PennantPark Investment Advisers,Business Services,0.383,0.802,-0.5224,,,,False,,False,,2025-09-30,2025-12-31,2
"GCX Corporation Group Holdings, L.P.",gcx group,11,ORANGE,3,1,1,1,"GCX Corporation Group Holdings, L.P.",BXSL,Blackstone Credit Advisors,Health Care Equipment & Supplies,0.243,0.539,-0.5492,9/10/2021,,,False,,False,,2025-12-31,2025-12-31,1
"Massage Envy, LLC",massage envy,11,ORANGE,3,1,1,1,"Massage Envy, LLC",GBDC,GC Advisors,Leisure Products,0.21,0.749,-0.7196,09/2012,,,False,,False,,2025-09-30,2025-12-31,2
"HPA SPQ Aggregator, LP",hpa spq,11,ORANGE,3,1,1,1,"HPA SPQ Aggregator, LP",PNNT,PennantPark Investment Advisers,Business Services,0.098,0.802,-0.8778,,,,False,,False,,2025-09-30,2025-12-31,2
Surrey Bidco Limited,surrey,11,ORANGE,3,1,1,1,Surrey Bidco Limited,BCSF,Bain Capital Credit,Services: Consumer,0.076,0.069,0.1014,12/31/2028,7.28,,True,BCSF,True,BCSF,2025-09-30,2025-09-30,1
"Saturn Ultimate, Inc.",saturn,10,YELLOW,1,4,5,5,"Saturn Borrower Inc., Saturn Borrower Inc.*, Saturn Purchaser Corp., Saturn Ultimate, Inc.","ARCC, BCSF, GBDC, MSDL, OTF","Ares Capital Management, Bain Capital Credit, Blue Owl Credit Advisors, GC Advisors, Morgan Stanley Investment Management",Aerospace & Defense,130.681,79.753,0.6386,09/2020,5.29,,False,,False,,2025-09-30,2025-12-31,2
"Litera Bidco, LLC",litera,10,YELLOW,2,2,3,2,"Litera Bidco, LLC, Litera Bidco, LLC*","GBDC, OBDC, OTF","Blue Owl Credit Advisors, GC Advisors",Diversified Consumer Services,632.624,631.795,0.0013,5/2028,,,False,,False,,2025-09-30,2025-12-31,2
"Loving Tan Intermediate II, Inc.",loving tan,10,YELLOW,2,2,2,1,"Gauge Loving Tan, LP, Loving Tan Intermediate II, Inc.","PFLT, PNNT",PennantPark Investment Advisers,Consumer Products,158.175,196.267,-0.1941,07/12/2026,8.84,,False,,False,,2025-09-30,2025-12-31,2
"Carnegie Holdco, LLC",carnegie,10,YELLOW,2,2,2,1,"Carnegie Dartlet, LLC, Carnegie Holdco, LLC","PFLT, PNNT",PennantPark Investment Advisers,Education,147.439,176.192,-0.1632,02/07/30,9.44,,False,,False,,2025-09-30,2025-12-31,2
"C5MI Acquisition, LLC",c5mi,10,YELLOW,2,2,2,1,"C5MI Acquisition, LLC, C5MI Holdco, LLC","PFLT, PNNT",PennantPark Investment Advisers,Business Services,112.854,132.817,-0.1503,07/31/29,9.83,,False,,False,,2025-09-30,2025-12-31,2
"Any Hour, LLC",any hour,10,YELLOW,2,2,2,2,"Any Hour, LLC, Any Hour, LLC*","GBDC, MSDL","GC Advisors, Morgan Stanley Investment Management",Diversified Consumer Services,91.725,92.955,-0.0132,,,,False,,True,GBDC,2025-09-30,2025-12-31,2
Whitewater Holding Company LLC,whitewater,10,YELLOW,2,2,1,1,"FS WhiteWater Borrower, LLC, Whitewater Holding Company LLC",GSBD,Goldman Sachs Asset Management,Diversified Consumer Services,68.649,89.475,-0.2328,12/21/27,9.65,,False,,False,,2025-09-30,2025-12-31,2
"Cool Buyer, Inc.",cool,10,YELLOW,2,2,1,1,"Cool Acquisition Holdings, LP, Cool Buyer, Inc.",MFIC,"Apollo Investment Management, L.P.",Universal Air Conditioner,29.322,48.276,-0.3926,10/31/30,1.0,,False,,False,,2025-12-31,2025-12-31,1
"Louisiana Fish Fry Products, Ltd.*",louisiana fish,10,YELLOW,2,2,1,1,"Louisiana Fish Fry Products, Ltd., Louisiana Fish Fry Products, Ltd.*",GBDC,GC Advisors,Food Products,27.766,28.213,-0.0158,07/2021,,,False,,False,,2025-09-30,2025-12-31,2
"World Insurance Associates, LLC",world insurance associates,10,YELLOW,2,1,3,3,"World Insurance Associates, LLC","BXSL, GBDC, MSDL","Blackstone Credit Advisors, GC Advisors, Morgan Stanley Investment Management",Insurance (continued),1116.632,1115.113,0.0014,4/3/2028,,,False,,False,,2025-09-30,2025-12-31,2
"Packaging Coordinators Midco, Inc.",packaging coordinators,10,YELLOW,2,1,3,2,"Packaging Coordinators Midco, Inc.","GBDC, OBDC, OTF","Blue Owl Credit Advisors, GC Advisors",Containers & Packaging,598.329,595.877,0.0041,09/2025,,,False,,False,,2025-09-30,2025-12-31,2
"Vensure Employer Services, Inc.",vensure employer,10,YELLOW,2,1,3,3,"Vensure Employer Services, Inc.","CGBD, MSDL, OBDC","Blue Owl Credit Advisors, Carlyle Investment Management, Morgan Stanley Investment Management",Business Services,543.144,538.995,0.0077,9/2031,,,False,,False,,2025-09-30,2025-12-31,2
"WU Holdco, Inc.",wu,10,YELLOW,2,1,3,3,"WU Holdco, Inc.","ARCC, BCSF, GBDC","Ares Capital Management, Bain Capital Credit, GC Advisors",Consumer Goods: Non-Durable,446.552,455.434,-0.0195,04/2032,8.42,,False,,False,,2025-09-30,2025-12-31,2
"Victors Purchaser, LLC",victors,10,YELLOW,2,1,3,3,"Victors Purchaser, LLC","ARCC, CGBD, MSDL","Ares Capital Management, Carlyle Investment Management, Morgan Stanley Investment Management",High Tech Industries,429.208,392.086,0.0947,12/2032,8.19,,False,,False,,2025-09-30,2025-12-31,2
Datix Bidco Limited,datix,10,YELLOW,2,1,3,3,Datix Bidco Limited,"ARCC, BCSF, GBDC","Ares Capital Management, Bain Capital Credit, GC Advisors",Services: Business,340.958,333.279,0.023,10/30/2030,8.46,,False,,False,,2025-09-30,2025-12-31,2
"Catalis Intermediate, Inc.",catalis,10,YELLOW,2,1,3,2,"Catalis Intermediate, Inc.","MSDL, OBDC, OTF","Blue Owl Credit Advisors, Morgan Stanley Investment Management",IT Services,283.108,286.433,-0.0116,8/2027,,,False,,False,,2025-09-30,2025-12-31,2
"Baker Tilly Advisory Group, LP",baker tilly,10,YELLOW,2,1,3,3,"Baker Tilly Advisory Group, LP","BXSL, GBDC, OBDC","Blackstone Credit Advisors, Blue Owl Credit Advisors, GC Advisors",Professional Services,265.841,262.699,0.012,6/3/2031,,,False,,False,,2025-09-30,2025-12-31,2
Bradyplus Holdings LLC,bradyplus,10,YELLOW,2,1,3,3,Bradyplus Holdings LLC,"BXSL, MSDL, OBDC","Blackstone Credit Advisors, Blue Owl Credit Advisors, Morgan Stanley Investment Management",Distributors,258.949,256.119,0.011,10/2029,,,False,,False,,2025-09-30,2025-12-31,2
Nexus Buyer LLC,nexus,10,YELLOW,2,1,3,3,Nexus Buyer LLC,"ARCC, OCSL, PSEC","Ares Capital Management, Oaktree Capital Management, Prospect Capital Management",Specialized Finance,207.965,208.218,-0.0012,11/5/2029,8.69,625.0,False,,False,,2025-09-30,2025-12-31,2
MAG DS Corp.,mag ds,10,YELLOW,2,1,3,2,MAG DS Corp.,"BXSL, PFLT, PNNT","Blackstone Credit Advisors, PennantPark Investment Advisers",Aerospace & Defense,198.27,198.355,-0.0004,04/01/27,9.44,,False,,False,,2025-09-30,2025-12-31,2
Insightsoftware,insightsoftware,10,YELLOW,2,1,3,2,Insightsoftware,"GSBD, OBDC, OTF","Blue Owl Credit Advisors, Goldman Sachs Asset Management",Financial Services,172.065,173.387,-0.0076,05/25/28,9.25,,False,,False,,2025-09-30,2025-12-31,2
CST Holding Company,cst,10,YELLOW,2,1,3,3,CST Holding Company,"ARCC, CGBD, GBDC","Ares Capital Management, Carlyle Investment Management, GC Advisors",Consumer Goods: Non-Durable,148.362,150.96,-0.0172,11/1/2028,8.82,,False,,False,,2025-09-30,2025-12-31,2
Marcone Yellowstone Buyer Inc.,marcone yellowstone,10,YELLOW,2,1,3,3,Marcone Yellowstone Buyer Inc.,"ARCC, BXSL, GBDC","Ares Capital Management, Blackstone Credit Advisors, GC Advisors",Distributors,129.528,133.025,-0.0263,06/2028,7.88,,False,,False,,2025-09-30,2025-12-31,2
"Team Services Group, LLC",team services,10,YELLOW,2,1,3,2,"Team Services Group, LLC","PFLT, PNNT, TCPC","PennantPark Investment Advisers, Tennenbaum Capital Partners (BlackRock)",Healthcare Providers and Services,129.4767,127.4118,0.0162,12/20/27,9.23,,False,,False,,2025-09-30,2025-12-31,2
"Simplicity Financial Marketing Group Holdings, Inc.",simplicity financial,10,YELLOW,2,1,3,2,"Simplicity Financial Marketing Group Holdings, Inc.","BXSL, OBDC, OTF","Blackstone Credit Advisors, Blue Owl Credit Advisors",Insurance (continued),112.973,112.173,0.0071,12/2031,,,False,,False,,2025-09-30,2025-12-31,2
"Rialto Management Group, LLC",rialto management,10,YELLOW,2,1,3,3,"Rialto Management Group, LLC","ARCC, CGBD, TCPC","Ares Capital Management, Carlyle Investment Management, Tennenbaum Capital Partners (BlackRock)",Diversified Financial Services,84.6037,61.4677,0.3764,12/5/2030,8.17,,False,,False,,2025-09-30,2025-12-31,2
"Riverpoint Medical, LLC",riverpoint medical,10,YELLOW,2,1,3,2,"Riverpoint Medical, LLC","GSBD, PFLT, PNNT","Goldman Sachs Asset Management, PennantPark Investment Advisers",Health Care Equipment & Supplies,81.379,82.353,-0.0118,06/21/27,8.85,,False,,False,,2025-09-30,2025-12-31,2
"Accordion Partners, LLC",accordion partners,10,YELLOW,2,1,3,3,"Accordion Partners, LLC","BXSL, MSDL, TCPC","Blackstone Credit Advisors, Morgan Stanley Investment Management, Tennenbaum Capital Partners (BlackRock)",Professional Services,74.7614,75.3082,-0.0073,11/15/2031,5.25,,False,,False,,2025-09-30,2025-12-31,2
Arcfield Acquisition Corp,arcfield,10,YELLOW,2,1,3,2,Arcfield Acquisition Corp,"FSK, PFLT, PNNT","FS/KKR Advisor, PennantPark Investment Advisers",Capital Goods,72.742,77.509,-0.0615,10/28/31,9.08,,False,,False,,2025-09-30,2025-12-31,2
Espresso Bidco Inc.,espresso,10,YELLOW,2,1,3,3,Espresso Bidco Inc.,"CGBD, GBDC, MSDL","Carlyle Investment Management, GC Advisors, Morgan Stanley Investment Management",Software,58.2,58.295,-0.0016,3/25/2032,,,False,,False,,2025-09-30,2025-12-31,2
"Bayou Intermediate II, LLC",bayou ii,10,YELLOW,2,1,3,3,"Bayou Intermediate II, LLC","ARCC, GBDC, OCSL","Ares Capital Management, GC Advisors, Oaktree Capital Management",Health Care Supplies,57.243,57.451,-0.0036,09/2032,6.61,,False,,False,,2025-09-30,2025-12-31,2
"Cf512, Inc.",cf512,10,YELLOW,2,1,3,2,"Cf512, Inc.","PFLT, PNNT, SCM","PennantPark Investment Advisers, Stellus Capital Management",Media,51.25,53.173,-0.0362,08/20/26,10.17,,False,,False,,2025-09-30,2025-12-31,2
"Confluent Health, LLC",confluent health,10,YELLOW,2,1,3,2,"Confluent Health, LLC","OBDC, PFLT, PNNT","Blue Owl Credit Advisors, PennantPark Investment Advisers",Healthcare providers and services,42.876,43.972,-0.0249,11/30/28,11.44,,False,,False,,2025-09-30,2025-12-31,2
"Sales Benchmark Index, LLC",sales benchmark,10,YELLOW,2,1,3,2,"Sales Benchmark Index, LLC","PFLT, PNNT, SCM","PennantPark Investment Advisers, Stellus Capital Management",Professional Services,37.234,38.179,-0.0248,07/07/26,10.04,,False,,False,,2025-09-30,2025-12-31,2
"QBS Parent, Inc.",qbs,10,YELLOW,2,1,3,3,"QBS Parent, Inc.","ARCC, BXSL, CGBD","Ares Capital Management, Blackstone Credit Advisors, Carlyle Investment Management",Software (continued),30.346,30.068,0.0092,6/3/2032,8.17,,False,,False,,2025-09-30,2025-12-31,2
"Koala Investment Holdings, Inc.",koala investment,10,YELLOW,2,1,3,3,"Koala Investment Holdings, Inc.","ARCC, BXSL, GBDC","Ares Capital Management, Blackstone Credit Advisors, GC Advisors",Insurance,26.927,27.128,-0.0074,08/2032,8.17,,False,,False,,2025-09-30,2025-12-31,2
"Kona Buyer, LLC",kona,10,YELLOW,2,1,3,3,"Kona Buyer, LLC","BXSL, CGBD, GBDC","Blackstone Credit Advisors, Carlyle Investment Management, GC Advisors",Health Care Technology (continued),18.996,19.048,-0.0027,7/23/2031,,,False,,False,,2025-09-30,2025-12-31,2
Ping Identity Holding Corp.,ping identity,10,YELLOW,2,1,3,2,Ping Identity Holding Corp.,"OBDC, OCSL, OTF","Blue Owl Credit Advisors, Oaktree Capital Management",Systems Software,8.712,8.722,-0.0011,10/2029,2.75,,False,,False,,2025-09-30,2025-12-31,2
"TAC Lifeport Holdings, LLC",tac lifeport,10,YELLOW,2,1,3,2,"TAC Lifeport Holdings, LLC","PFLT, PNNT, SCM","PennantPark Investment Advisers, Stellus Capital Management",Aerospace and Defense,2.097,0.478,3.387,2/24/2021,,,False,,False,,2025-09-30,2025-12-31,2
Bonterra LLC,bonterra,10,YELLOW,2,1,2,2,Bonterra LLC,"FSK, TCPC","FS/KKR Advisor, Tennenbaum Capital Partners (BlackRock)",Software & Services,159.2288,159.5704,-0.0021,9/8/2027,7.17,,False,,True,TCPC,2025-09-30,2025-12-31,2
Model N Inc,model n,10,YELLOW,2,1,2,2,Model N Inc,"FSK, MSDL","FS/KKR Advisor, Morgan Stanley Investment Management",Software & Services,113.183,113.138,0.0004,6/27/31,0.0,,False,,True,FSK,2025-09-30,2025-12-31,2
"BLC Holding Company, Inc.",blc,10,YELLOW,2,1,2,1,"BLC Holding Company, Inc.","PFLT, PNNT",PennantPark Investment Advisers,Business Services,83.385,112.273,-0.2573,11/20/30,8.32,,False,,False,,2025-09-30,2025-12-31,2
New Era Technology Inc,new era technology,10,YELLOW,2,1,2,2,New Era Technology Inc,"FSK, MFIC","Apollo Investment Management, L.P., FS/KKR Advisor",Software & Services,55.564,55.664,-0.0018,10/31/26,1.0,,False,,True,MFIC,2025-09-30,2025-12-31,2
"IMPLUS Footcare, LLC",implus footcare,10,YELLOW,2,1,2,2,"IMPLUS Footcare, LLC","GBDC, MAIN","GC Advisors, Main Street Capital (internal)",Personal Products,51.0613,63.911,-0.2011,07/2025,12.57,,False,,False,,2025-09-30,2025-12-31,2
"Impact Advisors, LLC",impact advisors,10,YELLOW,2,1,2,1,"Impact Advisors, LLC","PFLT, PNNT",PennantPark Investment Advisers,Business Services,48.965,65.985,-0.2579,03/19/32,8.17,,False,,False,,2025-09-30,2025-12-31,2
"Duggal Acquisition, LLC",duggal,10,YELLOW,2,1,2,1,"Duggal Acquisition, LLC","PFLT, PNNT",PennantPark Investment Advisers,Marketing Services,40.538,54.845,-0.2609,09/30/30,8.59,,False,,False,,2025-09-30,2025-12-31,2
"Radius Aerospace, Inc.",radius aerospace,10,YELLOW,2,1,2,2,"Radius Aerospace, Inc.","ARCC, PNNT","Ares Capital Management, PennantPark Investment Advisers",Aerospace and Defense,39.695,41.089,-0.0339,03/29/27,10.02,,False,,True,ARCC,2025-09-30,2025-12-31,2
"Madison Logic Holdings, Inc.",madison logic,10,YELLOW,2,1,2,2,"Madison Logic Holdings, Inc.","SCM, TCPC","Stellus Capital Management, Tennenbaum Capital Partners (BlackRock)",​,36.3644,38.4137,-0.0533,12/30/2022,5.18,192.2,False,,True,TCPC,2025-09-30,2025-12-31,2
"GTY Technology Holdings, Inc.",gty technology,10,YELLOW,2,1,2,2,"GTY Technology Holdings, Inc.","GBDC, TCPC","GC Advisors, Tennenbaum Capital Partners (BlackRock)",Software,33.6549,33.5087,0.0044,07/2022,2.53,419.5,False,,True,TCPC,2025-09-30,2025-12-31,2
"DP Flores Holdings, LLC",dp flores,10,YELLOW,2,1,2,2,"DP Flores Holdings, LLC","ARCC, GBDC","Ares Capital Management, GC Advisors",Diversified Consumer Services,27.998,27.906,0.0033,09/2022,10.22,,False,,True,ARCC,2025-09-30,2025-12-31,2
"Premier Imaging, LLC",premier imaging,10,YELLOW,2,1,2,2,"Premier Imaging, LLC","BCSF, MFIC","Apollo Investment Management, L.P., Bain Capital Credit",Healthcare & Pharmaceuticals,19.589,19.708,-0.006,03/31/26,3.17,,False,,True,"BCSF, MFIC",2025-09-30,2025-12-31,2
"Lifelong Learner Holdings, LLC",lifelong learner,10,YELLOW,2,1,2,2,"Lifelong Learner Holdings, LLC","CGBD, MFIC","Apollo Investment Management, L.P., Carlyle Investment Management",Business Services,13.793,14.684,-0.0607,03/31/27,7.75,,False,,True,MFIC,2025-09-30,2025-12-31,2
Pregis Topco LLC,pregis,10,ORANGE,3,1,1,1,Pregis Topco LLC,OBDC,Blue Owl Credit Advisors,Containers and packaging,352.5056,762.641,-0.5378,8/2029,,,False,,False,,2025-09-30,2025-12-31,2
Pacific World Corporation,pacific world,10,ORANGE,3,1,1,1,Pacific World Corporation,PSEC,Prospect Capital Management,Personal Care Products,215.596,374.875,-0.4249,3/26/2029,8.28,425.0,False,,True,PSEC,2025-09-30,2025-12-31,2
Dental Care Alliance Inc,dental care,10,YELLOW,2,1,1,1,Dental Care Alliance Inc,FSK,FS/KKR Advisor,Health Care Equipment & Services,214.2,216.1,-0.0088,4/3/28,,,True,FSK,False,,2025-09-30,2025-12-31,2
Lionbridge Technologies Inc,lionbridge technologies,10,YELLOW,2,1,1,1,Lionbridge Technologies Inc,FSK,FS/KKR Advisor,Media & Entertainment,189.0,188.2,0.0043,12/29/25,,,True,FSK,False,,2025-09-30,2025-12-31,2
"Odevo, AB",odevo ab,10,ORANGE,3,1,1,1,"Odevo, AB",BXSL,Blackstone Credit Advisors,Real Estate Management & Development,106.318,268.246,-0.6037,12/31/2030,,,False,,False,,2025-12-31,2025-12-31,1
"Medical Solutions Holdings, Inc.",medical solutions,10,ORANGE,3,1,1,1,"Medical Solutions Holdings, Inc.",PSEC,Prospect Capital Management,Health Care Providers & Services,100.798,217.762,-0.5371,11/1/2029,11.19,700.0,False,,False,,2025-09-30,2025-12-31,2
PurposeBuilt Brands,purposebuilt brands,10,ORANGE,3,1,1,1,PurposeBuilt Brands,OBDC,Blue Owl Credit Advisors,,94.2062,478.397,-0.8031,4/2032,,,False,,False,,2025-09-30,2025-12-31,2
Redstone Holdco 2 LP,redstone,10,ORANGE,3,1,1,1,Redstone Holdco 2 LP,PSEC,Prospect Capital Management,IT Services,92.114,216.287,-0.5741,4/27/2029,12.09,775.0,False,,False,,2025-09-30,2025-12-31,2
"USG Intermediate, LLC",usg,10,ORANGE,3,1,1,1,"USG Intermediate, LLC",PSEC,Prospect Capital Management,Leisure Products,84.6904,307.051,-0.7242,2/9/2029,15.26,1133.7,False,,False,,2025-09-30,2025-12-31,2
Vestwell Holdings Inc.,vestwell,10,ORANGE,3,1,1,1,Vestwell Holdings Inc.,OTF,Blue Owl Credit Advisors,Professional Services,67.015,302.601,-0.7785,,,,False,,False,,2025-09-30,2025-12-31,2
Cubic Corp,cubic,10,YELLOW,2,1,1,1,Cubic Corp,FSK,FS/KKR Advisor,Software & Services,65.0,34.7,0.8732,5/25/29,,,True,FSK,False,,2025-09-30,2025-12-31,2
"Netsmart, Inc.",netsmart,10,ORANGE,3,1,1,1,"Netsmart, Inc.",ARCC,Ares Capital Management,,60.9,121.8,-0.5,08/2031,8.92,,False,,True,ARCC,2025-09-30,2025-12-31,2
"Horizon Facilities Services, Inc.",horizon facilities,10,ORANGE,3,1,1,1,"Horizon Facilities Services, Inc.",GAIN,Gladstone Management Corporation,,56.025,115.4,-0.5145,,,,False,,False,,2025-09-30,2025-12-31,2
Veeam Software Group,veeam software,10,ORANGE,3,1,1,1,Veeam Software Group,OTF,Blue Owl Credit Advisors,Systems Software,54.8345,372.509,-0.8528,,,,False,,False,,2025-12-31,2025-12-31,1
"Freedom Marine Solutions, LLC",freedom marine,10,ORANGE,3,1,1,1,"Freedom Marine Solutions, LLC",PSEC,Prospect Capital Management,Marine Transport,47.084,275.704,-0.8292,,,,False,,False,,2025-09-30,2025-12-31,2
"Circle Internet Services, Inc.",circle internet,10,ORANGE,3,1,1,1,"Circle Internet Services, Inc.",OTF,Blue Owl Credit Advisors,Systems Software,45.815,435.047,-0.8947,,,,False,,False,,2025-09-30,2025-12-31,2
Dukes Root Control Inc.,dukes root,10,ORANGE,3,1,1,1,Dukes Root Control Inc.,PSEC,Prospect Capital Management,Commercial Services & Supplies,41.6853,88.043,-0.5265,12/8/2028,10.98,650.0,False,,False,,2025-09-30,2025-12-31,2
"Algolia, Inc.",algolia,10,ORANGE,3,1,1,1,"Algolia, Inc.",OTF,Blue Owl Credit Advisors,Systems Software,41.1,136.776,-0.6995,,,,False,,False,,2025-09-30,2025-12-31,2
"Dominion Diagnostics, LLC",dominion diagnostics,10,YELLOW,2,1,1,1,"Dominion Diagnostics, LLC",OCSL,Oaktree Capital Management,Health Care Services,38.146,13.934,1.7376,8/28/2025,5.86,,True,OCSL,False,,2025-09-30,2025-12-31,2
EMPIRE BIDCO AB,empire ab,10,ORANGE,3,1,1,1,EMPIRE BIDCO AB,OCSL,Oaktree Capital Management,Life Sciences Tools & Services,33.932,176.526,-0.8078,9/22/2032,5.25,,False,,False,,2025-12-31,2025-12-31,1
"SLR-AMI Topco Blocker, LLC *",slr ami,10,ORANGE,3,1,1,1,"SLR-AMI Topco Blocker, LLC *",SLRC,SLR Capital Partners,Broadline Retail,24.784,49.691,-0.5012,,,,False,,False,,2025-09-30,2025-12-31,2
Blue Jay Transit Inc.,blue jay,10,YELLOW,2,1,1,1,Blue Jay Transit Inc.,MFIC,"Apollo Investment Management, L.P.",Bird Rides,23.389,24.22,-0.0343,07/31/26,15.87,,True,MFIC,False,,2025-12-31,2025-12-31,1
"KMS, LLC",kms,10,YELLOW,2,1,1,1,"KMS, LLC",MAIN,Main Street Capital (internal),,23.137,23.399,-0.0112,10/4/2026,13.96,,True,MAIN,False,,2025-09-30,2025-12-31,2
Tectura Corporation,tectura,10,ORANGE,3,1,1,1,Tectura Corporation,HTGC,Hercules Capital (internal),Consumer & Business Services,23.053,77.358,-0.702,,8.25,,False,,False,,2025-09-30,2025-12-31,2
Bolt Technology OÜ,bolt technology,10,ORANGE,3,1,1,1,Bolt Technology OÜ,OTF,Blue Owl Credit Advisors,Road & Rail,22.4752,54.796,-0.5898,,,,False,,False,,2025-09-30,2025-12-31,2
"All Web Leads, Inc.",all web,10,YELLOW,2,1,1,1,"All Web Leads, Inc.",OCSL,Oaktree Capital Management,Advertising,21.585,21.267,0.015,3/30/2026,4.54,,True,OCSL,False,,2025-09-30,2025-12-31,2
"Ideal Image Development, LLC",ideal image,10,YELLOW,2,1,1,1,"Ideal Image Development, LLC",OBDC,Blue Owl Credit Advisors,Specialty retail,20.923,22.766,-0.081,5/2026,,,True,OBDC,False,,2025-09-30,2025-12-31,2
Senneca Holdings,senneca,10,YELLOW,2,1,1,1,Senneca Holdings,GSBD,Goldman Sachs Asset Management,Building Products,20.412,19.428,0.0506,05/11/27,,,True,GSBD,False,,2025-09-30,2025-12-31,2
"Homeward, Inc.",homeward,10,ORANGE,3,1,1,1,"Homeward, Inc.",TPVG,TriplePoint Advisers,Real Estate Services,19.495,90.909,-0.7856,,,,False,,False,,2025-09-30,2025-12-31,2
"Kauffman Intermediate, LLC",kauffman,10,YELLOW,2,1,1,1,"Kauffman Intermediate, LLC",MFIC,"Apollo Investment Management, L.P.",Kauffman,18.159,19.209,-0.0547,09/30/26,10.27,,True,MFIC,False,,2025-12-31,2025-12-31,1
Nakdcom One World AB,nakdcom one,10,YELLOW,2,1,1,1,Nakdcom One World AB,TPVG,TriplePoint Advisers,Consumer Products and Services,18.023,18.599,-0.031,12/31/2026,,,True,TPVG,False,,2025-09-30,2025-12-31,2
"Brainworks Software, LLC",brainworks software,10,YELLOW,2,1,1,1,"Brainworks Software, LLC",MAIN,Main Street Capital (internal),,17.145,15.634,0.0966,7/22/2019,14.75,,True,MAIN,False,,2025-09-30,2025-12-31,2
"Abacus Data Holdings, Inc. (AbacusNext)",abacus data,10,ORANGE,3,1,1,1,"Abacus Data Holdings, Inc. (AbacusNext)",MSDL,Morgan Stanley Investment Management,Professional Services,16.806,44.808,-0.6249,,,,False,,False,,2025-09-30,2025-12-31,2
"Brex, Inc.",brex,10,ORANGE,3,1,1,1,"Brex, Inc.",OTF,Blue Owl Credit Advisors,Diversified Financial Services,16.56,158.952,-0.8958,,,,False,,False,,2025-09-30,2025-12-31,2
"Banner Buyer, LLC",banner,10,YELLOW,2,1,1,1,"Banner Buyer, LLC",MFIC,"Apollo Investment Management, L.P.",Banner Solutions,15.389,15.853,-0.0293,05/31/27,10.04,,True,MFIC,False,,2025-12-31,2025-12-31,1
TCI Buyer LLC,tci,10,ORANGE,3,1,1,1,TCI Buyer LLC,ARCC,Ares Capital Management,,14.8,34.4,-0.5698,11/2030,8.47,,False,,False,,2025-12-31,2025-12-31,1
"Red Pathway Bidco, AB",red pathway,10,ORANGE,3,1,1,1,"Red Pathway Bidco, AB",BXSL,Blackstone Credit Advisors,Professional Services (continued),14.369,98.019,-0.8534,10/15/2032,,,False,,False,,2025-12-31,2025-12-31,1
"Gulf Publishing Holdings, LLC",gulf publishing,10,YELLOW,2,1,1,1,"Gulf Publishing Holdings, LLC",MAIN,Main Street Capital (internal),,13.098,13.98,-0.0631,7/1/2027,12.5,,True,MAIN,False,,2025-09-30,2025-12-31,2
"InMoment, Inc.",inmoment,10,ORANGE,3,1,1,1,"InMoment, Inc.",TCPC,Tennenbaum Capital Partners (BlackRock),Debt Investments (continued),13.0441,19.3251,-0.325,6/8/2028,5.0,250.0,False,,True,TCPC,2025-12-31,2025-12-31,1
Simpplr Inc.,simpplr,10,ORANGE,3,1,1,1,Simpplr Inc.,TPVG,TriplePoint Advisers,Communication Software,12.766,69.097,-0.8152,,,,False,,False,,2025-09-30,2025-12-31,2
"FabFitFun, Inc.",fabfitfun,10,ORANGE,3,1,1,1,"FabFitFun, Inc.",TPVG,TriplePoint Advisers,E-Commerce - Clothing and Accessories,12.253,97.672,-0.8745,11/30/2027,,,False,,False,,2025-09-30,2025-12-31,2
"Magenta Buyer, LLC (McAfee)",magenta mcafee,10,ORANGE,3,1,1,1,"Magenta Buyer, LLC (McAfee)",TCPC,Tennenbaum Capital Partners (BlackRock),Debt Investments (continued),11.7213,18.5649,-0.3686,7/27/2028,3.06,578.5,False,,True,TCPC,2025-12-31,2025-12-31,1
"Octagon Investment Partners XV, Ltd.",octagon investment,10,ORANGE,3,1,1,1,"Octagon Investment Partners XV, Ltd.",PSEC,Prospect Capital Management,Structured Finance,10.154,20.744,-0.5105,7/19/2030,0.0,,False,,False,,2025-09-30,2025-12-31,2
"Simeio Group Holdings, Inc.",simeio group,10,YELLOW,2,1,1,1,"Simeio Group Holdings, Inc.",MFIC,"Apollo Investment Management, L.P.",Simeio,8.991,9.012,-0.0023,02/02/26,11.06,,True,MFIC,False,,2025-12-31,2025-12-31,1
Munson Buffalo Restaurant Group LLC,munson buffalo,10,YELLOW,2,1,1,1,Munson Buffalo Restaurant Group LLC,MFIC,"Apollo Investment Management, L.P.",Munson,8.856,8.961,-0.0117,05/31/29,10.43,,True,MFIC,False,,2025-12-31,2025-12-31,1
Ospemifene Royalty Sub LLC,ospemifene royalty,10,YELLOW,2,1,1,1,Ospemifene Royalty Sub LLC,MAIN,Main Street Capital (internal),,8.746,8.746,0.0,11/15/2026,,,True,MAIN,False,,2025-09-30,2025-12-31,2
"Research Now Group, LLC and Dynata, LLC",research now,10,ORANGE,3,1,1,1,"Research Now Group, LLC and Dynata, LLC",PSEC,Prospect Capital Management,IT Services,7.7823,17.699,-0.5603,7/15/2028,9.64,547.7,False,,False,,2025-09-30,2025-12-31,2
Brook Bidco,brook,10,ORANGE,3,1,1,1,Brook Bidco,BCSF,Bain Capital Credit,Services: Business,7.501,11.361,-0.3398,7/10/2028,1.88,,False,,True,BCSF,2025-09-30,2025-09-30,1
"Suited Connector, LLC",suited connector,10,ORANGE,3,1,1,1,"Suited Connector, LLC",TCPC,Tennenbaum Capital Partners (BlackRock),Internet Software and Services,7.1045,12.7656,-0.4435,12/1/2027,6.52,186.6,False,,True,TCPC,2025-12-31,2025-12-31,1
Continental Battery Company,continental battery,10,ORANGE,3,1,1,1,Continental Battery Company,MSDL,Morgan Stanley Investment Management,Automobile Components,6.415,14.231,-0.5492,,,,False,,False,,2025-09-30,2025-12-31,2
"Hibercell, Inc.",hibercell,10,ORANGE,3,1,1,1,"Hibercell, Inc.",HTGC,Hercules Capital (internal),Drug Discovery & Development,5.299,13.255,-0.6002,,5.4,540.0,False,,False,,2025-09-30,2025-12-31,2
"Clarius BIGS, LLC",clarius bigs,10,YELLOW,2,1,1,1,"Clarius BIGS, LLC",MAIN,Main Street Capital (internal),,5.277,5.277,0.0,1/5/2015,,,True,MAIN,False,,2025-09-30,2025-12-31,2
"Nylas, Inc.",nylas,10,ORANGE,3,1,1,1,"Nylas, Inc.",OTF,Blue Owl Credit Advisors,Application Software,5.253,15.009,-0.65,,,,False,,False,,2025-09-30,2025-12-31,2
"Pet Holdings, Inc. (Brightpet)",pet brightpet,10,ORANGE,3,1,1,1,"Pet Holdings, Inc. (Brightpet)",MSDL,Morgan Stanley Investment Management,Food Products,5.054,19.556,-0.7416,,,,False,,False,,2025-09-30,2025-12-31,2
"HomeRenew Buyer, Inc.",homerenew,10,YELLOW,2,1,1,1,"HomeRenew Buyer, Inc.",MFIC,"Apollo Investment Management, L.P.",Renovo,4.669,4.804,-0.0281,04/14/30,11.01,,True,MFIC,False,,2025-12-31,2025-12-31,1
"Nextdoor.com, Inc.",nextdoor com,10,ORANGE,3,1,1,1,"Nextdoor.com, Inc.",HTGC,Hercules Capital (internal),Equity Investments,4.556,9.708,-0.5307,,,,False,,False,,2025-09-30,2025-12-31,2
"Monterey Financing, S.à r.l.",monterey financing,10,ORANGE,3,1,1,1,"Monterey Financing, S.à r.l.",BXSL,Blackstone Credit Advisors,IT Services (continued),4.381,26.02,-0.8316,9/28/2029,,,False,,False,,2025-12-31,2025-12-31,1
"Valo Health, LLC",valo health,10,ORANGE,3,1,1,1,"Valo Health, LLC",HTGC,Hercules Capital (internal),Drug Discovery & Development,4.218,8.512,-0.5045,,,,False,,False,,2025-09-30,2025-12-31,2
"Shelby Co-invest, LP (Spectrum Automotive)",shelby invest,10,ORANGE,3,1,1,1,"Shelby Co-invest, LP (Spectrum Automotive)",MSDL,Morgan Stanley Investment Management,Automobile Components,4.197,10.2,-0.5885,,,,False,,False,,2025-09-30,2025-12-31,2
"InMobi, Inc. (Singapore)",inmobi singapore,10,ORANGE,3,1,1,1,"InMobi, Inc. (Singapore)",TCPC,Tennenbaum Capital Partners (BlackRock),Equity Securities (continued),3.4251,7.7778,-0.5596,,,,False,,False,,2025-12-31,2025-12-31,1
"Lyft, Inc.",lyft,10,ORANGE,3,1,1,1,"Lyft, Inc.",HTGC,Hercules Capital (internal),Consumer & Business Services,3.25,10.526,-0.6912,,,,False,,False,,2025-09-30,2025-12-31,2
"Black Crow AI, Inc. affiliates",black crow,10,ORANGE,3,1,1,1,"Black Crow AI, Inc. affiliates",HTGC,Hercules Capital (internal),Equity Investments,2.406,5.252,-0.5419,,,,False,,False,,2025-09-30,2025-12-31,2
NCWS Holdings LP,ncws,10,ORANGE,3,1,1,1,NCWS Holdings LP,ARCC,Ares Capital Management,,2.3,12.9,-0.8217,,,,False,,False,,2025-09-30,2025-12-31,2
"SiroMed Equity Holdings, LLC",siromed equity,10,ORANGE,3,1,1,1,"SiroMed Equity Holdings, LLC",ARCC,Ares Capital Management,,2.3,4.8,-0.5208,,,,False,,False,,2025-09-30,2025-12-31,2
"Pivot Bio, Inc.",pivot bio,10,ORANGE,3,1,1,1,"Pivot Bio, Inc.",HTGC,Hercules Capital (internal),Sustainable and Renewable Technology,2.282,9.0,-0.7464,,,,False,,False,,2025-09-30,2025-12-31,2
"Cobepa BlueSky Aggregator, SCSp",cobepa bluesky,10,YELLOW,2,1,1,1,"Cobepa BlueSky Aggregator, SCSp",GBDC,GC Advisors,Biotechnology,2.0,0.228,7.7719,12/2021,,,True,GBDC,False,,2025-09-30,2025-12-31,2
PathGroup,pathgroup,10,YELLOW,2,1,1,1,PathGroup,OBDC,Blue Owl Credit Advisors,,1.96,2.248,-0.1281,5/2028,,,True,OBDC,False,,2025-09-30,2025-12-31,2
"ADT Pizza, LLC",adt pizza,10,ORANGE,3,1,1,1,"ADT Pizza, LLC",BCSF,Bain Capital Credit,Aerospace & Defense,1.658,3.372,-0.5083,,,,False,,False,,2025-09-30,2025-09-30,1
"Community Brands ParentCo, LLC",community brands parentco,10,ORANGE,3,1,1,1,"Community Brands ParentCo, LLC",ARCC,Ares Capital Management,,1.5,5.0,-0.7,,,,False,,False,,2025-09-30,2025-12-31,2
"Standard Bots, Inc.",standard bots,10,ORANGE,3,1,1,1,"Standard Bots, Inc.",TPVG,TriplePoint Advisers,Computer Hardware,0.99,5.827,-0.8301,,,,False,,False,,2025-12-31,2025-12-31,1
"Better Life Health, Inc.",better life,10,ORANGE,3,1,1,1,"Better Life Health, Inc.",TPVG,TriplePoint Advisers,Healthcare Technology Systems,0.927,4.261,-0.7824,,,,False,,False,,2025-12-31,2025-12-31,1
"Ventiv Holdco, Inc.",ventiv,10,ORANGE,3,1,1,1,"Ventiv Holdco, Inc.",BCSF,Bain Capital Credit,High Tech Industries,0.909,2.833,-0.6791,,,,False,,False,,2025-09-30,2025-09-30,1
"Foursquare Labs, Inc.",foursquare labs,10,ORANGE,3,1,1,1,"Foursquare Labs, Inc.",TCPC,Tennenbaum Capital Partners (BlackRock),Equity Securities (continued),0.5952,4.375,-0.864,,,,False,,False,,2025-12-31,2025-12-31,1
"HilleVax, Inc.",hillevax,10,ORANGE,3,1,1,1,"HilleVax, Inc.",HTGC,Hercules Capital (internal),Drug Discovery & Development,0.487,4.0,-0.8782,,,,False,,False,,2025-09-30,2025-12-31,2
"East BCC Coinvest II, LLC",east bcc coinvest,10,ORANGE,3,1,1,1,"East BCC Coinvest II, LLC",BCSF,Bain Capital Credit,Capital Equipment,0.463,1.229,-0.6233,,,,False,,False,,2025-09-30,2025-09-30,1
Oportun,oportun,10,ORANGE,3,1,1,1,Oportun,HTGC,Hercules Capital (internal),Consumer & Business Services,0.444,1.154,-0.6153,,,,False,,False,,2025-09-30,2025-12-31,2
Hellers,hellers,10,ORANGE,3,1,1,1,Hellers,BCSF,Bain Capital Credit,Automotive,0.377,0.608,-0.3799,9/27/2030,13.1,,False,,True,BCSF,2025-09-30,2025-09-30,1
Sparkstone Electrical Group,sparkstone electrical,10,ORANGE,3,1,1,1,Sparkstone Electrical Group,MSDL,Morgan Stanley Investment Management,Electrical Equipment,0.3,1.65,-0.8182,,,,False,,False,,2025-09-30,2025-12-31,2
"MacroFab, Inc.",macrofab,10,ORANGE,3,1,1,1,"MacroFab, Inc.",HTGC,Hercules Capital (internal),Manufacturing Technology,0.291,1.056,-0.7244,,,,False,,False,,2025-09-30,2025-12-31,2
"Demandbase, Inc.",demandbase,10,ORANGE,3,1,1,1,"Demandbase, Inc.",HTGC,Hercules Capital (internal),Warrant Investments,0.275,1.09,-0.7477,,,,False,,False,,2025-09-30,2025-12-31,2
"ECP Parent, LLC",ecp,10,ORANGE,3,1,1,1,"ECP Parent, LLC",CGBD,Carlyle Investment Management,Healthcare & Pharmaceuticals,0.213,0.536,-0.6026,,,,False,,False,,2025-12-31,2025-12-31,1
"Cellarity, Inc.",cellarity,10,ORANGE,3,1,1,1,"Cellarity, Inc.",HTGC,Hercules Capital (internal),Drug Discovery & Development,0.168,0.574,-0.7073,,,,False,,False,,2025-09-30,2025-12-31,2
"Quora, Inc.",quora,10,ORANGE,3,1,1,1,"Quora, Inc.",TCPC,Tennenbaum Capital Partners (BlackRock),Media,0.1147,1.0154,-0.887,,,,False,,False,,2025-12-31,2025-12-31,1
"Lightbend, Inc.",lightbend,10,ORANGE,3,1,1,1,"Lightbend, Inc.",HTGC,Hercules Capital (internal),,0.107,0.792,-0.8649,,,,False,,False,,2025-09-30,2025-12-31,2
"BSP-TS, LP",bsp ts,10,ORANGE,3,1,1,1,"BSP-TS, LP",MFIC,"Apollo Investment Management, L.P.",Thomas Scientific,0.068,0.21,-0.6762,,,,False,,False,,2025-12-31,2025-12-31,1
"Seres Therapeutics, Inc.",seres therapeutics,10,ORANGE,3,1,1,1,"Seres Therapeutics, Inc.",OCSL,Oaktree Capital Management,Biotechnology,0.042,0.364,-0.8846,,,,False,,False,,2025-09-30,2025-12-31,2
"First Insight, Inc.",first insight,10,ORANGE,3,1,1,1,"First Insight, Inc.",HTGC,Hercules Capital (internal),Warrant Investments,0.034,0.192,-0.8229,,,,False,,False,,2025-09-30,2025-12-31,2
"908 Devices, Inc.",devices,10,ORANGE,3,1,1,1,"908 Devices, Inc.",HTGC,Hercules Capital (internal),Electronics & Computer Hardware,0.031,0.202,-0.8465,,,,False,,False,,2025-09-30,2025-12-31,2
"Looking Glass Investments, LLC",looking glass,10,ORANGE,3,1,1,1,"Looking Glass Investments, LLC",MAIN,Main Street Capital (internal),,0.025,0.125,-0.8,,,,False,,False,,2025-12-31,2025-12-31,1
"Assertio Holdings, Inc. *",assertio,10,ORANGE,3,1,1,1,"Assertio Holdings, Inc. *",SLRC,SLR Capital Partners,Pharmaceuticals,0.019,0.102,-0.8137,,,,False,,False,,2025-09-30,2025-12-31,2
"Lendio, Inc.",lendio,10,ORANGE,3,1,1,1,"Lendio, Inc.",HTGC,Hercules Capital (internal),Consumer & Business Services,0.017,0.078,-0.7821,,,,False,,False,,2025-09-30,2025-12-31,2
Signal Media Limited,signal media,10,ORANGE,3,1,1,1,Signal Media Limited,HTGC,Hercules Capital (internal),Information Services,0.013,0.114,-0.886,,,,False,,False,,2025-09-30,2025-12-31,2
"Alita Care, LLC",alita care,10,YELLOW,2,1,1,1,"Alita Care, LLC",ARCC,Ares Capital Management,,0.0,4.4,-1.0,03/2027,,,True,ARCC,False,,2025-09-30,2025-12-31,2
Legends Hospitality LLC,legends hospitality,9,YELLOW,1,3,4,4,"Legends Hospitality Holding Company, LLC, Legends Hospitality Holding Company, LLC, ASM Buyer, Inc., Legends ASM Holdco I, LLC, and Stadium Coinvest -III, L.P., Legends Hospitality LLC","ARCC, FSK, GSBD, OCSL","Ares Capital Management, FS/KKR Advisor, Goldman Sachs Asset Management, Oaktree Capital Management",Consumer Services,296.722,439.199,-0.3244,8/22/30,4.97,,False,,True,"ARCC, FSK",2025-09-30,2025-12-31,2
Chase Intermediate*,chase,9,YELLOW,1,3,3,3,"Chase Corp, Chase Intermediate, Chase Intermediate*","GBDC, GSBD, MSDL","GC Advisors, Goldman Sachs Asset Management, Morgan Stanley Investment Management",Containers & Packaging,124.737,124.022,0.0058,11/15/29,10.27,,False,,False,,2025-09-30,2025-12-31,2
"Northwinds Holding, Inc.",northwinds,9,YELLOW,2,3,2,2,"Northwinds Holding, Inc., Northwinds Services Group, LLC, Northwinds Topco, Inc.","ARCC, PNNT","Ares Capital Management, PennantPark Investment Advisers",Consumer Services,95.111,96.474,-0.0141,05/2029,10.74,,False,,True,PNNT,2025-09-30,2025-12-31,2
"Redwood Services Group, LLC",redwood services,9,YELLOW,2,2,3,3,"Redwood Services Group, LLC, Redwood Services LP","ARCC, BXSL, MSDL","Ares Capital Management, Blackstone Credit Advisors, Morgan Stanley Investment Management",IT Services (continued),333.092,358.117,-0.0699,6/15/2029,8.42,,False,,False,,2025-09-30,2025-12-31,2
"Exigo, LLC",exigo,9,YELLOW,1,2,3,2,"Exigo Intermediate II, LLC, Exigo, LLC","PFLT, PNNT, SCM","PennantPark Investment Advisers, Stellus Capital Management",Business Services,102.463,107.188,-0.0441,03/15/27,10.29,,False,,False,,2025-09-30,2025-12-31,2
Lucky US BuyerCo LLC,lucky us,9,YELLOW,2,2,2,2,"Lucky US BuyerCo LLC, Lucky US BuyerCo, LLC (Global Payments)","PSEC, TCPC","Prospect Capital Management, Tennenbaum Capital Partners (BlackRock)",Financial Services,60.6974,107.5183,-0.4355,3/30/2029,8.83,750.0,False,,False,,2025-09-30,2025-12-31,2
"Thermostat Purchaser III, Inc.",thermostat iii,9,YELLOW,2,2,2,2,"Thermostat Purchaser III, Inc., Thermostat Purchaser III, Inc. (Reedy Industries)","ARCC, TCPC","Ares Capital Management, Tennenbaum Capital Partners (BlackRock)",Commercial Services & Supplies,43.7662,66.3441,-0.3403,08/2028,9.34,,False,,False,,2025-09-30,2025-12-31,2
DOC Generici Srl,doc generici,9,YELLOW,2,2,2,2,"DOC Generici Srl, Doc Generici (Diocle S.p.A.)","BXSL, FSK","Blackstone Credit Advisors, FS/KKR Advisor",Pharmaceuticals,15.52,15.458,0.004,10/27/28,,,False,,False,,2025-09-30,2025-12-31,2
Adonis Bidco Inc.,adonis,9,YELLOW,2,2,1,1,"Adonis Acquisition Holdings LLC, Adonis Bidco Inc.",ARCC,Ares Capital Management,Software and Services,295.3,315.3,-0.0634,02/2030,9.4,,False,,True,ARCC,2025-09-30,2025-12-31,2
SLR Equipment Finance Equity Interests *,slr equipment,9,YELLOW,2,2,1,1,"SLR Equipment Finance, SLR Equipment Finance Equity Interests *",SLRC,SLR Capital Partners,Multi-Sector Holdings,214.1,301.5,-0.2899,12/1/2025,8.5,,False,,False,,2025-09-30,2025-12-31,2
"Upstream Holdco, Inc.",upstream,9,YELLOW,2,2,1,1,"Upstream Holdco, Inc., Upstream Newco, Inc.",PSEC,Prospect Capital Management,Health Care Providers & Services,73.5162,101.334,-0.2745,11/20/2027,13.1,901.7,False,,True,PSEC,2025-09-30,2025-12-31,2
"BCC Jetstream Holdings Aviation (Off I), LLC",bcc jetstream,9,YELLOW,2,2,1,1,"BCC Jetstream Holdings Aviation (Off I), LLC, BCC Jetstream Holdings Aviation (On II), LLC",BCSF,Bain Capital Credit,Aerospace & Defense,13.949,19.875,-0.2982,,,,False,,False,,2025-09-30,2025-09-30,1
"Blackhawk Network Holdings, Inc.",blackhawk network,9,YELLOW,2,1,3,2,"Blackhawk Network Holdings, Inc.","OBDC, OCSL, OTF","Blue Owl Credit Advisors, Oaktree Capital Management",Financial services,241.405,239.86,0.0064,3/12/2029,4.0,,False,,False,,2025-09-30,2025-12-31,2
Aurelia Netherlands B.V.,aurelia netherlands,9,YELLOW,2,1,3,2,Aurelia Netherlands B.V.,"OBDC, OCSL, OTF","Blue Owl Credit Advisors, Oaktree Capital Management",Business services,234.373,219.644,0.0671,5/2031,4.75,,False,,False,,2025-09-30,2025-12-31,2
Smartsheet Inc.,smartsheet,9,YELLOW,2,1,3,2,Smartsheet Inc.,"HTGC, OBDC, OTF","Blue Owl Credit Advisors, Hercules Capital (internal)",Application Software,193.662,193.169,0.0026,1/2031,6.5,650.0,False,,False,,2025-09-30,2025-12-31,2
By Light Professional IT Services LLC,by light,9,YELLOW,2,1,3,2,By Light Professional IT Services LLC,"OBDC, PFLT, PNNT","Blue Owl Credit Advisors, PennantPark Investment Advisers",High Tech Industries,135.95,144.436,-0.0588,7/2031,9.29,,False,,False,,2025-09-30,2025-12-31,2
"PerkinElmer U.S., LLC",perkinelmer us,9,YELLOW,2,1,3,2,"PerkinElmer U.S., LLC","MSDL, OBDC, OTF","Blue Owl Credit Advisors, Morgan Stanley Investment Management",Health Care Equipment & Supplies,132.296,131.99,0.0023,3/2029,,,False,,False,,2025-09-30,2025-12-31,2
"Covetrus, Inc.",covetrus,9,YELLOW,2,1,3,2,"Covetrus, Inc.","OBDC, OCSL, OTF","Blue Owl Credit Advisors, Oaktree Capital Management",Healthcare providers and services,106.945,107.838,-0.0083,10/13/2029,5.0,,False,,False,,2025-09-30,2025-12-31,2
"Securonix, Inc.",securonix,9,YELLOW,2,1,3,2,"Securonix, Inc.","MSDL, OBDC, OTF","Blue Owl Credit Advisors, Morgan Stanley Investment Management",,102.122,104.021,-0.0183,4/2028,,,False,,False,,2025-09-30,2025-12-31,2
"SailPoint Technologies Holdings, Inc.",sailpoint technologies,9,YELLOW,2,1,3,2,"SailPoint Technologies Holdings, Inc.","OBDC, OTF, TCPC","Blue Owl Credit Advisors, Tennenbaum Capital Partners (BlackRock)",Debt Investments (continued),62.2319,62.1506,0.0013,8/2029,6.0,,False,,False,,2025-09-30,2025-12-31,2
Armstrong Bidco Limited,armstrong,9,YELLOW,2,1,3,2,Armstrong Bidco Limited,"GBDC, OBDC, OTF","Blue Owl Credit Advisors, GC Advisors",Software,25.416,23.552,0.0791,6/2029,,,False,,False,,2025-09-30,2025-12-31,2
BCPE North Star US Holdco 2 Inc,bcpe north,9,YELLOW,2,1,2,2,BCPE North Star US Holdco 2 Inc,"OCSL, PSEC","Oaktree Capital Management, Prospect Capital Management",Packaged Foods & Meats,336.556,408.145,-0.1754,6/9/2028,11.4,725.0,False,,False,,2025-09-30,2025-12-31,2
Harris & Co. LLC,harris,9,YELLOW,2,1,2,1,Harris & Co. LLC,"PFLT, PNNT",PennantPark Investment Advisers,Professional Services,278.916,352.562,-0.2089,08/09/30,8.92,,False,,False,,2025-09-30,2025-12-31,2
"Severin Acquisition, LLC",severin,9,YELLOW,2,1,2,2,"Severin Acquisition, LLC","ARCC, GBDC","Ares Capital Management, GC Advisors",,215.15,217.196,-0.0094,10/2031,8.47,,False,,True,"ARCC, GBDC",2025-09-30,2025-12-31,2
Titan BW Borrower L.P.,titan bw,9,YELLOW,2,1,2,2,Titan BW Borrower L.P.,"ARCC, GBDC","Ares Capital Management, GC Advisors",Aerospace & Defense,174.681,175.979,-0.0074,07/2032,9.25,,False,,True,"ARCC, GBDC",2025-09-30,2025-12-31,2
"Commercial Fire Protection Holdings, LLC",commercial fire,9,YELLOW,2,1,2,1,"Commercial Fire Protection Holdings, LLC","PFLT, PNNT",PennantPark Investment Advisers,Commercial Services & Supplies,163.703,204.42,-0.1992,09/23/30,8.32,,False,,False,,2025-09-30,2025-12-31,2
"MOREgroup Holdings, Inc.",moregroup,9,YELLOW,2,1,2,1,"MOREgroup Holdings, Inc.","PFLT, PNNT",PennantPark Investment Advisers,Construction & Engineering,129.304,155.242,-0.1671,01/16/30,9.07,,False,,False,,2025-09-30,2025-12-31,2
"Omnia Exterior Solutions, LLC",omnia exterior,9,YELLOW,2,1,2,1,"Omnia Exterior Solutions, LLC","PFLT, PNNT",PennantPark Investment Advisers,Diversified Consumer Services,125.653,156.896,-0.1991,12/29/29,9.09,,False,,False,,2025-09-30,2025-12-31,2
"Superman Holdings, LLC",superman,9,YELLOW,2,1,2,2,"Superman Holdings, LLC","ARCC, MSDL","Ares Capital Management, Morgan Stanley Investment Management",Construction & Engineering,121.289,147.51,-0.1778,08/2031,8.17,,False,,False,,2025-09-30,2025-12-31,2
"Harness, Inc.",harness,9,YELLOW,2,1,2,2,"Harness, Inc.","HTGC, OTF","Blue Owl Credit Advisors, Hercules Capital (internal)",Sustainable and Renewable Technology,102.679,76.393,0.3441,,2.25,,False,,True,HTGC,2025-09-30,2025-12-31,2
"Archer Lewis, LLC",archer lewis,9,YELLOW,2,1,2,1,"Archer Lewis, LLC","PFLT, PNNT",PennantPark Investment Advisers,Healthcare Technology,91.364,113.604,-0.1958,08/28/29,9.57,,False,,False,,2025-09-30,2025-12-31,2
"Kinetic Purchaser, LLC",kinetic,9,YELLOW,2,1,2,1,"Kinetic Purchaser, LLC","PFLT, PNNT",PennantPark Investment Advisers,Personal Products,90.235,113.317,-0.2037,11/10/27,9.99,,False,,False,,2025-09-30,2025-12-31,2
Wineshipping.com LLC,wineshipping com,9,YELLOW,2,1,2,2,Wineshipping.com LLC,"CGBD, GBDC","Carlyle Investment Management, GC Advisors",Beverage & Food,89.65,95.606,-0.0623,10/29/2027,,,False,,True,GBDC,2025-09-30,2025-12-31,2
"Pave America Holding, LLC",pave america,9,YELLOW,2,1,2,2,"Pave America Holding, LLC","ARCC, BXSL","Ares Capital Management, Blackstone Credit Advisors",Construction & Engineering,70.206,70.521,-0.0045,08/2032,8.9,,False,,True,ARCC,2025-09-30,2025-12-31,2
Sisense Ltd.,sisense,9,YELLOW,2,1,2,2,Sisense Ltd.,"HTGC, TPVG","Hercules Capital (internal), TriplePoint Advisers",Warrant Investments,65.327,66.314,-0.0149,,1.5,150.0,False,,True,HTGC,2025-09-30,2025-12-31,2
"Dynata, LLC",dynata,9,YELLOW,2,1,2,1,"Dynata, LLC","PFLT, PNNT",PennantPark Investment Advisers,Business Services,56.993,74.478,-0.2348,07/17/28,9.73,,False,,False,,2025-09-30,2025-12-31,2
"Chase Industries, Inc.",chase industries,9,YELLOW,2,1,2,2,"Chase Industries, Inc.","BCSF, GBDC","Bain Capital Credit, GC Advisors",Construction & Building,45.392,46.056,-0.0144,11/11/2027,5.65,,False,,True,"BCSF, GBDC",2025-09-30,2025-12-31,2
"APT OPCO, LLC",apt opco,9,YELLOW,2,1,2,1,"APT OPCO, LLC","PFLT, PNNT",PennantPark Investment Advisers,Healthcare Providers and Services,45.287,53.311,-0.1505,09/30/31,8.67,,False,,False,,2025-09-30,2025-12-31,2
"Vertex Service Partners, LLC",vertex service,9,YELLOW,2,1,2,2,"Vertex Service Partners, LLC","ARCC, MSDL","Ares Capital Management, Morgan Stanley Investment Management",,44.796,29.633,0.5117,11/2030,9.67,,False,,True,ARCC,2025-09-30,2025-12-31,2
Applitools,applitools,9,YELLOW,2,1,2,2,Applitools,"BCSF, MSDL","Bain Capital Credit, Morgan Stanley Investment Management",High Tech Industries,42.213,42.813,-0.014,5/25/2028,6.25,,False,,True,BCSF,2025-09-30,2025-12-31,2
"Peninsula Pacific Entertainment, LLC",peninsula pacific,9,YELLOW,2,1,2,1,"Peninsula Pacific Entertainment, LLC","PFLT, PNNT",PennantPark Investment Advisers,Gaming,40.554,49.597,-0.1823,08/25/2027,,,False,,False,,2025-09-30,2025-12-31,2
"Penta Group Holdings, Inc.",penta group,9,YELLOW,2,1,2,1,"Penta Group Holdings, Inc.","PFLT, PNNT",PennantPark Investment Advisers,Professional Services,37.753,46.602,-0.1899,7/31/2025,8.81,,False,,False,,2025-09-30,2025-12-31,2
"EMB Purchaser, Inc.",emb,9,YELLOW,2,1,2,2,"EMB Purchaser, Inc.","ARCC, BXSL","Ares Capital Management, Blackstone Credit Advisors",Commercial Services & Supplies,37.03,45.176,-0.1803,3/12/2032,8.3,,False,,False,,2025-09-30,2025-12-31,2
"Skydio, Inc.",skydio,9,YELLOW,2,1,2,2,"Skydio, Inc.","HTGC, TCPC","Hercules Capital (internal), Tennenbaum Capital Partners (BlackRock)",Electronics & Computer Hardware,34.9258,37.2193,-0.0616,12/4/2029,3.2,275.0,False,,True,TCPC,2025-09-30,2025-12-31,2
"Graffiti Buyer, Inc.",graffiti,9,YELLOW,2,1,2,1,"Graffiti Buyer, Inc.","PFLT, PNNT",PennantPark Investment Advisers,Trading Companies & Distributors,26.395,33.408,-0.2099,08/10/27,9.61,,False,,False,,2025-09-30,2025-12-31,2
"Dragos, Inc.",dragos,9,YELLOW,2,1,2,2,"Dragos, Inc.","HTGC, TCPC","Hercules Capital (internal), Tennenbaum Capital Partners (BlackRock)",Sustainable and Renewable Technology,17.973,19.1215,-0.0601,6/30/2030,2.73,200.0,False,,True,HTGC,2025-09-30,2025-12-31,2
"PN Buyer, Inc.",pn,9,YELLOW,2,1,2,1,"PN Buyer, Inc.","PFLT, PNNT",PennantPark Investment Advisers,Professional Services,14.681,17.544,-0.1632,07/31/31,8.17,,False,,False,,2025-12-31,2025-12-31,1
"DX Electric Company, LLC",dx electric,9,YELLOW,2,1,2,1,"DX Electric Company, LLC","PFLT, PNNT",PennantPark Investment Advisers,"Electronic Equipment, Instruments, and Components",14.006,16.507,-0.1515,10/01/31,8.92,,False,,False,,2025-12-31,2025-12-31,1
SCIH Salt Holdings Inc.,scih salt,9,YELLOW,2,1,2,2,SCIH Salt Holdings Inc.,"ARCC, OCSL","Ares Capital Management, Oaktree Capital Management",Diversified Chemicals,8.845,10.72,-0.1749,11/2028,3.3,,False,,False,,2025-09-30,2025-12-31,2
"Corza Health, Inc.",corza health,9,YELLOW,2,1,1,1,"Corza Health, Inc.",OBDC,Blue Owl Credit Advisors,Healthcare equipment and services,308.777,305.653,0.0102,1/2028,,,True,OBDC,False,,2025-09-30,2025-12-31,2
"Echelon Transportation, LLC",echelon transportation,9,YELLOW,2,1,1,1,"Echelon Transportation, LLC",PSEC,Prospect Capital Management,Trading Companies & Distributors,171.664,310.779,-0.4476,12/7/2026,6.0,,False,,False,,2025-09-30,2025-12-31,2
"Interventional Management Services, LLC",interventional management,9,YELLOW,2,1,1,1,"Interventional Management Services, LLC",PSEC,Prospect Capital Management,Health Care Providers & Services,147.4502,280.073,-0.4735,2/20/2026,13.23,900.0,False,,False,,2025-09-30,2025-12-31,2
"Watterson Brands, LLC",watterson brands,9,YELLOW,2,1,1,1,"Watterson Brands, LLC",MAIN,Main Street Capital (internal),,116.109,128.261,-0.0947,,12.0,,True,MAIN,False,,2025-09-30,2025-12-31,2
Vitamin Well,vitamin well,9,YELLOW,2,1,1,1,Vitamin Well,OBDC,Blue Owl Credit Advisors,Food and beverage,111.3382,110.342,0.009,10/2030,,,True,OBDC,False,,2025-09-30,2025-12-31,2
"SIO2 Medical Products, Inc.",sio2 medical,9,YELLOW,2,1,1,1,"SIO2 Medical Products, Inc.",OCSL,Oaktree Capital Management,"Metal, Glass & Plastic Containers",102.704,59.604,0.7231,8/3/2028,,,True,OCSL,False,,2025-09-30,2025-12-31,2
"Eze Castle Integration, Inc.",eze castle,9,YELLOW,2,1,1,1,"Eze Castle Integration, Inc.",PSEC,Prospect Capital Management,Software,101.846,195.988,-0.4803,1/15/2027,11.34,712.6,False,,False,,2025-09-30,2025-12-31,2
Rosa Mexicano,rosa mexicano,9,YELLOW,2,1,1,1,Rosa Mexicano,PSEC,Prospect Capital Management,"Hotels, Restaurants & Leisure",66.1994,125.949,-0.4744,6/13/2026,16.0,,False,,False,,2025-09-30,2025-12-31,2
"Jerry Services, Inc.",jerry services,9,YELLOW,2,1,1,1,"Jerry Services, Inc.",TPVG,TriplePoint Advisers,Other Financial Services,62.652,120.109,-0.4784,9/30/2025,,,False,,False,,2025-09-30,2025-12-31,2
Trillium Flow Technologies,trillium flow,9,YELLOW,2,1,1,1,Trillium Flow Technologies,OBDC,Blue Owl Credit Advisors,Manufacturing,55.418,55.095,0.0059,12/2029,,,True,OBDC,False,,2025-09-30,2025-12-31,2
"WHCG Purchaser III, Inc.",whcg iii,9,YELLOW,2,1,1,1,"WHCG Purchaser III, Inc.",BXSL,Blackstone Credit Advisors,Health Care Providers & Services (continued),54.599,53.656,0.0176,6/30/2029,,,True,BXSL,False,,2025-12-31,2025-12-31,1
RW AM Holdco LLC,rw am,9,YELLOW,2,1,1,1,RW AM Holdco LLC,GBDC,GC Advisors,,46.084,47.226,-0.0242,,,,True,GBDC,False,,2025-09-30,2025-12-31,2
"Buca C, LLC",buca c,9,YELLOW,2,1,1,1,"Buca C, LLC",MAIN,Main Street Capital (internal),,38.85,24.404,0.592,,13.1,,True,MAIN,False,,2025-09-30,2025-12-31,2
"Julie Lindsey, Inc.",julie lindsey,9,YELLOW,2,1,1,1,"Julie Lindsey, Inc.",PSEC,Prospect Capital Management,"Textiles, Apparel & Luxury Goods",38.2012,76.4,-0.5,7/27/2027,,,False,,False,,2025-09-30,2025-12-31,2
"Tall Tree Foods, Inc.",tall tree,9,YELLOW,2,1,1,1,"Tall Tree Foods, Inc.",OBDC,Blue Owl Credit Advisors,,33.395,48.964,-0.318,3/2025,,,False,,False,,2025-09-30,2025-12-31,2
"Rigel Pharmaceuticals, Inc.",rigel pharmaceuticals,9,YELLOW,2,1,1,1,"Rigel Pharmaceuticals, Inc.",MFIC,"Apollo Investment Management, L.P.",Rigel Pharmaceuticals,31.505,59.3,-0.4687,09/01/27,4.0,,False,,False,,2025-12-31,2025-12-31,1
"Bayside OPCP, LLC",bayside opcp,9,YELLOW,2,1,1,1,"Bayside OPCP, LLC",CGBD,Carlyle Investment Management,Healthcare & Pharmaceuticals,30.813,48.882,-0.3696,5/31/2026,,,False,,False,,2025-09-30,2025-12-31,2
"NRP Jones, LLC",nrp jones,9,YELLOW,2,1,1,1,"NRP Jones, LLC",MAIN,Main Street Capital (internal),,17.444,15.362,0.1355,9/18/2028,12.0,,True,MAIN,False,,2025-09-30,2025-12-31,2
"Jeg's Automotive, LLC",jeg s,9,YELLOW,2,1,1,1,"Jeg's Automotive, LLC",CGBD,Carlyle Investment Management,Auto Aftermarket & Services,15.252,14.61,0.0439,12/31/2029,,,True,CGBD,False,,2025-09-30,2025-12-31,2
MA Micro Limited,ma micro,9,YELLOW,2,1,1,1,MA Micro Limited,TPVG,TriplePoint Advisers,Consumer Products and Services,11.856,21.364,-0.445,12/31/2026,,,False,,False,,2025-09-30,2025-12-31,2
"Panorama Education, Inc.",panorama education,9,YELLOW,2,1,1,1,"Panorama Education, Inc.",TPVG,TriplePoint Advisers,Educational/Training Software,11.807,18.055,-0.3461,7/31/2026,,,False,,False,,2025-09-30,2025-12-31,2
"Long Term Care Group, Inc.",long term,9,YELLOW,2,1,1,1,"Long Term Care Group, Inc.",MSDL,Morgan Stanley Investment Management,Insurance Services,10.762,10.851,-0.0082,,,,True,MSDL,False,,2025-09-30,2025-12-31,2
Plasma Buyer LLC,plasma,9,YELLOW,2,1,1,1,Plasma Buyer LLC,GBDC,GC Advisors,,8.224,8.811,-0.0666,,,,True,GBDC,False,,2025-09-30,2025-12-31,2
"Centerline Communications, LLC",centerline communications,9,YELLOW,2,1,1,1,"Centerline Communications, LLC",OCSL,Oaktree Capital Management,Wireless Telecommunication Services,7.13,13.631,-0.4769,8/10/2027,6.0,,False,,False,,2025-09-30,2025-12-31,2
"TI Intermediate Holdings, LLC",ti,9,YELLOW,2,1,1,1,"TI Intermediate Holdings, LLC",GBDC,GC Advisors,,6.903,6.915,-0.0017,,,,True,GBDC,False,,2025-09-30,2025-12-31,2
"Fuse, LLC",fuse,9,YELLOW,2,1,1,1,"Fuse, LLC",MAIN,Main Street Capital (internal),,5.131,7.752,-0.3381,12/31/2026,12.0,,False,,False,,2025-09-30,2025-12-31,2
"Dollfus Mieg Company, Inc.",dollfus mieg,9,YELLOW,2,1,1,1,"Dollfus Mieg Company, Inc.",GBDC,GC Advisors,,4.51,4.544,-0.0075,,,,True,GBDC,False,,2025-09-30,2025-12-31,2
Familia Intermediate Holdings I Corp. (Teasdale Latin Foods),familia i,9,YELLOW,2,1,1,1,Familia Intermediate Holdings I Corp. (Teasdale Latin Foods),MSDL,Morgan Stanley Investment Management,Food Products,1.5,1.5,0.0,,,,True,MSDL,False,,2025-09-30,2025-12-31,2
"KCF Puerto Rico, LLC",kcf puerto,9,YELLOW,2,1,1,1,"KCF Puerto Rico, LLC",MFIC,"Apollo Investment Management, L.P.",Ingenovis Health,0.903,1.697,-0.4679,06/28/28,,,False,,False,,2025-12-31,2025-12-31,1
"GCOM InvestCo, LP",gcom investco,9,YELLOW,2,1,1,1,"GCOM InvestCo, LP",PNNT,PennantPark Investment Advisers,Business Services,0.649,1.003,-0.3529,,,,False,,False,,2025-09-30,2025-12-31,2
AVE Holdings I Corp.,ave i,9,YELLOW,2,1,1,1,AVE Holdings I Corp.,BXSL,Blackstone Credit Advisors,Health Care Providers & Services,0.382,0.607,-0.3707,2/25/2022,,,False,,False,,2025-12-31,2025-12-31,1
"Hancock Claims Consultants Investors, LLC",hancock claims,9,YELLOW,2,1,1,1,"Hancock Claims Consultants Investors, LLC",PNNT,PennantPark Investment Advisers,Insurance,0.328,0.526,-0.3764,,,,False,,False,,2025-09-30,2025-12-31,2
"RegEd Aquireco, LLC",reged aquireco,9,YELLOW,2,1,1,1,"RegEd Aquireco, LLC",GBDC,GC Advisors,,0.216,0.391,-0.4476,12/2018,,,False,,False,,2025-09-30,2025-12-31,2
Pathway Vet Alliance LLC and Jedi Group Holdings LLC,pathway vet,9,YELLOW,2,1,1,1,Pathway Vet Alliance LLC and Jedi Group Holdings LLC,ARCC,Ares Capital Management,,0.0,75.5,-1.0,06/2028,,,True,ARCC,False,,2025-09-30,2025-12-31,2
"Express Wash Acquisition Company, LLC",express wash,8,YELLOW,1,3,4,3,"Express Wash Acquisition Company, LLC, Express Wash Acquisition Company, LLC (Whistle), Express Wash Intermediate, LLC","MSDL, PFLT, PNNT, TCPC","Morgan Stanley Investment Management, PennantPark Investment Advisers, Tennenbaum Capital Partners (BlackRock)",Diversified Consumer Services,115.2621,124.776,-0.0762,04/10/2031,6.25,,False,,False,,2025-09-30,2025-12-31,2
"Five Star Buyer, Inc.",five star,8,YELLOW,1,3,3,2,"Five Star Buyer, Inc., Five Star Lower Holding LLC, Five Star Parent Holdings, LLC","OCSL, PFLT, PNNT","Oaktree Capital Management, PennantPark Investment Advisers","Leisure, Amusement, Motion Pictures, Entertainment",20.344,21.245,-0.0424,02/23/28,12.32,,False,,False,,2025-09-30,2025-12-31,2
"Eval Home Care Solutions Intermediate, LLC",eval home,8,YELLOW,1,3,2,1,"EvAL Home Health Solutions, LLC, Eval Home Care Solutions Intermediate, LLC, Eval Home Health Solutions Intermediate, LLC","PFLT, PNNT",PennantPark Investment Advisers,"Healthcare, Education and Childcare",66.89,69.631,-0.0394,05/10/30,9.69,,False,,False,,2025-09-30,2025-12-31,2
"Sonny's Enterprises, LLC",sonny s,8,YELLOW,1,2,3,3,"Sonny's Enterprises, LLC, Sonny’s Enterprises, LLC","MSDL, OBDC, TCPC","Blue Owl Credit Advisors, Morgan Stanley Investment Management, Tennenbaum Capital Partners (BlackRock)",Automobile Components,635.7346,635.2524,0.0008,8/5/2027,5.65,,False,,False,,2025-09-30,2025-12-31,2
"Amerivet Partners Management, Inc.",amerivet partners,8,YELLOW,1,2,3,3,"Amerivet Partners Management, Inc., Amerivet Partners Management, Inc. and AVE Holdings LP","ARCC, BXSL, FSK","Ares Capital Management, Blackstone Credit Advisors, FS/KKR Advisor",Health Care Providers & Services,161.996,321.513,-0.4961,2/25/28,8.25,,False,,True,ARCC,2025-09-30,2025-12-31,2
DOXA Insurance Holdings LLC,doxa insurance,8,YELLOW,1,2,3,3,"DOXA Insurance Holdings LLC, DOXA Insurance Holdings LLC and Rocket Co-Invest, SLP","ARCC, FSK, GBDC","Ares Capital Management, FS/KKR Advisor, GC Advisors",Insurance,116.118,115.631,0.0042,12/20/29,8.17,,False,,False,,2025-09-30,2025-12-31,2
Precision Concepts Canada Corporation,precision concepts,8,YELLOW,1,2,3,3,"Precision Concepts Canada Corporation, Precision Concepts Parent Inc.","ARCC, BCSF, GSBD","Ares Capital Management, Bain Capital Credit, Goldman Sachs Asset Management",Consumer Goods: Wholesale,78.854,79.485,-0.0079,08/02/32,8.36,,False,,False,,2025-09-30,2025-12-31,2
AGS Health LLC,ags health,8,YELLOW,1,2,3,3,"AGS Health BCP LLC, AGS Health LLC","CGBD, FSK, GSBD","Carlyle Investment Management, FS/KKR Advisor, Goldman Sachs Asset Management",Healthcare & Pharmaceuticals,76.499,76.455,0.0006,08/02/32,8.32,,False,,False,,2025-09-30,2025-12-31,2
Coretrust Purchasing Group LLC,coretrust purchasing,8,YELLOW,1,2,3,3,"Coretrust Purchasing Group LLC, Coretrust Purchasing Group LLC (HPG Enterprises LLC)","GSBD, MFIC, OTF","Apollo Investment Management, L.P., Blue Owl Credit Advisors, Goldman Sachs Asset Management",Financial Services,62.715,62.704,0.0002,10/01/29,7.28,,False,,False,,2025-09-30,2025-12-31,2
"Peter C. Foy & Associates Insurance Services, LLC",peter c,8,YELLOW,1,2,3,3,"Peter C. Foy & Associates Insurance Services, LLC, Peter C. Foy & Associates Insurance Services, LLC (PCF Insurance)","MSDL, SLRC, TCPC","Morgan Stanley Investment Management, SLR Capital Partners, Tennenbaum Capital Partners (BlackRock)",Insurance,50.6497,50.9467,-0.0058,4/1/2022,5.5,,False,,False,,2025-09-30,2025-12-31,2
"Enverus Holdings, Inc.",enverus,8,YELLOW,1,2,3,3,"Enverus Holdings, Inc., Enverus, Inc.","CGBD, GSBD, OCSL","Carlyle Investment Management, Goldman Sachs Asset Management, Oaktree Capital Management",Energy: Oil & Gas,45.002,44.614,0.0087,12/20/32,5.34,,False,,False,,2025-09-30,2025-12-31,2
Galaxy Universal LLC,galaxy universal,8,YELLOW,1,2,2,2,"Galaxy Universal LLC, Galaxy Universal LLC, Trade Claim","FSK, MFIC","Apollo Investment Management, L.P., FS/KKR Advisor",Consumer Durables & Apparel,366.658,364.682,0.0054,11/12/26,1.0,,False,,False,,2025-09-30,2025-12-31,2
"Aevex Holdings, LLC",aevex,8,YELLOW,1,2,2,2,"Aevex Holdings, LLC, TCFI AEVEX, LLC","BXSL, CGBD","Blackstone Credit Advisors, Carlyle Investment Management",Aerospace & Defense,333.138,333.747,-0.0018,3/18/2026,,,False,,False,,2025-09-30,2025-12-31,2
"PPW Aero Buyer, Inc.*",ppw aero,8,YELLOW,1,2,2,2,"PPW Aero Buyer, Inc., PPW Aero Buyer, Inc.*","GBDC, OCSL","GC Advisors, Oaktree Capital Management",Aerospace & Defense,169.169,168.456,0.0042,02/2023,5.0,,False,,False,,2025-09-30,2025-12-31,2
"PlanSource Holdings, Inc.",plansource,8,YELLOW,1,2,2,2,"PlanSource Holdings, Inc., PlanSource Holdings, Inc.*","GBDC, GSBD","GC Advisors, Goldman Sachs Asset Management",Health Care Technology,133.617,133.705,-0.0007,12/30/26,9.98,,False,,False,,2025-09-30,2025-12-31,2
Internet Truckstop Group LLC,internet truckstop,8,YELLOW,1,2,2,2,"Internet Truckstop Group LLC, Internet Truckstop Group, LLC*","ARCC, GBDC","Ares Capital Management, GC Advisors",Road & Rail,122.321,122.224,0.0008,04/2019,9.07,,False,,False,,2025-09-30,2025-12-31,2
"Unchained Labs, LLC",unchained labs,8,YELLOW,1,2,2,2,"Unchained Labs, LLC, Unchained Labs, LLC*","GBDC, MFIC","Apollo Investment Management, L.P., GC Advisors",Unchained Labs,121.124,121.898,-0.0063,08/09/27,1.0,,False,,False,,2025-09-30,2025-12-31,2
"Riskonnect Parent, LLC",riskonnect,8,YELLOW,1,2,2,2,"Riskonnect Parent, LLC, Riskonnect Parent, LLC*","GBDC, MSDL","GC Advisors, Morgan Stanley Investment Management",,108.588,71.093,0.5274,11/2021,,,False,,False,,2025-09-30,2025-12-31,2
JHCC Holdings LLC*,jhcc,8,YELLOW,1,2,2,2,"JHCC Holdings LLC*, JHCC Holdings, LLC","BCSF, GBDC","Bain Capital Credit, GC Advisors",Automotive,101.785,101.899,-0.0011,9/9/2027,5.16,,False,,False,,2025-09-30,2025-12-31,2
Majesco,majesco,8,YELLOW,1,2,2,2,"Majesco, Majesco*","GBDC, MSDL","GC Advisors, Morgan Stanley Investment Management",Insurance,94.62,95.346,-0.0076,09/2020,,,False,,False,,2025-09-30,2025-12-31,2
"MDI Buyer, Inc.",mdi,8,YELLOW,1,2,2,1,"MDI Aggregator, LP, MDI Buyer, Inc.","PFLT, PNNT",PennantPark Investment Advisers,"Chemicals, Plastics and Rubber",72.885,81.739,-0.1083,07/25/28,8.76,,False,,False,,2025-09-30,2025-12-31,2
"Rosco Parent, LLC",rosco,8,YELLOW,1,2,2,1,"Rosco Parent, LLC, Rosco Topco, LLC","PFLT, PNNT",PennantPark Investment Advisers,Business Services,69.336,73.814,-0.0607,09/12/31,8.42,,False,,False,,2025-09-30,2025-12-31,2
"Megawatt Acquisitionco, Inc.",megawatt acquisitionco,8,YELLOW,1,2,2,1,"Megawatt Acquisition Partners, LLC, Megawatt Acquisitionco, Inc.","PFLT, PNNT",PennantPark Investment Advisers,Electronics,66.106,76.034,-0.1306,03/01/30,9.21,,False,,False,,2025-09-30,2025-12-31,2
PAS Parent Inc.*,pas,8,YELLOW,1,2,2,2,"PAS Parent Inc.*, PAS Parent, Inc.","BXSL, GBDC","Blackstone Credit Advisors, GC Advisors",Life Sciences Tools & Services,60.204,58.573,0.0278,12/2021,,,False,,False,,2025-09-30,2025-12-31,2
Telesoft Holdings LLC,telesoft,8,YELLOW,1,2,2,2,"Telesoft Holdings LLC, Telesoft Holdings LLC*","GBDC, MFIC","Apollo Investment Management, L.P., GC Advisors",Beeline,44.293,44.269,0.0005,12/16/26,1.0,,False,,False,,2025-09-30,2025-12-31,2
"Help/Systems Holdings, Inc.",help systems,8,YELLOW,1,2,2,2,"Help/Systems Holdings, Inc., Help/Systems Holdings, Inc. (Fortra LLC)","MSDL, PFLT","Morgan Stanley Investment Management, PennantPark Investment Advisers",Software,38.444,38.502,-0.0015,11/30/2026,,,False,,False,,2025-09-30,2025-12-31,2
"Emerald Technologies Acquisition Co, Inc.",emerald technologies,8,YELLOW,1,2,2,2,"Emerald Technologies (U.S.) AcquisitionCo, Inc., Emerald Technologies Acquisition Co, Inc.","MAIN, TCPC","Main Street Capital (internal), Tennenbaum Capital Partners (BlackRock)",Semiconductors and Semiconductor Equipment,29.6148,36.4254,-0.187,12/29/2026,8.61,,False,,False,,2025-09-30,2025-12-31,2
"Vasa Fitness Buyer, Inc.",vasa fitness,8,YELLOW,1,2,2,2,"Vasa Fitness Buyer, Inc., Vasa Fitness, LLC","BCSF, GSBD","Bain Capital Credit, Goldman Sachs Asset Management",Services: Consumer,14.182,14.029,0.0109,08/14/28,9.61,,False,,False,,2025-09-30,2025-12-31,2
"Lotus Topco, Inc.",lotus,8,YELLOW,1,2,2,2,"Lotus Topco, Inc., Lotus Topco, Inc.*","GBDC, MFIC","Apollo Investment Management, L.P., GC Advisors",Media,13.198,13.33,-0.0099,06/07/30,1.0,,False,,False,,2025-09-30,2025-12-31,2
Inhabit IQ Inc.*,inhabit iq,8,YELLOW,1,2,2,2,"Inhabit IQ, Inhabit IQ Inc.*","FSK, GBDC","FS/KKR Advisor, GC Advisors",Real Estate Management & Development,13.169,12.657,0.0405,01/2018,,,False,,False,,2025-09-30,2025-12-31,2
"bluebird bio, Inc.",bluebird bio,8,YELLOW,2,2,1,1,"Genetix Biotherapeutics Inc. (p.k.a. bluebird bio, Inc.), bluebird bio, Inc.",HTGC,Hercules Capital (internal),Drug Discovery & Development,122.008,132.583,-0.0798,,2.0,199.6,False,,True,HTGC,2025-09-30,2025-12-31,2
"CAP-KSI Holdings, LLC*",cap ksi,8,YELLOW,1,2,1,1,"CAP-KSI Holdings, LLC, CAP-KSI Holdings, LLC*",GBDC,GC Advisors,Automobiles,27.588,28.441,-0.03,06/2024,,,False,,False,,2025-09-30,2025-12-31,2
When I Work,when i,8,YELLOW,2,1,2,1,When I Work,"OBDC, OTF",Blue Owl Credit Advisors,Internet and software services,373.243,446.714,-0.1645,11/2027,,,False,,False,,2025-09-30,2025-12-31,2
"WP Irving Co-Invest, L.P.",wp irving,8,YELLOW,2,1,2,1,"WP Irving Co-Invest, L.P.","OBDC, OTF",Blue Owl Credit Advisors,Healthcare technology,76.1782,90.341,-0.1568,,,,False,,False,,2025-09-30,2025-12-31,2
"MITY, Inc.",mity,8,YELLOW,2,1,1,1,"MITY, Inc.",PSEC,Prospect Capital Management,Commercial Services & Supplies,301.868,424.542,-0.289,11/30/2027,13.26,902.0,False,,True,PSEC,2025-09-30,2025-12-31,2
STS Aviation Group,sts aviation,8,YELLOW,2,1,1,1,STS Aviation Group,OBDC,Blue Owl Credit Advisors,Aerospace and defense,221.5848,428.774,-0.4832,10/2030,,,False,,False,,2025-09-30,2025-12-31,2
"Forta, LLC",forta,8,YELLOW,2,1,1,1,"Forta, LLC",PSEC,Prospect Capital Management,Software,196.278,267.169,-0.2653,11/19/2027,7.53,336.5,False,,True,PSEC,2025-09-30,2025-12-31,2
"Dresser Utility Solutions, LLC",dresser utility,8,YELLOW,2,1,1,1,"Dresser Utility Solutions, LLC",OBDC,Blue Owl Credit Advisors,Energy equipment and services,135.8051,214.643,-0.3673,3/2029,,,False,,False,,2025-09-30,2025-12-31,2
"Senior Loan Fund JV I, LLC",senior loan,8,YELLOW,2,1,1,1,"Senior Loan Fund JV I, LLC",OCSL,Oaktree Capital Management,Multi-Sector Holdings,132.864,222.238,-0.4022,12/29/2028,7.0,,False,,False,,2025-09-30,2025-12-31,2
"The RK Logistics Group, Inc.",rk logistics,8,YELLOW,2,1,1,1,"The RK Logistics Group, Inc.",PSEC,Prospect Capital Management,Commercial Services & Supplies,118.8863,209.478,-0.4325,12/18/2028,14.78,1050.0,False,,False,,2025-09-30,2025-12-31,2
"AQ Sunshine, Inc.",aq sunshine,8,YELLOW,2,1,1,1,"AQ Sunshine, Inc.",ARCC,Ares Capital Management,Insurance,118.6,237.2,-0.5,07/2030,8.67,,False,,False,,2025-09-30,2025-12-31,2
Hercules Adviser LLC,hercules adviser,8,YELLOW,2,1,1,1,Hercules Adviser LLC,HTGC,Hercules Capital (internal),Diversified Financial Services,101.682,150.247,-0.3232,,5.0,,False,,False,,2025-09-30,2025-12-31,2
Industria Chimica Emiliana Srl,industria chimica,8,YELLOW,2,1,1,1,Industria Chimica Emiliana Srl,FSK,FS/KKR Advisor,"Pharmaceuticals, Biotechnology & Life Sciences",86.6,104.0,-0.1673,9/27/26,2.5,,False,,True,FSK,2025-09-30,2025-12-31,2
Easypost,easypost,8,YELLOW,2,1,1,1,Easypost,OTF,Blue Owl Credit Advisors,Application Software,82.892,150.382,-0.4488,6/2029,,,False,,False,,2025-09-30,2025-12-31,2
"Travelperk, Inc.",travelperk,8,YELLOW,2,1,1,1,"Travelperk, Inc.",OTF,Blue Owl Credit Advisors,Professional Services,80.0,145.269,-0.4493,5/2029,,,False,,False,,2025-09-30,2025-12-31,2
"LeanTaaS Holdings, Inc.",leantaas,8,YELLOW,2,1,1,1,"LeanTaaS Holdings, Inc.",ARCC,Ares Capital Management,,73.8,147.6,-0.5,07/2028,11.41,,False,,False,,2025-09-30,2025-12-31,2
"ZocDoc, Inc.",zocdoc,8,YELLOW,2,1,1,1,"ZocDoc, Inc.",ARCC,Ares Capital Management,,66.5,133.0,-0.5,07/2030,9.12,,False,,False,,2025-09-30,2025-12-31,2
"Zorro Bidco, Ltd.",zorro,8,YELLOW,2,1,1,1,"Zorro Bidco, Ltd.",BXSL,Blackstone Credit Advisors,Software (continued),44.051,75.471,-0.4163,8/13/2031,,,False,,False,,2025-12-31,2025-12-31,1
"OTG Management, LLC",otg management,8,YELLOW,2,1,1,1,"OTG Management, LLC",OCSL,Oaktree Capital Management,Airport Services,40.886,72.774,-0.4382,2/11/2030,8.5,,False,,False,,2025-09-30,2025-12-31,2
EnCap Energy Fund Investments,encap energy,8,YELLOW,2,1,1,1,EnCap Energy Fund Investments,MAIN,Main Street Capital (internal),,31.116,57.418,-0.4581,,,,False,,False,,2025-09-30,2025-12-31,2
Continental Intermodal Group LP,continental intermodal,8,YELLOW,2,1,1,1,Continental Intermodal Group LP,OCSL,Oaktree Capital Management,Oil & Gas Storage & Transportation,25.118,36.736,-0.3163,,,,False,,False,,2025-09-30,2025-12-31,2
"Reagent Chemical & Research, LLC",reagent chemical,8,YELLOW,2,1,1,1,"Reagent Chemical & Research, LLC",ARCC,Ares Capital Management,,23.5,47.0,-0.5,04/2030,9.06,,False,,False,,2025-09-30,2025-12-31,2
Diamond Mezzanine 24 LLC,diamond mezzanine,8,YELLOW,2,1,1,1,Diamond Mezzanine 24 LLC,ARCC,Ares Capital Management,Insurance,19.7,39.4,-0.5,10/2030,8.84,,False,,False,,2025-09-30,2025-12-31,2
"BW Holding, Inc. (Brook & Whittle)",bw brook,8,YELLOW,2,1,1,1,"BW Holding, Inc. (Brook & Whittle)",TCPC,Tennenbaum Capital Partners (BlackRock),Containers & Packaging,17.6222,33.7677,-0.4781,3/14/2029,7.88,,False,,False,,2025-12-31,2025-12-31,1
3 Step Sports LLC,step sports,8,YELLOW,2,1,1,1,3 Step Sports LLC,ARCC,Ares Capital Management,,15.4,30.8,-0.5,10/2029,10.17,,False,,False,,2025-09-30,2025-12-31,2
Kickapoo Ranch Pet Resort,kickapoo ranch,8,YELLOW,2,1,1,1,Kickapoo Ranch Pet Resort,PSEC,Prospect Capital Management,Diversified Consumer Services,8.329,13.113,-0.3648,1/10/2029,11.17,750.0,False,,False,,2025-09-30,2025-12-31,2
"Isagenix International, LLC",isagenix international,8,YELLOW,2,1,1,1,"Isagenix International, LLC",MAIN,Main Street Capital (internal),,7.095,12.292,-0.4228,4/14/2028,6.83,,False,,False,,2025-09-30,2025-12-31,2
"Premiere Buyer, LLC",premiere,8,YELLOW,2,1,1,1,"Premiere Buyer, LLC",ARCC,Ares Capital Management,,6.5,13.0,-0.5,05/2031,8.17,,False,,False,,2025-09-30,2025-12-31,2
Waste Services Group Pty Ltd,waste services,8,YELLOW,2,1,1,1,Waste Services Group Pty Ltd,FSK,FS/KKR Advisor,Commercial & Professional Services,4.8,7.4,-0.3514,,,,False,,False,,2025-09-30,2025-12-31,2
"INH Buyer, Inc. (IMA Health)",inh ima,8,YELLOW,2,1,1,1,"INH Buyer, Inc. (IMA Health)",TCPC,Tennenbaum Capital Partners (BlackRock),Healthcare Providers and Services,3.5998,6.5842,-0.4533,6/28/2028,7.0,,False,,False,,2025-12-31,2025-12-31,1
NorthSea Therapeutics,northsea therapeutics,8,YELLOW,2,1,1,1,NorthSea Therapeutics,HTGC,Hercules Capital (internal),Drug Discovery & Development,3.165,4.646,-0.3188,,6.0,,False,,False,,2025-09-30,2025-12-31,2
"Lorient Peregrine Investments, LP",lorient peregrine,8,YELLOW,2,1,1,1,"Lorient Peregrine Investments, LP",PNNT,PennantPark Investment Advisers,Business Services,2.339,4.53,-0.4837,,,,False,,False,,2025-09-30,2025-12-31,2
"GlassPoint, Inc.",glasspoint,8,YELLOW,2,1,1,1,"GlassPoint, Inc.",TCPC,Tennenbaum Capital Partners (BlackRock),Energy Equipment and Services,2.1736,4.1764,-0.4796,,,,False,,False,,2025-12-31,2025-12-31,1
Bicycle Therapeutics PLC,bicycle therapeutics,8,YELLOW,2,1,1,1,Bicycle Therapeutics PLC,HTGC,Hercules Capital (internal),Drug Discovery & Development,2.068,3.742,-0.4474,,,,False,,False,,2025-09-30,2025-12-31,2
Fifty AU Bidco Pty Ltd,fifty au,8,YELLOW,2,1,1,1,Fifty AU Bidco Pty Ltd,BCSF,Bain Capital Credit,Wholesale,1.547,2.402,-0.356,8/1/2031,5.0,,False,,False,,2025-09-30,2025-09-30,1
"Precision Ultimate Holdings, LLC",precision,8,YELLOW,2,1,1,1,"Precision Ultimate Holdings, LLC",BCSF,Bain Capital Credit,Aerospace & Defense,1.362,2.198,-0.3803,,,,False,,False,,2025-09-30,2025-09-30,1
"Gusto Sing Bidco Pte, Ltd.",gusto sing,8,YELLOW,2,1,1,1,"Gusto Sing Bidco Pte, Ltd.",BXSL,Blackstone Credit Advisors,Pharmaceuticals,1.275,2.0,-0.3625,11/15/2031,,,False,,False,,2025-12-31,2025-12-31,1
"Café Brazil, LLC",caf brazil,8,YELLOW,2,1,1,1,"Café Brazil, LLC",MAIN,Main Street Capital (internal),,1.2,1.742,-0.3111,,,,False,,False,,2025-09-30,2025-12-31,2
"REP Coinvest III- A Omni, L.P.",rep coinvest,8,YELLOW,2,1,1,1,"REP Coinvest III- A Omni, L.P.",BCSF,Bain Capital Credit,Transportation: Cargo,0.739,1.377,-0.4633,,,,False,,False,,2025-09-30,2025-09-30,1
Hylan Global LLC,hylan global,8,YELLOW,2,1,1,1,Hylan Global LLC,TCPC,Tennenbaum Capital Partners (BlackRock),Construction & Engineering,0.7384,1.4768,-0.5,,,,False,,False,,2025-12-31,2025-12-31,1
"Passport Labs, Inc.",passport labs,8,YELLOW,2,1,1,1,"Passport Labs, Inc.",TPVG,TriplePoint Advisers,Business Applications Software,0.693,1.302,-0.4677,,,,False,,False,,2025-09-30,2025-12-31,2
"Binswanger Enterprises, LLC",binswanger enterprises,8,YELLOW,2,1,1,1,"Binswanger Enterprises, LLC",MAIN,Main Street Capital (internal),,0.65,1.05,-0.381,,,,False,,False,,2025-09-30,2025-12-31,2
Dynavax Technologies,dynavax technologies,8,YELLOW,2,1,1,1,Dynavax Technologies,HTGC,Hercules Capital (internal),Drug Discovery & Development,0.564,1.1,-0.4873,,,,False,,False,,2025-09-30,2025-12-31,2
"Paris US Holdco, Inc. & 1001028292 Ontario Inc.",paris us,8,YELLOW,2,1,1,1,"Paris US Holdco, Inc. & 1001028292 Ontario Inc.",ARCC,Ares Capital Management,,0.4,0.8,-0.5,12/2031,8.47,,False,,False,,2025-09-30,2025-12-31,2
"Fulfil Solutions, Inc.",fulfil solutions,8,YELLOW,2,1,1,1,"Fulfil Solutions, Inc.",HTGC,Hercules Capital (internal),Warrant Investments,0.384,0.65,-0.4092,,,,False,,False,,2025-09-30,2025-12-31,2
"Kore.ai, Inc.",kore ai,8,YELLOW,2,1,1,1,"Kore.ai, Inc.",HTGC,Hercules Capital (internal),Warrant Investments,0.246,0.416,-0.4087,,,,False,,False,,2025-09-30,2025-12-31,2
Landing Holdings Inc.,landing,8,YELLOW,2,1,1,1,Landing Holdings Inc.,HTGC,Hercules Capital (internal),Consumer & Business Services,0.126,0.232,-0.4569,,,,False,,False,,2025-09-30,2025-12-31,2
AOM Infusion,aom infusion,8,YELLOW,2,1,1,1,AOM Infusion,BCSF,Bain Capital Credit,Healthcare & Pharmaceuticals,0.005,0.009,-0.4444,3/19/2032,,,False,,False,,2025-09-30,2025-09-30,1
"IRI Group Holdings, Inc. and Circana, LLC",iri group,7,YELLOW,1,3,4,3,"IRI Group Holdings, Inc., IRI Group Holdings, Inc. ), IRI Group Holdings, Inc. and Circana, LLC","ARCC, BXSL, OBDC, OTF","Ares Capital Management, Blackstone Credit Advisors, Blue Owl Credit Advisors",Software (continued),815.561,653.143,0.2487,12/2027,7.97,,False,,False,,2025-09-30,2025-12-31,2
"Delinea Buyer, Inc.",delinea,7,YELLOW,1,3,3,2,"Delinea Buyer, Inc., Delinea Inc., Delinea Inc.*","GBDC, OBDC, OTF","Blue Owl Credit Advisors, GC Advisors",,431.444,429.729,0.004,3/2028,,,False,,False,,2025-09-30,2025-12-31,2
Blue Owl Credit SLF LLC,blue owl,7,YELLOW,1,3,2,1,"Blue Owl Credit SLF LLC, Blue Owl Cross-Strategy Opportunities LLC, Blue Owl Leasing LLC","OBDC, OTF",Blue Owl Credit Advisors,Joint ventures,1347.011,1357.532,-0.0078,,,,False,,False,,2025-09-30,2025-12-31,2
"Bayside Parent, LLC *",bayside,7,YELLOW,1,3,2,2,"Bayside HoldCo, LLC, Bayside Parent, LLC, Bayside Parent, LLC *","CGBD, SLRC","Carlyle Investment Management, SLR Capital Partners",Health Care Providers & Services,44.625,35.775,0.2474,5/2023,,,False,,True,SLRC,2025-09-30,2025-12-31,2
"Cornerstone OnDemand, Inc. and Sunshine Software Holdings, Inc.",cornerstone ondemand,7,YELLOW,1,2,3,2,"Cornerstone OnDemand, Inc., Cornerstone OnDemand, Inc. and Sunshine Software Holdings, Inc.","ARCC, OBDC, OTF","Ares Capital Management, Blue Owl Credit Advisors",Human resource support services,1202.4589,1341.533,-0.1037,10/2026,10.19,,False,,True,ARCC,2025-09-30,2025-12-31,2
"Everbridge Holdings, LLC",everbridge,7,YELLOW,1,2,3,3,"Everbridge Holdings, LLC, Everbridge, Inc.","BXSL, MSDL, OCSL","Blackstone Credit Advisors, Morgan Stanley Investment Management, Oaktree Capital Management",Software (continued),147.163,147.403,-0.0016,7/2/2031,5.0,,False,,False,,2025-09-30,2025-12-31,2
West Star Aviation Inc,west star aviation,7,YELLOW,1,2,3,3,"West Star Aviation Acquisition, LLC, West Star Aviation Inc","BXSL, FSK, MAIN","Blackstone Credit Advisors, FS/KKR Advisor, Main Street Capital (internal)",Aerospace & Defense,117.965,111.288,0.06,3/1/2028,9.58,,False,,False,,2025-09-30,2025-12-31,2
ASP-r-pac Holdings LP,asp r,7,YELLOW,1,2,3,3,"ASP-r-pac Acquisition Co LLC, ASP-r-pac Holdings LP","ARCC, BCSF, OCSL","Ares Capital Management, Bain Capital Credit, Oaktree Capital Management",Materials,87.974,85.971,0.0233,12/2027,6.91,,False,,False,,2025-09-30,2025-12-31,2
"Alera Group, Inc.",alera group,7,YELLOW,1,2,3,3,"Alera Group Intermediate Holdings Inc, Alera Group, Inc.","BXSL, FSK, OBDC","Blackstone Credit Advisors, Blue Owl Credit Advisors, FS/KKR Advisor",Insurance,77.755,77.43,0.0042,10/2/28,,,False,,False,,2025-09-30,2025-12-31,2
athenahealth Group Inc.,athenahealth group,7,YELLOW,1,2,3,3,"AthenaHealth Group Inc., Minerva Holdco, Inc. and BCPE Co-Invest , LP, athenahealth Group Inc.","ARCC, OCSL, OTF","Ares Capital Management, Blue Owl Credit Advisors, Oaktree Capital Management",Health Care Technology,68.011,672.638,-0.8989,02/2029,10.71,,False,,True,ARCC,2025-09-30,2025-12-31,2
"LDS Buyer, LLC",lds,7,YELLOW,1,2,3,3,"LDS Buyer, LLC, LDS Intermediate Holdings, L.L.C.","CGBD, GBDC, OCSL","Carlyle Investment Management, GC Advisors, Oaktree Capital Management",Transportation: Cargo,57.841,57.742,0.0017,2/7/2032,5.0,,False,,False,,2025-09-30,2025-12-31,2
"MBS Holdings, Inc.",mbs,7,YELLOW,1,2,3,2,"MBS Holdings, Inc., MBS Parent, LLC","PFLT, PNNT, TCPC","PennantPark Investment Advisers, Tennenbaum Capital Partners (BlackRock)",Internet Software and Services,44.7501,46.115,-0.0296,04/16/27,9.08,,False,,False,,2025-09-30,2025-12-31,2
"Ground Penetrating Radar Systems, LLC",ground penetrating,7,YELLOW,1,2,3,3,"Ground Penetrating Radar Systems, LLC, Ground Penetrating Radar Systems, LLC and RC VI Buckeye Holdings LLC","ARCC, BXSL, MSDL","Ares Capital Management, Blackstone Credit Advisors, Morgan Stanley Investment Management",Commercial Services & Supplies,23.557,64.786,-0.6364,1/2/2032,8.23,,False,,False,,2025-09-30,2025-12-31,2
"RailPros Parent, LLC",railpros,7,YELLOW,1,2,3,3,"RailPros Parent, LLC, Railpros Inc","BXSL, FSK, MSDL","Blackstone Credit Advisors, FS/KKR Advisor, Morgan Stanley Investment Management",Commercial Services & Supplies (continued),15.354,15.458,-0.0067,5/24/2032,,,False,,False,,2025-09-30,2025-12-31,2
Worldremit Group Limited,worldremit group,7,YELLOW,1,2,3,3,"Worldremit Group Limited, Worldremit Group Limited (United Kingdom)","HTGC, TCPC, TPVG","Hercules Capital (internal), Tennenbaum Capital Partners (BlackRock), TriplePoint Advisers",Consumer & Business Services,8.7073,3.7754,1.3063,,,,False,,False,,2025-09-30,2025-12-31,2
"OSP Embedded Purchaser, LLC",osp embedded,7,YELLOW,1,2,2,1,"OSP Embedded Aggregator, LP, OSP Embedded Purchaser, LLC","PFLT, PNNT",PennantPark Investment Advisers,Aerospace and Defense,153.435,164.57,-0.0677,12/17/29,9.58,,False,,False,,2025-09-30,2025-12-31,2
Caerus Midco 2 S.à r.l.,caerus srl,7,YELLOW,1,2,2,2,"Caerus Midco 2 S.à r.l., Caerus US 1, Inc.","BXSL, MSDL","Blackstone Credit Advisors, Morgan Stanley Investment Management",Health Care Technology,152.975,153.297,-0.0021,5/25/2022,,,False,,False,,2025-09-30,2025-12-31,2
"Pareto Health Intermediate Holdings, Inc.*",pareto health,7,YELLOW,1,2,2,2,"Pareto Health Intermediate Holdings, Inc., Pareto Health Intermediate Holdings, Inc.*","GBDC, MSDL","GC Advisors, Morgan Stanley Investment Management",Health Care Providers & Services,129.764,130.829,-0.0081,,,,False,,False,,2025-09-30,2025-12-31,2
"EDS Buyer, LLC",eds,7,YELLOW,1,2,2,1,"EDS Buyer, LLC, EDS Topco, LP","PFLT, PNNT",PennantPark Investment Advisers,Aerospace and Defense,91.049,93.195,-0.023,01/10/29,8.45,,False,,False,,2025-09-30,2025-12-31,2
"Ro Health, LLC",ro health,7,YELLOW,1,2,2,1,"Ro Health Holdings, Inc., Ro Health, LLC","PFLT, PNNT",PennantPark Investment Advisers,Healthcare Providers and Services,75.756,82.338,-0.0799,01/17/31,8.34,,False,,False,,2025-09-30,2025-12-31,2
"Anteriad, LLC",anteriad,7,YELLOW,1,2,2,1,"Anteriad Holdings, LP, Anteriad, LLC","PFLT, PNNT",PennantPark Investment Advisers,Media,65.852,69.426,-0.0515,06/30/26,9.73,,False,,False,,2025-09-30,2025-12-31,2
"Project Granite Buyer, Inc.",granite,7,YELLOW,1,2,2,1,"Project Granite Buyer, Inc., Project Granite Holdings, LLC","PFLT, PNNT",PennantPark Investment Advisers,Professional Services,52.195,57.2,-0.0875,12/31/30,9.56,,False,,False,,2025-09-30,2025-12-31,2
"Bioderm, Inc.",bioderm,7,YELLOW,1,2,2,1,"BioDerm Holdings, LP, Bioderm, Inc.","PFLT, PNNT",PennantPark Investment Advisers,"Healthcare, Education and Childcare",39.109,39.313,-0.0052,01/31/28,10.57,,False,,False,,2025-09-30,2025-12-31,2
"Neptune Holdings, Inc.*",neptune,7,YELLOW,1,2,2,2,"Neptune Holdings, Inc., Neptune Holdings, Inc.*","BXSL, GBDC","Blackstone Credit Advisors, GC Advisors",Healthcare Technology,29.815,29.497,0.0108,8/31/2030,,,False,,False,,2025-09-30,2025-12-31,2
"AAH Topco., LLC",aah,7,YELLOW,1,2,2,2,"AAH TOPCO, LLC *, AAH Topco., LLC","CGBD, GBDC","Carlyle Investment Management, GC Advisors",Healthcare Providers & Services,27.789,27.881,-0.0033,12/31/2027,,,False,,False,,2025-09-30,2025-12-31,2
"AGS American Glass Services Acquisition, LLC",ags american,7,YELLOW,1,2,2,2,"AGS American Glass Services Acquisition, LLC, AGS American Services Investments, L.P.","BCSF, MAIN","Bain Capital Credit, Main Street Capital (internal)",Construction & Building,21.655,21.9,-0.0112,7/24/2031,9.14,,False,,False,,2025-09-30,2025-12-31,2
"NEP Group, Inc. et al",nep group,7,YELLOW,1,2,2,2,"NEP Group Inc, NEP Group, Inc. et al","OCSL, TCPC","Oaktree Capital Management, Tennenbaum Capital Partners (BlackRock)",Broadcasting,19.3166,22.1485,-0.1279,8/19/2026,4.36,150.0,False,,True,TCPC,2025-09-30,2025-12-31,2
"WCP Ivyrehab QP CF Feeder, LP",wcp ivyrehab,7,YELLOW,1,2,2,1,"WCP Ivyrehab Coinvestment, LP, WCP Ivyrehab QP CF Feeder, LP","PFLT, PNNT",PennantPark Investment Advisers,"Healthcare, Education and Childcare",18.821,16.292,0.1552,6/27/2022,,,False,,False,,2025-09-30,2025-12-31,2
"Tinicum Space Coast Co-Invest, LLC",tinicum space,7,YELLOW,1,2,2,1,"Tinicum Space Coast Co-Invest, LLC, Tinicum Space Coast Holdings, LLC","PFLT, PNNT",PennantPark Investment Advisers,Aerospace and Defense,15.191,5.645,1.6911,12/4/2019,,,False,,False,,2025-09-30,2025-12-31,2
"United Land Services Intermediate Parent Holdings, LLC",united land services,7,YELLOW,1,2,1,1,"United Land Services Holdings, LLC, United Land Services Intermediate Parent Holdings, LLC",PNNT,PennantPark Investment Advisers,Environmental Services,19.389,21.613,-0.1029,01/12/2026,14.75,,False,,True,PNNT,2025-09-30,2025-12-31,2
Recochem,recochem,7,YELLOW,1,1,2,2,Recochem,"GSBD, OBDC","Blue Owl Credit Advisors, Goldman Sachs Asset Management",Chemicals,498.476,491.477,0.0142,11/01/30,9.18,,False,,False,,2025-09-30,2025-12-31,2
"Arctic Wolf Networks, Inc.",arctic wolf,7,YELLOW,1,1,2,2,"Arctic Wolf Networks, Inc.","GBDC, OTF","Blue Owl Credit Advisors, GC Advisors",IT Services,489.835,399.833,0.2251,02/2020,,,False,,False,,2025-09-30,2025-12-31,2
"MB2 Dental Solutions, LLC",mb2 dental,7,YELLOW,1,1,2,2,"MB2 Dental Solutions, LLC","BXSL, FSK","Blackstone Credit Advisors, FS/KKR Advisor",Health Care Providers & Services (continued),435.948,433.802,0.0049,2/13/31,,,False,,False,,2025-09-30,2025-12-31,2
Insight Global LLC,insight global,7,YELLOW,1,1,2,2,Insight Global LLC,"FSK, OBDC","Blue Owl Credit Advisors, FS/KKR Advisor",Commercial & Professional Services,364.998,363.887,0.0031,9/22/28,,,False,,False,,2025-09-30,2025-12-31,2
USIC Holdings Inc,usic,7,YELLOW,1,1,2,2,USIC Holdings Inc,"FSK, OCSL","FS/KKR Advisor, Oaktree Capital Management",Commercial & Professional Services,327.253,326.102,0.0035,9/10/31,5.55,,False,,False,,2025-09-30,2025-12-31,2
"Bayshore Intermediate #2, LP",bayshore,7,YELLOW,1,1,2,2,"Bayshore Intermediate #2, LP","BXSL, GBDC","Blackstone Credit Advisors, GC Advisors",Software,325.198,324.978,0.0007,10/2021,,,False,,False,,2025-09-30,2025-12-31,2
People Corporation,people,7,YELLOW,1,1,2,2,People Corporation,"ARCC, GBDC","Ares Capital Management, GC Advisors",,286.314,292.311,-0.0205,02/2027,7.57,,False,,False,,2025-09-30,2025-12-31,2
Doxim Inc.,doxim,7,YELLOW,1,1,2,2,Doxim Inc.,"ARCC, GSBD","Ares Capital Management, Goldman Sachs Asset Management",Financial Services,265.661,269.81,-0.0154,06/01/26,10.71,,False,,False,,2025-09-30,2025-12-31,2
"Gigamon, Inc.",gigamon,7,YELLOW,1,1,2,2,"Gigamon, Inc.","BXSL, FSK","Blackstone Credit Advisors, FS/KKR Advisor",Software (continued),231.059,234.182,-0.0133,3/10/28,,,False,,False,,2025-09-30,2025-12-31,2
"AGI-CFI Holdings, Inc.",agi cfi,7,YELLOW,1,1,2,2,"AGI-CFI Holdings, Inc.","BXSL, MSDL","Blackstone Credit Advisors, Morgan Stanley Investment Management",Air Freight & Logistics,207.929,206.799,0.0055,6/11/2027,,,False,,False,,2025-09-30,2025-12-31,2
"Marketplace Events Acquisition, LLC",marketplace events,7,YELLOW,1,1,2,1,"Marketplace Events Acquisition, LLC","PFLT, PNNT",PennantPark Investment Advisers,Media,204.8,228.2,-0.1025,12/19/30,9.12,,False,,False,,2025-09-30,2025-12-31,2
Lexitas Inc,lexitas,7,YELLOW,1,1,2,2,Lexitas Inc,"FSK, GSBD","FS/KKR Advisor, Goldman Sachs Asset Management",Commercial & Professional Services,202.083,197.134,0.0251,5/18/29,10.76,,False,,False,,2025-09-30,2025-12-31,2
"Channel Partners Intermediateco, LLC",channel partners,7,YELLOW,1,1,2,2,"Channel Partners Intermediateco, LLC","MAIN, SCM","Main Street Capital (internal), Stellus Capital Management",​,192.688,194.998,-0.0118,2/24/2022,11.35,,False,,False,,2025-09-30,2025-12-31,2
Trinity Air Consultants Holdings Corp.,trinity air,7,YELLOW,1,1,2,2,Trinity Air Consultants Holdings Corp.,"BXSL, GBDC","Blackstone Credit Advisors, GC Advisors",Professional Services (continued),190.926,190.674,0.0013,6/12/2024,,,False,,False,,2025-09-30,2025-12-31,2
"Axsome Therapeutics, Inc.",axsome therapeutics,7,YELLOW,1,1,2,2,"Axsome Therapeutics, Inc.","BXSL, HTGC","Blackstone Credit Advisors, Hercules Capital (internal)",Biotechnology,189.909,171.011,0.1105,5/6/2025,2.2,220.0,False,,False,,2025-09-30,2025-12-31,2
Sorenson Communications LLC,sorenson communications,7,YELLOW,1,1,2,2,Sorenson Communications LLC,"FSK, OCSL","FS/KKR Advisor, Oaktree Capital Management",Telecommunication Services,180.695,191.456,-0.0562,4/1/30,5.75,,False,,False,,2025-09-30,2025-12-31,2
"Summer Fridays, LLC",summer fridays,7,YELLOW,1,1,2,2,"Summer Fridays, LLC","BCSF, MFIC","Apollo Investment Management, L.P., Bain Capital Credit",Consumer Goods: Non-Durable,179.794,46.236,2.8886,05/16/31,1.09,,False,,False,,2025-09-30,2025-12-31,2
"Sigma Defense Systems, LLC",sigma defense,7,YELLOW,1,1,2,1,"Sigma Defense Systems, LLC","PFLT, PNNT",PennantPark Investment Advisers,IT Services,167.245,187.912,-0.11,12/20/27,10.48,,False,,False,,2025-09-30,2025-12-31,2
"North American Rail Solutions, LLC",north american rail,7,YELLOW,1,1,2,1,"North American Rail Solutions, LLC","PFLT, PNNT",PennantPark Investment Advisers,Manufacturing/Basic Industry,166.697,187.556,-0.1112,08/29/31,8.42,,False,,False,,2025-09-30,2025-12-31,2
"ESO Solutions, Inc.",eso solutions,7,YELLOW,1,1,2,2,"ESO Solutions, Inc.","GSBD, TCPC","Goldman Sachs Asset Management, Tennenbaum Capital Partners (BlackRock)",Health Care Technology,161.5856,160.929,0.0041,05/03/27,9.17,,False,,False,,2025-09-30,2025-12-31,2
Xactly Corporation,xactly,7,YELLOW,1,1,2,2,Xactly Corporation,"GSBD, TCPC","Goldman Sachs Asset Management, Tennenbaum Capital Partners (BlackRock)",IT Services,151.911,152.4144,-0.0033,07/30/27,9.71,,False,,False,,2025-09-30,2025-12-31,2
"GGG Midco, LLC",ggg,7,YELLOW,1,1,2,1,"GGG Midco, LLC","PFLT, PNNT",PennantPark Investment Advisers,Diversified Consumer Services,150.492,174.614,-0.1381,09/27/30,8.8,,False,,False,,2025-09-30,2025-12-31,2
Spins LLC,spins,7,YELLOW,1,1,2,2,Spins LLC,"FSK, GSBD","FS/KKR Advisor, Goldman Sachs Asset Management",Software & Services,144.305,142.937,0.0096,1/20/27,9.71,,False,,False,,2025-09-30,2025-12-31,2
"MonitorUS Holding, LLC",monitorus,7,YELLOW,1,1,2,2,"MonitorUS Holding, LLC","MAIN, SCM","Main Street Capital (internal), Stellus Capital Management",​,139.209,138.096,0.0081,5/24/2022,10.86,,False,,False,,2025-09-30,2025-12-31,2
"Digital.ai Software Holdings, Inc.",digital ai,7,YELLOW,1,1,2,2,"Digital.ai Software Holdings, Inc.","MFIC, OCSL","Apollo Investment Management, L.P., Oaktree Capital Management",Digital.ai,136.761,139.448,-0.0193,08/10/28,5.16,,False,,False,,2025-09-30,2025-12-31,2
"Lindstrom, LLC",lindstrom,7,YELLOW,1,1,2,2,"Lindstrom, LLC","BXSL, MFIC","Apollo Investment Management, L.P., Blackstone Credit Advisors",Building Products,131.501,132.826,-0.01,12/30/32,0.75,,False,,False,,2025-12-31,2025-12-31,1
"Project Potter Buyer, LLC",potter,7,YELLOW,1,1,2,2,"Project Potter Buyer, LLC","ARCC, MSDL","Ares Capital Management, Morgan Stanley Investment Management",Building Products,129.175,129.181,-0.0,04/2027,8.92,,False,,False,,2025-09-30,2025-12-31,2
"Berner Food & Beverage, LLC",berner food,7,YELLOW,1,1,2,2,"Berner Food & Beverage, LLC","MFIC, OCSL","Apollo Investment Management, L.P., Oaktree Capital Management",Berner Foods,125.476,127.038,-0.0123,07/30/26,4.96,,False,,False,,2025-09-30,2025-12-31,2
"Extrahop Networks, Inc.",extrahop networks,7,YELLOW,1,1,2,2,"Extrahop Networks, Inc.","ARCC, TSLX","Ares Capital Management, Sixth Street Partners",Business Services,118.29,117.564,0.0062,07/2027,7.91,660.0,False,,False,,2025-09-30,2025-12-31,2
"Cards-Live Oak Holdings, Inc.",cards live,7,YELLOW,1,1,2,2,"Cards-Live Oak Holdings, Inc.","ARCC, MFIC","Apollo Investment Management, L.P., Ares Capital Management",CARDS + Live Oak,112.213,59.45,0.8875,10/21/32,8.07,,False,,False,,2025-12-31,2025-12-31,1
"Microbe Formulas, LLC",microbe formulas,7,YELLOW,1,1,2,2,"Microbe Formulas, LLC","MAIN, SCM","Main Street Capital (internal), Stellus Capital Management",​,111.096,111.096,0.0,4/4/2022,9.81,,False,,False,,2025-09-30,2025-12-31,2
"STV Group, Inc.",stv group,7,YELLOW,1,1,2,2,"STV Group, Inc.","BXSL, FSK","Blackstone Credit Advisors, FS/KKR Advisor",Professional Services (continued),108.474,108.345,0.0012,3/20/30,,,False,,False,,2025-09-30,2025-12-31,2
"Rancho Health MSO, Inc.",rancho health,7,YELLOW,1,1,2,1,"Rancho Health MSO, Inc.","PFLT, PNNT",PennantPark Investment Advisers,Healthcare Equipment and Supplies,105.839,118.066,-0.1036,06/20/29,9.13,,False,,False,,2025-09-30,2025-12-31,2
"ArborWorks, LLC",arborworks,7,YELLOW,1,1,2,2,"ArborWorks, LLC","MAIN, SCM","Main Street Capital (internal), Stellus Capital Management",​,105.082,103.134,0.0189,11/6/2023,11.84,,False,,False,,2025-09-30,2025-12-31,2
"Zeus, LLC",zeus,7,YELLOW,1,1,2,2,"Zeus, LLC","BXSL, GSBD","Blackstone Credit Advisors, Goldman Sachs Asset Management",Health Care Equipment & Supplies,102.055,104.331,-0.0218,02/28/30,9.73,,False,,False,,2025-09-30,2025-12-31,2
Assembly Intermediate LLC,assembly,7,YELLOW,1,1,2,2,Assembly Intermediate LLC,"GSBD, MSDL","Goldman Sachs Asset Management, Morgan Stanley Investment Management",Diversified Consumer Services,101.341,101.158,0.0018,10/19/27,9.58,,False,,False,,2025-09-30,2025-12-31,2
"G&A Partners Holding Company II, LLC",ga partners,7,YELLOW,1,1,2,2,"G&A Partners Holding Company II, LLC","BXSL, MFIC","Apollo Investment Management, L.P., Blackstone Credit Advisors",Professional Services (continued),98.1,98.116,-0.0002,03/01/30,0.75,,False,,False,,2025-12-31,2025-12-31,1
"NCP-MSI Buyer, Inc.",ncp msi,7,YELLOW,1,1,2,2,"NCP-MSI Buyer, Inc.","ARCC, MFIC","Apollo Investment Management, L.P., Ares Capital Management",Berry Tapes & Adhesives,94.424,94.131,0.0031,03/24/31,6.89,,False,,False,,2025-09-30,2025-12-31,2
Weber-Stephen Products LLC,weber stephen,7,YELLOW,1,1,2,2,Weber-Stephen Products LLC,"FSK, OCSL","FS/KKR Advisor, Oaktree Capital Management",Consumer Discretionary Distribution & Retail,91.676,91.022,0.0072,12/19/26,3.75,,False,,False,,2025-09-30,2025-12-31,2
"Hills Distribution, Inc.",hills distribution,7,YELLOW,1,1,2,1,"Hills Distribution, Inc.","PFLT, PNNT",PennantPark Investment Advisers,Distributors,91.507,105.507,-0.1327,11/08/29,9.74,,False,,False,,2025-09-30,2025-12-31,2
"NAVEX TopCo, Inc.",navex,7,YELLOW,1,1,2,2,"NAVEX TopCo, Inc.","BXSL, GSBD","Blackstone Credit Advisors, Goldman Sachs Asset Management",Software (continued),91.487,90.386,0.0122,11/09/28,9.88,,False,,False,,2025-09-30,2025-12-31,2
"GMF Parent, Inc.",gmf,7,YELLOW,1,1,2,2,"GMF Parent, Inc.","ARCC, GBDC","Ares Capital Management, GC Advisors",Food & Staples Retailing,87.994,47.796,0.841,12/2025,8.2,,False,,False,,2025-12-31,2025-12-31,1
"CHA Vision Holdings, Inc.",cha vision,7,YELLOW,1,1,2,2,"CHA Vision Holdings, Inc.","GBDC, OBDC","Blue Owl Credit Advisors, GC Advisors",Commercial Services & Supplies,87.552,86.203,0.0156,01/2024,,,False,,False,,2025-09-30,2025-12-31,2
"TransGo, LLC",transgo,7,YELLOW,1,1,2,1,"TransGo, LLC","PFLT, PNNT",PennantPark Investment Advisers,Auto Components,86.535,99.71,-0.1321,12/29/28,9.69,,False,,False,,2025-09-30,2025-12-31,2
"EMS LINQ, LLC",ems linq,7,YELLOW,1,1,2,2,"EMS LINQ, LLC","GBDC, TSLX","GC Advisors, Sixth Street Partners",Diversified Consumer Services,86.341,86.883,-0.0062,12/2021,6.35,635.0,False,,False,,2025-09-30,2025-12-31,2
"GS HVAM Intermediate, LLC",gs hvam,7,YELLOW,1,1,2,2,"GS HVAM Intermediate, LLC","MAIN, SCM","Main Street Capital (internal), Stellus Capital Management",​,86.265,86.265,0.0,10/18/2019,10.78,,False,,False,,2025-09-30,2025-12-31,2
"Veregy Consolidated, Inc.",veregy consolidated,7,YELLOW,1,1,2,2,"Veregy Consolidated, Inc.","BXSL, MAIN","Blackstone Credit Advisors, Main Street Capital (internal)",Commercial Services & Supplies (continued),83.026,82.569,0.0055,11/3/2025,10.85,,False,,False,,2025-09-30,2025-12-31,2
Precinmac,precinmac,7,YELLOW,1,1,2,2,Precinmac,"GSBD, OBDC","Blue Owl Credit Advisors, Goldman Sachs Asset Management",Machinery,78.849,78.524,0.0041,12/02/31,9.01,,False,,False,,2025-09-30,2025-12-31,2
Arcwood Environmental,arcwood environmental,7,YELLOW,1,1,2,2,Arcwood Environmental,"FSK, MFIC","Apollo Investment Management, L.P., FS/KKR Advisor",Commercial & Professional Services,78.628,78.932,-0.0039,01/31/31,0.75,,False,,False,,2025-09-30,2025-12-31,2
"Two Six Labs, LLC",two six,7,YELLOW,1,1,2,2,"Two Six Labs, LLC","ARCC, MSDL","Ares Capital Management, Morgan Stanley Investment Management",Aerospace & Defense,77.993,78.496,-0.0064,08/2027,9.08,,False,,False,,2025-09-30,2025-12-31,2
"Ascend Buyer, LLC",ascend,7,YELLOW,1,1,2,2,"Ascend Buyer, LLC","BXSL, CGBD","Blackstone Credit Advisors, Carlyle Investment Management",Containers & Packaging,75.93,75.524,0.0054,9/30/2027,,,False,,False,,2025-09-30,2025-12-31,2
Bazooka Candy Brands,bazooka candy,7,YELLOW,1,1,2,2,Bazooka Candy Brands,"GSBD, OBDC","Blue Owl Credit Advisors, Goldman Sachs Asset Management",Consumer Staples Distribution & Retail,75.442,74.073,0.0185,10/05/29,10.0,,False,,False,,2025-09-30,2025-12-31,2
Pound Bidco,pound,7,YELLOW,1,1,2,2,Pound Bidco,"GSBD, MSDL","Goldman Sachs Asset Management, Morgan Stanley Investment Management",Financial Services,75.213,75.557,-0.0046,02/01/27,10.52,,False,,False,,2025-09-30,2025-12-31,2
"Truck-Lite Co., LLC",truck lite,7,YELLOW,1,1,2,2,"Truck-Lite Co., LLC","MFIC, OCSL","Apollo Investment Management, L.P., Oaktree Capital Management",Automobile Components,74.564,74.308,0.0034,02/13/32,4.66,,False,,False,,2025-09-30,2025-12-31,2
"Invincible Boat Company, LLC.",invincible boat,7,YELLOW,1,1,2,2,"Invincible Boat Company, LLC.","MAIN, SCM","Main Street Capital (internal), Stellus Capital Management",​,69.604,72.01,-0.0334,8/28/2019,11.69,,False,,False,,2025-09-30,2025-12-31,2
Aras Corporation,aras,7,YELLOW,1,1,2,2,Aras Corporation,"GBDC, TCPC","GC Advisors, Tennenbaum Capital Partners (BlackRock)",Software,69.4832,66.5174,0.0446,04/2021,5.25,,False,,False,,2025-09-30,2025-12-31,2
Cadence Education LLC,cadence education,7,YELLOW,1,1,2,2,Cadence Education LLC,"FSK, GSBD","FS/KKR Advisor, Goldman Sachs Asset Management",Consumer Services,69.4,69.449,-0.0007,5/1/30,9.26,,False,,False,,2025-09-30,2025-12-31,2
BDO USA PA,bdo usa,7,YELLOW,1,1,2,2,BDO USA PA,"FSK, MFIC","Apollo Investment Management, L.P., FS/KKR Advisor",Commercial & Professional Services,68.63,68.53,0.0015,8/31/28,2.0,,False,,False,,2025-09-30,2025-12-31,2
"Bayside Opco, LLC",bayside opco,7,YELLOW,1,1,2,2,"Bayside Opco, LLC","GBDC, SLRC","GC Advisors, SLR Capital Partners",Healthcare Providers & Services,65.301,62.87,0.0387,05/2023,,,False,,False,,2025-09-30,2025-12-31,2
Silk Holdings III Corp.,silk iii,7,YELLOW,1,1,2,2,Silk Holdings III Corp.,"MFIC, OCSL","Apollo Investment Management, L.P., Oaktree Capital Management",Suave,64.836,64.981,-0.0022,12/03/32,1.77,,False,,False,,2025-12-31,2025-12-31,1
"WebPT, Inc.",webpt,7,YELLOW,1,1,2,2,"WebPT, Inc.","GBDC, GSBD","GC Advisors, Goldman Sachs Asset Management",Health Care Technology,63.895,68.176,-0.0628,01/18/28,10.55,,False,,False,,2025-09-30,2025-12-31,2
"Maxor Acquisition, Inc.",maxor,7,YELLOW,1,1,2,2,"Maxor Acquisition, Inc.","MFIC, SLRC","Apollo Investment Management, L.P., SLR Capital Partners",LucidHealth,62.994,64.129,-0.0177,03/01/29,1.0,,False,,False,,2025-09-30,2025-12-31,2
Borrower R365 Holdings LLC,r365,7,YELLOW,1,1,2,2,Borrower R365 Holdings LLC,"ARCC, GBDC","Ares Capital Management, GC Advisors",Food Products,59.296,59.163,0.0022,06/2021,9.82,,False,,False,,2025-09-30,2025-12-31,2
"Emergency Care Partners, LLC",emergency care,7,YELLOW,1,1,2,1,"Emergency Care Partners, LLC","PFLT, PNNT",PennantPark Investment Advisers,Healthcare Providers and Services,57.963,66.029,-0.1222,10/18/27,8.8,,False,,False,,2025-09-30,2025-12-31,2
"SunMed Group Holdings, LLC",sunmed group,7,YELLOW,1,1,2,2,"SunMed Group Holdings, LLC","BCSF, SLRC","Bain Capital Credit, SLR Capital Partners",Healthcare & Pharmaceuticals,55.086,55.576,-0.0088,6/2021,5.6,,False,,False,,2025-09-30,2025-12-31,2
GS SEER Group Borrower LLC,gs seer,7,YELLOW,1,1,2,2,GS SEER Group Borrower LLC,"ARCC, MFIC","Apollo Investment Management, L.P., Ares Capital Management",SEER,54.429,31.629,0.7209,04/30/29,9.0,,False,,False,,2025-09-30,2025-12-31,2
"Next Holdco, LLC",next,7,YELLOW,1,1,2,2,"Next Holdco, LLC","ARCC, OCSL","Ares Capital Management, Oaktree Capital Management",Health Care Technology,54.372,60.782,-0.1055,11/8/2029,5.65,,False,,False,,2025-09-30,2025-12-31,2
"US INFRA SVCS Buyer, LLC",us infra svcs,7,YELLOW,1,1,2,2,"US INFRA SVCS Buyer, LLC","CGBD, MSDL","Carlyle Investment Management, Morgan Stanley Investment Management",Environmental Industries,53.323,56.344,-0.0536,4/13/2027,,,False,,False,,2025-09-30,2025-12-31,2
"Aria Systems, LLC",aria systems,7,YELLOW,1,1,2,2,"Aria Systems, LLC","GSBD, HTGC","Goldman Sachs Asset Management, Hercules Capital (internal)",Financial Services,52.881,52.996,-0.0022,06/30/26,12.15,,False,,False,,2025-09-30,2025-12-31,2
"Rubrik, Inc.",rubrik,7,YELLOW,1,1,2,2,"Rubrik, Inc.","GSBD, OTF","Blue Owl Credit Advisors, Goldman Sachs Asset Management",Software,50.595,50.407,0.0037,08/17/28,11.67,,False,,False,,2025-09-30,2025-12-31,2
"Protein For Pets Opco, LLC",protein for,7,YELLOW,1,1,2,2,"Protein For Pets Opco, LLC","MFIC, OCSL","Apollo Investment Management, L.P., Oaktree Capital Management",Consumer Staples Distribution & Retail,48.696,49.079,-0.0078,09/20/30,4.51,,False,,False,,2025-09-30,2025-12-31,2
"Athlete Buyer, LLC",athlete,7,YELLOW,1,1,2,2,"Athlete Buyer, LLC","CGBD, MFIC","Apollo Investment Management, L.P., Carlyle Investment Management",Construction & Building,48.382,50.502,-0.042,04/26/29,1.0,,False,,False,,2025-09-30,2025-12-31,2
Eyesouth Eye Care Holdco LLC,eyesouth eye,7,YELLOW,1,1,2,2,Eyesouth Eye Care Holdco LLC,"OCSL, SLRC","Oaktree Capital Management, SLR Capital Partners",Health Care Services,45.118,44.965,0.0034,10/6/2022,5.5,,False,,False,,2025-09-30,2025-12-31,2
"Channelside AcquisitionCo, Inc.",channelside acquisitionco,7,YELLOW,1,1,2,2,"Channelside AcquisitionCo, Inc.","BXSL, MFIC","Apollo Investment Management, L.P., Blackstone Credit Advisors",Ground Transportation,42.822,42.764,0.0014,03/31/28,0.75,,False,,False,,2025-12-31,2025-12-31,1
"American Restoration Holdings, LLC",american restoration,7,YELLOW,1,1,2,2,"American Restoration Holdings, LLC","BXSL, MFIC","Apollo Investment Management, L.P., Blackstone Credit Advisors",Diversified Consumer Services,41.993,42.064,-0.0017,07/24/30,1.0,,False,,False,,2025-12-31,2025-12-31,1
Hercules Borrower LLC,hercules,7,YELLOW,1,1,2,2,Hercules Borrower LLC,"CGBD, MSDL","Carlyle Investment Management, Morgan Stanley Investment Management",Environmental Industries,40.959,40.701,0.0063,12/14/2026,,,False,,False,,2025-09-30,2025-12-31,2
"CircusTrix Holdings, LLC",circustrix,7,YELLOW,1,1,2,2,"CircusTrix Holdings, LLC","CGBD, MFIC","Apollo Investment Management, L.P., Carlyle Investment Management",Leisure Products & Services,37.037,36.563,0.013,07/18/28,1.0,,False,,False,,2025-09-30,2025-12-31,2
"The North Highland Co, LLC",north highland,7,YELLOW,1,1,2,2,"The North Highland Co, LLC","BXSL, MFIC","Apollo Investment Management, L.P., Blackstone Credit Advisors",Professional Services (continued),35.819,36.043,-0.0062,12/20/30,0.75,,False,,False,,2025-12-31,2025-12-31,1
HS Spa Holdings Inc.,hs spa,7,YELLOW,1,1,2,2,HS Spa Holdings Inc.,"CGBD, GBDC","Carlyle Investment Management, GC Advisors",Consumer Services,35.653,35.812,-0.0044,05/2022,,,False,,False,,2025-09-30,2025-12-31,2
"CorePower Yoga, LLC",corepower yoga,7,YELLOW,1,1,2,2,"CorePower Yoga, LLC","BCSF, GSBD","Bain Capital Credit, Goldman Sachs Asset Management",Services: Consumer,34.96,35.625,-0.0187,05/14/26,10.28,,False,,False,,2025-09-30,2025-12-31,2
"SpecialtyCare, Inc.",specialtycare,7,YELLOW,1,1,2,2,"SpecialtyCare, Inc.","BXSL, GSBD","Blackstone Credit Advisors, Goldman Sachs Asset Management",Health Care Providers & Services (continued),33.683,33.745,-0.0018,12/18/29,8.99,,False,,False,,2025-09-30,2025-12-31,2
GTCR Investors LP,gtcr investors,7,YELLOW,1,1,2,2,GTCR Investors LP,"ARCC, BXSL","Ares Capital Management, Blackstone Credit Advisors",Commercial Services & Supplies,33.619,22.617,0.4864,9/29/2023,8.67,,False,,False,,2025-09-30,2025-12-31,2
"Mobile Communications America, Inc.",mobile communications,7,YELLOW,1,1,2,2,"Mobile Communications America, Inc.","MFIC, MSDL","Apollo Investment Management, L.P., Morgan Stanley Investment Management",MCA,33.206,33.421,-0.0064,10/16/29,1.0,,False,,False,,2025-09-30,2025-12-31,2
"USA DeBusk, LLC",usa debusk,7,YELLOW,1,1,2,2,"USA DeBusk, LLC","GSBD, TSLX","Goldman Sachs Asset Management, Sixth Street Partners",Commercial Services & Supplies,29.872,29.521,0.0119,04/30/30,8.25,525.0,False,,False,,2025-09-30,2025-12-31,2
"HSI Halo Acquisition, Inc.",hsi halo,7,YELLOW,1,1,2,2,"HSI Halo Acquisition, Inc.","GBDC, MSDL","GC Advisors, Morgan Stanley Investment Management",Healthcare Technology,29.334,29.365,-0.0011,10/2019,,,False,,False,,2025-09-30,2025-12-31,2
Alcami Corporation,alcami,7,YELLOW,1,1,2,2,Alcami Corporation,"MFIC, TCPC","Apollo Investment Management, L.P., Tennenbaum Capital Partners (BlackRock)",Alcami,27.3371,27.0648,0.0101,12/21/28,5.21,,False,,False,,2025-09-30,2025-12-31,2
"GMP Hills, LP",gmp hills,7,YELLOW,1,1,2,2,"GMP Hills, LP","ARCC, PNNT","Ares Capital Management, PennantPark Investment Advisers",Distribution,25.247,24.347,0.037,11/2029,8.74,,False,,False,,2025-09-30,2025-12-31,2
"Onit, Inc.",onit,7,YELLOW,1,1,2,2,"Onit, Inc.","GBDC, MSDL","GC Advisors, Morgan Stanley Investment Management",,24.964,25.118,-0.0061,09/2025,,,False,,False,,2025-09-30,2025-12-31,2
"RFS Opco, LLC",rfs opco,7,YELLOW,1,1,2,2,"RFS Opco, LLC","BXSL, MSDL","Blackstone Credit Advisors, Morgan Stanley Investment Management",Financial Services,23.907,23.96,-0.0022,4/4/2031,,,False,,False,,2025-09-30,2025-12-31,2
"Bingo Group Buyer, Inc.",bingo group,7,YELLOW,1,1,2,2,"Bingo Group Buyer, Inc.","CGBD, MFIC","Apollo Investment Management, L.P., Carlyle Investment Management",Environmental Industries,23.777,23.826,-0.0021,07/10/31,1.0,,False,,False,,2025-09-30,2025-12-31,2
"ExactCare Parent, Inc.",exactcare,7,YELLOW,1,1,2,2,"ExactCare Parent, Inc.","MFIC, SLRC","Apollo Investment Management, L.P., SLR Capital Partners",ExactCare,23.541,24.091,-0.0228,11/05/29,1.0,,False,,False,,2025-09-30,2025-12-31,2
F&M Buyer LLC,fm,7,YELLOW,1,1,2,2,F&M Buyer LLC,"MFIC, OCSL","Apollo Investment Management, L.P., Oaktree Capital Management",EVER.AG Corporation,23.384,23.537,-0.0065,03/18/32,1.81,,False,,False,,2025-12-31,2025-12-31,1
"Rural Sourcing Holdings, Inc.",rural sourcing,7,YELLOW,1,1,2,1,"Rural Sourcing Holdings, Inc.","PFLT, PNNT",PennantPark Investment Advisers,Professional Services,22.555,25.408,-0.1123,06/16/29,9.88,,False,,False,,2025-09-30,2025-12-31,2
"MES Intermediate, Inc.",mes,7,YELLOW,1,1,2,1,"MES Intermediate, Inc.","PFLT, PNNT",PennantPark Investment Advisers,Distributors,21.721,24.158,-0.1009,10/01/2027,8.42,,False,,False,,2025-12-31,2025-12-31,1
"OnPoint Industrial Services, LLC",onpoint industrial,7,YELLOW,1,1,2,2,"OnPoint Industrial Services, LLC","MAIN, SCM","Main Street Capital (internal), Stellus Capital Management",​,20.909,20.953,-0.0021,11/16/2022,10.38,,False,,False,,2025-09-30,2025-12-31,2
Quantcast Corporation,quantcast,7,YELLOW,1,1,2,2,Quantcast Corporation,"SLRC, TPVG","SLR Capital Partners, TriplePoint Advisers",Commercial Services & Supplies,18.595,19.013,-0.022,6/14/2024,,,False,,False,,2025-09-30,2025-12-31,2
"Tilley Distribution, Inc.",tilley distribution,7,YELLOW,1,1,2,2,"Tilley Distribution, Inc.","SCM, SLRC","SLR Capital Partners, Stellus Capital Management",​,18.496,18.644,-0.0079,4/1/2022,,,False,,False,,2025-09-30,2025-12-31,2
"ADCS Clinics Intermediate Holdings, LLC",adcs clinics,7,YELLOW,1,1,2,2,"ADCS Clinics Intermediate Holdings, LLC","BXSL, GBDC","Blackstone Credit Advisors, GC Advisors",Health Care Providers & Services,18.142,16.91,0.0729,05/2016,,,False,,False,,2025-09-30,2025-12-31,2
"Experity, Inc.",experity,7,YELLOW,1,1,2,2,"Experity, Inc.","BXSL, GSBD","Blackstone Credit Advisors, Goldman Sachs Asset Management",Software (continued),17.342,17.191,0.0088,02/24/28,9.49,,False,,False,,2025-09-30,2025-12-31,2
"Accession Risk Management Group, Inc.",accession risk,7,YELLOW,1,1,2,2,"Accession Risk Management Group, Inc.","CGBD, SLRC","Carlyle Investment Management, SLR Capital Partners",Diversified Financial Services,17.034,16.889,0.0086,11/1/2029,,,False,,False,,2025-09-30,2025-12-31,2
"FirstUp, Inc.",firstup,7,YELLOW,1,1,2,2,"FirstUp, Inc.","GBDC, TCPC","GC Advisors, Tennenbaum Capital Partners (BlackRock)",Software,15.4706,15.1213,0.0231,07/2021,6.25,,False,,False,,2025-09-30,2025-12-31,2
"Gateway US Holdings, Inc.",gateway us,7,YELLOW,1,1,2,2,"Gateway US Holdings, Inc.","MFIC, MSDL","Apollo Investment Management, L.P., Morgan Stanley Investment Management",Gateway Services,14.995,15.05,-0.0037,09/22/28,0.75,,False,,False,,2025-09-30,2025-12-31,2
Intoxalock,intoxalock,7,YELLOW,1,1,2,2,Intoxalock,"BCSF, GSBD","Bain Capital Credit, Goldman Sachs Asset Management",Automotive,13.622,13.632,-0.0007,11/01/28,5.63,,False,,False,,2025-09-30,2025-12-31,2
"Compex Legal Services, Inc.",compex legal,7,YELLOW,1,1,2,1,"Compex Legal Services, Inc.","PFLT, PNNT",PennantPark Investment Advisers,Professional Services,13.094,13.709,-0.0449,02/09/26,9.55,,False,,False,,2025-09-30,2025-12-31,2
"Calabrio, Inc.",calabrio,7,YELLOW,1,1,2,2,"Calabrio, Inc.","GBDC, OTF","Blue Owl Credit Advisors, GC Advisors",Software,10.657,9.506,0.1211,04/2021,,,False,,False,,2025-09-30,2025-12-31,2
"CRH Healthcare Purchaser, Inc.",crh healthcare,7,YELLOW,1,1,2,2,"CRH Healthcare Purchaser, Inc.","BCSF, GBDC","Bain Capital Credit, GC Advisors",Healthcare & Pharmaceuticals,10.458,10.583,-0.0118,12/2018,5.25,,False,,False,,2025-09-30,2025-12-31,2
"Frontgrade Technologies Holdings, Inc.",frontgrade technologies,7,YELLOW,1,1,2,2,"Frontgrade Technologies Holdings, Inc.","BXSL, GSBD","Blackstone Credit Advisors, Goldman Sachs Asset Management",Aerospace & Defense,8.886,8.836,0.0057,01/09/28,9.29,,False,,False,,2025-09-30,2025-12-31,2
"SnapLogic, Inc.",snaplogic,7,YELLOW,1,1,2,2,"SnapLogic, Inc.","GBDC, TCPC","GC Advisors, Tennenbaum Capital Partners (BlackRock)",Equity Securities (continued),7.2211,4.195,0.7214,09/2019,,,False,,False,,2025-09-30,2025-12-31,2
Pure Upper Holdco LLC,pure upper,7,YELLOW,1,1,2,2,Pure Upper Holdco LLC,"MFIC, SCM","Apollo Investment Management, L.P., Stellus Capital Management",Xanitos,6.417,6.471,-0.0083,12/03/31,1.0,,False,,False,,2025-12-31,2025-12-31,1
"Saguaro Buyer, LLC",saguaro,7,YELLOW,1,1,2,2,"Saguaro Buyer, LLC","CGBD, GBDC","Carlyle Investment Management, GC Advisors",Leisure Products & Services,5.986,5.875,0.0189,07/2025,,,False,,False,,2025-09-30,2025-12-31,2
MRO Parent Corporation,mro,7,YELLOW,1,1,2,2,MRO Parent Corporation,"MFIC, TCPC","Apollo Investment Management, L.P., Tennenbaum Capital Partners (BlackRock)",MRO Parent Corporation,5.0344,5.0881,-0.0106,06/09/32,1.38,,False,,False,,2025-09-30,2025-12-31,2
"Kodiak Buyer, LLC",kodiak,7,YELLOW,1,1,2,2,"Kodiak Buyer, LLC","GBDC, MSDL","GC Advisors, Morgan Stanley Investment Management",Diversified Consumer Services,3.122,2.766,0.1287,08/2025,,,False,,False,,2025-09-30,2025-12-31,2
"48forty Intermediate Holdings, Inc.",48forty,7,YELLOW,1,1,2,2,"48forty Intermediate Holdings, Inc.","CGBD, PNNT","Carlyle Investment Management, PennantPark Investment Advisers",Transportation: Cargo,0.0,1.992,-1.0,11/05/24,,,False,,False,,2025-09-30,2025-12-31,2
First Tower Finance Company LLC,first tower finance,7,YELLOW,2,1,1,1,First Tower Finance Company LLC,PSEC,Prospect Capital Management,Consumer Finance,1661.538,1965.741,-0.1548,12/18/2027,10.5,,False,,True,PSEC,2025-09-30,2025-12-31,2
Taos Footwear,taos footwear,7,YELLOW,2,1,1,1,Taos Footwear,PSEC,Prospect Capital Management,"Textiles, Apparel & Luxury Goods",255.5755,310.125,-0.1759,1/23/2030,11.25,700.0,False,,True,PSEC,2025-09-30,2025-12-31,2
RME Group Holding Company,rme group,7,YELLOW,1,1,1,1,RME Group Holding Company,PSEC,Prospect Capital Management,Media,114.3824,159.154,-0.2813,5/6/2026,9.75,550.0,False,,False,,2025-09-30,2025-12-31,2
Aventine Intermediate LLC & Aventine Holdings II LLC,aventine aventine,7,YELLOW,2,1,1,1,Aventine Intermediate LLC & Aventine Holdings II LLC,ARCC,Ares Capital Management,,93.4,118.8,-0.2138,06/2029,10.19,,False,,True,ARCC,2025-09-30,2025-12-31,2
Prime ST LLC,prime st,7,YELLOW,1,1,1,1,Prime ST LLC,FSK,FS/KKR Advisor,Equity Real Estate Investment Trusts (REITs),92.6,127.2,-0.272,3/12/30,5.0,,False,,False,,2025-09-30,2025-12-31,2
Wellful Inc.,wellful,7,YELLOW,2,1,1,1,Wellful Inc.,PSEC,Prospect Capital Management,Food Products,60.554,74.162,-0.1835,4/19/2030,9.51,537.9,False,,True,PSEC,2025-09-30,2025-12-31,2
Porcelain Acquisition Corporation (Paramount),porcelain paramount,7,YELLOW,1,1,1,1,Porcelain Acquisition Corporation (Paramount),TCPC,Tennenbaum Capital Partners (BlackRock),Building Products,13.8539,18.6726,-0.2581,4/30/2027,6.1,,False,,False,,2025-12-31,2025-12-31,1
Boccella Precast Products LLC,boccella precast,7,YELLOW,1,1,1,1,Boccella Precast Products LLC,MAIN,Main Street Capital (internal),,7.358,10.176,-0.2769,2/28/2027,10.0,,False,,False,,2025-09-30,2025-12-31,2
"CSC Holdings, LLC",csc,7,YELLOW,1,1,1,1,"CSC Holdings, LLC",MFIC,"Apollo Investment Management, L.P.",Cablevision Systems,1.553,2.086,-0.2555,07/13/27,3.94,,False,,False,,2025-12-31,2025-12-31,1
"Minerva Holdco, Inc.",minerva,6,YELLOW,1,2,3,2,"Minerva Bidco, Ltd., Minerva Holdco, Inc.","BXSL, OBDC, OTF","Blackstone Credit Advisors, Blue Owl Credit Advisors",Commercial Services & Supplies (continued),247.212,226.83,0.0899,11/7/2030,,,False,,False,,2025-09-30,2025-12-31,2
"Project Accelerate Parent, LLC",accelerate,6,YELLOW,1,2,3,2,"Accelerate Topco Holdings, LLC, Project Accelerate Parent, LLC","MSDL, OBDC, OTF","Blue Owl Credit Advisors, Morgan Stanley Investment Management",Insurance,18.036,18.205,-0.0093,,,,False,,False,,2025-09-30,2025-12-31,2
LSI Financing LLC,lsi financing,6,YELLOW,1,2,2,1,"LSI Financing 1 DAC, LSI Financing LLC","OBDC, OTF",Blue Owl Credit Advisors,Pharmaceuticals,945.524,892.045,0.06,,,,False,,False,,2025-09-30,2025-12-31,2
"AAM Series 2.1 Aviation Feeder, LLC",aam series,6,YELLOW,1,2,2,1,"AAM Series 1.1 Rail and Domestic Intermodal Feeder, LLC, AAM Series 2.1 Aviation Feeder, LLC","OBDC, OTF",Blue Owl Credit Advisors,Asset based lending and fund finance,690.895,646.564,0.0686,7/2030,,,False,,False,,2025-09-30,2025-12-31,2
Production Resource Group LLC,production resource,6,YELLOW,1,2,2,2,"Production Resource Group LLC, Production Resource Group, L.L.C. and PRG III, LLC","ARCC, FSK","Ares Capital Management, FS/KKR Advisor",Media & Entertainment,672.4,728.4,-0.0769,8/21/29,4.17,,False,,True,"ARCC, FSK",2025-09-30,2025-12-31,2
"JobandTalent USA, Inc. (United Kingdom)",jobandtalent usa,6,YELLOW,1,2,2,2,"JobandTalent USA, Inc. (United Kingdom), Jobandtalent USA, Inc.","HTGC, TCPC","Hercules Capital (internal), Tennenbaum Capital Partners (BlackRock)",Consumer & Business Services,155.4901,145.5291,0.0684,8/17/2025,6.06,413.5,False,,True,"HTGC, TCPC",2025-09-30,2025-12-31,2
"Logix Acquisition Company, LLC",logix,6,YELLOW,1,2,2,2,"Logix Acquisition Company, LLC, Logix Holding Company, LLC","MAIN, SLRC","Main Street Capital (internal), SLR Capital Partners",Communications Equipment,141.278,142.113,-0.0059,9/14/2018,11.72,,False,,True,SLRC,2025-09-30,2025-12-31,2
"KPCI Holdings, L.P.",kpci,6,YELLOW,1,2,2,1,"KPCI Co-Invest 2, L.P., KPCI Holdings, L.P.","OBDC, OTF",Blue Owl Credit Advisors,Healthcare equipment and services,99.395,46.677,1.1294,,,,False,,False,,2025-09-30,2025-12-31,2
SimpliSafe,simplisafe,6,YELLOW,1,2,2,1,"SimpliSafe, SimpliSafe Holding Corporation","OBDC, OTF",Blue Owl Credit Advisors,Commercial Services & Supplies,76.272,74.251,0.0272,5/2028,,,False,,False,,2025-09-30,2025-12-31,2
"Senseonics Holdings, Inc.",senseonics,6,YELLOW,1,2,2,2,"Senseonics Holdings, Inc., Senseonics Holdings, Inc. *","HTGC, SLRC","Hercules Capital (internal), SLR Capital Partners",Medical Devices & Equipment,63.425,63.293,0.0021,,1.9,189.8,False,,False,,2025-09-30,2025-12-31,2
Dechra Pharmaceuticals Ltd,dechra pharmaceuticals,6,YELLOW,1,2,2,2,"Dechra Pharmaceuticals Holdings Ltd, Dechra Pharmaceuticals Ltd","BXSL, FSK","Blackstone Credit Advisors, FS/KKR Advisor",Pharmaceuticals,9.359,9.038,0.0355,1/24/31,0.0,,False,,True,FSK,2025-09-30,2025-12-31,2
MXP Prime GmbH,mxp prime,6,YELLOW,1,2,2,2,"MXP Prime GmbH, MXP Prime Platform GmbH (SellerX) (Germany)","TCPC, TPVG","Tennenbaum Capital Partners (BlackRock), TriplePoint Advisers",Diversified Consumer Services,0.4617,0.4734,-0.0247,,,,False,,False,,2025-09-30,2025-12-31,2
"Cardinal Topco Holdings, L.P.",cardinal,6,YELLOW,1,2,1,1,"Cardinal Topco Holdings, L.P., Project Cardinal Acquisition, LLC",ARCC,Ares Capital Management,,178.0,184.2,-0.0337,03/2027,9.14,,False,,True,ARCC,2025-09-30,2025-12-31,2
"CG Group Holdings, LLC*",cg group,6,YELLOW,1,2,1,1,"CG Group Holdings, LLC, CG Group Holdings, LLC*",GBDC,GC Advisors,Automobiles,95.215,94.528,0.0073,07/2021,,,False,,True,GBDC,2025-09-30,2025-12-31,2
"Marigold Group, Inc.",marigold group,6,YELLOW,1,2,1,1,"Marigold Group, Inc., Marigold Group, Inc. (p.k.a. Campaign Monitor Limited)",HTGC,Hercules Capital (internal),Debt Investments,73.509,82.296,-0.1068,,7.34,733.6,False,,True,HTGC,2025-09-30,2025-12-31,2
"North Haven Stack Buyer, LLC",north haven stack,6,YELLOW,1,2,1,1,"North Haven Stack Buyer, LLC, North Haven Stack Buyer, LLC*",GBDC,GC Advisors,Commercial Services & Supplies,39.567,39.723,-0.0039,,,,False,,True,GBDC,2025-09-30,2025-12-31,2
"Eagle Purchaser, Inc.",eagle,6,YELLOW,1,2,1,1,"Eagle Aggregator Ltd, Eagle Purchaser, Inc.",MFIC,"Apollo Investment Management, L.P.",Beaufort,8.657,8.793,-0.0155,03/22/29,4.75,,False,,True,MFIC,2025-12-31,2025-12-31,1
"Guidehouse, Inc.",guidehouse,6,YELLOW,1,1,2,2,"Guidehouse, Inc.","BXSL, OBDC","Blackstone Credit Advisors, Blue Owl Credit Advisors",Professional Services (continued),678.953,674.993,0.0059,12/2030,,,False,,False,,2025-09-30,2025-12-31,2
Silk Holdings I Corp.,silk i,6,YELLOW,1,1,2,2,Silk Holdings I Corp.,"ARCC, MFIC","Apollo Investment Management, L.P., Ares Capital Management",Suave,477.22,439.1,0.0868,12/2032,8.34,,False,,False,,2025-12-31,2025-12-31,1
Checkmarx,checkmarx,6,YELLOW,1,1,2,1,Checkmarx,"OBDC, OTF",Blue Owl Credit Advisors,,398.597,399.135,-0.0013,4/2026,,,False,,False,,2025-09-30,2025-12-31,2
Buildertrend,buildertrend,6,YELLOW,1,1,2,1,Buildertrend,"OBDC, OTF",Blue Owl Credit Advisors,Internet software and services,297.947,297.623,0.0011,12/2026,,,False,,False,,2025-09-30,2025-12-31,2
Signifyd Inc.,signifyd,6,YELLOW,1,1,2,2,Signifyd Inc.,"OTF, TPVG","Blue Owl Credit Advisors, TriplePoint Advisers",Internet & Direct Marketing Retail,296.008,185.419,0.5964,,,,False,,False,,2025-09-30,2025-12-31,2
"SG Acquisition, Inc.",sg,6,YELLOW,1,1,2,2,"SG Acquisition, Inc.","ARCC, BXSL","Ares Capital Management, Blackstone Credit Advisors",Insurance (continued),272.455,270.483,0.0073,4/3/2030,8.71,,False,,False,,2025-09-30,2025-12-31,2
Medlar Bidco Limited,medlar,6,YELLOW,1,1,2,2,Medlar Bidco Limited,"ARCC, GBDC","Ares Capital Management, GC Advisors",,235.316,178.555,0.3179,05/2032,7.77,,False,,False,,2025-09-30,2025-12-31,2
Duraserv LLC,duraserv,6,YELLOW,1,1,2,2,Duraserv LLC,"ARCC, OBDC","Ares Capital Management, Blue Owl Credit Advisors",Business services,234.104,234.417,-0.0013,06/2030,8.48,,False,,False,,2025-09-30,2025-12-31,2
"Lytx, Inc.",lytx,6,YELLOW,1,1,2,2,"Lytx, Inc.","BXSL, OBDC","Blackstone Credit Advisors, Blue Owl Credit Advisors",Specialty Retail,231.253,230.88,0.0016,2/2028,,,False,,False,,2025-09-30,2025-12-31,2
"Proofpoint, Inc.",proofpoint,6,YELLOW,1,1,2,2,"Proofpoint, Inc.","ARCC, OTF","Ares Capital Management, Blue Owl Credit Advisors",Professional Services,228.762,173.481,0.3187,08/2028,8.57,,False,,False,,2025-09-30,2025-12-31,2
"Unified Women's Healthcare, LP",unified women,6,YELLOW,1,1,2,2,"Unified Women's Healthcare, LP","BXSL, OBDC","Blackstone Credit Advisors, Blue Owl Credit Advisors",Health Care Providers & Services (continued),222.56,220.969,0.0072,6/2029,,,False,,False,,2025-09-30,2025-12-31,2
"Trintech, Inc.",trintech,6,YELLOW,1,1,2,2,"Trintech, Inc.","MSDL, TCPC","Morgan Stanley Investment Management, Tennenbaum Capital Partners (BlackRock)",Financial Services,191.2239,191.4025,-0.0009,7/25/2029,5.5,,False,,False,,2025-09-30,2025-12-31,2
"WCI-BXC Purchaser, LLC",wci bxc,6,YELLOW,1,1,2,2,"WCI-BXC Purchaser, LLC","ARCC, SLRC","Ares Capital Management, SLR Capital Partners",Distributors,183.15,181.611,0.0085,,,,False,,False,,2025-09-30,2025-12-31,2
"IEM New Sub 2, LLC",iem new,6,YELLOW,1,1,2,2,"IEM New Sub 2, LLC","BXSL, CGBD","Blackstone Credit Advisors, Carlyle Investment Management",Electrical Equipment,171.927,171.163,0.0045,8/8/2030,,,False,,False,,2025-12-31,2025-12-31,1
"Databricks, Inc.",databricks,6,YELLOW,1,1,2,2,"Databricks, Inc.","ARCC, OTF","Ares Capital Management, Blue Owl Credit Advisors",,167.59,167.394,0.0012,01/2031,8.27,,False,,False,,2025-09-30,2025-12-31,2
"Cartessa Aesthetics, LLC",cartessa aesthetics,6,YELLOW,1,1,2,1,"Cartessa Aesthetics, LLC","PFLT, PNNT",PennantPark Investment Advisers,Distributors,150.755,153.296,-0.0166,06/14/28,9.84,,False,,False,,2025-09-30,2025-12-31,2
"One, Inc. Software Corporation",one software,6,YELLOW,1,1,2,2,"One, Inc. Software Corporation","MSDL, OTF","Blue Owl Credit Advisors, Morgan Stanley Investment Management",,148.623,148.679,-0.0004,12/2032,,,False,,False,,2025-12-31,2025-12-31,1
"Kings Buyer, LLC",kings,6,YELLOW,1,1,2,2,"Kings Buyer, LLC","ARCC, OCSL","Ares Capital Management, Oaktree Capital Management",Environmental & Facilities Services,138.981,129.884,0.07,10/2027,5.8,,False,,False,,2025-09-30,2025-12-31,2
MannKind Corp.,mannkind,6,YELLOW,1,1,2,2,MannKind Corp.,"BXSL, MFIC","Apollo Investment Management, L.P., Blackstone Credit Advisors",Biotechnology,137.455,136.595,0.0063,8/6/2030,,,False,,False,,2025-12-31,2025-12-31,1
VelocityEHS,velocityehs,6,YELLOW,1,1,2,1,VelocityEHS,"OBDC, OTF",Blue Owl Credit Advisors,Chemicals,132.845,133.026,-0.0014,4/2027,,,False,,False,,2025-09-30,2025-12-31,2
"The Vertex Companies, LLC",vertex companies,6,YELLOW,1,1,2,1,"The Vertex Companies, LLC","PFLT, PNNT",PennantPark Investment Advisers,Construction & Engineering,127.832,140.215,-0.0883,08/31/28,8.84,,False,,False,,2025-09-30,2025-12-31,2
"Best Practice Associates, LLC",best practice,6,YELLOW,1,1,2,1,"Best Practice Associates, LLC","PFLT, PNNT",PennantPark Investment Advisers,Aerospace and Defense,127.353,134.422,-0.0526,11/08/29,10.69,,False,,False,,2025-09-30,2025-12-31,2
5 Hour Energy,hour energy,6,YELLOW,1,1,2,1,5 Hour Energy,"OBDC, OTF",Blue Owl Credit Advisors,Food and beverage,121.439,121.51,-0.0006,3/2027,,,False,,False,,2025-09-30,2025-12-31,2
"Park Place Technologies, LLC",park place,6,YELLOW,1,1,2,2,"Park Place Technologies, LLC","BXSL, OBDC","Blackstone Credit Advisors, Blue Owl Credit Advisors",IT Services,119.862,119.15,0.006,3/2030,,,False,,False,,2025-09-30,2025-12-31,2
"KPSKY Acquisition, Inc.",kpsky,6,YELLOW,1,1,2,2,"KPSKY Acquisition, Inc.","BXSL, MSDL","Blackstone Credit Advisors, Morgan Stanley Investment Management",Commercial Services & Supplies (continued),119.675,125.939,-0.0497,10/19/2028,,,False,,False,,2025-09-30,2025-12-31,2
"PAR Excellence Holdings, Inc.",par excellence,6,YELLOW,1,1,2,1,"PAR Excellence Holdings, Inc.","PFLT, PNNT",PennantPark Investment Advisers,Healthcare Technology,118.329,126.633,-0.0656,09/03/30,8.94,,False,,False,,2025-09-30,2025-12-31,2
"Argano, LLC",argano,6,YELLOW,1,1,2,1,"Argano, LLC","PFLT, PNNT",PennantPark Investment Advisers,Business Services,117.805,122.363,-0.0372,09/13/29,9.5,,False,,False,,2025-09-30,2025-12-31,2
"Seahawk Bidco, LLC",seahawk,6,YELLOW,1,1,2,2,"Seahawk Bidco, LLC","BXSL, CGBD","Blackstone Credit Advisors, Carlyle Investment Management",Diversified Consumer Services,113.7834,125.358,-0.0923,12/19/2031,,,False,,False,,2025-09-30,2025-12-31,2
"Blackhawk Industrial Distribution, Inc.",blackhawk industrial,6,YELLOW,1,1,2,1,"Blackhawk Industrial Distribution, Inc.","PFLT, PNNT",PennantPark Investment Advisers,Distributors,101.577,109.564,-0.0729,09/17/26,9.24,,False,,False,,2025-09-30,2025-12-31,2
"Case Works, LLC",case works,6,YELLOW,1,1,2,1,"Case Works, LLC","PFLT, PNNT",PennantPark Investment Advisers,Professional Services,99.226,104.475,-0.0502,10/01/29,9.07,,False,,False,,2025-09-30,2025-12-31,2
"Magneto Components BuyCo, LLC",magneto components,6,YELLOW,1,1,2,2,"Magneto Components BuyCo, LLC","BXSL, MSDL","Blackstone Credit Advisors, Morgan Stanley Investment Management",Aerospace & Defense,96.343,96.403,-0.0006,12/5/2030,,,False,,False,,2025-09-30,2025-12-31,2
"Asurion, LLC",asurion,6,YELLOW,1,1,2,2,"Asurion, LLC","OCSL, OTF","Blue Owl Credit Advisors, Oaktree Capital Management",Property & Casualty Insurance,93.533,92.896,0.0069,1/2028,4.21,,False,,False,,2025-09-30,2025-12-31,2
"ML Holdco, Inc.",ml,6,YELLOW,1,1,2,2,"ML Holdco, Inc.","ARCC, BXSL","Ares Capital Management, Blackstone Credit Advisors",Software (continued),90.247,90.747,-0.0055,10/2032,8.37,,False,,False,,2025-12-31,2025-12-31,1
"SV-Aero Holdings, LLC",sv aero,6,YELLOW,1,1,2,1,"SV-Aero Holdings, LLC","PFLT, PNNT",PennantPark Investment Advisers,Aerospace and Defense,90.197,99.706,-0.0954,11/01/30,8.84,,False,,False,,2025-09-30,2025-12-31,2
Oak Funding LLC,oak funding,6,YELLOW,1,1,2,2,Oak Funding LLC,"ARCC, TCPC","Ares Capital Management, Tennenbaum Capital Partners (BlackRock)",Debt Investments (continued),89.0149,89.913,-0.01,12/2/2032,8.1,,False,,False,,2025-12-31,2025-12-31,1
Tank Holding Corp.,tank,6,YELLOW,1,1,2,2,Tank Holding Corp.,"CGBD, MSDL","Carlyle Investment Management, Morgan Stanley Investment Management",Capital Equipment,87.85,85.918,0.0225,3/31/2028,,,False,,False,,2025-09-30,2025-12-31,2
"Viper Bidco, Inc.",viper,6,YELLOW,1,1,2,2,"Viper Bidco, Inc.","ARCC, GBDC","Ares Capital Management, GC Advisors",,85.152,74.92,0.1366,11/2031,8.45,,False,,False,,2025-09-30,2025-12-31,2
"Big Top Holdings, LLC",big,6,YELLOW,1,1,2,1,"Big Top Holdings, LLC","PFLT, PNNT",PennantPark Investment Advisers,Construction & Engineering,84.332,88.937,-0.0518,02/28/30,9.06,,False,,False,,2025-09-30,2025-12-31,2
"Gimlet Bidco, GmbH",gimlet gmbh,6,YELLOW,1,1,2,2,"Gimlet Bidco, GmbH","BXSL, GBDC","Blackstone Credit Advisors, GC Advisors",Insurance,83.658,79.746,0.0491,4/23/2031,,,False,,False,,2025-09-30,2025-12-31,2
"Tyto Athene, LLC",tyto athene,6,YELLOW,1,1,2,1,"Tyto Athene, LLC","PFLT, PNNT",PennantPark Investment Advisers,IT Services,82.128,84.249,-0.0252,04/01/28,9.02,,False,,False,,2025-09-30,2025-12-31,2
"Beta Plus Technologies, Inc.",beta plus,6,YELLOW,1,1,2,1,"Beta Plus Technologies, Inc.","PFLT, PNNT",PennantPark Investment Advisers,Internet Software and Services,81.315,80.834,0.006,07/02/29,9.59,,False,,False,,2025-09-30,2025-12-31,2
"Spaceship Purchaser, Inc.",spaceship,6,YELLOW,1,1,2,2,"Spaceship Purchaser, Inc.","ARCC, BXSL","Ares Capital Management, Blackstone Credit Advisors",Software (continued),79.885,79.915,-0.0004,10/2031,7.92,,False,,False,,2025-09-30,2025-12-31,2
"HW Holdco, LLC",hw,6,YELLOW,1,1,2,1,"HW Holdco, LLC","PFLT, PNNT",PennantPark Investment Advisers,Media,78.056,82.752,-0.0567,05/10/26,9.85,,False,,False,,2025-09-30,2025-12-31,2
"Iris Buyer, LLC",iris,6,YELLOW,1,1,2,2,"Iris Buyer, LLC","BXSL, MSDL","Blackstone Credit Advisors, Morgan Stanley Investment Management",Commercial Services & Supplies,74.961,74.042,0.0124,10/2/2030,,,False,,False,,2025-09-30,2025-12-31,2
"One Stop Mailing, LLC",one stop,6,YELLOW,1,1,2,1,"One Stop Mailing, LLC","PFLT, PNNT",PennantPark Investment Advisers,Air Freight and Logistics,73.186,72.695,0.0068,05/07/27,10.31,,False,,False,,2025-09-30,2025-12-31,2
"The Bluebird Group, LLC",bluebird group,6,YELLOW,1,1,2,1,"The Bluebird Group, LLC","PFLT, PNNT",PennantPark Investment Advisers,Professional Services,72.218,73.611,-0.0189,07/28/26,9.73,,False,,False,,2025-09-30,2025-12-31,2
"Aechelon Technology, Inc.",aechelon technology,6,YELLOW,1,1,2,1,"Aechelon Technology, Inc.","PFLT, PNNT",PennantPark Investment Advisers,Aerospace and Defense,71.937,76.382,-0.0582,08/16/29,9.63,,False,,False,,2025-09-30,2025-12-31,2
"WPEngine, Inc.",wpengine,6,YELLOW,1,1,2,2,"WPEngine, Inc.","BXSL, GBDC","Blackstone Credit Advisors, GC Advisors",Software (continued),71.891,70.779,0.0157,8/14/2029,,,False,,False,,2025-09-30,2025-12-31,2
"ACP Falcon Buyer, Inc.",acp falcon,6,YELLOW,1,1,2,1,"ACP Falcon Buyer, Inc.","PFLT, PNNT",PennantPark Investment Advisers,Professional Services,69.779,73.755,-0.0539,08/01/29,9.64,,False,,False,,2025-09-30,2025-12-31,2
Lightning Finco Limited,lightning,6,YELLOW,1,1,2,2,Lightning Finco Limited,"BCSF, GBDC","Bain Capital Credit, GC Advisors",Media: Broadcasting & Subscription,68.996,69.085,-0.0013,8/31/2028,5.72,,False,,False,,2025-09-30,2025-12-31,2
HEC Purchaser Corp.,hec,6,YELLOW,1,1,2,1,HEC Purchaser Corp.,"PFLT, PNNT",PennantPark Investment Advisers,"Healthcare, Education and Childcare",67.325,66.875,0.0067,06/17/29,8.84,,False,,False,,2025-09-30,2025-12-31,2
"Sath Industries, LLC",sath industries,6,YELLOW,1,1,2,1,"Sath Industries, LLC","PFLT, PNNT",PennantPark Investment Advisers,Event Services,65.896,69.219,-0.048,12/17/29,9.31,,False,,False,,2025-09-30,2025-12-31,2
"DTI Holdco, Inc.",dti,6,YELLOW,1,1,2,2,"DTI Holdco, Inc.","ARCC, OCSL","Ares Capital Management, Oaktree Capital Management",Research & Consulting Services,64.823,69.034,-0.061,4/26/2029,4.0,,False,,False,,2025-09-30,2025-12-31,2
"Archduke Buyer, Inc.",archduke,6,YELLOW,1,1,2,2,"Archduke Buyer, Inc.","ARCC, MSDL","Ares Capital Management, Morgan Stanley Investment Management",Software and Services,64.142,64.779,-0.0098,12/2032,9.27,,False,,False,,2025-12-31,2025-12-31,1
Boxer Parent Company Inc.,boxer,6,YELLOW,1,1,2,2,Boxer Parent Company Inc.,"OCSL, OTF","Blue Owl Credit Advisors, Oaktree Capital Management",Systems Software,59.367,59.216,0.0025,7/2031,3.0,,False,,False,,2025-09-30,2025-12-31,2
"Imagine 360, LLC",imagine,6,YELLOW,1,1,2,2,"Imagine 360, LLC","BXSL, MSDL","Blackstone Credit Advisors, Morgan Stanley Investment Management",Health Care Providers & Services (continued),57.923,58.01,-0.0015,9/30/2028,,,False,,False,,2025-09-30,2025-12-31,2
"Boss Industries, LLC",boss industries,6,YELLOW,1,1,2,1,"Boss Industries, LLC","PFLT, PNNT",PennantPark Investment Advisers,Independent Power and Renewable Electricity Producers,57.69,61.33,-0.0594,12/27/30,8.81,,False,,False,,2025-09-30,2025-12-31,2
"THG Acquisition, LLC",thg,6,YELLOW,1,1,2,2,"THG Acquisition, LLC","ARCC, BXSL","Ares Capital Management, Blackstone Credit Advisors",Insurance (continued),57.495,57.378,0.002,10/2031,8.9,,False,,False,,2025-09-30,2025-12-31,2
"Cart.Com, Inc.",cart com,6,YELLOW,1,1,2,2,"Cart.Com, Inc.","TCPC, TPVG","Tennenbaum Capital Partners (BlackRock), TriplePoint Advisers",Software,52.9802,52.477,0.0096,5/22/2029,7.75,,False,,False,,2025-09-30,2025-12-31,2
"PAI Holdco, Inc.",pai,6,YELLOW,1,1,2,2,"PAI Holdco, Inc.","CGBD, MSDL","Carlyle Investment Management, Morgan Stanley Investment Management",Auto Aftermarket & Services,52.794,56.37,-0.0634,10/28/2028,,,False,,False,,2025-09-30,2025-12-31,2
"Municipal Emergency Services, Inc.",municipal emergency,6,YELLOW,1,1,2,1,"Municipal Emergency Services, Inc.","PFLT, PNNT",PennantPark Investment Advisers,Distributors,52.7,46.26,0.1392,10/01/27,8.84,,False,,False,,2025-09-30,2025-12-31,2
"TMII Enterprises, LLC",tmii enterprises,6,YELLOW,1,1,2,1,"TMII Enterprises, LLC","PFLT, PNNT",PennantPark Investment Advisers,Commercial Services & Supplies,52.521,55.338,-0.0509,12/22/28,8.43,,False,,False,,2025-09-30,2025-12-31,2
Kairos Bidco Limited,kairos,6,YELLOW,1,1,2,2,Kairos Bidco Limited,"ARCC, GBDC","Ares Capital Management, GC Advisors",,50.501,50.905,-0.0079,07/2032,8.42,,False,,False,,2025-09-30,2025-12-31,2
"LAV Gear Holdings, Inc.",lav gear,6,YELLOW,1,1,2,1,"LAV Gear Holdings, Inc.","PFLT, PNNT",PennantPark Investment Advisers,Capital Equipment,49.547,48.356,0.0246,07/31/29,9.87,,False,,False,,2025-09-30,2025-12-31,2
"BP Purchaser, LLC",bp,6,YELLOW,1,1,2,2,"BP Purchaser, LLC","BXSL, MSDL","Blackstone Credit Advisors, Morgan Stanley Investment Management",Distributors,49.269,50.76,-0.0294,12/10/2028,,,False,,False,,2025-09-30,2025-12-31,2
Wedgewood Weddings,wedgewood weddings,6,YELLOW,1,1,2,2,Wedgewood Weddings,"FSK, OBDC","Blue Owl Credit Advisors, FS/KKR Advisor",Consumer Services,48.238,48.248,-0.0002,6/2032,,,False,,False,,2025-09-30,2025-12-31,2
"Astra Service Partners, LLC",astra service,6,YELLOW,1,1,2,2,"Astra Service Partners, LLC","ARCC, MSDL","Ares Capital Management, Morgan Stanley Investment Management",Commercial Services & Supplies,47.567,48.0,-0.009,11/2032,8.34,,False,,False,,2025-09-30,2025-12-31,2
Transit Technologies LLC,transit technologies,6,YELLOW,1,1,2,2,Transit Technologies LLC,"ARCC, MSDL","Ares Capital Management, Morgan Stanley Investment Management",,47.212,39.556,0.1935,08/2031,8.53,,False,,False,,2025-09-30,2025-12-31,2
"QF Holdings, Inc.",qf,6,YELLOW,1,1,2,2,"QF Holdings, Inc.","ARCC, GBDC","Ares Capital Management, GC Advisors",,47.072,47.272,-0.0042,12/2032,8.19,,False,,False,,2025-09-30,2025-12-31,2
"Excel Fitness Holdings, Inc.",excel fitness,6,YELLOW,1,1,2,2,"Excel Fitness Holdings, Inc.","ARCC, CGBD","Ares Capital Management, Carlyle Investment Management",Leisure Products & Services,47.059,33.966,0.3855,4/29/2029,8.42,,False,,False,,2025-09-30,2025-12-31,2
"Specialty Pharma III, Inc.",specialty pharma,6,YELLOW,1,1,2,2,"Specialty Pharma III, Inc.","CGBD, MSDL","Carlyle Investment Management, Morgan Stanley Investment Management",Healthcare & Pharmaceuticals,46.914,46.803,0.0024,12/23/2032,,,False,,False,,2025-09-30,2025-12-31,2
Amsive Holdings Corporation,amsive,6,YELLOW,1,1,2,1,Amsive Holdings Corporation,"PFLT, PNNT",PennantPark Investment Advisers,Media,46.378,46.628,-0.0054,12/10/26,10.14,,False,,False,,2025-09-30,2025-12-31,2
Allied Benefit Systems Intermediate LLC,allied benefit,6,YELLOW,1,1,2,2,Allied Benefit Systems Intermediate LLC,"CGBD, OBDC","Blue Owl Credit Advisors, Carlyle Investment Management",Healthcare & Pharmaceuticals,45.828,45.983,-0.0034,10/2030,,,False,,False,,2025-09-30,2025-12-31,2
GI Ranger Intermediate LLC,gi ranger,6,YELLOW,1,1,2,2,GI Ranger Intermediate LLC,"ARCC, BXSL","Ares Capital Management, Blackstone Credit Advisors",Health Care Technology (continued),44.948,45.932,-0.0214,10/2027,9.82,,False,,False,,2025-09-30,2025-12-31,2
"CJX Borrower, LLC",cjx,6,YELLOW,1,1,2,1,"CJX Borrower, LLC","PFLT, PNNT",PennantPark Investment Advisers,Media,44.895,48.872,-0.0814,07/13/27,9.89,,False,,False,,2025-09-30,2025-12-31,2
"CRCI Longhorn Holdings, Inc.",crci longhorn,6,YELLOW,1,1,2,2,"CRCI Longhorn Holdings, Inc.","BXSL, MSDL","Blackstone Credit Advisors, Morgan Stanley Investment Management",Professional Services (continued),43.835,43.831,0.0001,8/27/2031,,,False,,False,,2025-09-30,2025-12-31,2
"AP Adhesives Holdings, LLC",ap adhesives,6,YELLOW,1,1,2,2,"AP Adhesives Holdings, LLC","ARCC, GBDC","Ares Capital Management, GC Advisors",Materials,43.433,43.786,-0.0081,04/2032,8.66,,False,,False,,2025-09-30,2025-12-31,2
"Whitney Merger Sub, Inc.",whitney sub,6,YELLOW,1,1,2,2,"Whitney Merger Sub, Inc.","CGBD, OCSL","Carlyle Investment Management, Oaktree Capital Management",Leisure Products & Services,40.535,40.537,-0.0,7/3/2032,4.75,,False,,False,,2025-09-30,2025-12-31,2
"Oak Purchaser, Inc.",oak,6,YELLOW,1,1,2,2,"Oak Purchaser, Inc.","CGBD, MSDL","Carlyle Investment Management, Morgan Stanley Investment Management",Business Services,39.267,39.33,-0.0016,4/28/2028,,,False,,False,,2025-09-30,2025-12-31,2
"ISQ Hawkeye Holdco, Inc.",isq hawkeye,6,YELLOW,1,1,2,2,"ISQ Hawkeye Holdco, Inc.","ARCC, BXSL","Ares Capital Management, Blackstone Credit Advisors",Commercial Services & Supplies,39.227,39.227,0.0,08/2030,8.43,,False,,False,,2025-09-30,2025-12-31,2
"Recteq, LLC",recteq,6,YELLOW,1,1,2,1,"Recteq, LLC","PFLT, PNNT",PennantPark Investment Advisers,Leisure Products,37.962,41.049,-0.0752,01/29/26,10.24,,False,,False,,2025-09-30,2025-12-31,2
"Global Holdings InterCo, LLC",global holdings,6,YELLOW,1,1,2,1,"Global Holdings InterCo, LLC","PFLT, PNNT",PennantPark Investment Advisers,Diversified Financial Services,37.581,37.326,0.0068,03/16/26,9.54,,False,,False,,2025-09-30,2025-12-31,2
"Cornerstone Advisors of Arizona, LLC",cornerstone advisors,6,YELLOW,1,1,2,1,"Cornerstone Advisors of Arizona, LLC","PFLT, PNNT",PennantPark Investment Advisers,Consulting Services,37.444,39.933,-0.0623,05/13/32,8.42,,False,,False,,2025-09-30,2025-12-31,2
"Profile Products, LLC",profile products,6,YELLOW,1,1,2,2,"Profile Products, LLC","BXSL, GBDC","Blackstone Credit Advisors, GC Advisors",Paper & Forest Products,36.038,36.386,-0.0096,11/12/2027,,,False,,False,,2025-09-30,2025-12-31,2
V Global Holdings LLC,v global,6,YELLOW,1,1,2,2,V Global Holdings LLC,"BCSF, MSDL","Bain Capital Credit, Morgan Stanley Investment Management",Capital Equipment,33.31,33.794,-0.0143,12/22/2027,5.88,,False,,False,,2025-09-30,2025-12-31,2
"WIPFLI Advisory, LLC",wipfli advisory,6,YELLOW,1,1,2,2,"WIPFLI Advisory, LLC","MSDL, OBDC","Blue Owl Credit Advisors, Morgan Stanley Investment Management",,31.9814,32.014,-0.001,10/2032,,,False,,False,,2025-12-31,2025-12-31,1
"Atlas US Finco, Inc.",atlas us,6,YELLOW,1,1,2,2,"Atlas US Finco, Inc.","CGBD, MSDL","Carlyle Investment Management, Morgan Stanley Investment Management",High Tech Industries,31.218,31.344,-0.004,12/10/2029,,,False,,False,,2025-09-30,2025-12-31,2
KnowBe4 Inc.,knowbe4,6,YELLOW,1,1,2,2,KnowBe4 Inc.,"OCSL, OTF","Blue Owl Credit Advisors, Oaktree Capital Management",Systems Software,29.02,29.269,-0.0085,7/23/2032,3.75,,False,,False,,2025-09-30,2025-12-31,2
"Imagine Acquisitionco, Inc.",imagine acquisitionco,6,YELLOW,1,1,2,1,"Imagine Acquisitionco, Inc.","PFLT, PNNT",PennantPark Investment Advisers,Software,28.986,31.582,-0.0822,11/15/27,9.14,,False,,False,,2025-09-30,2025-12-31,2
"Captive Resources Midco, LLC",captive resources,6,YELLOW,1,1,2,2,"Captive Resources Midco, LLC","ARCC, GBDC","Ares Capital Management, GC Advisors",Insurance,28.739,28.758,-0.0007,07/2029,8.22,,False,,False,,2025-09-30,2025-12-31,2
"YI, LLC",yi,6,YELLOW,1,1,2,2,"YI, LLC","GBDC, MSDL","GC Advisors, Morgan Stanley Investment Management",Health Care Equipment & Supplies,28.397,28.364,0.0012,,,,False,,False,,2025-09-30,2025-12-31,2
"Fever Labs, Inc.",fever labs,6,YELLOW,1,1,2,2,"Fever Labs, Inc.","ARCC, HTGC","Ares Capital Management, Hercules Capital (internal)",Media/Content/Info,28.195,27.334,0.0315,11/2028,10.97,,False,,False,,2025-09-30,2025-12-31,2
"Crane 1 Services, Inc.",crane services,6,YELLOW,1,1,2,1,"Crane 1 Services, Inc.","PFLT, PNNT",PennantPark Investment Advisers,Commercial Services & Supplies,27.906,28.869,-0.0334,08/16/27,9.49,,False,,False,,2025-09-30,2025-12-31,2
Heartland Veterinary Partners LLC,heartland veterinary,6,YELLOW,1,1,2,2,Heartland Veterinary Partners LLC,"GBDC, MSDL","GC Advisors, Morgan Stanley Investment Management",Health Care Providers & Services,27.422,27.589,-0.0061,,,,False,,False,,2025-09-30,2025-12-31,2
"Hancock Roofing and Construction, LLC",hancock roofing,6,YELLOW,1,1,2,1,"Hancock Roofing and Construction, LLC","PFLT, PNNT",PennantPark Investment Advisers,Insurance,26.303,27.046,-0.0275,12/31/26,9.44,,False,,False,,2025-09-30,2025-12-31,2
"CoolSys, Inc.",coolsys,6,YELLOW,1,1,2,2,"CoolSys, Inc.","OBDC, PFLT","Blue Owl Credit Advisors, PennantPark Investment Advisers",Business services,25.994,27.178,-0.0436,08/11/2028,,,False,,False,,2025-09-30,2025-12-31,2
"CCI Buyer, Inc.",cci,6,YELLOW,1,1,2,2,"CCI Buyer, Inc.","BXSL, MSDL","Blackstone Credit Advisors, Morgan Stanley Investment Management",Wireless Telecommunication Services,24.702,24.639,0.0026,5/13/2032,,,False,,False,,2025-09-30,2025-12-31,2
"Meadowlark Acquirer, LLC",meadowlark acquirer,6,YELLOW,1,1,2,1,"Meadowlark Acquirer, LLC","PFLT, PNNT",PennantPark Investment Advisers,Professional Services,23.572,26.073,-0.0959,12/10/27,9.49,,False,,False,,2025-09-30,2025-12-31,2
"Vamos Bidco, Inc.",vamos,6,YELLOW,1,1,2,2,"Vamos Bidco, Inc.","ARCC, MSDL","Ares Capital Management, Morgan Stanley Investment Management",Beverages,23.224,23.473,-0.0106,01/2032,8.42,,False,,False,,2025-09-30,2025-12-31,2
Cliffwater LLC,cliffwater,6,YELLOW,1,1,2,2,Cliffwater LLC,"CGBD, MSDL","Carlyle Investment Management, Morgan Stanley Investment Management",Diversified Financial Services,19.851,19.806,0.0023,4/22/2032,,,False,,False,,2025-09-30,2025-12-31,2
"Bellwether Buyer, L.L.C.",bellwether,6,YELLOW,1,1,2,2,"Bellwether Buyer, L.L.C.","ARCC, GBDC","Ares Capital Management, GC Advisors",Insurance,19.709,19.731,-0.0011,04/2032,8.23,,False,,False,,2025-09-30,2025-12-31,2
"AWP Group Holdings, Inc.",awp group,6,YELLOW,1,1,2,2,"AWP Group Holdings, Inc.","MSDL, OBDC","Blue Owl Credit Advisors, Morgan Stanley Investment Management",Multi-Utilities,18.752,19.213,-0.024,12/2030,,,False,,False,,2025-09-30,2025-12-31,2
"Tivity Health, Inc.",tivity health,6,YELLOW,1,1,2,2,"Tivity Health, Inc.","MSDL, OBDC","Blue Owl Credit Advisors, Morgan Stanley Investment Management",,18.536,18.6,-0.0034,6/2029,,,False,,False,,2025-09-30,2025-12-31,2
RoadOne,roadone,6,YELLOW,1,1,2,2,RoadOne,"BCSF, BXSL","Bain Capital Credit, Blackstone Credit Advisors",Transportation: Cargo,17.565,17.877,-0.0175,12/29/2028,6.25,,False,,False,,2025-09-30,2025-12-31,2
"Stepping Stones Healthcare Services, LLC",stepping stones,6,YELLOW,1,1,2,2,"Stepping Stones Healthcare Services, LLC","BXSL, MSDL","Blackstone Credit Advisors, Morgan Stanley Investment Management",Health Care Providers & Services (continued),16.968,17.01,-0.0025,1/2/2029,,,False,,False,,2025-09-30,2025-12-31,2
"More Cowbell II, LLC",more cowbell,6,YELLOW,1,1,2,2,"More Cowbell II, LLC","BXSL, CGBD","Blackstone Credit Advisors, Carlyle Investment Management",Financial Services,16.225,15.924,0.0189,9/1/2029,,,False,,False,,2025-09-30,2025-12-31,2
"CoreRx, Inc.",corerx,6,YELLOW,1,1,2,2,"CoreRx, Inc.","ARCC, OCSL","Ares Capital Management, Oaktree Capital Management",Pharmaceuticals,16.178,16.28,-0.0063,4/6/2029,9.55,,False,,False,,2025-09-30,2025-12-31,2
"DNAnexus, Inc.",dnanexus,6,YELLOW,1,1,2,2,"DNAnexus, Inc.","HTGC, TCPC","Hercules Capital (internal), Tennenbaum Capital Partners (BlackRock)",Equity Investments,15.448,15.4713,-0.0015,12/18/2029,5.25,,False,,False,,2025-09-30,2025-12-31,2
"G702 Buyer, Inc.",g702,6,YELLOW,1,1,2,2,"G702 Buyer, Inc.","ARCC, BCSF","Ares Capital Management, Bain Capital Credit",Construction & Building,14.903,15.17,-0.0176,7/2/2031,7.29,,False,,False,,2025-09-30,2025-12-31,2
"Eliassen Group, LLC",eliassen group,6,YELLOW,1,1,2,2,"Eliassen Group, LLC","CGBD, GBDC","Carlyle Investment Management, GC Advisors",Business Services,14.837,15.042,-0.0136,4/14/2028,,,False,,False,,2025-09-30,2025-12-31,2
"Bradyifs Holdings, LLC",bradyifs,6,YELLOW,1,1,2,2,"Bradyifs Holdings, LLC","CGBD, GBDC","Carlyle Investment Management, GC Advisors",Wholesale,14.304,14.059,0.0174,10/31/2029,,,False,,False,,2025-09-30,2025-12-31,2
"UserZoom Technologies, Inc.",userzoom technologies,6,YELLOW,1,1,2,2,"UserZoom Technologies, Inc.","ARCC, MAIN","Ares Capital Management, Main Street Capital (internal)",,13.556,13.8,-0.0177,4/5/2029,11.95,,False,,False,,2025-09-30,2025-12-31,2
"Petrus Buyer, Inc.",petrus,6,YELLOW,1,1,2,2,"Petrus Buyer, Inc.","ARCC, BXSL","Ares Capital Management, Blackstone Credit Advisors",Professional Services (continued),12.99,12.89,0.0078,10/2029,8.42,,False,,False,,2025-09-30,2025-12-31,2
"HIG Intermediate, Inc.",hig,6,YELLOW,1,1,2,2,"HIG Intermediate, Inc.","ARCC, CGBD","Ares Capital Management, Carlyle Investment Management",Diversified Financial Services,12.359,10.103,0.2233,06/2031,8.82,,False,,False,,2025-12-31,2025-12-31,1
"eShipping, LLC",eshipping,6,YELLOW,1,1,2,2,"eShipping, LLC","MSDL, OCSL","Morgan Stanley Investment Management, Oaktree Capital Management",Ground Transportation,9.325,9.341,-0.0017,12/23/2032,4.5,,False,,False,,2025-12-31,2025-12-31,1
"TIDI Legacy Products, Inc.",tidi legacy,6,YELLOW,1,1,2,2,"TIDI Legacy Products, Inc.","GBDC, MSDL","GC Advisors, Morgan Stanley Investment Management",Health Care Equipment & Supplies,8.571,8.606,-0.0041,,,,False,,False,,2025-09-30,2025-12-31,2
"US Fertility Enterprises, LLC",us fertility enterprises,6,YELLOW,1,1,2,1,"US Fertility Enterprises, LLC","PFLT, PNNT",PennantPark Investment Advisers,Healthcare Providers and Services,7.277,7.234,0.0059,10/11/31,8.67,,False,,False,,2025-09-30,2025-12-31,2
"Idera, Inc.",idera,6,YELLOW,1,1,2,2,"Idera, Inc.","MSDL, TCPC","Morgan Stanley Investment Management, Tennenbaum Capital Partners (BlackRock)",IT Services,7.0647,7.0359,0.0041,2/4/2029,6.75,,False,,False,,2025-09-30,2025-12-31,2
"NDT Global Holding, Inc.",ndt global,6,YELLOW,1,1,2,2,"NDT Global Holding, Inc.","BXSL, MSDL","Blackstone Credit Advisors, Morgan Stanley Investment Management",Professional Services (continued),4.826,4.857,-0.0064,6/4/2032,,,False,,False,,2025-09-30,2025-12-31,2
"RFMG Parent, LP",rfmg,6,YELLOW,1,1,2,1,"RFMG Parent, LP","PFLT, PNNT",PennantPark Investment Advisers,Healthcare Equipment and Supplies,4.622,2.1,1.201,5/1/2020,,,False,,False,,2025-09-30,2025-12-31,2
"SSC Dominion Holdings, LLC",ssc dominion,6,YELLOW,1,1,2,1,"SSC Dominion Holdings, LLC","PFLT, PNNT",PennantPark Investment Advisers,Capital Equipment,4.297,0.06,70.6167,7/11/2018,,,False,,False,,2025-09-30,2025-12-31,2
"Vanco Payment Solutions, LLC",vanco payment,6,YELLOW,1,1,2,2,"Vanco Payment Solutions, LLC","GBDC, MSDL","GC Advisors, Morgan Stanley Investment Management",,4.163,4.205,-0.01,,,,False,,False,,2025-12-31,2025-12-31,1
"OES Co-Invest, LP",oes invest,6,YELLOW,1,1,2,1,"OES Co-Invest, LP","PFLT, PNNT",PennantPark Investment Advisers,Diversified Consumer Services,3.31,3.262,0.0147,5/31/2024,,,False,,False,,2025-09-30,2025-12-31,2
NFS,nfs,6,YELLOW,1,1,2,1,NFS,"PFLT, PNNT",PennantPark Investment Advisers,Commercial Services & Supplies,3.149,1.326,1.3748,9/13/2024,,,False,,False,,2025-09-30,2025-12-31,2
Divisions Holding Corp.,divisions,6,YELLOW,1,1,2,2,Divisions Holding Corp.,"BXSL, CGBD","Blackstone Credit Advisors, Carlyle Investment Management",Commercial Services & Supplies,1.637,1.59,0.0296,4/17/2032,,,False,,False,,2025-09-30,2025-12-31,2
"SP DXE Holdings, LLC",sp dxe,6,YELLOW,1,1,2,1,"SP DXE Holdings, LLC","PFLT, PNNT",PennantPark Investment Advisers,"Electronic Equipment, Instruments, and Components",1.135,0.554,1.0487,12/20/2024,,,False,,False,,2025-12-31,2025-12-31,1
"Acrisure, LLC",acrisure,6,YELLOW,1,1,2,2,"Acrisure, LLC","ARCC, OCSL","Ares Capital Management, Oaktree Capital Management",Insurance,1.048,1.051,-0.0029,11/6/2030,3.71,,False,,False,,2025-09-30,2025-12-31,2
"Hyphen Solutions, LLC",hyphen solutions,6,YELLOW,1,1,2,2,"Hyphen Solutions, LLC","ARCC, CGBD","Ares Capital Management, Carlyle Investment Management",,0.0,11.9,-1.0,08/2032,8.22,,False,,False,,2025-09-30,2025-12-31,2
"PeopleConnect Holdings, Inc",peopleconnect,6,YELLOW,1,1,1,1,"PeopleConnect Holdings, Inc",PSEC,Prospect Capital Management,Interactive Media & Services,271.704,353.709,-0.2318,1/22/2026,12.42,825.0,False,,False,,2025-09-30,2025-12-31,2
"Atlantis Health Care Group (Puerto Rico), Inc.",atlantis health,6,YELLOW,1,1,1,1,"Atlantis Health Care Group (Puerto Rico), Inc.",PSEC,Prospect Capital Management,Health Care Providers & Services,225.48,267.48,-0.157,5/15/2026,12.99,875.0,False,,False,,2025-09-30,2025-12-31,2
"Emerge Intermediate, Inc.",emerge,6,YELLOW,1,1,1,1,"Emerge Intermediate, Inc.",PSEC,Prospect Capital Management,Pharmaceuticals,212.514,231.383,-0.0815,8/31/2027,8.03,625.0,False,,True,PSEC,2025-09-30,2025-12-31,2
"SOC Telemed, Inc. and PSC Spark Holdings, LP",soc telemed,6,YELLOW,1,1,1,1,"SOC Telemed, Inc. and PSC Spark Holdings, LP",ARCC,Ares Capital Management,,211.4,235.0,-0.1004,08/2027,11.19,,False,,True,ARCC,2025-09-30,2025-12-31,2
"Collections Acquisition Company, Inc.",collections,6,YELLOW,1,1,1,1,"Collections Acquisition Company, Inc.",PSEC,Prospect Capital Management,Financial Services,197.736,239.386,-0.174,6/3/2027,11.23,701.8,False,,False,,2025-09-30,2025-12-31,2
"NMMB, Inc.",nmmb,6,YELLOW,1,1,1,1,"NMMB, Inc.",PSEC,Prospect Capital Management,Media,186.019,226.119,-0.1773,3/31/2027,12.43,850.0,False,,False,,2025-09-30,2025-12-31,2
"Faraday Buyer, LLC",faraday,6,YELLOW,1,1,1,1,"Faraday Buyer, LLC",PSEC,Prospect Capital Management,Electrical Equipment,183.4771,244.842,-0.2506,10/11/2028,9.67,600.0,False,,False,,2025-09-30,2025-12-31,2
Outfittery GMBH,outfittery gmbh,6,YELLOW,1,1,1,1,Outfittery GMBH,TPVG,TriplePoint Advisers,E-Commerce - Clothing and Accessories,130.038,159.77,-0.1861,1/1/2026,,,False,,False,,2025-09-30,2025-12-31,2
"Spectrum Vision Holdings, LLC",spectrum vision,6,YELLOW,1,1,1,1,"Spectrum Vision Holdings, LLC",PSEC,Prospect Capital Management,Health Care Providers & Services,88.413,116.982,-0.2442,11/17/2025,10.62,650.0,False,,False,,2025-09-30,2025-12-31,2
"Windows Acquisition Holdings, Inc.",windows,6,YELLOW,1,1,1,1,"Windows Acquisition Holdings, Inc.",BXSL,Blackstone Credit Advisors,Building Products,85.661,104.447,-0.1799,12/29/2026,,,False,,False,,2025-12-31,2025-12-31,1
Lucid Health,lucid health,6,YELLOW,1,1,1,1,Lucid Health,GSBD,Goldman Sachs Asset Management,Health Care Providers & Services,73.306,96.802,-0.2427,03/31/26,10.35,,False,,False,,2025-09-30,2025-12-31,2
"Thirty Madison, Inc.",thirty madison,6,YELLOW,1,1,1,1,"Thirty Madison, Inc.",TPVG,TriplePoint Advisers,Healthcare Technology Systems,72.278,93.765,-0.2292,12/31/2025,,,False,,False,,2025-09-30,2025-12-31,2
Wittur Holding GmbH,wittur gmbh,6,YELLOW,1,1,1,1,Wittur Holding GmbH,FSK,FS/KKR Advisor,Capital Goods,60.4,69.3,-0.1284,12/29/28,0.1,,False,,True,FSK,2025-09-30,2025-12-31,2
Equity in PSLF,equity in,6,YELLOW,1,1,1,1,Equity in PSLF,PNNT,PennantPark Investment Advisers,,59.767,82.358,-0.2743,,,,False,,False,,2025-12-31,2025-12-31,1
"Premier Specialties, Inc. and RMCF V CIV XLIV, L.P.",premier specialties,6,YELLOW,1,1,1,1,"Premier Specialties, Inc. and RMCF V CIV XLIV, L.P.",ARCC,Ares Capital Management,,59.4,71.8,-0.1727,08/2027,10.82,,False,,False,,2025-12-31,2025-12-31,1
"Canadian Hospital Specialties, Ltd.",canadian hospital,6,YELLOW,1,1,1,1,"Canadian Hospital Specialties, Ltd.",BXSL,Blackstone Credit Advisors,Health Care Providers & Services,57.709,73.028,-0.2098,4/15/2027,,,False,,False,,2025-12-31,2025-12-31,1
"BDB Holdings, LLC",bdb,6,YELLOW,1,1,1,1,"BDB Holdings, LLC",MAIN,Main Street Capital (internal),,47.746,62.157,-0.2318,2/27/2027,12.0,,False,,False,,2025-09-30,2025-12-31,2
"Applied Composites Holdings, LLC",applied composites,6,YELLOW,1,1,1,1,"Applied Composites Holdings, LLC",OBDC,Blue Owl Credit Advisors,Aerospace and defense,44.664,57.865,-0.2281,1/2025,,,False,,False,,2025-09-30,2025-12-31,2
"Volusion, LLC",volusion,6,YELLOW,1,1,1,1,"Volusion, LLC",MAIN,Main Street Capital (internal),,42.702,51.068,-0.1638,3/31/2025,10.0,,False,,False,,2025-09-30,2025-12-31,2
"Paramount Global Surfaces, Inc.",paramount global,6,YELLOW,1,1,1,1,"Paramount Global Surfaces, Inc.",BXSL,Blackstone Credit Advisors,Trading Companies & Distributors,41.393,55.217,-0.2504,12/31/2028,,,False,,False,,2025-12-31,2025-12-31,1
"Datacom, LLC",datacom,6,YELLOW,1,1,1,1,"Datacom, LLC",MAIN,Main Street Capital (internal),,33.661,42.181,-0.202,12/31/2025,9.83,,False,,False,,2025-09-30,2025-12-31,2
CATO,cato,6,YELLOW,1,1,1,1,CATO,GSBD,Goldman Sachs Asset Management,Pharmaceuticals,33.491,40.113,-0.1651,06/16/27,11.47,,False,,False,,2025-09-30,2025-12-31,2
"C5 Technology Holdings, LLC",c5 technology,6,YELLOW,1,1,1,1,"C5 Technology Holdings, LLC",OCSL,Oaktree Capital Management,Data Processing & Outsourced Services,31.212,42.178,-0.26,,,,False,,False,,2025-09-30,2025-12-31,2
"Home Concepts Acquisition, Inc.",home concepts,6,YELLOW,1,1,1,1,"Home Concepts Acquisition, Inc.",GAIN,Gladstone Management Corporation,,19.554,26.4,-0.2593,,,,False,,False,,2025-09-30,2025-12-31,2
"Hylan Intermediate Holding II, LLC",hylan ii,6,YELLOW,1,1,1,1,"Hylan Intermediate Holding II, LLC",TCPC,Tennenbaum Capital Partners (BlackRock),Construction and Engineering,17.2009,23.1514,-0.257,4/5/2029,6.25,,False,,False,,2025-12-31,2025-12-31,1
Freeport Financial Funds,freeport financial,6,YELLOW,1,1,1,1,Freeport Financial Funds,MAIN,Main Street Capital (internal),,10.492,14.494,-0.2761,,,,False,,False,,2025-09-30,2025-12-31,2
"ASC Interests, LLC",asc interests,6,YELLOW,1,1,1,1,"ASC Interests, LLC",MAIN,Main Street Capital (internal),,9.161,10.922,-0.1612,7/31/2024,13.0,,False,,False,,2025-09-30,2025-12-31,2
"123Dentist, Inc.",123dentist,6,YELLOW,1,1,1,1,"123Dentist, Inc.",BXSL,Blackstone Credit Advisors,Health Care Providers & Services,8.619,11.922,-0.2771,8/10/2029,,,False,,False,,2025-12-31,2025-12-31,1
"Abzena Holdings, Inc. and Astro Group Holdings Ltd.",abzena and,6,YELLOW,1,1,1,1,"Abzena Holdings, Inc. and Astro Group Holdings Ltd.",ARCC,Ares Capital Management,Investment Funds and Vehicles,4.6,5.7,-0.193,05/2021,,,False,,False,,2025-09-30,2025-12-31,2
Congruent Credit Opportunities Funds,congruent credit,6,YELLOW,1,1,1,1,Congruent Credit Opportunities Funds,MAIN,Main Street Capital (internal),,2.3,3.121,-0.2631,,,,False,,False,,2025-09-30,2025-12-31,2
MLN US Holdco LLC,mln us,6,YELLOW,1,1,1,1,MLN US Holdco LLC,MFIC,"Apollo Investment Management, L.P.",Mitel Networks,0.781,0.883,-0.1155,06/20/30,6.0,,False,,True,MFIC,2025-12-31,2025-12-31,1
"Verista, Inc.",verista,6,YELLOW,1,1,1,1,"Verista, Inc.",ARCC,Ares Capital Management,,0.7,0.8,-0.125,02/2027,10.85,,False,,True,ARCC,2025-09-30,2025-12-31,2
"Automation Anywhere, Inc.",automation anywhere,6,YELLOW,1,1,1,1,"Automation Anywhere, Inc.",HTGC,Hercules Capital (internal),Warrant Investments,0.628,0.896,-0.2991,,,,False,,False,,2025-09-30,2025-12-31,2
"MWD Management, LLC & MWD Services, Inc.",mwd management,6,YELLOW,1,1,1,1,"MWD Management, LLC & MWD Services, Inc.",GBDC,GC Advisors,Healthcare Providers & Services,0.335,0.412,-0.1869,06/2017,,,False,,False,,2025-09-30,2025-12-31,2
"Mitnick Corporate Purchaser, Inc.",mitnick corporate,6,YELLOW,1,1,1,1,"Mitnick Corporate Purchaser, Inc.",TSLX,Sixth Street Partners,Business Services,0.233,0.323,-0.2786,,4.85,485.0,False,,False,,2025-09-30,2025-09-30,1
"StellPen Holdings, LLC",stellpen,6,YELLOW,1,1,1,1,"StellPen Holdings, LLC",PNNT,PennantPark Investment Advisers,Media,0.226,0.308,-0.2662,,,,False,,False,,2025-09-30,2025-12-31,2
"Expedition Holdco, LLC",expedition,6,YELLOW,1,1,1,1,"Expedition Holdco, LLC",BXSL,Blackstone Credit Advisors,Software,0.072,0.09,-0.2,2/24/2022,,,False,,False,,2025-12-31,2025-12-31,1
Untuckit LLC,untuckit,6,YELLOW,1,1,1,1,Untuckit LLC,TPVG,TriplePoint Advisers,E-Commerce - Clothing and Accessories,0.057,0.078,-0.2692,,,,False,,False,,2025-09-30,2025-12-31,2
Subtotal: Consumer & Business Products ( 0.02 %)*,subtotal consumer,5,GREEN,0,7,1,1,"Subtotal: Consumer & Business Products ( 0.02 %)*, Subtotal: Consumer & Business Products ( 0.03 %)*, Subtotal: Consumer & Business Products ( 0.04 %)*, Subtotal: Consumer & Business Services ( 0.29 %)*, Subtotal: Consumer & Business Services ( 0.32 %)*, Subtotal: Consumer & Business Services ( 0.33 %)*, Subtotal: Consumer & Business Services ( 18.03 %)*",HTGC,Hercules Capital (internal),Consumer & Business Products,0.0,380.676,-1.0,,,,False,,False,,2025-09-30,2025-12-31,2
Subtotal: System Software ( 20.68 %)*,subtotal system,5,GREEN,0,6,1,1,"Subtotal: System Software ( 0.14 %)*, Subtotal: System Software ( 0.17 %)*, Subtotal: System Software ( 0.47 %)*, Subtotal: System Software ( 0.59 %)*, Subtotal: System Software ( 13.84 %)*, Subtotal: System Software ( 20.68 %)*",HTGC,Hercules Capital (internal),Sustainable and Renewable Technology,759.201,753.167,0.008,,,,False,,False,,2025-12-31,2025-12-31,1
Subtotal: Biotechnology Tools ( 1.70 %)*,subtotal biotechnology,5,GREEN,0,5,1,1,"Subtotal: Biotechnology Tools ( 0.01 %)*, Subtotal: Biotechnology Tools ( 0.04 %)*, Subtotal: Biotechnology Tools ( 0.07 %)*, Subtotal: Biotechnology Tools ( 0.12 %)*, Subtotal: Biotechnology Tools ( 1.70 %)*",HTGC,Hercules Capital (internal),Biotechnology Tools,35.211,5.204,5.7661,,,,False,,False,,2025-09-30,2025-12-31,2
"AFC Acquisitions, Inc. (F-2 Series)",afc acquisitions,5,GREEN,0,5,1,1,"AFC Acquisitions, Inc. (F-2 Series), AFC Acquisitions, Inc. (G-2 Series), AFC Acquisitions, Inc. (H-2 Series), AFC Acquisitions, Inc. (I-2 Series), AFC Acquisitions, Inc. (J-2 Series)",PNNT,PennantPark Investment Advisers,Distribution,0.882,0.811,0.0875,,,,False,,False,,2025-09-30,2025-12-31,2
Subtotal: Drug Delivery ( 0.00 %)*,subtotal drug,5,GREEN,0,5,1,1,"Subtotal: Drug Delivery ( 0.00 %)*, Subtotal: Drug Discovery & Development ( 0.29 %)*, Subtotal: Drug Discovery & Development ( 0.35 %)*, Subtotal: Drug Discovery & Development ( 0.58 %)*, Subtotal: Drug Discovery & Development ( 1.56 %)*",HTGC,Hercules Capital (internal),Drug Discovery & Development,0.0,56.772,-1.0,,,,False,,False,,2025-12-31,2025-12-31,1
Subtotal: Electronics & Computer Hardware ( 8.13 %)*,subtotal electronics,5,GREEN,0,4,1,1,"Subtotal: Electronics & Computer Hardware ( 0.02 %)*, Subtotal: Electronics & Computer Hardware ( 0.04 %)*, Subtotal: Electronics & Computer Hardware ( 0.05 %)*, Subtotal: Electronics & Computer Hardware ( 8.13 %)*",HTGC,Hercules Capital (internal),Electronics & Computer Hardware,161.687,2.386,66.7649,,,,False,,False,,2025-09-30,2025-12-31,2
Subtotal: Space Technologies ( 2.30 %)*,subtotal space,5,GREEN,0,4,1,1,"Subtotal: Space Technologies ( 0.00 %)*, Subtotal: Space Technologies ( 0.06 %)*, Subtotal: Space Technologies ( 0.12 %)*, Subtotal: Space Technologies ( 2.30 %)*",HTGC,Hercules Capital (internal),Space Technologies,48.458,48.006,0.0094,,,,False,,False,,2025-09-30,2025-12-31,2
Subtotal: Information Services ( 0.14 %)*,subtotal information,5,GREEN,0,4,1,1,"Subtotal: Information Services ( 0.00 %)*, Subtotal: Information Services ( 0.14 %)*, Subtotal: Information Services ( 0.20 %)*, Subtotal: Information Services ( 1.03 %)*",HTGC,Hercules Capital (internal),Information Services,0.0,27.556,-1.0,,,,False,,False,,2025-09-30,2025-12-31,2
Subtotal: Sustainable and Renewable Technology ( 0.02 %)*,subtotal sustainable,5,GREEN,0,4,1,1,"Subtotal: Sustainable and Renewable Technology ( 0.01 %)*, Subtotal: Sustainable and Renewable Technology ( 0.02 %)*, Subtotal: Sustainable and Renewable Technology ( 0.10 %)*, Subtotal: Sustainable and Renewable Technology ( 1.27 %)*",HTGC,Hercules Capital (internal),Sustainable and Renewable Technology,0.0,28.518,-1.0,,,,False,,False,,2025-09-30,2025-12-31,2
J S Held LLC,js held,5,GREEN,0,3,2,2,"J S Held LLC, J.S. Held Holdings, LLC, J.S. Held Holdings, LLC*","FSK, GBDC","FS/KKR Advisor, GC Advisors",Insurance,269.411,269.483,-0.0003,6/1/28,,,False,,False,,2025-09-30,2025-12-31,2
"Burning Glass Intermediate Holding Company, Inc.",burning glass,5,GREEN,0,3,2,2,"Burning Glass Intermediate Holding Company, Inc., Burning Glass Intermediate Holdings Company, Inc., Burning Glass Intermediate Holdings Company, Inc.*","GBDC, MAIN","GC Advisors, Main Street Capital (internal)",Software,47.415,47.438,-0.0005,6/10/2026,9.46,,False,,False,,2025-09-30,2025-12-31,2
"Procure Acquireco, Inc.*",procure acquireco,5,GREEN,0,3,2,2,"Procure Acquireco, Inc., Procure Acquireco, Inc. (Procure Analytics), Procure Acquireco, Inc.*","GBDC, MSDL","GC Advisors, Morgan Stanley Investment Management",Professional Services,38.552,38.246,0.008,12/2021,,,False,,False,,2025-09-30,2025-12-31,2
"Naumann Hobbs Holdings, L.P. Class A-1 Units",naumann hobbs,5,GREEN,0,3,1,1,"Naumann Hobbs Holdings, L.P. Class A-1 Units, Naumann Hobbs Holdings, L.P. Class A-2 Units, Naumann Hobbs Holdings, L.P. Class W-2 Units",SCM,Stellus Capital Management,​,0.0,295.0,-1.0,9/29/2022,,,False,,False,,2025-09-30,2025-12-31,2
Plaskolite PPC Blocker LLC,plaskolite ppc,5,YELLOW,1,2,2,2,"Plaskolite PPC Blocker LLC, Plaskolite PPC Intermediate II LLC","ARCC, BCSF","Ares Capital Management, Bain Capital Credit",Capital Equipment,529.788,541.636,-0.0219,2/7/2030,11.65,,False,,True,"ARCC, BCSF",2025-09-30,2025-12-31,2
"Sam Holding Co, Inc.",sam,5,YELLOW,1,2,2,2,"SAM, Sam Holding Co, Inc.","BCSF, BXSL","Bain Capital Credit, Blackstone Credit Advisors",High Tech Industries,128.318,127.879,0.0034,9/24/2027,14.25,,False,,True,BCSF,2025-09-30,2025-12-31,2
Royal Holdco Corporation,royal,5,YELLOW,1,2,2,2,"Royal Holdco Corporation, Royal Parent, LP","ARCC, GBDC","Ares Capital Management, GC Advisors",Construction & Engineering,38.819,85.306,-0.5449,07/2030,9.11,,False,,True,ARCC,2025-09-30,2025-12-31,2
"Blackbird Holdco, Inc.",blackbird,5,YELLOW,1,2,2,2,"Blackbird Holdco, Inc., Blackbird Purchaser, Inc.","CGBD, GBDC","Carlyle Investment Management, GC Advisors",Capital Equipment,35.02,5.039,5.9498,,12.5,,False,,True,CGBD,2025-09-30,2025-12-31,2
"Imaging Business Machines, L.L.C.",imaging business,5,YELLOW,1,2,2,2,"Imaging Business Machines, L.L.C., Imaging Business Machines, L.L.C. and Scanner Holdings Corporation","ARCC, MAIN","Ares Capital Management, Main Street Capital (internal)",,23.23,92.106,-0.7478,6/30/2028,12.73,,False,,True,ARCC,2025-09-30,2025-12-31,2
Global Medical Response Inc.,global medical response,5,YELLOW,1,2,2,2,"Global Medical Response Inc., Global Medical Response, Inc. and GMR Buyer Corp.","ARCC, OCSL","Ares Capital Management, Oaktree Capital Management",Health Care Services,7.038,165.414,-0.9575,03/2028,14.05,,False,,True,ARCC,2025-09-30,2025-12-31,2
"AutoAlert, LLC",autoalert,5,YELLOW,1,2,1,1,"AA Acquisition Aggregator, LLC (AutoAlert), AutoAlert, LLC",TCPC,Tennenbaum Capital Partners (BlackRock),Automobiles,63.6495,54.6659,0.1643,3/31/2028,7.12,,False,,True,TCPC,2025-12-31,2025-12-31,1
"Mario Purchaser, LLC*",mario,5,YELLOW,1,2,1,1,"Mario Purchaser, LLC, Mario Purchaser, LLC*",GBDC,GC Advisors,,44.299,44.31,-0.0002,,,,False,,True,GBDC,2025-09-30,2025-12-31,2
Saluda Grade Alternative Mortgage Trust 2023-LOC2,saluda grade,5,GREEN,0,2,1,1,"Saluda Grade Alternative Mortgage Trust 2022-BC2, Saluda Grade Alternative Mortgage Trust 2023-LOC2",FSK,FS/KKR Advisor,Real Estate Management & Development,10.4,10.9,-0.0459,7/25/30,18.0,,False,,False,,2025-09-30,2025-12-31,2
Fifth Season Investments LLC,fifth season,5,YELLOW,1,1,2,1,Fifth Season Investments LLC,"OBDC, OTF",Blue Owl Credit Advisors,Insurance,1531.233,1348.161,0.1358,,,,False,,False,,2025-09-30,2025-12-31,2
Audiotonix,audiotonix,5,YELLOW,1,1,2,1,Audiotonix,"OBDC, OTF",Blue Owl Credit Advisors,Leisure and entertainment,842.289,836.861,0.0065,7/2031,,,False,,False,,2025-09-30,2025-12-31,2
Inspira Financial,inspira financial,5,YELLOW,1,1,2,1,Inspira Financial,"OBDC, OTF",Blue Owl Credit Advisors,Financial services,674.934,670.922,0.006,6/2030,,,False,,False,,2025-09-30,2025-12-31,2
Catalent,catalent,5,YELLOW,1,1,2,1,Catalent,"OBDC, OTF",Blue Owl Credit Advisors,Healthcare equipment and services,544.596,543.664,0.0017,12/2031,,,False,,False,,2025-09-30,2025-12-31,2
Boomi,boomi,5,YELLOW,1,1,2,1,Boomi,"OBDC, OTF",Blue Owl Credit Advisors,Internet software and services,495.341,445.554,0.1117,10/2027,,,False,,False,,2025-09-30,2025-12-31,2
Vector Solutions,vector solutions,5,YELLOW,1,1,2,1,Vector Solutions,"OBDC, OTF",Blue Owl Credit Advisors,Internet software and services,479.388,459.672,0.0429,6/2028,,,False,,False,,2025-09-30,2025-12-31,2
"Associations Finance, Inc.",associations finance,5,YELLOW,1,1,2,1,"Associations Finance, Inc.","OBDC, OTF",Blue Owl Credit Advisors,Buildings and real estate,412.596,410.245,0.0057,5/2030,,,False,,False,,2025-09-30,2025-12-31,2
West Monroe,west monroe,5,YELLOW,1,1,2,1,West Monroe,"OBDC, OTF",Blue Owl Credit Advisors,Internet software and services,405.937,420.941,-0.0356,,,,False,,False,,2025-09-30,2025-12-31,2
Datavant,datavant,5,YELLOW,1,1,2,1,Datavant,"OBDC, OTF",Blue Owl Credit Advisors,Healthcare technology,402.798,401.666,0.0028,8/2031,,,False,,False,,2025-09-30,2025-12-31,2
Squarespace,squarespace,5,YELLOW,1,1,2,1,Squarespace,"OBDC, OTF",Blue Owl Credit Advisors,IT Services,364.478,364.666,-0.0005,10/2031,,,False,,False,,2025-09-30,2025-12-31,2
Lyniate,lyniate,5,YELLOW,1,1,2,1,Lyniate,"OBDC, OTF",Blue Owl Credit Advisors,Healthcare technology,341.738,343.779,-0.0059,3/2028,,,False,,False,,2025-09-30,2025-12-31,2
"Gerson Lehrman Group, Inc.",gerson lehrman,5,YELLOW,1,1,2,1,"Gerson Lehrman Group, Inc.","OBDC, OTF",Blue Owl Credit Advisors,Professional services,334.465,332.77,0.0051,12/2027,,,False,,False,,2025-09-30,2025-12-31,2
Worldwide Clinical Trials,worldwide clinical,5,YELLOW,1,1,2,1,Worldwide Clinical Trials,"OBDC, OTF",Blue Owl Credit Advisors,Healthcare providers and services,315.862,308.585,0.0236,12/2029,,,False,,False,,2025-09-30,2025-12-31,2
"RL Datix Holdings , Inc.",rl datix,5,YELLOW,1,1,2,1,"RL Datix Holdings , Inc.","OBDC, OTF",Blue Owl Credit Advisors,Healthcare technology,288.343,288.816,-0.0016,4/2031,,,False,,False,,2025-09-30,2025-12-31,2
Humanetics,humanetics,5,YELLOW,1,1,2,1,Humanetics,"OBDC, OTF",Blue Owl Credit Advisors,Professional services,263.355,259.905,0.0133,5/2028,,,False,,False,,2025-09-30,2025-12-31,2
IntegriChain,integrichain,5,YELLOW,1,1,2,1,IntegriChain,"OBDC, OTF",Blue Owl Credit Advisors,Healthcare technology,247.71,250.111,-0.0096,6/2030,,,False,,False,,2025-09-30,2025-12-31,2
"Sitecore USA, Inc.",sitecore usa,5,YELLOW,1,1,2,1,"Sitecore USA, Inc.","OBDC, OTF",Blue Owl Credit Advisors,,246.156,245.99,0.0007,3/2029,,,False,,False,,2025-09-30,2025-12-31,2
e-Emphasys,e emphasys,5,YELLOW,1,1,2,1,e-Emphasys,"OBDC, OTF",Blue Owl Credit Advisors,Building Products,214.189,213.635,0.0026,11/2027,,,False,,False,,2025-09-30,2025-12-31,2
VCI Asset Holdings 1 LLC,vci asset,5,YELLOW,1,1,2,1,VCI Asset Holdings 1 LLC,"OBDC, OTF",Blue Owl Credit Advisors,,211.725,211.765,-0.0002,11/2030,,,False,,False,,2025-12-31,2025-12-31,1
Clario,clario,5,YELLOW,1,1,2,1,Clario,"OBDC, OTF",Blue Owl Credit Advisors,Healthcare providers and services,182.42,180.684,0.0096,1/2032,,,False,,False,,2025-09-30,2025-12-31,2
Surgical Information Systems,surgical information,5,YELLOW,1,1,2,1,Surgical Information Systems,"OBDC, OTF",Blue Owl Credit Advisors,Healthcare technology,182.326,181.378,0.0052,5/2031,,,False,,False,,2025-09-30,2025-12-31,2
ModMed,modmed,5,YELLOW,1,1,2,1,ModMed,"OBDC, OTF",Blue Owl Credit Advisors,Healthcare technology,182.218,181.329,0.0049,4/2032,,,False,,False,,2025-09-30,2025-12-31,2
"Alteryx, Inc.",alteryx,5,YELLOW,1,1,2,1,"Alteryx, Inc.","OBDC, OTF",Blue Owl Credit Advisors,Internet software and services,163.9,163.358,0.0033,3/2031,,,False,,False,,2025-09-30,2025-12-31,2
Dun & Bradstreet,dun bradstreet,5,YELLOW,1,1,2,1,Dun & Bradstreet,"OBDC, OTF",Blue Owl Credit Advisors,Capital Markets,161.272,161.338,-0.0004,8/2032,,,False,,False,,2025-09-30,2025-12-31,2
PowerSchool,powerschool,5,YELLOW,1,1,2,1,PowerSchool,"OBDC, OTF",Blue Owl Credit Advisors,Education,132.672,131.602,0.0081,10/2031,,,False,,False,,2025-09-30,2025-12-31,2
Network Merchants,network merchants,5,YELLOW,1,1,2,1,Network Merchants,"OBDC, OTF",Blue Owl Credit Advisors,Financial services,132.063,131.854,0.0016,9/2028,,,False,,False,,2025-09-30,2025-12-31,2
Klarna Holding AB,klarna ab,5,YELLOW,1,1,2,1,Klarna Holding AB,"OBDC, OTF",Blue Owl Credit Advisors,Consumer Finance,99.001,99.025,-0.0002,4/2034,,,False,,False,,2025-09-30,2025-12-31,2
Sitecore Holding III A/S,sitecore iii,5,YELLOW,1,1,2,1,Sitecore Holding III A/S,"OBDC, OTF",Blue Owl Credit Advisors,,98.059,93.631,0.0473,3/2029,,,False,,False,,2025-09-30,2025-12-31,2
CenExel,cenexel,5,YELLOW,1,1,2,1,CenExel,"OBDC, OTF",Blue Owl Credit Advisors,Healthcare providers and services,89.152,88.689,0.0052,6/2032,,,False,,False,,2025-09-30,2025-12-31,2
Clio,clio,5,YELLOW,1,1,2,1,Clio,"OBDC, OTF",Blue Owl Credit Advisors,Diversified Consumer Services,88.519,88.544,-0.0003,10/2032,,,False,,False,,2025-12-31,2025-12-31,1
Prometheus Group,prometheus group,5,YELLOW,1,1,2,1,Prometheus Group,"OBDC, OTF",Blue Owl Credit Advisors,Internet software and services,82.856,83.045,-0.0023,8/2031,,,False,,False,,2025-09-30,2025-12-31,2
Rectangle Health,rectangle health,5,YELLOW,1,1,2,1,Rectangle Health,"OBDC, OTF",Blue Owl Credit Advisors,Healthcare technology,81.499,82.647,-0.0139,10/2027,,,False,,False,,2025-09-30,2025-12-31,2
Sphera,sphera,5,YELLOW,1,1,2,1,Sphera,"OBDC, OTF",Blue Owl Credit Advisors,Application Software,78.953,79.841,-0.0111,9/2028,,,False,,False,,2025-09-30,2025-12-31,2
EngageSmart,engagesmart,5,YELLOW,1,1,2,1,EngageSmart,"OBDC, OTF",Blue Owl Credit Advisors,Diversified Consumer Services,68.873,68.711,0.0024,1/2030,,,False,,False,,2025-09-30,2025-12-31,2
"Valeris, Inc.",valeris,5,YELLOW,1,1,2,1,"Valeris, Inc.","OBDC, OTF",Blue Owl Credit Advisors,Health Care Providers & Services,66.035,65.352,0.0105,9/2031,,,False,,False,,2025-09-30,2025-12-31,2
Bristol Hospice L.L.C.,bristol hospice,5,YELLOW,1,1,2,1,Bristol Hospice L.L.C.,"OBDC, OTF",Blue Owl Credit Advisors,Healthcare providers and services,60.251,59.959,0.0049,8/2032,,,False,,False,,2025-09-30,2025-12-31,2
"CCM Midco, LLC",ccm,5,YELLOW,1,1,2,1,"CCM Midco, LLC","OBDC, OTF",Blue Owl Credit Advisors,Financial services,59.489,58.756,0.0125,6/2030,,,False,,False,,2025-09-30,2025-12-31,2
Elliott Alto Co-Investor Aggregator L.P.,elliott alto,5,YELLOW,1,1,2,1,Elliott Alto Co-Investor Aggregator L.P.,"OBDC, OTF",Blue Owl Credit Advisors,Internet software and services,54.679,34.198,0.5989,,,,False,,False,,2025-09-30,2025-12-31,2
"Project Alpine Co-Invest Fund, LP",alpine invest,5,YELLOW,1,1,2,1,"Project Alpine Co-Invest Fund, LP","OBDC, OTF",Blue Owl Credit Advisors,Internet software and services,51.185,42.614,0.2011,,,,False,,False,,2025-09-30,2025-12-31,2
Jama Software,jama software,5,YELLOW,1,1,2,1,Jama Software,"OBDC, OTF",Blue Owl Credit Advisors,Application Software,42.399,42.408,-0.0002,4/2031,,,False,,False,,2025-09-30,2025-12-31,2
"Azureon, LLC",azureon,5,YELLOW,1,1,2,1,"Azureon, LLC","PFLT, PNNT",PennantPark Investment Advisers,Diversified Consumer Services,37.435,40.353,-0.0723,06/26/2029,9.59,,False,,False,,2025-09-30,2025-12-31,2
"Natural Partners, LLC",natural partners,5,YELLOW,1,1,2,1,"Natural Partners, LLC","OBDC, OTF",Blue Owl Credit Advisors,Health Care Providers & Services,30.767,30.573,0.0063,11/2027,,,False,,False,,2025-09-30,2025-12-31,2
"Project Hotel California Co-Invest Fund, L.P.",hotel california,5,YELLOW,1,1,2,1,"Project Hotel California Co-Invest Fund, L.P.","OBDC, OTF",Blue Owl Credit Advisors,Internet software and services,30.219,24.275,0.2449,,,,False,,False,,2025-09-30,2025-12-31,2
Verisk 3E,verisk 3e,5,YELLOW,1,1,2,1,Verisk 3E,"OBDC, OTF",Blue Owl Credit Advisors,Infrastructure and environmental services,27.842,27.834,0.0003,3/2028,,,False,,False,,2025-09-30,2025-12-31,2
Nscale Global Holdings Limited,nscale global,5,YELLOW,1,1,2,1,Nscale Global Holdings Limited,"OBDC, OTF",Blue Owl Credit Advisors,Internet software and services,21.683,21.683,0.0,,,,False,,False,,2025-09-30,2025-12-31,2
Par Technology Corporation,par technology,5,YELLOW,1,1,2,1,Par Technology Corporation,"OBDC, OTF",Blue Owl Credit Advisors,Food and beverage,20.281,20.553,-0.0132,7/2029,,,False,,False,,2025-09-30,2025-12-31,2
"Amergin Asset Management, LLC",amergin asset,5,YELLOW,1,1,2,1,"Amergin Asset Management, LLC","OBDC, OTF",Blue Owl Credit Advisors,Asset based lending and fund finance,7.967,1.548,4.1466,,,,False,,False,,2025-09-30,2025-12-31,2
"BEHP Co-Investor II, L.P.",behp investor,5,YELLOW,1,1,2,1,"BEHP Co-Investor II, L.P.","OBDC, OTF",Blue Owl Credit Advisors,Healthcare technology,7.842,5.037,0.5569,,,,False,,False,,2025-09-30,2025-12-31,2
"Baypine Commander Co-Invest, LP",baypine commander,5,YELLOW,1,1,2,1,"Baypine Commander Co-Invest, LP","OBDC, OTF",Blue Owl Credit Advisors,Healthcare providers and services,5.339,4.904,0.0887,,,,False,,False,,2025-09-30,2025-12-31,2
Valor Compute Infrastructure L.P.,valor compute,5,YELLOW,1,1,2,1,Valor Compute Infrastructure L.P.,"OBDC, OTF",Blue Owl Credit Advisors,Infrastructure and environmental services,3.743,3.743,0.0,,,,False,,False,,2025-12-31,2025-12-31,1
Software,software,5,YELLOW,1,1,1,1,Software,NMFC,"New Mountain Finance Advisers BDC, L.L.C.",Funded Debt Investments - United States,1631.5409,1664.467,-0.0198,04/2021,5.68,333.6,False,,True,NMFC,2025-09-30,2025-09-30,1
Consumer Services,consumer services,5,YELLOW,1,1,1,1,Consumer Services,NMFC,"New Mountain Finance Advisers BDC, L.L.C.",Funded Debt Investments - United States,380.797,381.563,-0.002,12/2021,6.24,,False,,True,NMFC,2025-09-30,2025-09-30,1
Clarience Technologies LLC,clarience technologies,5,YELLOW,1,1,1,1,Clarience Technologies LLC,FSK,FS/KKR Advisor,Capital Goods,335.0,331.8,0.0096,2/13/30,0.0,,False,,True,FSK,2025-09-30,2025-12-31,2
"Imperative Worldwide, LLC",imperative worldwide,5,YELLOW,1,1,1,1,"Imperative Worldwide, LLC",PSEC,Prospect Capital Management,Air Freight & Logistics,333.4144,442.119,-0.2459,12/30/2028,9.66,550.0,False,,False,,2025-09-30,2025-12-31,2
Precisely Software Incorporated,precisely software,5,YELLOW,1,1,1,1,Precisely Software Incorporated,PSEC,Prospect Capital Management,Software,293.368,377.697,-0.2233,4/23/2029,11.58,725.0,False,,False,,2025-09-30,2025-12-31,2
"Druid City Infusion, LLC",druid city,5,YELLOW,1,1,1,1,"Druid City Infusion, LLC",PSEC,Prospect Capital Management,Pharmaceuticals,246.2213,284.887,-0.1357,10/4/2029,11.52,750.0,False,,True,PSEC,2025-09-30,2025-12-31,2
CP Energy Services Inc.,cp energy,5,YELLOW,1,1,1,1,CP Energy Services Inc.,PSEC,Prospect Capital Management,Energy Equipment & Services,241.69,174.24,0.3871,4/4/2027,13.23,900.0,False,,True,PSEC,2025-09-30,2025-12-31,2
Financial Services,financial services,5,YELLOW,1,1,1,1,Financial Services,NMFC,"New Mountain Finance Advisers BDC, L.L.C.",Funded Debt Investments - United States,232.522,222.097,0.0469,09/2021,5.03,,False,,True,NMFC,2025-09-30,2025-09-30,1
National Property REIT Corp.,national property reit,5,YELLOW,1,1,1,1,National Property REIT Corp.,PSEC,Prospect Capital Management,Residential Real Estate Investment Trusts (REITs) / Consumer Finance / Structured Finance,231.077,35.3,5.5461,3/31/2026,,,False,,True,PSEC,2025-09-30,2025-12-31,2
Neptune Bidco US Inc. and Elliott Metron Co-Investor Aggregator L.P.,neptune us,5,YELLOW,1,1,1,1,Neptune Bidco US Inc. and Elliott Metron Co-Investor Aggregator L.P.,ARCC,Ares Capital Management,,227.2,287.6,-0.21,10/2027,10.06,,False,,False,,2025-09-30,2025-12-31,2
Zeus Industrial Products Inc,zeus industrial,5,YELLOW,1,1,1,1,Zeus Industrial Products Inc,FSK,FS/KKR Advisor,Health Care Equipment & Services,212.7,184.5,0.1528,2/28/30,0.0,,False,,True,FSK,2025-09-30,2025-12-31,2
Galway Partners Holdings LLC,galway partners,5,YELLOW,1,1,1,1,Galway Partners Holdings LLC,FSK,FS/KKR Advisor,Insurance,195.2,195.0,0.001,9/29/28,0.0,,False,,True,FSK,2025-09-30,2025-12-31,2
The Ubique Group,ubique group,5,YELLOW,1,1,1,1,The Ubique Group,PSEC,Prospect Capital Management,Household Durables,175.427,193.427,-0.0931,1/20/2027,12.77,850.0,False,,True,PSEC,2025-09-30,2025-12-31,2
Service Express Inc,service express,5,YELLOW,1,1,1,1,Service Express Inc,FSK,FS/KKR Advisor,Commercial & Professional Services,158.0,161.8,-0.0235,8/15/31,0.0,,False,,True,FSK,2025-09-30,2025-12-31,2
Ultra Electronics Holdings Ltd,ultra electronics,5,YELLOW,1,1,1,1,Ultra Electronics Holdings Ltd,FSK,FS/KKR Advisor,Capital Goods,154.6,153.8,0.0052,8/3/29,,,False,,True,FSK,2025-09-30,2025-12-31,2
Affordable Care Inc,affordable care,5,YELLOW,1,1,1,1,Affordable Care Inc,FSK,FS/KKR Advisor,Health Care Equipment & Services,139.9,140.0,-0.0007,8/2/27,0.0,,False,,True,FSK,2025-09-30,2025-12-31,2
Sweeping Corp of America LLC,sweeping of,5,YELLOW,1,1,1,1,Sweeping Corp of America LLC,FSK,FS/KKR Advisor,Commercial & Professional Services,139.2,113.6,0.2254,6/30/27,,,False,,True,FSK,2025-09-30,2025-12-31,2
Nationwide Loan Company LLC,nationwide loan,5,YELLOW,1,1,1,1,Nationwide Loan Company LLC,PSEC,Prospect Capital Management,Consumer Finance,136.352,158.059,-0.1373,5/15/2029,10.0,,False,,True,PSEC,2025-09-30,2025-12-31,2
Time Manufacturing Co,time manufacturing,5,YELLOW,1,1,1,1,Time Manufacturing Co,FSK,FS/KKR Advisor,Capital Goods,132.1,138.1,-0.0434,12/1/27,2.0,,False,,True,FSK,2025-09-30,2025-12-31,2
"VEIT Topco, LLC",veit,5,YELLOW,1,1,1,1,"VEIT Topco, LLC",ARCC,Ares Capital Management,,126.3,142.6,-0.1143,01/2029,12.19,,False,,True,ARCC,2025-12-31,2025-12-31,1
"Equinox Holdings, Inc.",equinox,5,YELLOW,1,1,1,1,"Equinox Holdings, Inc.",ARCC,Ares Capital Management,,101.6,50.0,1.032,06/2027,12.29,,False,,True,ARCC,2025-09-30,2025-12-31,2
Flink SE,flink se,5,YELLOW,1,1,1,1,Flink SE,TPVG,TriplePoint Advisers,Consumer Products and Services,99.342,117.654,-0.1556,8/31/2028,,,False,,False,,2025-09-30,2025-12-31,2
ThreeSixty Group,threesixty group,5,YELLOW,1,1,1,1,ThreeSixty Group,FSK,FS/KKR Advisor,Consumer Discretionary Distribution & Retail,90.8,92.7,-0.0205,9/30/25,2.5,,False,,True,FSK,2025-09-30,2025-12-31,2
OCSI Glick JV LLC,ocsi glick,5,YELLOW,1,1,1,1,OCSI Glick JV LLC,OCSL,Oaktree Capital Management,Multi-Sector Holdings,89.98,106.593,-0.1559,10/20/2028,4.5,,False,,False,,2025-09-30,2025-12-31,2
"Valley Electric Company, Inc.",valley electric,5,YELLOW,1,1,1,1,"Valley Electric Company, Inc.",PSEC,Prospect Capital Management,Construction & Engineering,83.859,66.083,0.269,6/30/2026,8.93,500.0,False,,True,PSEC,2025-09-30,2025-12-31,2
HM Dunn Co Inc,hm dunn,5,YELLOW,1,1,1,1,HM Dunn Co Inc,FSK,FS/KKR Advisor,Capital Goods,68.9,68.9,0.0,6/30/26,0.0,,False,,True,FSK,2025-09-30,2025-12-31,2
"Thomas Scientific, LLC",thomas scientific,5,YELLOW,1,1,1,1,"Thomas Scientific, LLC",MFIC,"Apollo Investment Management, L.P.",Thomas Scientific,68.885,70.261,-0.0196,12/14/27,4.5,,False,,True,MFIC,2025-12-31,2025-12-31,1
NCI Inc,nci,5,YELLOW,1,1,1,1,NCI Inc,FSK,FS/KKR Advisor,Software & Services,63.0,63.0,0.0,8/15/28,0.0,,False,,True,FSK,2025-09-30,2025-12-31,2
One Call Care Management Inc,one call,5,YELLOW,1,1,1,1,One Call Care Management Inc,FSK,FS/KKR Advisor,Health Care Equipment & Services,61.2,37.5,0.632,4/22/27,8.5,,False,,True,FSK,2025-09-30,2025-12-31,2
RQM Corp.,rqm,5,YELLOW,1,1,1,1,RQM Corp.,SLRC,SLR Capital Partners,Life Sciences Tools & Services,59.405,59.866,-0.0077,8/2021,,,False,,True,SLRC,2025-09-30,2025-12-31,2
Gale Aviation (Offshore) Co,gale aviation,5,YELLOW,1,1,1,1,Gale Aviation (Offshore) Co,BCSF,Bain Capital Credit,Aerospace & Defense,57.664,68.575,-0.1591,,,,False,,False,,2025-09-30,2025-09-30,1
"Steward Partners New Holdings, LLC",steward partners,5,YELLOW,1,1,1,1,"Steward Partners New Holdings, LLC",ARCC,Ares Capital Management,,55.1,29.8,0.849,03/2026,10.43,,False,,True,ARCC,2025-12-31,2025-12-31,1
"Novipax Buyer, L.L.C.",novipax,5,YELLOW,1,1,1,1,"Novipax Buyer, L.L.C.",ARCC,Ares Capital Management,,52.6,54.4,-0.0331,12/2026,12.07,,False,,True,ARCC,2025-09-30,2025-12-31,2
CLEAResult Consulting Inc,clearesult consulting,5,YELLOW,1,1,1,1,CLEAResult Consulting Inc,FSK,FS/KKR Advisor,Commercial & Professional Services,50.9,51.1,-0.0039,8/27/31,0.0,,False,,True,FSK,2025-09-30,2025-12-31,2
"Speedster Bidco, GmbH",speedster gmbh,5,YELLOW,1,1,1,1,"Speedster Bidco, GmbH",BXSL,Blackstone Credit Advisors,Interactive Media & Services,50.348,64.588,-0.2205,6/10/2031,,,False,,False,,2025-12-31,2025-12-31,1
RD Holdco Inc.,rd,5,YELLOW,1,1,1,1,RD Holdco Inc.,ARCC,Ares Capital Management,,48.4,63.0,-0.2317,,,,False,,False,,2025-12-31,2025-12-31,1
Brightwood Capital Fund Investments,brightwood capital,5,YELLOW,1,1,1,1,Brightwood Capital Fund Investments,MAIN,Main Street Capital (internal),,44.014,52.028,-0.154,,,,False,,False,,2025-09-30,2025-12-31,2
"Carbon Health Technologies, Inc.",carbon health,5,YELLOW,1,1,1,1,"Carbon Health Technologies, Inc.",HTGC,Hercules Capital (internal),Electronics & Computer Hardware,41.612,46.945,-0.1136,,1.5,,False,,True,HTGC,2025-09-30,2025-12-31,2
LendingPoint LLC,lendingpoint,5,YELLOW,1,1,1,1,LendingPoint LLC,MFIC,"Apollo Investment Management, L.P.",Lending Point,39.933,22.418,0.7813,12/31/29,1.0,,False,,True,MFIC,2025-12-31,2025-12-31,1
"Victor Technology, LLC",victor technology,5,YELLOW,1,1,1,1,"Victor Technology, LLC",PSEC,Prospect Capital Management,Commercial Services & Supplies,33.646,43.5,-0.2265,12/3/2028,11.84,750.0,False,,False,,2025-09-30,2025-12-31,2
"Discovery Education, Inc.",discovery education,5,YELLOW,1,1,1,1,"Discovery Education, Inc.",BXSL,Blackstone Credit Advisors,Software (continued),33.434,40.063,-0.1655,4/9/2029,,,False,,False,,2025-12-31,2025-12-31,1
"Gabriel Partners, LLC",gabriel partners,5,YELLOW,1,1,1,1,"Gabriel Partners, LLC",MFIC,"Apollo Investment Management, L.P.",AML Rightsource,32.678,32.809,-0.004,01/21/27,5.45,,False,,True,MFIC,2025-12-31,2025-12-31,1
"Pro-Vigil Holding Company, LLC",pro vigil,5,YELLOW,1,1,1,1,"Pro-Vigil Holding Company, LLC",MFIC,"Apollo Investment Management, L.P.",Pro Vigil,31.588,31.673,-0.0027,06/30/26,2.75,,False,,True,MFIC,2025-12-31,2025-12-31,1
"BCC Blueprint Holdings I, LLC",bcc blueprint,5,YELLOW,1,1,1,1,"BCC Blueprint Holdings I, LLC",ARCC,Ares Capital Management,Financial Services,31.0,31.0,0.0,09/2026,10.11,,False,,True,ARCC,2025-09-30,2025-12-31,2
"Clifford Loan Ventures, LLC & Clifford Preferred Ventures Holdings LLC",clifford loan,5,YELLOW,1,1,1,1,"Clifford Loan Ventures, LLC & Clifford Preferred Ventures Holdings LLC",SLRC,SLR Capital Partners,Capital Markets,30.356,30.833,-0.0155,9/2025,,,False,,True,SLRC,2025-12-31,2025-12-31,1
Powin Energy Corp/NV,powin energy,5,YELLOW,1,1,1,1,Powin Energy Corp/NV,FSK,FS/KKR Advisor,Capital Goods,30.0,30.0,0.0,9/30/27,13.5,,False,,True,FSK,2025-09-30,2025-12-31,2
Carrier Fire Protection,carrier fire,5,YELLOW,1,1,1,1,Carrier Fire Protection,FSK,FS/KKR Advisor,Commercial & Professional Services,29.7,29.7,0.0,7/1/30,0.0,,False,,True,FSK,2025-09-30,2025-12-31,2
Turnpoint Services Inc,turnpoint services,5,YELLOW,1,1,1,1,Turnpoint Services Inc,FSK,FS/KKR Advisor,Capital Goods,29.2,29.3,-0.0034,6/17/30,0.0,,False,,True,FSK,2025-09-30,2025-12-31,2
"Quoizel, LLC",quoizel,5,YELLOW,1,1,1,1,"Quoizel, LLC",FSK,FS/KKR Advisor,Consumer Durables & Apparel,29.0,14.5,1.0,7/11/27,0.0,,False,,True,FSK,2025-09-30,2025-12-31,2
"Smart Energy Systems, Inc.",smart energy,5,YELLOW,1,1,1,1,"Smart Energy Systems, Inc.",GBDC,GC Advisors,Electric Utilities,28.238,28.672,-0.0151,01/2025,,,False,,True,GBDC,2025-09-30,2025-12-31,2
"LABL, Inc.",labl,5,YELLOW,1,1,1,1,"LABL, Inc.",OCSL,Oaktree Capital Management,Paper & Plastic Packaging Products & Materials,28.086,37.415,-0.2493,10/30/2028,5.0,,False,,False,,2025-09-30,2025-12-31,2
Lloyd's Register Quality Assurance Ltd,lloyd s,5,YELLOW,1,1,1,1,Lloyd's Register Quality Assurance Ltd,FSK,FS/KKR Advisor,Commercial & Professional Services,27.5,24.8,0.1089,12/4/28,0.0,,False,,True,FSK,2025-09-30,2025-12-31,2
Acronis AG,acronis ag,5,YELLOW,1,1,1,1,Acronis AG,MFIC,"Apollo Investment Management, L.P.",Acronis AG,27.421,27.49,-0.0025,04/01/27,1.0,,False,,True,MFIC,2025-12-31,2025-12-31,1
Version1 Software Ltd,version1 software,5,YELLOW,1,1,1,1,Version1 Software Ltd,FSK,FS/KKR Advisor,Software & Services,27.4,26.5,0.034,7/11/29,0.0,,False,,True,FSK,2025-09-30,2025-12-31,2
Service Master,service master,5,YELLOW,1,1,1,1,Service Master,BCSF,Bain Capital Credit,Construction & Building,26.767,26.695,0.0027,8/16/2027,6.2,,False,,True,BCSF,2025-09-30,2025-09-30,1
"Terraboost Media Operating Company, LLC",terraboost media,5,YELLOW,1,1,1,1,"Terraboost Media Operating Company, LLC",TCPC,Tennenbaum Capital Partners (BlackRock),Media,26.5665,26.6453,-0.003,8/23/2026,5.35,,False,,True,TCPC,2025-12-31,2025-12-31,1
Aareon AG,aareon ag,5,YELLOW,1,1,1,1,Aareon AG,FSK,FS/KKR Advisor,Software & Services,26.4,25.2,0.0476,9/30/31,0.0,,False,,True,FSK,2025-09-30,2025-12-31,2
SHO Holding I Corporation,sho i,5,YELLOW,1,1,1,1,SHO Holding I Corporation,OCSL,Oaktree Capital Management,Footwear,26.22,32.557,-0.1946,6/30/2029,6.64,,False,,False,,2025-09-30,2025-12-31,2
"UPB Acquisition, Inc.",upb,5,YELLOW,1,1,1,1,"UPB Acquisition, Inc.",GAIN,Gladstone Management Corporation,,26.0,32.0,-0.1875,,,,False,,False,,2025-09-30,2025-12-31,2
Industry City TI Lessor LP,industry city,5,YELLOW,1,1,1,1,Industry City TI Lessor LP,FSK,FS/KKR Advisor,Consumer Services,25.8,25.3,0.0198,6/30/26,10.8,,False,,True,FSK,2025-09-30,2025-12-31,2
"Midwest Vision Partners Management, LLC",midwest vision,5,YELLOW,1,1,1,1,"Midwest Vision Partners Management, LLC",MFIC,"Apollo Investment Management, L.P.",Midwest Vision,23.522,23.702,-0.0076,01/12/28,5.52,,False,,True,MFIC,2025-12-31,2025-12-31,1
"Safe Home Security, Inc., Security Systems Inc., Safe Home Monitoring, Inc., National Protective Services, Inc., Bright Integrations LLC and Medguard Alert, Inc.",safe home,5,YELLOW,1,1,1,1,"Safe Home Security, Inc., Security Systems Inc., Safe Home Monitoring, Inc., National Protective Services, Inc., Bright Integrations LLC and Medguard Alert, Inc.",ARCC,Ares Capital Management,,23.5,24.0,-0.0208,05/2026,10.43,,False,,True,ARCC,2025-09-30,2025-12-31,2
Therapy Brands Holdings LLC,therapy brands,5,YELLOW,1,1,1,1,Therapy Brands Holdings LLC,ARCC,Ares Capital Management,,23.3,29.0,-0.1966,05/2029,10.58,,False,,False,,2025-09-30,2025-12-31,2
Civica Group Ltd,civica group,5,YELLOW,1,1,1,1,Civica Group Ltd,FSK,FS/KKR Advisor,Software & Services,20.5,18.4,0.1141,8/30/30,0.0,,False,,True,FSK,2025-09-30,2025-12-31,2
Third Lane Mobility Inc.,third lane,5,YELLOW,1,1,1,1,Third Lane Mobility Inc.,MFIC,"Apollo Investment Management, L.P.",Bird Rides,20.066,24.111,-0.1678,,,,False,,False,,2025-12-31,2025-12-31,1
Cerus Corporation,cerus,5,YELLOW,1,1,1,1,Cerus Corporation,MFIC,"Apollo Investment Management, L.P.",Cerus,19.913,19.95,-0.0019,03/01/28,1.66,,False,,True,MFIC,2025-12-31,2025-12-31,1
Specialty Chemicals & Materials,specialty chemicals,5,YELLOW,1,1,1,1,Specialty Chemicals & Materials,NMFC,"New Mountain Finance Advisers BDC, L.L.C.",Houghton Mifflin Harcourt Company,19.042,18.99,0.0027,07/2026,6.75,200.0,False,,True,NMFC,2025-09-30,2025-09-30,1
"WMD Funding, LLC",wmd funding,5,YELLOW,1,1,1,1,"WMD Funding, LLC",SLRC,SLR Capital Partners,Diversified Financial Services,18.33,18.33,0.0,12/4/2024,,,False,,True,SLRC,2025-09-30,2025-12-31,2
Mach Acquisition T/L,mach tl,5,YELLOW,1,1,1,1,Mach Acquisition T/L,BCSF,Bain Capital Credit,Aerospace & Defense,18.232,18.311,-0.0043,10/19/2026,7.15,,False,,True,BCSF,2025-09-30,2025-09-30,1
"LS Clinical Services Holdings, Inc.",ls clinical,5,YELLOW,1,1,1,1,"LS Clinical Services Holdings, Inc.",MFIC,"Apollo Investment Management, L.P.",Cato Research,17.993,18.167,-0.0096,06/16/29,9.92,,False,,True,MFIC,2025-12-31,2025-12-31,1
"Replicated, Inc.",replicated,5,YELLOW,1,1,1,1,"Replicated, Inc.",OTF,Blue Owl Credit Advisors,IT Services,16.28,20.008,-0.1863,,,,False,,False,,2025-09-30,2025-12-31,2
Arcos LLC/VA,arcos va,5,YELLOW,1,1,1,1,Arcos LLC/VA,FSK,FS/KKR Advisor,Software & Services,16.1,17.3,-0.0694,4/20/27,3.3,,False,,True,FSK,2025-09-30,2025-12-31,2
Congruex Group LLC,congruex group,5,YELLOW,1,1,1,1,Congruex Group LLC,MFIC,"Apollo Investment Management, L.P.",Congruex,15.496,15.684,-0.012,05/03/29,5.0,,False,,True,MFIC,2025-12-31,2025-12-31,1
"GSP Holdings, LLC",gsp,5,YELLOW,1,1,1,1,"GSP Holdings, LLC",BCSF,Bain Capital Credit,Aerospace & Defense,15.425,15.465,-0.0026,11/6/2026,3.82,,False,,True,BCSF,2025-09-30,2025-09-30,1
Constellis Holdings LLC,constellis,5,YELLOW,1,1,1,1,Constellis Holdings LLC,FSK,FS/KKR Advisor,Capital Goods,14.6,7.7,0.8961,12/31/28,0.0,,False,,True,FSK,2025-09-30,2025-12-31,2
Saffron Bidco Ltd,saffron,5,YELLOW,1,1,1,1,Saffron Bidco Ltd,MFIC,"Apollo Investment Management, L.P.",Sterling Pharma,13.553,13.777,-0.0163,09/24/31,2.5,,False,,True,MFIC,2025-12-31,2025-12-31,1
"PennantPark-TSO Senior Loan Fund II, LP",pennantpark tso,5,YELLOW,1,1,1,1,"PennantPark-TSO Senior Loan Fund II, LP",PNNT,PennantPark Investment Advisers,Financial Services,13.277,16.232,-0.182,,,,False,,False,,2025-09-30,2025-12-31,2
"TAUC Management, LLC",tauc management,5,YELLOW,1,1,1,1,"TAUC Management, LLC",SLRC,SLR Capital Partners,Health Care Providers & Services,12.824,13.078,-0.0194,4/1/2022,,,False,,True,SLRC,2025-09-30,2025-12-31,2
Zellis Holdings Ltd,zellis,5,YELLOW,1,1,1,1,Zellis Holdings Ltd,FSK,FS/KKR Advisor,Software & Services,12.3,11.4,0.0789,8/13/31,0.0,,False,,True,FSK,2025-09-30,2025-12-31,2
Colosseum Dental Group,colosseum dental,5,YELLOW,1,1,1,1,Colosseum Dental Group,FSK,FS/KKR Advisor,Health Care Equipment & Services,11.7,12.1,-0.0331,4/23/29,8.5,,False,,True,FSK,2025-09-30,2025-12-31,2
"Project Castle, Inc.",castle,5,YELLOW,1,1,1,1,"Project Castle, Inc.",CGBD,Carlyle Investment Management,Capital Equipment,11.683,14.429,-0.1903,6/1/2029,,,False,,False,,2025-09-30,2025-12-31,2
Great Expressions Dental Center PC,great expressions,5,YELLOW,1,1,1,1,Great Expressions Dental Center PC,BCSF,Bain Capital Credit,Healthcare & Pharmaceuticals,9.963,9.944,0.0019,9/30/2026,1.15,,False,,True,BCSF,2025-09-30,2025-09-30,1
PVHC Holding Corp.,pvhc,5,YELLOW,1,1,1,1,PVHC Holding Corp.,TCPC,Tennenbaum Capital Partners (BlackRock),Containers & Packaging,9.861,9.8647,-0.0004,2/17/2027,4.21,487.5,False,,True,TCPC,2025-12-31,2025-12-31,1
"All States Ag Parts, LLC",all states,5,YELLOW,1,1,1,1,"All States Ag Parts, LLC",SLRC,SLR Capital Partners,Trading Companies & Distributors,8.409,8.434,-0.003,4/1/2022,,,False,,True,SLRC,2025-09-30,2025-12-31,2
"Cornerstone Building Brands, Inc.",cornerstone building,5,YELLOW,1,1,1,1,"Cornerstone Building Brands, Inc.",CGBD,Carlyle Investment Management,Construction & Building,8.383,10.392,-0.1933,8/1/2028,,,False,,False,,2025-09-30,2025-12-31,2
Wolfspeed Inc,wolfspeed,5,YELLOW,1,1,1,1,Wolfspeed Inc,MFIC,"Apollo Investment Management, L.P.",Wolfspeed,7.556,7.768,-0.0273,06/23/30,9.88,,False,,True,MFIC,2025-12-31,2025-12-31,1
Zilliant Incorporated,zilliant incorporated,5,YELLOW,1,1,1,1,Zilliant Incorporated,TCPC,Tennenbaum Capital Partners (BlackRock),Debt Investments (continued),7.1569,8.187,-0.1258,12/21/2027,3.88,500.0,False,,True,TCPC,2025-09-30,2025-12-31,2
"TCFIII Owl Finance, LLC",tcfiii owl,5,YELLOW,1,1,1,1,"TCFIII Owl Finance, LLC",BCSF,Bain Capital Credit,Capital Equipment,6.732,6.753,-0.0031,1/30/2027,12.0,,False,,True,BCSF,2025-09-30,2025-09-30,1
Insigneo Financial Group LLC,insigneo financial,5,YELLOW,1,1,1,1,Insigneo Financial Group LLC,BCSF,Bain Capital Credit,FIRE: Finance,5.372,2.715,0.9786,8/1/2027,9.59,,False,,True,BCSF,2025-09-30,2025-09-30,1
"Etched.AI, Inc.",etched ai,5,YELLOW,1,1,1,1,"Etched.AI, Inc.",TPVG,TriplePoint Advisers,Semiconductors,4.542,5.711,-0.2047,,,,False,,False,,2025-09-30,2025-12-31,2
HKA,hka,5,YELLOW,1,1,1,1,HKA,FSK,FS/KKR Advisor,Commercial & Professional Services,3.5,3.4,0.0294,8/9/29,0.0,,False,,True,FSK,2025-09-30,2025-12-31,2
"Equipment Operating Leases, LLC",equipment operating,5,YELLOW,1,1,1,1,"Equipment Operating Leases, LLC",SLRC,SLR Capital Partners,Multi-Sector Holdings,2.812,2.884,-0.025,4/27/2025,8.37,,False,,True,SLRC,2025-09-30,2025-12-31,2
Envirotainer Ltd,envirotainer,5,YELLOW,1,1,1,1,Envirotainer Ltd,FSK,FS/KKR Advisor,Transportation,2.8,2.7,0.037,7/30/29,0.0,,False,,True,FSK,2025-09-30,2025-12-31,2
iNova Pharmaceuticals (Australia) Pty Limited,inova pharmaceuticals,5,YELLOW,1,1,1,1,iNova Pharmaceuticals (Australia) Pty Limited,FSK,FS/KKR Advisor,"Pharmaceuticals, Biotechnology & Life Sciences",2.7,2.5,0.08,11/15/31,0.0,,False,,True,FSK,2025-09-30,2025-12-31,2
"Alamar Biosciences, Inc.",alamar biosciences,5,YELLOW,1,1,1,1,"Alamar Biosciences, Inc.",HTGC,Hercules Capital (internal),Biotechnology Tools,2.417,3.072,-0.2132,,,,False,,False,,2025-09-30,2025-12-31,2
"Blue Star Sports Holdings, Inc.",blue star,5,YELLOW,1,1,1,1,"Blue Star Sports Holdings, Inc.",TCPC,Tennenbaum Capital Partners (BlackRock),Leisure Products,2.3341,2.3819,-0.0201,6/15/2026,5.9,350.0,False,,True,TCPC,2025-12-31,2025-12-31,1
Assembled Brands Capital LLC,assembled brands,5,YELLOW,1,1,1,1,Assembled Brands Capital LLC,OCSL,Oaktree Capital Management,Specialized Finance,1.496,1.963,-0.2379,,,,False,,False,,2025-09-30,2025-12-31,2
"Lucky Bucks, LLC",lucky bucks,5,YELLOW,1,1,1,1,"Lucky Bucks, LLC",PFLT,PennantPark Investment Advisers,"Hotels, Restaurants and Leisure",1.328,1.57,-0.1541,10/02/2028,11.66,,False,,False,,2025-09-30,2025-12-31,2
"Utilidata, Inc.",utilidata,5,YELLOW,1,1,1,1,"Utilidata, Inc.",TCPC,Tennenbaum Capital Partners (BlackRock),Electric Utilities,1.2495,1.574,-0.2062,,,,False,,False,,2025-12-31,2025-12-31,1
Laboratoires Vivacy SAS,laboratoires vivacy,5,YELLOW,1,1,1,1,Laboratoires Vivacy SAS,FSK,FS/KKR Advisor,"Pharmaceuticals, Biotechnology & Life Sciences",1.2,1.2,0.0,3/20/30,0.0,,False,,True,FSK,2025-09-30,2025-12-31,2
New Look Vision Group,new look vision,5,YELLOW,1,1,1,1,New Look Vision Group,BCSF,Bain Capital Credit,Retail,0.918,1.121,-0.1811,5/26/2028,5.5,,False,,False,,2025-09-30,2025-09-30,1
"Consello Pacific Aggregator, LLC",consello pacific,5,YELLOW,1,1,1,1,"Consello Pacific Aggregator, LLC",PNNT,PennantPark Investment Advisers,Business Services,0.603,0.743,-0.1884,,,,False,,False,,2025-09-30,2025-12-31,2
EIG Fund Investments,eig fund,5,YELLOW,1,1,1,1,EIG Fund Investments,MAIN,Main Street Capital (internal),,0.406,0.5,-0.188,,,,False,,False,,2025-09-30,2025-12-31,2
"Global Lending Services LLC, Bond",global lending services,5,YELLOW,1,1,1,1,"Global Lending Services LLC, Bond",FSK,FS/KKR Advisor,Financial Services,0.3,0.3,0.0,12/31/32,12.5,,False,,True,FSK,2025-09-30,2025-12-31,2
"Summit K2 Midco, Inc.",summit k2,5,YELLOW,1,1,1,1,"Summit K2 Midco, Inc.",CGBD,Carlyle Investment Management,Diversified Financial Services,0.263,0.333,-0.2102,,,,False,,False,,2025-12-31,2025-12-31,1
Leia Acquisition Ltd.,leia,5,YELLOW,1,1,1,1,Leia Acquisition Ltd.,FSK,FS/KKR Advisor,Commercial & Professional Services,0.2,0.2,0.0,7/1/29,10.0,,False,,True,FSK,2025-09-30,2025-12-31,2
"Redshift Bioanalytics, Inc.",redshift bioanalytics,5,YELLOW,1,1,1,1,"Redshift Bioanalytics, Inc.",HTGC,Hercules Capital (internal),Drug Discovery & Development,0.032,0.04,-0.2,,,,False,,False,,2025-09-30,2025-12-31,2
Builders Capital Loan Acquisition Trust 2022-RTL1,builders capital,5,YELLOW,1,1,1,1,Builders Capital Loan Acquisition Trust 2022-RTL1,FSK,FS/KKR Advisor,Real Estate Management & Development,0.0026,0.0034,-0.2353,,,,False,,False,,2025-12-31,2025-12-31,1
"Professional Fighters League, LLC and PFL MMA, Inc.",professional fighters,5,YELLOW,1,1,1,1,"Professional Fighters League, LLC and PFL MMA, Inc.",ARCC,Ares Capital Management,,0.0,56.6,-1.0,01/2026,14.02,,False,,True,ARCC,2025-09-30,2025-12-31,2
Spark Bidco Limited,spark,4,GREEN,0,3,3,3,"Spark Bidco Limited, Spark Buyer, LLC, Spark Purchaser, Inc.","ARCC, GBDC, MSDL","Ares Capital Management, GC Advisors, Morgan Stanley Investment Management",Pharmaceuticals,360.772,398.514,-0.0947,04/2031,9.17,,False,,False,,2025-09-30,2025-12-31,2
Signant Finance One Limited and Bracket Intermediate Holding Corp.,signant finance,4,GREEN,0,3,3,3,"Signant Finance One Limited, Signant Finance One Limited and Bracket Intermediate Holding Corp., Signant Finance One, Ltd.","ARCC, BXSL, GBDC","Ares Capital Management, Blackstone Credit Advisors, GC Advisors",Health Care Technology (continued),101.618,101.648,-0.0003,10/2031,8.42,,False,,False,,2025-12-31,2025-12-31,1
Talon MidCo 2 Limited,talon,4,GREEN,0,3,3,3,"Talon Buyer Inc., Talon MidCo 1 Limited, Talon MidCo 2 Limited","ARCC, CGBD, OTF","Ares Capital Management, Blue Owl Credit Advisors, Carlyle Investment Management",Software,41.465,90.089,-0.5397,8/2028,8.39,,False,,False,,2025-09-30,2025-12-31,2
"YE Brands Holding, LLC",ye brands,4,GREEN,0,3,2,2,"YE Brands Holding, LLC, YE Brands Holding, LLC*, YE Brands Holdings, LLC","ARCC, GBDC","Ares Capital Management, GC Advisors",,305.795,306.963,-0.0038,10/2027,8.42,,False,,False,,2025-09-30,2025-12-31,2
"Surewerx Purchaser III, Inc. & Jet Equipment & Tools Ltd.*",surewerx iii,4,GREEN,0,3,2,2,"Surewerx Purchaser III, Inc., Surewerx Purchaser III, Inc. & Jet Equipment & Tools Ltd., Surewerx Purchaser III, Inc. & Jet Equipment & Tools Ltd.*","GBDC, MSDL","GC Advisors, Morgan Stanley Investment Management",,51.725,51.881,-0.003,,,,False,,False,,2025-09-30,2025-12-31,2
Connect Finco SARL,connect,4,GREEN,0,3,1,1,"Connect Finco S.À.R.L., Connect Finco SARL, Connect Holding II LLC",OCSL,Oaktree Capital Management,Alternative Carriers,52.797,54.994,-0.0399,9/27/2029,4.34,,False,,False,,2025-09-30,2025-12-31,2
"RD Holdco, Inc. (Rug Doctor) Class C *",rd rug,4,GREEN,0,3,1,1,"RD Holdco, Inc. (Rug Doctor) *, RD Holdco, Inc. (Rug Doctor) Class B *, RD Holdco, Inc. (Rug Doctor) Class C *",SLRC,SLR Capital Partners,Diversified Consumer Services,13.408,31.171,-0.5699,,,,False,,False,,2025-09-30,2025-12-31,2
"Subtotal: Healthcare Services, Other ( 0.54 %)*",subtotal healthcare,4,GREEN,0,3,1,1,"Subtotal: Healthcare Services, Other ( 0.08 %)*, Subtotal: Healthcare Services, Other ( 0.38 %)*, Subtotal: Healthcare Services, Other ( 0.54 %)*",HTGC,Hercules Capital (internal),Electronics & Computer Hardware,0.0,21.222,-1.0,,,,False,,False,,2025-12-31,2025-12-31,1
Subtotal: Medical Devices & Equipment ( 0.08 %)*,subtotal medical,4,GREEN,0,3,1,1,"Subtotal: Medical Devices & Equipment ( 0.00 %)*, Subtotal: Medical Devices & Equipment ( 0.03 %)*, Subtotal: Medical Devices & Equipment ( 0.08 %)*",HTGC,Hercules Capital (internal),Medical Devices & Equipment,0.0,3.062,-1.0,,,,False,,False,,2025-09-30,2025-12-31,2
Subtotal: Semiconductors ( 0.00 %)*,subtotal semiconductors,4,GREEN,0,3,1,1,"Subtotal: Semiconductors ( 0.00 %)*, Subtotal: Semiconductors ( 0.01 %)*, Subtotal: Semiconductors ( 0.02 %)*",HTGC,Hercules Capital (internal),Semiconductors,0.0,0.862,-1.0,,,,False,,False,,2025-12-31,2025-12-31,1
U.S. Treasury Bill ( 3.61 % yield),us treasury bill,4,GREEN,0,2,2,2,"U.S. Treasury Bill, U.S. Treasury Bill ( 3.61 % yield)","PNNT, SLRC","PennantPark Investment Advisers, SLR Capital Partners",Short-Term U.S. Government Securities,682.949,335.0,1.0387,10/31/2025,,,False,,False,,2025-09-30,2025-12-31,2
"Owl Parent Holdings, LLC",owl,4,GREEN,0,2,2,2,"Owl Acquisition, LLC, Owl Parent Holdings, LLC","BCSF, MFIC","Apollo Investment Management, L.P., Bain Capital Credit",Services: Consumer,211.373,0.951,221.2639,4/17/2032,4.75,,False,,False,,2025-09-30,2025-12-31,2
"United Digestive MSO Parent, LLC and Koln Co-Invest Unblocked, LP",united digestive mso,4,GREEN,0,2,2,2,"United Digestive MSO Parent, LLC, United Digestive MSO Parent, LLC and Koln Co-Invest Unblocked, LP","ARCC, SLRC","Ares Capital Management, SLR Capital Partners",Health Care Providers & Services,77.327,71.622,0.0797,3/2023,9.51,,False,,False,,2025-09-30,2025-12-31,2
Aurora Lux Finco S.À.R.L.,aurora lux,4,GREEN,0,2,2,2,"Aurora Lux FinCo S.Á.R.L. (Luxembourg), Aurora Lux Finco S.À.R.L.","CGBD, OCSL","Carlyle Investment Management, Oaktree Capital Management",Software,74.332,75.215,-0.0117,12/24/2026,6.0,,False,,False,,2025-09-30,2025-12-31,2
"Quick Quack Car Wash Holdings, LLC and KKR Game Changer Co-Invest Feeder II L.P.",quick quack,4,GREEN,0,2,2,2,"Quick Quack Car Wash Holdings, LLC, Quick Quack Car Wash Holdings, LLC and KKR Game Changer Co-Invest Feeder II L.P.","ARCC, GBDC","Ares Capital Management, GC Advisors",Automobiles,63.615,58.492,0.0876,06/2024,8.47,,False,,False,,2025-09-30,2025-12-31,2
"Lightbox Intermediate, L.P.",lightbox,4,GREEN,0,2,2,2,"Lightbox Holdings, L.P., Lightbox Intermediate, L.P.","MAIN, OCSL","Main Street Capital (internal), Oaktree Capital Management",Real Estate Services,53.738,54.104,-0.0068,5/9/2026,6.42,,False,,False,,2025-09-30,2025-12-31,2
"Ideal Tridon Holdings, Inc.",ideal tridon,4,GREEN,0,2,2,2,"Ideal Tridon, Ideal Tridon Holdings, Inc.","GSBD, OBDC","Blue Owl Credit Advisors, Goldman Sachs Asset Management",Machinery,41.398,40.82,0.0142,06/30/32,8.67,,False,,False,,2025-09-30,2025-12-31,2
"TPG IX Cardiff CI II, L.P.",tpg ix,4,GREEN,0,2,2,2,"TPG IX Cardiff CI II, L.P., TPG IX Newark CI, LP","ARCC, BXSL","Ares Capital Management, Blackstone Credit Advisors",Software,39.966,37.566,0.0639,10/26/2023,9.96,,False,,False,,2025-09-30,2025-12-31,2
"OakBridge Insurance Agency LLC and Maple Acquisition Holdings, LP",oakbridge insurance,4,GREEN,0,2,2,2,"OakBridge Insurance Agency LLC and Maple Acquisition Holdings, LP, Oakbridge Insurance Agency LLC","ARCC, GBDC","Ares Capital Management, GC Advisors",Insurance,34.56,33.563,0.0297,11/2023,8.5,,False,,False,,2025-09-30,2025-12-31,2
NAVEX Global Inc,navex global,4,GREEN,0,2,2,2,"NAVEX Global Inc, Navex Global Holdings Corporation","FSK, GBDC","FS/KKR Advisor, GC Advisors",Software & Services,28.064,28.109,-0.0016,10/2025,,,False,,False,,2025-12-31,2025-12-31,1
"AMI Buyer, Inc.",ami,4,GREEN,0,2,2,2,"AMI, AMI Buyer, Inc.","BCSF, MFIC","Apollo Investment Management, L.P., Bain Capital Credit",Services: Business,21.975,22.224,-0.0112,10/17/31,2.52,,False,,False,,2025-09-30,2025-12-31,2
"NSI Holdings, Inc.",nsi,4,GREEN,0,2,2,2,"NSI Holdings, Inc., NSI Parent, LP","BXSL, MSDL","Blackstone Credit Advisors, Morgan Stanley Investment Management",Electrical Equipment,14.024,14.076,-0.0037,12/23/2024,,,False,,False,,2025-09-30,2025-12-31,2
"Orion Buyer, LLC",orion,4,GREEN,0,2,2,2,"Orion, Orion Buyer, LLC","BCSF, MFIC","Apollo Investment Management, L.P., Bain Capital Credit",Services: Business,10.784,10.867,-0.0076,07/18/30,1.96,,False,,False,,2025-09-30,2025-12-31,2
"OSP PAR Holdings, LP",osp par,4,GREEN,0,2,2,1,"OSP PAR Aggregator, LP, OSP PAR Holdings, LP","PFLT, PNNT",PennantPark Investment Advisers,Healthcare Technology,6.472,6.784,-0.046,9/3/2024,,,False,,False,,2025-09-30,2025-12-31,2
Apex Group Limited,apex group,4,GREEN,0,2,2,2,"Apex Group Limited, Apex Group Treasury Ltd","FSK, OCSL","FS/KKR Advisor, Oaktree Capital Management",Financial Services,5.984,5.887,0.0165,7/27/28,3.5,,False,,False,,2025-09-30,2025-12-31,2
"Yorkshire Parent, Inc.",yorkshire,4,GREEN,0,2,1,1,"Yorkshire Parent, Inc., Yorkshire Parent, Inc.*",GBDC,GC Advisors,Automobiles,831.059,833.333,-0.0027,12/2023,,,False,,False,,2025-09-30,2025-12-31,2
"Cambium Learning Group, Inc.",cambium,4,GREEN,0,2,1,1,"Cambium Holdings, LLC, Cambium Learning Group, Inc.",BXSL,Blackstone Credit Advisors,Diversified Consumer Services,577.265,579.246,-0.0034,8/3/2021,,,False,,False,,2025-12-31,2025-12-31,1
"Kingsbridge Holdings, LLC",kingsbridge,4,GREEN,0,2,1,1,"KBH Topco LLC (Kingsbridge), Kingsbridge Holdings, LLC",SLRC,SLR Capital Partners,Multi-Sector Holdings,566.703,529.354,0.0706,12/2018,,,False,,False,,2025-09-30,2025-12-31,2
"OB Hospitalist Group, Inc.",ob hospitalist,4,GREEN,0,2,1,1,"OB Hospitalist, OB Hospitalist Group, Inc.",OBDC,Blue Owl Credit Advisors,Healthcare providers and services,500.103,494.14,0.0121,9/2027,,,False,,False,,2025-09-30,2025-12-31,2
"VSG Acquisition Corp. and Sherrill, Inc.*",vsg and,4,GREEN,0,2,1,1,"VSG Acquisition Corp. and Sherrill, Inc., VSG Acquisition Corp. and Sherrill, Inc.*",GBDC,GC Advisors,Specialty Retail,346.905,350.901,-0.0114,04/2022,,,False,,False,,2025-09-30,2025-12-31,2
"Shelf Bidco, Ltd.",shelf,4,GREEN,0,2,1,1,"Shelf Bidco, Ltd., Shelf Holdco, Ltd.",BXSL,Blackstone Credit Advisors,Insurance (continued),297.703,296.971,0.0025,12/30/2022,,,False,,False,,2025-12-31,2025-12-31,1
Loparex,loparex,4,GREEN,0,2,1,1,"Loparex, Loparex Midco B.V.",OBDC,Blue Owl Credit Advisors,Manufacturing,244.866,264.384,-0.0738,2/2027,,,False,,False,,2025-09-30,2025-12-31,2
"BECO Holding Company, Inc.",beco,4,GREEN,0,2,1,1,"BECO Holding Company, Inc., BECO Holding Company, Inc.*",GBDC,GC Advisors,Building Products,187.077,163.286,0.1457,11/2021,,,False,,False,,2025-09-30,2025-12-31,2
"Beacon Dc, Ltd.",beacon dc,4,GREEN,0,2,1,1,"Beacon Dc, Ltd., Beacon HC, Ltd.",BXSL,Blackstone Credit Advisors,Insurance,138.044,138.081,-0.0003,12/4/2025,,,False,,False,,2025-12-31,2025-12-31,1
"Point Broadband Acquisition, LLC",point broadband,4,GREEN,0,2,1,1,"Point Broadband Acquisition, LLC, Point Broadband Holdings, LLC",BXSL,Blackstone Credit Advisors,Diversified Telecommunication Services,134.313,130.896,0.0261,10/1/2021,,,False,,False,,2025-12-31,2025-12-31,1
"DTA, LP",dta,4,GREEN,0,2,1,1,"DTA Intermediate II, Ltd., DTA, LP",BXSL,Blackstone Credit Advisors,Diversified Consumer Services,127.27,119.909,0.0614,3/25/2024,,,False,,False,,2025-12-31,2025-12-31,1
"MS Private Loan Fund I, LP",ms private,4,GREEN,0,2,1,1,"MS Private Loan Fund I, LP, MS Private Loan Fund II, LP",MAIN,Main Street Capital (internal),,122.333,121.455,0.0072,3/24/2026,6.66,,False,,False,,2025-09-30,2025-12-31,2
"Motive Technologies, Inc. (Keep Truckin)",motive technologies,4,GREEN,0,2,1,1,"Motive Technologies, Inc. (Keep Truckin), Motive Technologies, Inc. (Keep Trucking)",TCPC,Tennenbaum Capital Partners (BlackRock),Road and Rail,110.4202,109.7692,0.0059,4/8/2027,7.36,,False,,False,,2025-12-31,2025-12-31,1
"MOP GM Holding, LLC*",mop gm,4,GREEN,0,2,1,1,"MOP GM Holding, LLC, MOP GM Holding, LLC*",GBDC,GC Advisors,Automobiles,104.885,105.304,-0.004,11/2020,,,False,,False,,2025-09-30,2025-12-31,2
"PADI Holdco, Inc.",padi,4,GREEN,0,2,1,1,"PADI Holdco, Inc., PADI Holdco, Inc.*",GBDC,GC Advisors,Diversified Consumer Services,100.925,102.84,-0.0186,07/2017,,,False,,False,,2025-09-30,2025-12-31,2
"Blue River Pet Care, LLC*",blue river,4,GREEN,0,2,1,1,"Blue River Pet Care, LLC, Blue River Pet Care, LLC*",GBDC,GC Advisors,Healthcare Equipment & Supplies,88.498,88.557,-0.0007,08/2019,,,False,,False,,2025-09-30,2025-12-31,2
Oliver Packaging,oliver packaging,4,GREEN,0,2,1,1,"Oliver Packaging, Oliver Packaging and Equipment Company, LLC",GSBD,Goldman Sachs Asset Management,Containers & Packaging,87.955,88.065,-0.0012,11/01/30,9.49,,False,,False,,2025-09-30,2025-12-31,2
"Amalthea Parent, Inc.*",amalthea,4,GREEN,0,2,1,1,"Amalthea Parent, Inc., Amalthea Parent, Inc.*",GBDC,GC Advisors,Pharmaceuticals,85.843,87.754,-0.0218,03/2021,,,False,,False,,2025-09-30,2025-12-31,2
Curia Global Inc,curia global,4,GREEN,0,2,1,1,"Curia Global Inc, Curia Receivables II SPV LLC",FSK,FS/KKR Advisor,"Pharmaceuticals, Biotechnology & Life Sciences",83.3417,83.3417,0.0,1/29/29,,,False,,False,,2025-09-30,2025-12-31,2
"Pico Quantitative Trading, LLC",pico quantitative,4,GREEN,0,2,1,1,"Pico Quantitative Trading Holdings, LLC, Pico Quantitative Trading, LLC",TCPC,Tennenbaum Capital Partners (BlackRock),Capital Markets,81.0747,78.8419,0.0283,2/8/2027,7.51,,False,,False,,2025-12-31,2025-12-31,1
"CCSL Holdings, LLC",ccsl,4,GREEN,0,2,1,1,"CCSL Holdings, LLC, CCSL Holdings, LLC*",GBDC,GC Advisors,Healthcare Equipment & Supplies,80.822,84.335,-0.0417,12/2020,,,False,,False,,2025-09-30,2025-12-31,2
"NSG Buyer, Inc. *",nsg,4,GREEN,0,2,1,1,"NSG Buyer, Inc., NSG Buyer, Inc. *",GBDC,GC Advisors,Diversified Consumer Services,79.297,76.748,0.0332,11/2022,,,False,,False,,2025-09-30,2025-12-31,2
CC SAG Holdings Corp.(Spectrum Automotive),cc sag,4,GREEN,0,2,1,1,"CC SAG Holdings Corp., CC SAG Holdings Corp.(Spectrum Automotive)",SLRC,SLR Capital Partners,Diversified Consumer Services,77.088,77.757,-0.0086,6/2021,,,False,,False,,2025-09-30,2025-12-31,2
"POY Holdings, LLC*",poy,4,GREEN,0,2,1,1,"POY Holdings, LLC, POY Holdings, LLC*",GBDC,GC Advisors,Automobiles,76.114,75.362,0.01,11/2022,,,False,,False,,2025-09-30,2025-12-31,2
"CI (Quercus) Intermediate Holdings, LLC*",ci quercus,4,GREEN,0,2,1,1,"CI (Quercus) Intermediate Holdings, LLC, CI (Quercus) Intermediate Holdings, LLC*",GBDC,GC Advisors,Commercial Services & Supplies,65.579,66.173,-0.009,10/2021,,,False,,False,,2025-09-30,2025-12-31,2
CMI Parent Inc.*,cmi,4,GREEN,0,2,1,1,"CMI Parent Inc., CMI Parent Inc.*",GBDC,GC Advisors,Healthcare Equipment & Supplies,61.321,60.731,0.0097,08/2019,,,False,,False,,2025-09-30,2025-12-31,2
"KL Charlie Co-Invest, L.P.",kl charlie,4,GREEN,0,2,1,1,"KL Charlie Acquisition Company, KL Charlie Co-Invest, L.P.",MFIC,"Apollo Investment Management, L.P.",FingerPaint Marketing,59.548,59.479,0.0012,12/30/26,1.0,,False,,False,,2025-12-31,2025-12-31,1
"Acuity Eyecare Holdings, LLC",acuity eyecare,4,GREEN,0,2,1,1,"Acuity Eyecare Holdings, LLC, Acuity Eyecare Holdings, LLC*",GBDC,GC Advisors,Healthcare Providers & Services,56.799,56.188,0.0109,03/2017,,,False,,False,,2025-09-30,2025-12-31,2
"P&P Food Safety Holdings, Inc.*",pp food,4,GREEN,0,2,1,1,"P&P Food Safety Holdings, Inc., P&P Food Safety Holdings, Inc.*",GBDC,GC Advisors,Food Products,50.311,50.464,-0.003,12/2020,,,False,,False,,2025-09-30,2025-12-31,2
"Cobalt Buyer Sub, Inc.",cobalt sub,4,GREEN,0,2,1,1,"Cobalt Buyer Sub, Inc., Cobalt Buyer Sub, Inc.*",GBDC,GC Advisors,Pharmaceuticals,49.516,30.759,0.6098,10/2021,,,False,,False,,2025-09-30,2025-12-31,2
Spartan Buyer Acquisition Co.*,spartan,4,GREEN,0,2,1,1,"Spartan Buyer Acquisition Co., Spartan Buyer Acquisition Co.*",GBDC,GC Advisors,,48.344,47.676,0.014,12/2020,,,False,,False,,2025-09-30,2025-12-31,2
"Falcon Parent Holdings, Inc.",falcon,4,GREEN,0,2,1,1,"Falcon Parent Holdings, Inc., Falcon Top Parent, LLC",BXSL,Blackstone Credit Advisors,Life Sciences Tools & Services,42.988,43.069,-0.0019,11/6/2024,,,False,,False,,2025-12-31,2025-12-31,1
"Southeast Mechanical, LLC",southeast mechanical,4,GREEN,0,2,1,1,"Southeast Mechanical, LLC, Southeast Mechanical, LLC (dba. SEM Holdings, LLC)",GSBD,Goldman Sachs Asset Management,Diversified Consumer Services,42.334,42.27,0.0015,07/06/27,10.13,,False,,False,,2025-09-30,2025-12-31,2
"U.S. Legal Support, Inc.",us legal support,4,GREEN,0,2,1,1,"U.S. Legal Support Investment Holdings, LLC, U.S. Legal Support, Inc.",CGBD,Carlyle Investment Management,Business Services,41.952,42.061,-0.0026,5/31/2026,,,False,,False,,2025-09-30,2025-12-31,2
"FE Advance, LLC & Sonic ACA Advance LLC",fe advance,4,GREEN,0,2,1,1,"FE Advance, LLC, FE Advance, LLC & Sonic ACA Advance LLC",SLRC,SLR Capital Partners,Financial Services,41.166,41.788,-0.0149,7/2024,,,False,,False,,2025-09-30,2025-12-31,2
"Pinnacle Treatment Centers, Inc.*",pinnacle treatment,4,GREEN,0,2,1,1,"Pinnacle Treatment Centers, Inc., Pinnacle Treatment Centers, Inc.*",GBDC,GC Advisors,Healthcare Providers & Services,40.382,40.529,-0.0036,08/2016,,,False,,False,,2025-09-30,2025-12-31,2
"Comar Holding Company, LLC",comar,4,GREEN,0,2,1,1,"Comar Aggregator Co, LLC, Comar Holding Company, LLC",CGBD,Carlyle Investment Management,"Containers, Packaging & Glass",38.468,30.726,0.252,6/18/2026,,,False,,False,,2025-09-30,2025-12-31,2
AVG Intermediate Holdings & AVG Subsidiary Holdings LLC,avg avg,4,GREEN,0,2,1,1,"AVG Intermediate Holdings & AVG Subsidiary Holdings LLC, AVG Intermediate Holdings & AVG Subsidiary Holdings LLC*",GBDC,GC Advisors,Healthcare Providers & Services,37.344,37.226,0.0032,03/2021,,,False,,False,,2025-09-30,2025-12-31,2
"Personify, Inc.*",personify,4,GREEN,0,2,1,1,"Personify, Inc., Personify, Inc.*",GBDC,GC Advisors,,37.282,36.929,0.0096,09/2018,,,False,,False,,2025-09-30,2025-12-31,2
"Messenger, LLC",messenger,4,GREEN,0,2,1,1,"Messenger, LLC, Messenger, LLC*",GBDC,GC Advisors,Paper & Forest Products,35.011,34.441,0.0166,12/2021,,,False,,False,,2025-09-30,2025-12-31,2
Pyramid Healthcare Acquisition Corp.*,pyramid healthcare,4,GREEN,0,2,1,1,"Pyramid Healthcare Acquisition Corp., Pyramid Healthcare Acquisition Corp.*",GBDC,GC Advisors,Healthcare Providers & Services,33.795,33.729,0.002,05/2021,,,False,,False,,2025-09-30,2025-12-31,2
"Active Day, Inc.*",active day,4,GREEN,0,2,1,1,"Active Day, Inc., Active Day, Inc.*",GBDC,GC Advisors,Healthcare Providers & Services,33.75,32.733,0.0311,12/2015,,,False,,False,,2025-09-30,2025-12-31,2
"Togetherwork Holdings, LLC*",togetherwork,4,GREEN,0,2,1,1,"Togetherwork Holdings, LLC, Togetherwork Holdings, LLC*",GBDC,GC Advisors,,29.833,28.876,0.0331,07/2024,,,False,,False,,2025-09-30,2025-12-31,2
"Community Management Holdings Midco 2, LLC",community management,4,GREEN,0,2,1,1,"Community Management Holdings Midco 2, LLC, Community Management Holdings Parent, LP",BXSL,Blackstone Credit Advisors,Real Estate Management & Development,28.491,28.227,0.0094,11/1/2024,,,False,,False,,2025-12-31,2025-12-31,1
"Cafe Rio Holding, Inc.*",cafe rio,4,GREEN,0,2,1,1,"Cafe Rio Holding, Inc., Cafe Rio Holding, Inc.*",GBDC,GC Advisors,Healthcare Technology,27.153,26.565,0.0221,09/2017,,,False,,False,,2025-09-30,2025-12-31,2
Flo Health UK Limited,flo health,4,GREEN,0,2,1,1,"Flo Health UK Limited, Flo Health, Inc.",TPVG,TriplePoint Advisers,Application Software,25.163,24.733,0.0174,2/28/2025,,,False,,False,,2025-09-30,2025-12-31,2
"TLC Purchaser, Inc.",tlc,4,GREEN,0,2,1,1,"TLC Holdco LP, TLC Purchaser, Inc.",BCSF,Bain Capital Credit,Consumer Goods: Durable,23.919,23.865,0.0023,10/11/2027,5.76,,False,,False,,2025-09-30,2025-09-30,1
"Griffon Bidco, Inc.",griffon,4,GREEN,0,2,1,1,"Griffon Aggregator, Ltd., Griffon Bidco, Inc.",BXSL,Blackstone Credit Advisors,Electrical Equipment,22.993,22.739,0.0112,7/31/2025,,,False,,False,,2025-09-30,2025-12-31,2
"SSRG Holdings, LLC*",ssrg,4,GREEN,0,2,1,1,"SSRG Holdings, LLC, SSRG Holdings, LLC*",GBDC,GC Advisors,Healthcare Technology,22.36,22.022,0.0153,11/2019,,,False,,False,,2025-09-30,2025-12-31,2
"Mandolin Technology Intermediate Holdings, Inc.",mandolin technology,4,GREEN,0,2,1,1,"Mandolin Technology Holdings, Inc., Mandolin Technology Intermediate Holdings, Inc.",BXSL,Blackstone Credit Advisors,Software,21.366,22.541,-0.0521,7/30/2021,,,False,,False,,2025-12-31,2025-12-31,1
"Space Finco, Inc.",space,4,GREEN,0,2,1,1,"Space Finco, Inc., Space Parent, LP",MFIC,"Apollo Investment Management, L.P.",Avid Bioservices,21.062,21.221,-0.0075,02/05/31,1.0,,False,,False,,2025-12-31,2025-12-31,1
"Watermill Express, LLC*",watermill express,4,GREEN,0,2,1,1,"Watermill Express, LLC, Watermill Express, LLC*",GBDC,GC Advisors,Beverages,19.187,19.343,-0.0081,,,,False,,False,,2025-09-30,2025-12-31,2
Appriss,appriss,4,GREEN,0,2,1,1,"Appriss, Appriss Holdings, Inc.",BCSF,Bain Capital Credit,High Tech Industries,18.758,18.439,0.0173,5/6/2027,4.95,,False,,False,,2025-09-30,2025-09-30,1
"Noble Midco 3, Ltd.",noble,4,GREEN,0,2,1,1,"Noble Aggregator, LP, Noble Midco 3, Ltd.",BXSL,Blackstone Credit Advisors,Software (continued),17.295,17.138,0.0092,10/14/2025,,,False,,False,,2025-12-31,2025-12-31,1
"Aspen Medical Products, LLC*",aspen medical,4,GREEN,0,2,1,1,"Aspen Medical Products, LLC, Aspen Medical Products, LLC*",GBDC,GC Advisors,Healthcare Equipment & Supplies,16.722,16.792,-0.0042,06/2019,,,False,,False,,2025-09-30,2025-12-31,2
"CHVAC Services Investment, LLC*",chvac services,4,GREEN,0,2,1,1,"CHVAC Services Investment, LLC, CHVAC Services Investment, LLC*",GBDC,GC Advisors,Diversified Consumer Services,16.263,16.367,-0.0064,05/2024,,,False,,False,,2025-09-30,2025-12-31,2
"VisionSafe Holdings, Inc.",visionsafe,4,GREEN,0,2,1,1,"VisionSafe Holdings, Inc., VisionSafe Parent, LLC",GSBD,Goldman Sachs Asset Management,Aerospace & Defense,16.191,16.232,-0.0025,04/19/30,9.97,,False,,False,,2025-09-30,2025-12-31,2
Netwrix Corporation*,netwrix,4,GREEN,0,2,1,1,"Netwrix Corporation, Netwrix Corporation*",GBDC,GC Advisors,IT Services,10.101,10.091,0.001,06/2022,,,False,,False,,2025-09-30,2025-12-31,2
"Krueger-Gilbert Health Physics, LLC*",krueger gilbert,4,GREEN,0,2,1,1,"Krueger-Gilbert Health Physics, LLC, Krueger-Gilbert Health Physics, LLC*",GBDC,GC Advisors,Healthcare Providers & Services,9.672,9.607,0.0068,05/2019,,,False,,False,,2025-09-30,2025-12-31,2
Amberfield Acquisition Co.*,amberfield,4,GREEN,0,2,1,1,"Amberfield Acquisition Co., Amberfield Acquisition Co.*",GBDC,GC Advisors,Healthcare Technology,7.893,7.924,-0.0039,05/2024,,,False,,False,,2025-09-30,2025-12-31,2
"CHHJ Midco, LLC*",chhj,4,GREEN,0,2,1,1,"CHHJ Midco, LLC, CHHJ Midco, LLC*",GBDC,GC Advisors,Diversified Consumer Services,7.699,7.433,0.0358,01/2021,,,False,,False,,2025-09-30,2025-12-31,2
"Virginia Green Acquisition, LLC*",virginia green,4,GREEN,0,2,1,1,"Virginia Green Acquisition, LLC, Virginia Green Acquisition, LLC*",GBDC,GC Advisors,Diversified Consumer Services,6.794,6.719,0.0112,12/2023,,,False,,False,,2025-09-30,2025-12-31,2
"FedHC InvestCo II, LP",fedhc investco,4,GREEN,0,2,1,1,"FedHC InvestCo II, LP, FedHC InvestCo, LP",PNNT,PennantPark Investment Advisers,Aerospace and Defense,5.025,2.848,0.7644,,,,False,,False,,2025-09-30,2025-12-31,2
"MedeAnalytics Parent, Inc.",medeanalytics,4,GREEN,0,2,1,1,"MedeAnalytics Parent, Inc., MedeAnalytics, Inc.",GSBD,Goldman Sachs Asset Management,Health Care Technology,0.314,0.284,0.1056,10/23/28,,,False,,False,,2025-09-30,2025-12-31,2
"Digicert, Inc., Dcert Buyer, Inc., DCert Preferred Holdings, Inc. and Destiny Digital Holdings, L.P.",digicert dcert,4,YELLOW,1,1,1,1,"Digicert, Inc., Dcert Buyer, Inc., DCert Preferred Holdings, Inc. and Destiny Digital Holdings, L.P.",ARCC,Ares Capital Management,,670.0,724.8,-0.0756,02/2029,10.12,,False,,True,ARCC,2025-09-30,2025-12-31,2
PHM NL SP Bidco B.V.,phm nl,4,YELLOW,1,1,1,1,PHM NL SP Bidco B.V.,GBDC,GC Advisors,Chemicals,447.192,488.386,-0.0843,,,,False,,True,GBDC,2025-09-30,2025-12-31,2
"Navigator Acquiror, Inc.",navigator acquiror,4,GREEN,0,1,1,1,"Navigator Acquiror, Inc.",BXSL,Blackstone Credit Advisors,Health Care Providers & Services (continued),440.363,513.254,-0.142,7/16/2027,,,False,,False,,2025-12-31,2025-12-31,1
"R-V Industries, Inc.",rv industries,4,YELLOW,1,1,1,1,"R-V Industries, Inc.",PSEC,Prospect Capital Management,Machinery,406.482,229.274,0.7729,12/15/2028,13.25,900.0,False,,True,PSEC,2025-09-30,2025-12-31,2
"Phathom Pharmaceuticals, Inc.",phathom pharmaceuticals,4,YELLOW,1,1,1,1,"Phathom Pharmaceuticals, Inc.",HTGC,Hercules Capital (internal),Drug Discovery & Development,360.231,354.173,0.0171,,1.35,135.0,False,,True,HTGC,2025-09-30,2025-12-31,2
"Marathon Health, LLC",marathon health,4,YELLOW,1,1,1,1,"Marathon Health, LLC",HTGC,Hercules Capital (internal),Electronics & Computer Hardware,343.219,341.859,0.004,,0.85,81.2,False,,True,HTGC,2025-09-30,2025-12-31,2
"Sunrun Atlas Holdings 2019-2, LLC",sunrun atlas,4,GREEN,0,1,1,1,"Sunrun Atlas Holdings 2019-2, LLC",ARCC,Ares Capital Management,Independent Power and Renewable Electricity Producers,317.0,372.8,-0.1497,11/2026,10.74,,False,,False,,2025-09-30,2025-12-31,2
"QC Holdings TopCo, LLC",qc,4,YELLOW,1,1,1,1,"QC Holdings TopCo, LLC",PSEC,Prospect Capital Management,Consumer Finance,290.919,211.275,0.377,7/1/2030,23.5,1850.0,False,,True,PSEC,2025-09-30,2025-12-31,2
"WorkWave Intermediate II, LLC",workwave ii,4,YELLOW,1,1,1,1,"WorkWave Intermediate II, LLC",ARCC,Ares Capital Management,,285.7,144.7,0.9744,09/2032,9.94,,False,,True,ARCC,2025-09-30,2025-12-31,2
BVI Group Limited,bvi group,4,YELLOW,1,1,1,1,BVI Group Limited,ARCC,Ares Capital Management,,284.6,143.8,0.9791,03/2032,9.97,,False,,True,ARCC,2025-09-30,2025-12-31,2
"ACI Group Holdings, Inc.",aci group,4,GREEN,0,1,1,1,"ACI Group Holdings, Inc.",BXSL,Blackstone Credit Advisors,Health Care Providers & Services,243.622,273.272,-0.1085,8/2/2027,,,False,,False,,2025-12-31,2025-12-31,1
"Armis, Inc.",armis,4,YELLOW,1,1,1,1,"Armis, Inc.",HTGC,Hercules Capital (internal),Sustainable and Renewable Technology,238.111,232.162,0.0256,,0.69,68.9,False,,True,HTGC,2025-09-30,2025-12-31,2
"Shield AI, Inc.",shield ai,4,YELLOW,1,1,1,1,"Shield AI, Inc.",HTGC,Hercules Capital (internal),Defense Technologies,231.828,231.696,0.0006,,0.85,85.0,False,,True,HTGC,2025-09-30,2025-12-31,2
"Cardinal Parent, Inc. and Packers Software Intermediate Holdings, Inc.",cardinal and,4,YELLOW,1,1,1,1,"Cardinal Parent, Inc. and Packers Software Intermediate Holdings, Inc.",ARCC,Ares Capital Management,,231.7,161.1,0.4382,11/2027,10.99,,False,,True,ARCC,2025-09-30,2025-12-31,2
"Recovery Solutions Parent, LLC",recovery solutions,4,YELLOW,1,1,1,1,"Recovery Solutions Parent, LLC",PSEC,Prospect Capital Management,Health Care Providers & Services,223.426,222.709,0.0032,1/27/2030,11.49,750.0,False,,True,PSEC,2025-09-30,2025-12-31,2
"SeatGeek, Inc.",seatgeek,4,YELLOW,1,1,1,1,"SeatGeek, Inc.",HTGC,Hercules Capital (internal),Consumer & Business Services,221.444,211.27,0.0482,,3.61,360.8,False,,True,HTGC,2025-09-30,2025-12-31,2
"Cobalt Intermediate I, Inc.",cobalt i,4,YELLOW,1,1,1,1,"Cobalt Intermediate I, Inc.",ARCC,Ares Capital Management,,207.2,159.3,0.3007,10/2027,12.35,,False,,True,ARCC,2025-09-30,2025-12-31,2
WSHP FC Holdings LLC,wshp fc,4,YELLOW,1,1,1,1,WSHP FC Holdings LLC,ARCC,Ares Capital Management,,191.6,203.2,-0.0571,03/2028,11.74,,False,,True,ARCC,2025-09-30,2025-12-31,2
GI Insurity TopCo LP,gi insurity,4,YELLOW,1,1,1,1,GI Insurity TopCo LP,ARCC,Ares Capital Management,,185.1,201.6,-0.0818,11/2029,9.93,,False,,True,ARCC,2025-09-30,2025-12-31,2
"Sunrun Xanadu Issuer 2019-1, LLC",sunrun xanadu,4,YELLOW,1,1,1,1,"Sunrun Xanadu Issuer 2019-1, LLC",ARCC,Ares Capital Management,Independent Power and Renewable Electricity Producers,170.2,173.8,-0.0207,07/2030,10.55,,False,,True,ARCC,2025-09-30,2025-12-31,2
Centric Brands L.P.,centric brands,4,YELLOW,1,1,1,1,Centric Brands L.P.,ARCC,Ares Capital Management,Consumer Durables and Apparel,169.6,150.8,0.1247,08/2029,10.61,,False,,True,ARCC,2025-09-30,2025-12-31,2
"Implus Topco, LLC",implus,4,YELLOW,1,1,1,1,"Implus Topco, LLC",ARCC,Ares Capital Management,Consumer Durables and Apparel,164.4,170.6,-0.0363,10/2028,9.68,,False,,True,ARCC,2025-09-30,2025-12-31,2
Tipalti Solutions Ltd.,tipalti solutions,4,YELLOW,1,1,1,1,Tipalti Solutions Ltd.,HTGC,Hercules Capital (internal),Warrant Investments,157.227,157.947,-0.0046,,0.45,45.0,False,,True,HTGC,2025-09-30,2025-12-31,2
"Blue Sprig Pediatrics, Inc.",blue sprig,4,YELLOW,1,1,1,1,"Blue Sprig Pediatrics, Inc.",HTGC,Hercules Capital (internal),Electronics & Computer Hardware,143.845,146.942,-0.0211,,5.18,518.3,False,,True,HTGC,2025-09-30,2025-12-31,2
"Equality Health, LLC",equality health,4,YELLOW,1,1,1,1,"Equality Health, LLC",HTGC,Hercules Capital (internal),Electronics & Computer Hardware,142.255,142.759,-0.0035,,5.06,506.2,False,,True,HTGC,2025-09-30,2025-12-31,2
"Domo, Inc.",domo,4,YELLOW,1,1,1,1,"Domo, Inc.",TCPC,Tennenbaum Capital Partners (BlackRock),Internet Software and Services,141.331,127.0357,0.1125,8/19/2028,3.2,500.0,False,,True,TCPC,2025-09-30,2025-12-31,2
"WebPT, Inc. and WPT Intermediate Holdco, Inc.",webpt and,4,YELLOW,1,1,1,1,"WebPT, Inc. and WPT Intermediate Holdco, Inc.",ARCC,Ares Capital Management,,133.2,75.2,0.7713,01/2028,13.21,,False,,True,ARCC,2025-09-30,2025-12-31,2
"Cority Parent, Inc.",cority,4,YELLOW,1,1,1,1,"Cority Parent, Inc.",ARCC,Ares Capital Management,,124.6,124.2,0.0032,11/2032,8.35,,False,,True,ARCC,2025-09-30,2025-12-31,2
"GSV PracticeTek Holdings, LLC",gsv practicetek,4,YELLOW,1,1,1,1,"GSV PracticeTek Holdings, LLC",ARCC,Ares Capital Management,,122.8,122.8,0.0,08/2029,11.06,,False,,True,ARCC,2025-09-30,2025-12-31,2
"Arcus Biosciences, Inc.",arcus biosciences,4,YELLOW,1,1,1,1,"Arcus Biosciences, Inc.",HTGC,Hercules Capital (internal),Drug Discovery & Development,122.041,115.802,0.0539,,0.66,195.0,False,,True,HTGC,2025-09-30,2025-12-31,2
"ID.me, LLC and ID.me, Inc.",id me,4,YELLOW,1,1,1,1,"ID.me, LLC and ID.me, Inc.",ARCC,Ares Capital Management,,119.7,118.3,0.0118,01/2031,10.25,,False,,True,ARCC,2025-09-30,2025-12-31,2
"Balrog Parent, L.P.",balrog,4,YELLOW,1,1,1,1,"Balrog Parent, L.P.",ARCC,Ares Capital Management,Consumer Distribution and Retail,117.2,82.8,0.4155,09/2028,10.18,,False,,True,ARCC,2025-09-30,2025-12-31,2
"Haveli Cascade Co-Invest I, L.P.",haveli cascade,4,YELLOW,1,1,1,1,"Haveli Cascade Co-Invest I, L.P.",ARCC,Ares Capital Management,,112.1,59.6,0.8809,09/2031,11.06,,False,,True,ARCC,2025-09-30,2025-12-31,2
"MAPF Holdings, Inc.",mapf,4,YELLOW,1,1,1,1,"MAPF Holdings, Inc.",GBDC,GC Advisors,Food Products,111.701,112.108,-0.0036,,,,False,,True,GBDC,2025-09-30,2025-12-31,2
"Braeburn, Inc.",braeburn,4,YELLOW,1,1,1,1,"Braeburn, Inc.",HTGC,Hercules Capital (internal),Drug Discovery & Development,111.346,107.837,0.0325,,2.73,272.5,False,,True,HTGC,2025-09-30,2025-12-31,2
15484880 Canada Inc.,canada,4,YELLOW,1,1,1,1,15484880 Canada Inc.,ARCC,Ares Capital Management,Insurance,102.4,112.8,-0.0922,04/2031,9.87,,False,,True,ARCC,2025-09-30,2025-12-31,2
"Heron Therapeutics, Inc.",heron therapeutics,4,YELLOW,1,1,1,1,"Heron Therapeutics, Inc.",HTGC,Hercules Capital (internal),Drug Discovery & Development,102.171,101.832,0.0033,,1.9,189.8,False,,True,HTGC,2025-09-30,2025-12-31,2
"Dashlane, Inc.",dashlane,4,YELLOW,1,1,1,1,"Dashlane, Inc.",HTGC,Hercules Capital (internal),Debt Investments,97.708,94.161,0.0377,,3.05,305.0,False,,True,HTGC,2025-09-30,2025-12-31,2
"Hydrow, Inc.",hydrow,4,GREEN,0,1,1,1,"Hydrow, Inc.",TPVG,TriplePoint Advisers,Consumer Products and Services,93.01,104.606,-0.1109,12/31/2026,,,False,,False,,2025-09-30,2025-12-31,2
Reveleer,reveleer,4,YELLOW,1,1,1,1,Reveleer,HTGC,Hercules Capital (internal),Debt Investments,87.463,87.455,0.0001,,0.65,65.0,False,,True,HTGC,2025-09-30,2025-12-31,2
Wizard Bidco Limited,wizard,4,YELLOW,1,1,1,1,Wizard Bidco Limited,GBDC,GC Advisors,Food Products,82.717,85.073,-0.0277,,,,False,,True,GBDC,2025-09-30,2025-12-31,2
Semperis Technologies Inc.,semperis technologies,4,YELLOW,1,1,1,1,Semperis Technologies Inc.,HTGC,Hercules Capital (internal),Sustainable and Renewable Technology,80.82,79.82,0.0125,,1.23,,False,,True,HTGC,2025-09-30,2025-12-31,2
"OPH NEP Investment, LLC",oph nep,4,YELLOW,1,1,1,1,"OPH NEP Investment, LLC",ARCC,Ares Capital Management,,77.4,74.6,0.0375,05/2032,10.0,,False,,True,ARCC,2025-09-30,2025-12-31,2
"Vida Health, Inc.",vida health,4,YELLOW,1,1,1,1,"Vida Health, Inc.",HTGC,Hercules Capital (internal),Electronics & Computer Hardware,76.536,77.614,-0.0139,,2.75,,False,,True,HTGC,2025-09-30,2025-12-31,2
"LD Lower Holdings, Inc.",ld lower,4,GREEN,0,1,1,1,"LD Lower Holdings, Inc.",BXSL,Blackstone Credit Advisors,Software (continued),74.609,83.308,-0.1044,8/9/2027,,,False,,False,,2025-12-31,2025-12-31,1
"Lido Advisors, LLC and LAL Group Holdings, LLC",lido advisors,4,YELLOW,1,1,1,1,"Lido Advisors, LLC and LAL Group Holdings, LLC",ARCC,Ares Capital Management,,72.2,77.8,-0.072,05/2032,8.1,,False,,True,ARCC,2025-12-31,2025-12-31,1
"NeueHealth, Inc.",neuehealth,4,YELLOW,1,1,1,1,"NeueHealth, Inc.",HTGC,Hercules Capital (internal),Electronics & Computer Hardware,71.088,69.769,0.0189,,1.15,115.0,False,,True,HTGC,2025-09-30,2025-12-31,2
"Tempus AI, Inc.",tempus ai,4,YELLOW,1,1,1,1,"Tempus AI, Inc.",ARCC,Ares Capital Management,,70.8,67.4,0.0504,02/2030,11.92,,False,,True,ARCC,2025-09-30,2025-12-31,2
22 HoldCo Limited,22 holdco,4,YELLOW,1,1,1,1,22 HoldCo Limited,ARCC,Ares Capital Management,,69.1,65.5,0.055,08/2033,11.47,,False,,True,ARCC,2025-09-30,2025-12-31,2
"The Arcticom Group, LLC and AMCP Mechanical Holdings, LP",arcticom group,4,YELLOW,1,1,1,1,"The Arcticom Group, LLC and AMCP Mechanical Holdings, LP",ARCC,Ares Capital Management,,67.8,31.0,1.1871,12/2027,11.72,,False,,True,ARCC,2025-09-30,2025-12-31,2
"Replimune Group, Inc.",replimune group,4,YELLOW,1,1,1,1,"Replimune Group, Inc.",HTGC,Hercules Capital (internal),Drug Discovery & Development,67.025,65.499,0.0233,,1.75,175.0,False,,True,HTGC,2025-09-30,2025-12-31,2
Brain Corporation,brain,4,YELLOW,1,1,1,1,Brain Corporation,HTGC,Hercules Capital (internal),Debt Investments,65.559,64.999,0.0086,,1.35,135.0,False,,True,HTGC,2025-09-30,2025-12-31,2
"NMC Skincare Intermediate Holdings II, LLC",nmc skincare,4,YELLOW,1,1,1,1,"NMC Skincare Intermediate Holdings II, LLC",ARCC,Ares Capital Management,,65.0,35.1,0.8519,10/2028,10.62,,False,,True,ARCC,2025-09-30,2025-12-31,2
"WellBe Senior Medical, LLC",wellbe senior,4,YELLOW,1,1,1,1,"WellBe Senior Medical, LLC",HTGC,Hercules Capital (internal),Electronics & Computer Hardware,64.068,64.583,-0.008,,0.75,75.0,False,,True,HTGC,2025-09-30,2025-12-31,2
"Meyer Parent, LLC",meyer,4,YELLOW,1,1,1,1,"Meyer Parent, LLC",ARCC,Ares Capital Management,,61.0,66.0,-0.0758,02/2030,10.45,,False,,True,ARCC,2025-09-30,2025-12-31,2
"LifeStyles Parent, L.P.",lifestyles,4,YELLOW,1,1,1,1,"LifeStyles Parent, L.P.",ARCC,Ares Capital Management,,59.9,61.8,-0.0307,11/2028,9.24,,False,,True,ARCC,2025-12-31,2025-12-31,1
"Modigent, LLC and OMERS PMC Investment Holdings LLC",modigent and,4,YELLOW,1,1,1,1,"Modigent, LLC and OMERS PMC Investment Holdings LLC",ARCC,Ares Capital Management,,58.8,58.2,0.0103,08/2028,9.16,,False,,True,ARCC,2025-09-30,2025-12-31,2
"W.S. Connelly & Co., LLC and WSC Ultimate Holdings, LLC",ws connelly,4,YELLOW,1,1,1,1,"W.S. Connelly & Co., LLC and WSC Ultimate Holdings, LLC",ARCC,Ares Capital Management,,58.4,57.6,0.0139,05/2030,8.48,,False,,True,ARCC,2025-09-30,2025-12-31,2
"Houzz, Inc.",houzz,4,YELLOW,1,1,1,1,"Houzz, Inc.",HTGC,Hercules Capital (internal),Consumer & Business Services,57.855,54.608,0.0595,,11.77,,False,,True,HTGC,2025-09-30,2025-12-31,2
Moonraker HoldCo LLC,moonraker,4,YELLOW,1,1,1,1,Moonraker HoldCo LLC,ARCC,Ares Capital Management,,56.0,59.6,-0.0604,08/2028,9.24,,False,,True,ARCC,2025-09-30,2025-12-31,2
"RVShare, LLC",rvshare,4,YELLOW,1,1,1,1,"RVShare, LLC",HTGC,Hercules Capital (internal),Consumer & Business Services,55.397,55.517,-0.0022,,7.36,735.7,False,,True,HTGC,2025-09-30,2025-12-31,2
Carwow LTD,carwow,4,YELLOW,1,1,1,1,Carwow LTD,HTGC,Hercules Capital (internal),Consumer & Business Services,55.247,59.021,-0.0639,,4.7,470.0,False,,True,HTGC,2025-09-30,2025-12-31,2
"AppDirect, Inc.",appdirect,4,YELLOW,1,1,1,1,"AppDirect, Inc.",HTGC,Hercules Capital (internal),Consumer & Business Services,54.901,54.941,-0.0007,,2.05,205.0,False,,True,HTGC,2025-09-30,2025-12-31,2
"TVG-MGT Upper Intermediate Holdings, LLC",tvg mgt,4,YELLOW,1,1,1,1,"TVG-MGT Upper Intermediate Holdings, LLC",ARCC,Ares Capital Management,,54.7,60.4,-0.0944,08/2031,14.0,,False,,True,ARCC,2025-09-30,2025-12-31,2
"801 5th Ave, Seattle",5th ave,4,GREEN,0,1,1,1,"801 5th Ave, Seattle",FSK,FS/KKR Advisor,Equity Real Estate Investment Trusts (REITs),54.5631,61.0643,-0.1065,12/19/29,8.0,,False,,False,,2025-09-30,2025-12-31,2
"Aryaka Networks, Inc.",aryaka networks,4,YELLOW,1,1,1,1,"Aryaka Networks, Inc.",HTGC,Hercules Capital (internal),Communications & Networking,53.963,56.713,-0.0485,,1.8,180.0,False,,True,HTGC,2025-09-30,2025-12-31,2
Zep Inc.,zep,4,GREEN,0,1,1,1,Zep Inc.,GSBD,Goldman Sachs Asset Management,Chemicals,51.994,52.519,-0.01,10/02/28,8.25,,False,,False,,2025-09-30,2025-12-31,2
COMPASS Pathways plc,compass pathways,4,YELLOW,1,1,1,1,COMPASS Pathways plc,HTGC,Hercules Capital (internal),Drug Discovery & Development,51.326,50.633,0.0137,,1.5,150.0,False,,True,HTGC,2025-09-30,2025-12-31,2
Legere Pharmaceuticals,legere pharmaceuticals,4,GREEN,0,1,1,1,Legere Pharmaceuticals,PSEC,Prospect Capital Management,Personal Care Products,51.3076,57.542,-0.1083,11/12/2026,14.75,1050.0,False,,False,,2025-09-30,2025-12-31,2
Electric Hydrogen Co.,electric hydrogen,4,YELLOW,1,1,1,1,Electric Hydrogen Co.,HTGC,Hercules Capital (internal),Sustainable and Renewable Technology,50.525,50.997,-0.0093,,2.25,225.0,False,,True,HTGC,2025-09-30,2025-12-31,2
"Suzy, Inc.",suzy,4,YELLOW,1,1,1,1,"Suzy, Inc.",HTGC,Hercules Capital (internal),Warrant Investments,49.786,49.666,0.0024,,1.75,175.0,False,,True,HTGC,2025-09-30,2025-12-31,2
SEP Eiger BidCo Ltd. (Beqom) (Switzerland),sep eiger,4,YELLOW,1,1,1,1,SEP Eiger BidCo Ltd. (Beqom) (Switzerland),TCPC,Tennenbaum Capital Partners (BlackRock),Debt Investments (continued),49.729,52.6723,-0.0559,5/9/2028,3.07,350.0,False,,True,TCPC,2025-09-30,2025-12-31,2
"GAPCO AIV Interholdco , L.P.",gapco aiv,4,YELLOW,1,1,1,1,"GAPCO AIV Interholdco , L.P.",ARCC,Ares Capital Management,,49.5,49.5,0.0,03/2033,10.42,,False,,True,ARCC,2025-09-30,2025-12-31,2
"Majesco and Magic Topco, L.P.",majesco and,4,YELLOW,1,1,1,1,"Majesco and Magic Topco, L.P.",ARCC,Ares Capital Management,,49.4,43.8,0.1279,09/2028,8.62,,False,,True,ARCC,2025-09-30,2025-12-31,2
UP Intermediate II LLC and UPBW Blocker LLC,up ii,4,YELLOW,1,1,1,1,UP Intermediate II LLC and UPBW Blocker LLC,ARCC,Ares Capital Management,,46.9,45.2,0.0376,03/2031,8.86,,False,,True,ARCC,2025-09-30,2025-12-31,2
Center for Sight Management,center for,4,GREEN,0,1,1,1,Center for Sight Management,GSBD,Goldman Sachs Asset Management,Health Care Providers & Services,45.824,52.749,-0.1313,09/30/26,12.77,,False,,False,,2025-09-30,2025-12-31,2
American Trailer Rental Group,american trailer,4,YELLOW,1,1,1,1,American Trailer Rental Group,BCSF,Bain Capital Credit,Automotive,45.711,46.059,-0.0076,12/1/2027,5.5,,False,,True,BCSF,2025-09-30,2025-09-30,1
"Voyager Technologies, Inc.",voyager technologies,4,YELLOW,1,1,1,1,"Voyager Technologies, Inc.",HTGC,Hercules Capital (internal),Space Technologies,45.69,45.302,0.0086,,1.25,125.0,False,,True,HTGC,2025-09-30,2025-12-31,2
"Thumbtack, Inc.",thumbtack,4,YELLOW,1,1,1,1,"Thumbtack, Inc.",HTGC,Hercules Capital (internal),Consumer & Business Services,44.947,43.507,0.0331,,2.45,245.0,False,,True,HTGC,2025-09-30,2025-12-31,2
"Saama Technologies, LLC",saama technologies,4,YELLOW,1,1,1,1,"Saama Technologies, LLC",HTGC,Hercules Capital (internal),Information Services,43.134,42.038,0.0261,,0.7,70.0,False,,True,HTGC,2025-09-30,2025-12-31,2
"iSpot.tv, Inc.",ispot tv,4,YELLOW,1,1,1,1,"iSpot.tv, Inc.",HTGC,Hercules Capital (internal),Debt Investments,42.412,42.265,0.0035,,1.47,146.5,False,,True,HTGC,2025-09-30,2025-12-31,2
"Birdie Bidco, Inc.",birdie,4,YELLOW,1,1,1,1,"Birdie Bidco, Inc.",ARCC,Ares Capital Management,Consumer Services,40.8,41.0,-0.0049,11/2032,8.43,,False,,True,ARCC,2025-12-31,2025-12-31,1
Ceres Groupe SAS & Ceres PikCo,ceres groupe,4,YELLOW,1,1,1,1,Ceres Groupe SAS & Ceres PikCo,GBDC,GC Advisors,Diversified Financial Services,40.58,44.483,-0.0877,,,,False,,True,GBDC,2025-09-30,2025-12-31,2
"Earnix, Inc.",earnix,4,YELLOW,1,1,1,1,"Earnix, Inc.",HTGC,Hercules Capital (internal),Debt Investments,39.574,39.086,0.0125,,1.15,,False,,True,HTGC,2025-09-30,2025-12-31,2
CORA Health Holdings Corp,cora health,4,GREEN,0,1,1,1,CORA Health Holdings Corp,GSBD,Goldman Sachs Asset Management,Health Care Providers & Services,38.995,45.551,-0.1439,06/15/27,10.23,,False,,False,,2025-09-30,2025-12-31,2
"PayIt, LLC",payit,4,YELLOW,1,1,1,1,"PayIt, LLC",HTGC,Hercules Capital (internal),Sustainable and Renewable Technology,37.749,38.099,-0.0092,,1.45,145.0,False,,True,HTGC,2025-09-30,2025-12-31,2
"Honey Intermediate, Inc. (iLobby) (Canada)",honey ilobby,4,YELLOW,1,1,1,1,"Honey Intermediate, Inc. (iLobby) (Canada)",TCPC,Tennenbaum Capital Partners (BlackRock),Software,35.7602,35.7898,-0.0008,9/26/2030,2.88,338.0,False,,True,TCPC,2025-09-30,2025-12-31,2
"enGene, Inc.",engene,4,YELLOW,1,1,1,1,"enGene, Inc.",HTGC,Hercules Capital (internal),Drug Discovery & Development,33.093,32.761,0.0101,,0.75,75.0,False,,True,HTGC,2025-09-30,2025-12-31,2
"Douglas Holdings, Inc (Docupace)",douglas docupace,4,YELLOW,1,1,1,1,"Douglas Holdings, Inc (Docupace)",TCPC,Tennenbaum Capital Partners (BlackRock),Software,32.2011,32.2404,-0.0012,8/27/2030,5.75,38.0,False,,True,TCPC,2025-09-30,2025-12-31,2
Jams Buyer LLC,jams,4,YELLOW,1,1,1,1,Jams Buyer LLC,ARCC,Ares Capital Management,,31.6,30.8,0.026,06/2032,9.07,,False,,True,ARCC,2025-09-30,2025-12-31,2
Adaptimmune Therapeutics plc,adaptimmune therapeutics,4,YELLOW,1,1,1,1,Adaptimmune Therapeutics plc,HTGC,Hercules Capital (internal),Drug Discovery & Development,31.198,30.121,0.0358,,1.15,115.0,False,,True,HTGC,2025-09-30,2025-12-31,2
"Stoke Space Technologies, Inc.",stoke space,4,YELLOW,1,1,1,1,"Stoke Space Technologies, Inc.",HTGC,Hercules Capital (internal),Space Technologies,31.096,29.836,0.0422,,1.0,100.0,False,,True,HTGC,2025-09-30,2025-12-31,2
Behavox Limited,behavox,4,YELLOW,1,1,1,1,Behavox Limited,HTGC,Hercules Capital (internal),Debt Investments,29.958,30.13,-0.0057,,0.55,,False,,True,HTGC,2025-09-30,2025-12-31,2
Spartan Bidco Pty Ltd (StarRez) (Australia),spartan pty,4,YELLOW,1,1,1,1,Spartan Bidco Pty Ltd (StarRez) (Australia),TCPC,Tennenbaum Capital Partners (BlackRock),Internet Software and Services,29.44,28.9657,0.0164,1/24/2028,5.78,625.0,False,,True,TCPC,2025-09-30,2025-12-31,2
"A&R Logistics, Inc.",ar logistics,4,YELLOW,1,1,1,1,"A&R Logistics, Inc.",BCSF,Bain Capital Credit,Transportation: Cargo,28.252,28.397,-0.0051,2/3/2028,2.63,,False,,True,BCSF,2025-09-30,2025-09-30,1
"Elation Health, Inc.",elation health,4,YELLOW,1,1,1,1,"Elation Health, Inc.",HTGC,Hercules Capital (internal),Debt Investments,27.148,27.465,-0.0115,,2.99,298.8,False,,True,HTGC,2025-09-30,2025-12-31,2
"LinenMaster, LLC",linenmaster,4,YELLOW,1,1,1,1,"LinenMaster, LLC",HTGC,Hercules Capital (internal),Debt Investments,26.577,26.368,0.0079,,7.1,709.8,False,,True,HTGC,2025-09-30,2025-12-31,2
"Pyramid Investors, LLC",pyramid investors,4,YELLOW,1,1,1,1,"Pyramid Investors, LLC",ARCC,Ares Capital Management,,26.2,22.4,0.1696,01/2028,8.84,,False,,True,ARCC,2025-09-30,2025-12-31,2
"TVG-TMG Holdings, LLC",tvg tmg,4,YELLOW,1,1,1,1,"TVG-TMG Holdings, LLC",ARCC,Ares Capital Management,,25.4,8.7,1.9195,03/2028,10.54,,False,,True,ARCC,2025-09-30,2025-12-31,2
"SPay, Inc.",spay,4,GREEN,0,1,1,1,"SPay, Inc.",CGBD,Carlyle Investment Management,Leisure Products & Services,25.109,29.195,-0.14,6/15/2026,,,False,,False,,2025-09-30,2025-12-31,2
"Simon Data, Inc.",simon data,4,YELLOW,1,1,1,1,"Simon Data, Inc.",HTGC,Hercules Capital (internal),Debt Investments,24.547,24.904,-0.0143,,1.0,100.0,False,,True,HTGC,2025-09-30,2025-12-31,2
"Quantic Electronics, LLC",quantic electronics,4,GREEN,0,1,1,1,"Quantic Electronics, LLC",CGBD,Carlyle Investment Management,Aerospace & Defense,24.544,24.338,0.0085,11/19/2026,,,False,,False,,2025-09-30,2025-12-31,2
New Gen Holding,new gen,4,YELLOW,1,1,1,1,New Gen Holding,BCSF,Bain Capital Credit,High Tech Industries,20.265,18.072,0.1213,5/28/2031,3.25,,False,,True,BCSF,2025-09-30,2025-09-30,1
"Applied Technical Services, LLC",applied technical,4,GREEN,0,1,1,1,"Applied Technical Services, LLC",CGBD,Carlyle Investment Management,Business Services,19.854,19.834,0.001,12/29/2026,,,False,,False,,2025-09-30,2025-12-31,2
"Snappt, Inc.",snappt,4,YELLOW,1,1,1,1,"Snappt, Inc.",HTGC,Hercules Capital (internal),,19.753,20.071,-0.0158,,2.35,235.0,False,,True,HTGC,2025-09-30,2025-12-31,2
Funnel Holding AB (publ),funnel ab,4,YELLOW,1,1,1,1,Funnel Holding AB (publ),HTGC,Hercules Capital (internal),Debt Investments,18.243,18.242,0.0001,,0.6,60.0,False,,True,HTGC,2025-12-31,2025-12-31,1
"LJP Topco, LP",ljp,4,YELLOW,1,1,1,1,"LJP Topco, LP",ARCC,Ares Capital Management,,17.7,17.7,0.0,09/2028,9.34,,False,,True,ARCC,2025-09-30,2025-12-31,2
Coronet Cyber Security Ltd.,coronet cyber,4,YELLOW,1,1,1,1,Coronet Cyber Security Ltd.,HTGC,Hercules Capital (internal),Sustainable and Renewable Technology,17.496,17.953,-0.0255,,2.95,,False,,True,HTGC,2025-09-30,2025-12-31,2
"The Fertility Partners, Inc.",fertility partners,4,GREEN,0,1,1,1,"The Fertility Partners, Inc.",BXSL,Blackstone Credit Advisors,Health Care Providers & Services (continued),17.256,19.956,-0.1353,9/16/2027,,,False,,False,,2025-12-31,2025-12-31,1
"Peek Travel, Inc.",peek travel,4,YELLOW,1,1,1,1,"Peek Travel, Inc.",HTGC,Hercules Capital (internal),Consumer & Business Services,16.443,16.437,0.0004,,1.75,175.0,False,,True,HTGC,2025-12-31,2025-12-31,1
"OTG Concessions Management, LLC and Octa Parent Holdings, LLC",otg concessions,4,YELLOW,1,1,1,1,"OTG Concessions Management, LLC and Octa Parent Holdings, LLC",ARCC,Ares Capital Management,,16.4,17.6,-0.0682,02/2031,10.0,,False,,True,ARCC,2025-09-30,2025-12-31,2
"ZeroEyes, Inc.",zeroeyes,4,YELLOW,1,1,1,1,"ZeroEyes, Inc.",HTGC,Hercules Capital (internal),,16.252,16.278,-0.0016,,2.0,200.0,False,,True,HTGC,2025-09-30,2025-12-31,2
Gulf Winds International,gulf winds,4,YELLOW,1,1,1,1,Gulf Winds International,BCSF,Bain Capital Credit,Transportation: Cargo,16.097,16.43,-0.0203,12/16/2028,6.27,,False,,True,BCSF,2025-09-30,2025-09-30,1
"BioXcel Therapeutics, Inc.",bioxcel therapeutics,4,GREEN,0,1,1,1,"BioXcel Therapeutics, Inc.",OCSL,Oaktree Capital Management,Pharmaceuticals,15.711,18.257,-0.1395,4/19/2027,,,False,,False,,2025-09-30,2025-12-31,2
"Gympass US, LLC",gympass us,4,YELLOW,1,1,1,1,"Gympass US, LLC",TCPC,Tennenbaum Capital Partners (BlackRock),Internet Software and Services,15.2932,15.1281,0.0109,8/29/2029,3.25,325.0,False,,True,TCPC,2025-12-31,2025-12-31,1
"Roof Opco, LLC",roof opco,4,GREEN,0,1,1,1,"Roof Opco, LLC",MAIN,Main Street Capital (internal),,14.277,16.793,-0.1498,8/27/2026,10.76,,False,,False,,2025-09-30,2025-12-31,2
"Skyword, Inc.",skyword,4,YELLOW,1,1,1,1,"Skyword, Inc.",HTGC,Hercules Capital (internal),Consumer & Business Services,13.375,13.908,-0.0383,,2.75,275.0,False,,True,HTGC,2025-09-30,2025-12-31,2
"Arctic Glacier U.S.A., Inc.",arctic glacier,4,YELLOW,1,1,1,1,"Arctic Glacier U.S.A., Inc.",BCSF,Bain Capital Credit,Automotive,13.138,13.31,-0.0129,5/24/2028,6.76,,False,,True,BCSF,2025-09-30,2025-09-30,1
"Integrate.com, Inc.",integrate com,4,YELLOW,1,1,1,1,"Integrate.com, Inc.",TCPC,Tennenbaum Capital Partners (BlackRock),Debt Investments (continued),12.9852,13.2949,-0.0233,12/17/2027,4.65,225.0,False,,True,TCPC,2025-12-31,2025-12-31,1
iBanFirst,ibanfirst,4,YELLOW,1,1,1,1,iBanFirst,BCSF,Bain Capital Credit,Services: Business,12.792,12.275,0.0421,7/13/2028,9.75,,False,,True,BCSF,2025-09-30,2025-09-30,1
"Supreme Fitness Group NY Holdings, LLC",supreme fitness,4,GREEN,0,1,1,1,"Supreme Fitness Group NY Holdings, LLC",GSBD,Goldman Sachs Asset Management,"Hotels, Restaurants & Leisure",12.447,12.466,-0.0015,04/14/31,8.98,,False,,False,,2025-09-30,2025-12-31,2
Chartbeat,chartbeat,4,YELLOW,1,1,1,1,Chartbeat,BCSF,Bain Capital Credit,High Tech Industries,12.372,12.546,-0.0139,10/4/2030,16.0,,False,,True,BCSF,2025-09-30,2025-09-30,1
Skopima Consilio Parent LLC,skopima consilio,4,GREEN,0,1,1,1,Skopima Consilio Parent LLC,OCSL,Oaktree Capital Management,Research & Consulting Services,12.131,13.657,-0.1117,5/12/2028,3.75,,False,,False,,2025-09-30,2025-12-31,2
"Titan DI Preferred Holdings, Inc.",titan di,4,YELLOW,1,1,1,1,"Titan DI Preferred Holdings, Inc.",CGBD,Carlyle Investment Management,Energy: Oil & Gas,11.933,12.031,-0.0081,,13.5,,False,,True,CGBD,2025-12-31,2025-12-31,1
"Next Insurance, Inc.",next insurance,4,YELLOW,1,1,1,1,"Next Insurance, Inc.",HTGC,Hercules Capital (internal),Diversified Financial Services,11.634,11.132,0.0451,,1.5,,False,,True,HTGC,2025-09-30,2025-12-31,2
"Fusion Risk Management, Inc.",fusion risk,4,YELLOW,1,1,1,1,"Fusion Risk Management, Inc.",TCPC,Tennenbaum Capital Partners (BlackRock),Software,11.4589,11.0749,0.0347,5/22/2029,4.54,325.0,False,,True,TCPC,2025-09-30,2025-12-31,2
Galeria,galeria,4,YELLOW,1,1,1,1,Galeria,BCSF,Bain Capital Credit,Retail,10.767,9.978,0.0791,4/9/2029,15.0,,False,,True,BCSF,2025-09-30,2025-09-30,1
"Veem, Inc.",veem,4,YELLOW,1,1,1,1,"Veem, Inc.",HTGC,Hercules Capital (internal),Consumer & Business Services,10.681,10.972,-0.0265,,4.35,435.1,False,,True,HTGC,2025-09-30,2025-12-31,2
Kong Inc.,kong,4,YELLOW,1,1,1,1,Kong Inc.,TCPC,Tennenbaum Capital Partners (BlackRock),Debt Investments (continued),10.0346,9.8416,0.0196,11/1/2027,5.5,325.0,False,,True,TCPC,2025-12-31,2025-12-31,1
"Tungsten Health Holdings, LLC",tungsten health,4,YELLOW,1,1,1,1,"Tungsten Health Holdings, LLC",HTGC,Hercules Capital (internal),Electronics & Computer Hardware,10.033,10.033,0.0,,1.0,100.0,False,,True,HTGC,2025-12-31,2025-12-31,1
Leapwork ApS,leapwork aps,4,YELLOW,1,1,1,1,Leapwork ApS,HTGC,Hercules Capital (internal),Equity Investments,9.452,9.461,-0.001,,0.25,25.0,False,,True,HTGC,2025-09-30,2025-12-31,2
Caregiver,caregiver,4,YELLOW,1,1,1,1,Caregiver,BCSF,Bain Capital Credit,Healthcare & Pharmaceuticals,9.35,9.448,-0.0104,1/1/2030,16.5,,False,,True,BCSF,2025-09-30,2025-09-30,1
Corsair Blade IV S.A R.L.,corsair blade,4,YELLOW,1,1,1,1,Corsair Blade IV S.A R.L.,GBDC,GC Advisors,Diversified Financial Services,9.266,9.816,-0.056,,,,False,,True,GBDC,2025-09-30,2025-12-31,2
Accelya Lux Finco S.A.R.L.,accelya lux,4,YELLOW,1,1,1,1,Accelya Lux Finco S.A.R.L.,GBDC,GC Advisors,Airlines,8.93,9.085,-0.0171,,,,False,,True,GBDC,2025-09-30,2025-12-31,2
"Copper CRM, Inc",copper crm,4,YELLOW,1,1,1,1,"Copper CRM, Inc",HTGC,Hercules Capital (internal),Debt Investments,8.839,8.839,0.0,,4.5,450.0,False,,True,HTGC,2025-09-30,2025-12-31,2
WhiteWater Express,whitewater express,4,YELLOW,1,1,1,1,WhiteWater Express,BCSF,Bain Capital Credit,Services: Consumer,8.778,8.848,-0.0079,3/31/2031,14.0,,False,,True,BCSF,2025-09-30,2025-09-30,1
"HawkEye 360, Inc.",hawkeye,4,YELLOW,1,1,1,1,"HawkEye 360, Inc.",HTGC,Hercules Capital (internal),Space Technologies,7.957,7.937,0.0025,,2.1,210.0,False,,True,HTGC,2025-12-31,2025-12-31,1
AQ Software Corporation,aq software,4,YELLOW,1,1,1,1,AQ Software Corporation,BCSF,Bain Capital Credit,High Tech Industries,7.655,0.008,955.875,,10.0,,False,,True,BCSF,2025-09-30,2025-09-30,1
"Imagen Technologies, Inc.",imagen technologies,4,YELLOW,1,1,1,1,"Imagen Technologies, Inc.",HTGC,Hercules Capital (internal),Debt Investments,7.452,7.47,-0.0024,,1.55,155.0,False,,True,HTGC,2025-12-31,2025-12-31,1
Loyer Capital LLC,loyer capital,4,YELLOW,1,1,1,1,Loyer Capital LLC,SLRC,SLR Capital Partners,Multi-Sector Holdings,7.361,7.5,-0.0185,,11.52,,False,,True,SLRC,2025-09-30,2025-12-31,2
American Residential Services L.L.C. and Aragorn Parent Holdings LP,american residential,4,YELLOW,1,1,1,1,American Residential Services L.L.C. and Aragorn Parent Holdings LP,ARCC,Ares Capital Management,Consumer Services,7.3,3.6,1.0278,,10.0,,False,,True,ARCC,2025-09-30,2025-12-31,2
"BCTO Ignition Purchaser, Inc.",bcto ignition,4,YELLOW,1,1,1,1,"BCTO Ignition Purchaser, Inc.",ARCC,Ares Capital Management,,7.0,7.0,0.0,10/2030,11.37,,False,,True,ARCC,2025-09-30,2025-12-31,2
"BPCP Pinnacle Holdings, Inc.",bpcp pinnacle,4,YELLOW,1,1,1,1,"BPCP Pinnacle Holdings, Inc.",ARCC,Ares Capital Management,,6.8,7.3,-0.0685,10/2030,10.66,,False,,True,ARCC,2025-09-30,2025-12-31,2
Masco,masco,4,YELLOW,1,1,1,1,Masco,BCSF,Bain Capital Credit,Healthcare & Pharmaceuticals,5.722,5.328,0.0739,10/4/2032,10.0,,False,,True,BCSF,2025-09-30,2025-09-30,1
"Generator Buyer, Inc.",generator,4,GREEN,0,1,1,1,"Generator Buyer, Inc.",MFIC,"Apollo Investment Management, L.P.",Evolv Technologies,5.345,6.016,-0.1115,07/22/30,0.75,,False,,False,,2025-12-31,2025-12-31,1
USME Holdco LLC,usme,4,YELLOW,1,1,1,1,USME Holdco LLC,BCSF,Bain Capital Credit,Healthcare & Pharmaceuticals,5.175,5.217,-0.0081,5/26/2031,17.0,,False,,True,BCSF,2025-09-30,2025-09-30,1
"DNSFilter, Inc.",dnsfilter,4,YELLOW,1,1,1,1,"DNSFilter, Inc.",HTGC,Hercules Capital (internal),Sustainable and Renewable Technology,4.968,4.968,0.0,,2.15,215.0,False,,True,HTGC,2025-09-30,2025-12-31,2
"Ampion, PBC",ampion pbc,4,YELLOW,1,1,1,1,"Ampion, PBC",HTGC,Hercules Capital (internal),Sustainable and Renewable Technology,4.253,4.206,0.0112,,4.7,470.0,False,,True,HTGC,2025-09-30,2025-12-31,2
Sikich,sikich,4,YELLOW,1,1,1,1,Sikich,BCSF,Bain Capital Credit,FIRE: Finance,3.526,0.035,99.7429,,13.0,,False,,True,BCSF,2025-09-30,2025-09-30,1
"Beacon Wellness Brands, Inc. and CDI Holdings I Corp.",beacon wellness,4,YELLOW,1,1,1,1,"Beacon Wellness Brands, Inc. and CDI Holdings I Corp.",ARCC,Ares Capital Management,Household and Personal Products,3.3,3.5,-0.0571,12/2027,12.27,,False,,True,ARCC,2025-12-31,2025-12-31,1
Cube,cube,4,YELLOW,1,1,1,1,Cube,BCSF,Bain Capital Credit,Services: Business,2.95,2.211,0.3342,5/20/2031,9.78,,False,,True,BCSF,2025-09-30,2025-09-30,1
Project Carbo S.a.r.l. (Luxemburg),carbo luxemburg,4,YELLOW,1,1,1,1,Project Carbo S.a.r.l. (Luxemburg),CGBD,Carlyle Investment Management,High Tech Industries,2.409,2.172,0.1091,,14.3,,False,,True,CGBD,2025-12-31,2025-12-31,1
Hollywood LP,hollywood,4,YELLOW,1,1,1,1,Hollywood LP,BCSF,Bain Capital Credit,Services: Business,2.353,1.812,0.2986,,12.5,,False,,True,BCSF,2025-09-30,2025-09-30,1
"Southern Veterinary Partners, LLC",southern veterinary,4,GREEN,0,1,1,1,"Southern Veterinary Partners, LLC",GBDC,GC Advisors,Healthcare Providers & Services,2.129,0.356,4.9803,12/2024,,,False,,False,,2025-09-30,2025-12-31,2
"Adweek Purchaser, LLC",adweek,4,GREEN,0,1,1,1,"Adweek Purchaser, LLC",PNNT,PennantPark Investment Advisers,Printing and Publishing,2.105,2.374,-0.1133,11/30/2025,,,False,,False,,2025-09-30,2025-12-31,2
PlentyMarkets,plentymarkets,4,YELLOW,1,1,1,1,PlentyMarkets,BCSF,Bain Capital Credit,High Tech Industries,1.812,1.561,0.1608,9/13/2031,6.4,,False,,True,BCSF,2025-09-30,2025-09-30,1
Spindrift,spindrift,4,YELLOW,1,1,1,1,Spindrift,BCSF,Bain Capital Credit,Automotive,1.481,1.521,-0.0263,2/19/2033,13.75,,False,,True,BCSF,2025-09-30,2025-09-30,1
Mertus 522. GmbH,mertus gmbh,4,YELLOW,1,1,1,1,Mertus 522. GmbH,BCSF,Bain Capital Credit,Healthcare & Pharmaceuticals,0.403,0.363,0.1102,5/28/2028,6.25,,False,,True,BCSF,2025-09-30,2025-09-30,1
"FS NU Investors, LP",fs nu,4,YELLOW,1,1,1,1,"FS NU Investors, LP",CGBD,Carlyle Investment Management,Consumer Services,0.346,0.003,114.3333,,20.0,,False,,True,CGBD,2025-09-30,2025-12-31,2
TGI Sport Bidco Pty Ltd,tgi sport,4,GREEN,0,1,1,1,TGI Sport Bidco Pty Ltd,BCSF,Bain Capital Credit,Non-Controlled/Non-Affiliate Investments,0.237,0.273,-0.1319,4/30/2026,6.67,,False,,False,,2025-09-30,2025-09-30,1
Mach 1 Bidco Limited,mach,4,YELLOW,1,1,1,1,Mach 1 Bidco Limited,BCSF,Bain Capital Credit,Services: Business,0.108,0.111,-0.027,5/20/2031,7.44,,False,,True,BCSF,2025-09-30,2025-09-30,1
"Gauge Schlesinger Coinvest, LLC",gauge schlesinger,4,GREEN,0,1,1,1,"Gauge Schlesinger Coinvest, LLC",PNNT,PennantPark Investment Advisers,Business Services,0.014,0.001,13.0,01/08/2026,,,False,,False,,2025-09-30,2025-12-31,2
"AHR Parent Holdings, LP",ahr,4,YELLOW,1,1,1,1,"AHR Parent Holdings, LP",ARCC,Ares Capital Management,,0.0,133.8,-1.0,07/2028,11.83,,False,,True,ARCC,2025-09-30,2025-12-31,2
"ASP NAPA Holdings, LLC",asp napa,4,YELLOW,1,1,1,1,"ASP NAPA Holdings, LLC",ARCC,Ares Capital Management,,0.0,6.4,-1.0,,11.0,,False,,True,ARCC,2025-09-30,2025-12-31,2
Aerin Medical Inc.,aerin medical,4,YELLOW,1,1,1,1,Aerin Medical Inc.,ARCC,Ares Capital Management,,0.0,33.2,-1.0,12/2030,10.92,,False,,True,ARCC,2025-09-30,2025-12-31,2
Allclear Group LLC,allclear group,4,YELLOW,1,1,1,1,Allclear Group LLC,ARCC,Ares Capital Management,,0.0,2.8,-1.0,05/2030,9.56,,False,,True,ARCC,2025-09-30,2025-12-31,2
CFC Funding LLC,cfc funding,4,YELLOW,1,1,1,1,CFC Funding LLC,ARCC,Ares Capital Management,,0.0,20.2,-1.0,,9.75,,False,,True,ARCC,2025-09-30,2025-12-31,2
City Line Investments LLC,city line,4,YELLOW,1,1,1,1,City Line Investments LLC,ARCC,Ares Capital Management,Consumer Distribution and Retail,0.0,9.1,-1.0,08/2028,9.0,,False,,True,ARCC,2025-09-30,2025-12-31,2
"DFS Holding Company, Inc.",dfs,4,YELLOW,1,1,1,1,"DFS Holding Company, Inc.",ARCC,Ares Capital Management,,0.0,2.1,-1.0,01/2029,11.17,,False,,True,ARCC,2025-09-30,2025-12-31,2
"HPCC Parent, Inc. and Patriot Container Corp.",hpcc and,4,YELLOW,1,1,1,1,"HPCC Parent, Inc. and Patriot Container Corp.",ARCC,Ares Capital Management,,0.0,177.8,-1.0,09/2030,13.0,,False,,True,ARCC,2025-09-30,2025-12-31,2
"Himalaya TopCo LLC and BCPE Hyperlink Holdings, LP",himalaya and,4,YELLOW,1,1,1,1,"Himalaya TopCo LLC and BCPE Hyperlink Holdings, LP",ARCC,Ares Capital Management,,0.0,511.6,-1.0,06/2032,8.72,,False,,True,ARCC,2025-09-30,2025-12-31,2
"Insight PDI Holdings, LLC",insight pdi,4,YELLOW,1,1,1,1,"Insight PDI Holdings, LLC",ARCC,Ares Capital Management,,0.0,10.6,-1.0,02/2031,9.34,,False,,True,ARCC,2025-09-30,2025-12-31,2
Kaseya Inc. and Knockout Intermediate Holdings I Inc.,kaseya and,4,YELLOW,1,1,1,1,Kaseya Inc. and Knockout Intermediate Holdings I Inc.,ARCC,Ares Capital Management,,0.0,34.1,-1.0,,14.35,,False,,True,ARCC,2025-09-30,2025-12-31,2
MC Accelerate Co-Invest Feeder LP and MC CIF Wealth Management Ltd.,mc accelerate,4,YELLOW,1,1,1,1,MC Accelerate Co-Invest Feeder LP and MC CIF Wealth Management Ltd.,ARCC,Ares Capital Management,,0.0,26.5,-1.0,08/2031,12.0,,False,,True,ARCC,2025-09-30,2025-12-31,2
"Mari Miami II LLC and South Florida Tennis, LLC",mari miami,4,YELLOW,1,1,1,1,"Mari Miami II LLC and South Florida Tennis, LLC",ARCC,Ares Capital Management,,0.0,16.2,-1.0,10/2032,8.67,,False,,True,ARCC,2025-12-31,2025-12-31,1
Miami Beckham United LLC,miami beckham,4,YELLOW,1,1,1,1,Miami Beckham United LLC,ARCC,Ares Capital Management,,0.0,357.2,-1.0,,9.5,,False,,True,ARCC,2025-09-30,2025-12-31,2
"PCMI Parent, LLC",pcmi,4,YELLOW,1,1,1,1,"PCMI Parent, LLC",ARCC,Ares Capital Management,,0.0,36.2,-1.0,03/2032,9.21,,False,,True,ARCC,2025-09-30,2025-12-31,2
"Priority Waste Super Holdings, LLC",priority waste,4,YELLOW,1,1,1,1,"Priority Waste Super Holdings, LLC",ARCC,Ares Capital Management,,0.0,98.2,-1.0,08/2029,12.13,,False,,True,ARCC,2025-09-30,2025-12-31,2
Propagate Content LLC,propagate content,4,YELLOW,1,1,1,1,Propagate Content LLC,ARCC,Ares Capital Management,,0.0,3.5,-1.0,,8.0,,False,,True,ARCC,2025-12-31,2025-12-31,1
"Reef Lifestyle, LLC",reef lifestyle,4,YELLOW,1,1,1,1,"Reef Lifestyle, LLC",ARCC,Ares Capital Management,,0.0,53.4,-1.0,10/2027,11.81,,False,,True,ARCC,2025-09-30,2025-12-31,2
"Zarya Holdco, Inc.",zarya,3,GREEN,0,2,2,2,"Zarya Holdco, Inc., Zarya Intermediate, LLC","GBDC, MSDL","GC Advisors, Morgan Stanley Investment Management",Real Estate Management & Development,339.489,343.947,-0.013,,,,False,,False,,2025-09-30,2025-12-31,2
Varicent Intermediate Holdings Corporation,varicent,3,GREEN,0,2,2,2,"Varicent Intermediate Holdings Corporation, Varicent Parent Holdings Corp.","BXSL, GBDC","Blackstone Credit Advisors, GC Advisors",Software (continued),284.515,286.625,-0.0074,8/23/2031,,,False,,False,,2025-09-30,2025-12-31,2
"Help HP SCF Investor, LP",help hp,3,GREEN,0,2,2,2,"Help HP SCF Investor, LP, Help HP SCF Investor, LP (Help/Systems)","MSDL, OTF","Blue Owl Credit Advisors, Morgan Stanley Investment Management",IT Services,194.279,190.571,0.0195,,,,False,,False,,2025-09-30,2025-12-31,2
SumUp Holdings Luxembourg S.A.R.L. (Luxembourg),sumup luxembourg,3,GREEN,0,2,2,2,"SumUp Holdings Luxembourg, SumUp Holdings Luxembourg S.A.R.L. (Luxembourg)","OCSL, TCPC","Oaktree Capital Management, Tennenbaum Capital Partners (BlackRock)",Diversified Financial Services,110.5561,106.4334,0.0387,4/25/2031,6.25,,False,,False,,2025-09-30,2025-12-31,2
"Tamarack Parent, L.L.C.",tamarack,3,GREEN,0,2,2,2,"Tamarack Intermediate, LLC, Tamarack Parent, L.L.C.","ARCC, MSDL","Ares Capital Management, Morgan Stanley Investment Management",,92.512,77.299,0.1968,03/2029,8.9,,False,,False,,2025-09-30,2025-12-31,2
"SV Newco 2, Inc.",sv newco,3,GREEN,0,2,2,2,"SV Newco 2, Inc., SV Newco 2, Inc. and Site 2020 Incorporated","ARCC, MSDL","Ares Capital Management, Morgan Stanley Investment Management",Ground Transportation,89.157,126.558,-0.2955,06/2031,8.42,,False,,False,,2025-09-30,2025-12-31,2
ManTech International Corporation,mantech international,3,GREEN,0,2,2,2,"ManTech International Corporation, Mantech International CP","MSDL, OTF","Blue Owl Credit Advisors, Morgan Stanley Investment Management",Aerospace & Defense,79.929,86.968,-0.0809,9/2029,,,False,,False,,2025-09-30,2025-12-31,2
"Apex Companies Holdings, LLC",apex companies,3,GREEN,0,2,2,2,"Apex Companies Holdings, LLC, Apex Companies, LLC","BXSL, CGBD","Blackstone Credit Advisors, Carlyle Investment Management",Professional Services,78.451,77.89,0.0072,1/31/2028,,,False,,False,,2025-09-30,2025-12-31,2
"AeriTek Global US Acquisition Inc., AeriTek Global Holdings LLC, and Minus Forty QBD Corp.",aeritek global,3,GREEN,0,2,2,2,"AeriTek Global CAD Acquisition Inc., AeriTek Global US Acquisition Inc., AeriTek Global Holdings LLC, and Minus Forty QBD Corp.","ARCC, BCSF","Ares Capital Management, Bain Capital Credit",Capital Goods,71.184,37.092,0.9191,08/2030,10.27,,False,,False,,2025-09-30,2025-12-31,2
"ALKU, LLC",alku,3,GREEN,0,2,2,2,"ALKU Intermediate Holdings, LLC, ALKU, LLC","BXSL, GBDC","Blackstone Credit Advisors, GC Advisors",Professional Services,60.836,60.877,-0.0007,5/23/2029,,,False,,False,,2025-09-30,2025-12-31,2
"AP Plastics Acquisition Holdings, LLC",ap plastics,3,GREEN,0,2,2,2,"AP Plastics Acquisition Holdings, LLC, AP Plastics Group, LLC","BCSF, CGBD","Bain Capital Credit, Carlyle Investment Management",Capital Equipment,56.717,56.263,0.0081,8/10/2029,4.85,,False,,False,,2025-09-30,2025-12-31,2
"TEI Intermediate, LLC",tei,3,GREEN,0,2,2,2,"TEI Holdings Inc., TEI Intermediate, LLC","BCSF, BXSL","Bain Capital Credit, Blackstone Credit Advisors",Services: Business,56.505,56.229,0.0049,4/9/2031,4.0,,False,,False,,2025-09-30,2025-12-31,2
"Arrow Borrower 2025, Inc.",arrow,3,GREEN,0,2,2,2,"Arrow Borrower 2025, Inc., Arrow Buyer, Inc.","ARCC, GBDC","Ares Capital Management, GC Advisors",Software and Services,55.947,56.286,-0.006,10/2032,8.15,,False,,False,,2025-09-30,2025-12-31,2
"Elements Finco, Ltd.",elements,3,GREEN,0,2,2,2,"Elements Finco Limited, Elements Finco, Ltd.","BXSL, TSLX","Blackstone Credit Advisors, Sixth Street Partners",Software (continued),53.358,45.406,0.1751,4/29/2031,5.0,500.0,False,,False,,2025-09-30,2025-12-31,2
"E-Discovery AcquireCo, LLC",e discovery,3,GREEN,0,2,2,2,"E-Discovery AcquireCo, LLC, e-Discovery Acquireco, LLC (Reveal)","MSDL, TCPC","Morgan Stanley Investment Management, Tennenbaum Capital Partners (BlackRock)",Internet Software and Services,51.123,51.2678,-0.0028,8/23/2029,6.25,,False,,False,,2025-09-30,2025-12-31,2
"PestCo, LLC",pestco,3,GREEN,0,2,2,2,"PestCo, LLC, Pestco Intermediate, LLC","ARCC, CGBD","Ares Capital Management, Carlyle Investment Management",Environmental Industries,50.563,48.387,0.045,2/17/2028,8.59,,False,,False,,2025-09-30,2025-12-31,2
"PROS Parent, Inc.",pros,3,GREEN,0,2,2,2,"PROS Holdings Inc, PROS Parent, Inc.","CGBD, FSK","Carlyle Investment Management, FS/KKR Advisor",Transportation: Consumer,35.123,35.124,-0.0,12/9/2032,,,False,,False,,2025-12-31,2025-12-31,1
CIELO BIDCO LIMITED,cielo,3,GREEN,0,2,2,2,"CIELO BIDCO LIMITED, Cielo Bidco, Ltd.","BXSL, OCSL","Blackstone Credit Advisors, Oaktree Capital Management",Machinery,34.375,26.41,0.3016,3/31/2032,4.75,,False,,False,,2025-12-31,2025-12-31,1
"BlueCat Networks, Inc. (Canada)",bluecat networks,3,GREEN,0,2,2,2,"BlueCat Networks USA, Inc., BlueCat Networks, Inc. (Canada)","BXSL, CGBD","Blackstone Credit Advisors, Carlyle Investment Management",Software,34.364,34.632,-0.0077,8/8/2028,,,False,,False,,2025-09-30,2025-12-31,2
"Inszone Mid, LLC",inszone mid,3,GREEN,0,2,2,2,"Inszone Mid, LLC, Inszone Mid, LLC and INSZ Holdings, LLC","ARCC, MSDL","Ares Capital Management, Morgan Stanley Investment Management",Insurance Services,28.471,107.246,-0.7345,11/2029,8.93,,False,,False,,2025-09-30,2025-12-31,2
"Carr Riggs & Ingram Capital, LLC",carr riggs,3,GREEN,0,2,2,2,"Carr Riggs & Ingram Capital, LLC, Carr, Riggs and Ingram Capital, LLC","BXSL, MSDL","Blackstone Credit Advisors, Morgan Stanley Investment Management",Financial Services,25.155,25.181,-0.001,11/18/2031,,,False,,False,,2025-09-30,2025-12-31,2
"GC Waves Holdings, Inc.",gc waves,3,GREEN,0,2,2,2,"GC Waves Holdings, Inc., GC Waves Holdings, Inc. (Mercer)","MSDL, TCPC","Morgan Stanley Investment Management, Tennenbaum Capital Partners (BlackRock)",Financial Services,22.2274,22.5143,-0.0127,10/4/2030,4.5,,False,,False,,2025-09-30,2025-12-31,2
"ELK Bidco, Inc.",elk,3,GREEN,0,2,2,2,"ELK Bidco, Inc., Elk","BCSF, BXSL","Bain Capital Credit, Blackstone Credit Advisors",Construction & Building,19.788,18.564,0.0659,6/14/2032,,,False,,False,,2025-09-30,2025-12-31,2
J.P. Morgan US Government Money Market Fund - Institutional Shares,jp morgan,3,GREEN,0,2,2,2,"J.P. Morgan U.S. Government Money Market Fund, J.P. Morgan US Government Money Market Fund - Institutional Shares","MFIC, MSDL","Apollo Investment Management, L.P., Morgan Stanley Investment Management",GAT-Airline Ground Support Inc,13.129,13.129,0.0,,,,False,,False,,2025-12-31,2025-12-31,1
"Teaching Company, The",teaching,3,GREEN,0,2,2,2,"Teaching Company, The, The Teaching Company Holdings, Inc.","ARCC, GBDC","Ares Capital Management, GC Advisors",,12.29,13.39,-0.0822,,,,False,,False,,2025-09-30,2025-12-31,2
MRH Trowe Germany GMBH,mrh trowe,3,GREEN,0,2,2,2,"MRH Trowe Beteiligungsgesellschaft mbH, MRH Trowe Germany GMBH","BXSL, GBDC","Blackstone Credit Advisors, GC Advisors",Insurance,7.362,7.623,-0.0342,5/17/2032,,,False,,False,,2025-09-30,2025-12-31,2
"Capstone Acquisition Holdings, Inc.",capstone,3,GREEN,0,2,2,2,"Capstone Acquisition Holdings, Inc., Capstone Parent Holdings, LP","ARCC, BXSL","Ares Capital Management, Blackstone Credit Advisors",Commercial and Professional Services,5.39,106.204,-0.9492,05/2029,12.0,,False,,False,,2025-09-30,2025-12-31,2
"Surewerx Topco, LP",surewerx,3,GREEN,0,2,2,2,"SureWerx, Surewerx Topco, LP","BCSF, MSDL","Bain Capital Credit, Morgan Stanley Investment Management",Wholesale,5.024,4.021,0.2494,12/28/2028,5.25,,False,,False,,2025-09-30,2025-12-31,2
"Generator US Buyer, Inc.",generator us,3,GREEN,0,2,2,2,"Generator US Buyer, Inc., Generator US Buyer, Inc. and Total Power Limited","ARCC, CGBD","Ares Capital Management, Carlyle Investment Management",Energy: Electricity,3.766,17.75,-0.7878,07/2030,7.02,,False,,False,,2025-09-30,2025-12-31,2
Acosta Holdings Corp.,acosta,3,GREEN,0,2,2,2,"Acosta Holdings Corp., Acosta Inc","MFIC, OCSL","Apollo Investment Management, L.P., Oaktree Capital Management",Acosta,2.366,1.937,0.2215,8/21/2031,5.6,,False,,False,,2025-12-31,2025-12-31,1
Edelman Financial Engines Center LLC/The,edelman financial,3,GREEN,0,2,2,2,"Edelman Financial Engines Center LLC/The, The Edelman Financial Center, LLC","ARCC, OCSL","Ares Capital Management, Oaktree Capital Management",Asset Management & Custody Banks,0.853,0.953,-0.1049,4/7/2028,3.63,,False,,False,,2025-09-30,2025-12-31,2
WRE Holding Corp.,wre,3,GREEN,0,2,1,1,"WRE Holding Corp., WRE Holding Corp.*",GBDC,GC Advisors,,426.929,429.297,-0.0055,,,,False,,False,,2025-09-30,2025-12-31,2
"Transaction Data Systems, Inc.",transaction data,3,GREEN,0,2,1,1,"Transaction Data Systems, Inc., Transaction Data Systems, Inc.*",GBDC,GC Advisors,,399.378,401.735,-0.0059,,,,False,,False,,2025-09-30,2025-12-31,2
"Cumming Group, Inc.",cumming group,3,GREEN,0,2,1,1,"Chartwell Cumming Holding, Corp., Cumming Group, Inc.",BXSL,Blackstone Credit Advisors,Professional Services,230.776,229.108,0.0073,11/16/2027,,,False,,False,,2025-12-31,2025-12-31,1
"TWAS Holdings, LLC*",twas,3,GREEN,0,2,1,1,"TWAS Holdings, LLC, TWAS Holdings, LLC*",GBDC,GC Advisors,,222.267,223.673,-0.0063,,,,False,,False,,2025-09-30,2025-12-31,2
Nelipak Holding Company,nelipak,3,GREEN,0,2,1,1,"NELIPAK EUROPEAN HOLDINGS COÖPERATIEF U.A., Nelipak Holding Company",OBDC,Blue Owl Credit Advisors,Healthcare equipment and services,148.804,141.363,0.0526,3/2031,,,False,,False,,2025-09-30,2025-12-31,2
"Storable Intermediate Holdings, LLC",storable,3,GREEN,0,2,1,1,"Storable Intermediate Holdings, LLC, Storable, Inc.",OTF,Blue Owl Credit Advisors,Entertainment,128.952,128.374,0.0045,4/2031,,,False,,False,,2025-09-30,2025-12-31,2
"Brightway Holdings, LLC",brightway,3,GREEN,0,2,1,1,"Brightway, Brightway Holdings, LLC",OBDC,Blue Owl Credit Advisors,Insurance,102.76,101.995,0.0075,12/2027,,,False,,False,,2025-09-30,2025-12-31,2
"Rhea Parent, Inc.",rhea,3,GREEN,0,2,1,1,"Rhea Acquisition Holdings, LP, Rhea Parent, Inc.",OBDC,Blue Owl Credit Advisors,Healthcare equipment and services,98.21,97.509,0.0072,12/2030,,,False,,False,,2025-09-30,2025-12-31,2
"Madrigal Pharmaceuticals, Inc.",madrigal pharmaceuticals,3,GREEN,0,2,1,1,"Madrigal Pharmaceutical, Inc., Madrigal Pharmaceuticals, Inc.",HTGC,Hercules Capital (internal),Drug Discovery & Development,91.151,81.809,0.1142,,2.45,245.0,False,,False,,2025-09-30,2025-12-31,2
"Financial Information Technologies, LLC*",financial information,3,GREEN,0,2,1,1,"Financial Information Technologies, LLC, Financial Information Technologies, LLC*",GBDC,GC Advisors,Beverages,76.039,76.233,-0.0025,,,,False,,False,,2025-09-30,2025-12-31,2
BJH Holdings III Corp.*,bjh iii,3,GREEN,0,2,1,1,"BJH Holdings III Corp., BJH Holdings III Corp.*",GBDC,GC Advisors,,75.327,75.574,-0.0033,,,,False,,False,,2025-09-30,2025-12-31,2
Provenance Buyer LLC*,provenance,3,GREEN,0,2,1,1,"Provenance Buyer LLC, Provenance Buyer LLC*",GBDC,GC Advisors,,68.827,69.171,-0.005,,,,False,,False,,2025-09-30,2025-12-31,2
"Project Nike Purchaser, LLC",nike,3,GREEN,0,2,1,1,"Project Nike Purchaser, LLC, Project Nike Purchaser, LLC*",GBDC,GC Advisors,Marine,68.599,68.354,0.0036,,,,False,,False,,2025-09-30,2025-12-31,2
Subtotal: Diversified Financial Services ( 2.98 %)*,subtotal diversified,3,GREEN,0,2,1,1,"Subtotal: Diversified Financial Services ( 2.98 %)*, Subtotal: Diversified Financial Services ( 3.05 %)*",HTGC,Hercules Capital (internal),Diversified Financial Services,59.386,67.641,-0.122,,,,False,,False,,2025-09-30,2025-12-31,2
"BestPass, Inc.*",bestpass,3,GREEN,0,2,1,1,"BestPass, Inc., BestPass, Inc.*",GBDC,GC Advisors,Software,58.903,59.139,-0.004,,,,False,,False,,2025-09-30,2025-12-31,2
"Blades Buyer, Inc.*",blades,3,GREEN,0,2,1,1,"Blades Buyer, Inc., Blades Buyer, Inc.*",GBDC,GC Advisors,Healthcare Equipment & Supplies,47.597,47.734,-0.0029,,,,False,,False,,2025-09-30,2025-12-31,2
"S.J. Electro Systems, LLC*",sj electro,3,GREEN,0,2,1,1,"S.J. Electro Systems, LLC, S.J. Electro Systems, LLC*",GBDC,GC Advisors,Water Utilities,45.147,45.377,-0.0051,,,,False,,False,,2025-09-30,2025-12-31,2
"CoreWeave Compute Acquisition Co. IV, LLC",coreweave compute,3,GREEN,0,2,1,1,"CoreWeave Compute Acquisition Co. II, LLC, CoreWeave Compute Acquisition Co. IV, LLC",CGBD,Carlyle Investment Management,High Tech Industries,44.907,44.928,-0.0005,7/30/2028,,,False,,False,,2025-09-30,2025-12-31,2
Daxko Acquisition Corporation*,daxko,3,GREEN,0,2,1,1,"Daxko Acquisition Corporation, Daxko Acquisition Corporation*",GBDC,GC Advisors,,43.916,43.965,-0.0011,,,,False,,False,,2025-09-30,2025-12-31,2
Dos Rios Partners,dos rios,3,GREEN,0,2,1,1,"Dos Rios Partners, Dos Rios Stone Products LLC",MAIN,Main Street Capital (internal),,43.462,32.158,0.3515,,,,False,,False,,2025-09-30,2025-12-31,2
Bynder Bidco B.V. (Netherlands),bynder bv,3,GREEN,0,2,1,1,"Bynder Bidco B.V. (Netherlands), Bynder Bidco, Inc. (Netherlands)",TCPC,Tennenbaum Capital Partners (BlackRock),Internet Software and Services,39.6775,38.5729,0.0286,1/26/2029,6.0,,False,,False,,2025-09-30,2025-12-31,2
Caerus Midco 3 S.A.R.L.*,caerus,3,GREEN,0,2,1,1,"Caerus Midco 3 S.A.R.L., Caerus Midco 3 S.A.R.L.*",GBDC,GC Advisors,Pharmaceuticals,39.429,39.439,-0.0003,,,,False,,False,,2025-09-30,2025-12-31,2
"COP Hometown Acquisitions, Inc.",cop hometown,3,GREEN,0,2,1,1,"COP Hometown Acquisitions, Inc., COP Hometown Acquisitions, Inc.*",GBDC,GC Advisors,,35.638,35.793,-0.0043,,,,False,,False,,2025-09-30,2025-12-31,2
"ACP Ulysses Buyer, Inc.*",acp ulysses,3,GREEN,0,2,1,1,"ACP Ulysses Buyer, Inc., ACP Ulysses Buyer, Inc.*",GBDC,GC Advisors,Pharmaceuticals,31.797,31.946,-0.0047,,,,False,,False,,2025-09-30,2025-12-31,2
"Certus Pest, Inc.*",certus pest,3,GREEN,0,2,1,1,"Certus Pest, Inc., Certus Pest, Inc.*",GBDC,GC Advisors,Diversified Consumer Services,30.63,30.746,-0.0038,,,,False,,False,,2025-09-30,2025-12-31,2
"Krayden Holdings, Inc.*",krayden,3,GREEN,0,2,1,1,"Krayden Holdings, Inc., Krayden Holdings, Inc.*",GBDC,GC Advisors,Chemicals,26.973,27.265,-0.0107,,,,False,,False,,2025-09-30,2025-12-31,2
"Biscuit Parent, LLC*",biscuit,3,GREEN,0,2,1,1,"Biscuit Parent, LLC, Biscuit Parent, LLC*",GBDC,GC Advisors,Specialty Retail,24.421,24.633,-0.0086,,,,False,,False,,2025-09-30,2025-12-31,2
"FYI Optical Acquisitions, Inc. & FYI USA, Inc.",fyi optical,3,GREEN,0,2,1,1,"FYI Optical Acquisitions, Inc. & FYI USA, Inc., FYI Optical Acquisitions, Inc. & FYI USA, Inc.*",GBDC,GC Advisors,,23.246,22.99,0.0111,,,,False,,False,,2025-09-30,2025-12-31,2
"Benefit Plan Administrators of Eau Claire, LLC*",benefit plan,3,GREEN,0,2,1,1,"Benefit Plan Administrators of Eau Claire, LLC, Benefit Plan Administrators of Eau Claire, LLC*",GBDC,GC Advisors,,22.747,22.865,-0.0052,,,,False,,False,,2025-09-30,2025-12-31,2
"UnionRock Energy Fund III, LP",unionrock energy,3,GREEN,0,2,1,1,"UnionRock Energy Fund II, LP, UnionRock Energy Fund III, LP",MAIN,Main Street Capital (internal),,19.673,15.187,0.2954,,,,False,,False,,2025-09-30,2025-12-31,2
"Quant Buyer, Inc.*",quant,3,GREEN,0,2,1,1,"Quant Buyer, Inc., Quant Buyer, Inc.*",GBDC,GC Advisors,,19.224,19.374,-0.0077,,,,False,,False,,2025-09-30,2025-12-31,2
"bswift, LLC",bswift,3,GREEN,0,2,1,1,"bswift, LLC, bswift, LLC*",GBDC,GC Advisors,Professional Services,17.954,18.008,-0.003,,,,False,,False,,2025-09-30,2025-12-31,2
"AI Altius US Bidco, Inc.",ai altius,3,GREEN,0,2,1,1,"AI Altius Luxembourg S.à r.l., AI Altius US Bidco, Inc.",BXSL,Blackstone Credit Advisors,IT Services,17.278,17.151,0.0074,12/21/2028,,,False,,False,,2025-12-31,2025-12-31,1
"Barteca Restaurants, LLC*",barteca restaurants,3,GREEN,0,2,1,1,"Barteca Restaurants, LLC, Barteca Restaurants, LLC*",GBDC,GC Advisors,,14.803,14.852,-0.0033,,,,False,,False,,2025-09-30,2025-12-31,2
"ESN Venture Holdings, LLC",esn venture,3,GREEN,0,2,1,1,"ESN Venture Holdings, LLC, ESN Venture Holdings, LLC*",GBDC,GC Advisors,,13.606,13.713,-0.0078,,,,False,,False,,2025-09-30,2025-12-31,2
CFC USA 2025 LLC,cfc usa,3,GREEN,0,2,1,1,"CFC Group (CFC USA 2025 LLC), CFC USA 2025 LLC",OCSL,Oaktree Capital Management,Insurance Brokers,13.369,13.71,-0.0249,7/1/2032,3.75,,False,,False,,2025-09-30,2025-12-31,2
"Entomo Brands Acquisitions, Inc.",entomo brands,3,GREEN,0,2,1,1,"Entomo Brands Acquisitions, Inc., Entomo Brands Acquisitions, Inc.*",GBDC,GC Advisors,,11.211,11.228,-0.0015,,,,False,,False,,2025-09-30,2025-12-31,2
Blast Bidco Inc.,blast,3,GREEN,0,2,1,1,"Blast Bidco Inc., Blast Bidco Inc.*",GBDC,GC Advisors,Food Products,9.599,9.698,-0.0102,,,,False,,False,,2025-09-30,2025-12-31,2
DISA Holdings Corp.*,disa,3,GREEN,0,2,1,1,"DISA Holdings Corp., DISA Holdings Corp.*",GBDC,GC Advisors,Professional Services,7.946,7.996,-0.0063,,,,False,,False,,2025-09-30,2025-12-31,2
"AMBA Buyer, Inc.*",amba,3,GREEN,0,2,1,1,"AMBA Buyer, Inc., AMBA Buyer, Inc.*",GBDC,GC Advisors,Insurance,6.996,6.992,0.0006,,,,False,,False,,2025-09-30,2025-12-31,2
"Health Buyer, LLC*",health,3,GREEN,0,2,1,1,"Health Buyer, LLC, Health Buyer, LLC*",GBDC,GC Advisors,,6.613,6.661,-0.0072,,,,False,,False,,2025-09-30,2025-12-31,2
Forbion Growth Opportunities Fund I C.V.,forbion growth,3,GREEN,0,2,1,1,"Forbion Growth Opportunities Fund I C.V., Forbion Growth Opportunities Fund II C.V.",HTGC,Hercules Capital (internal),Drug Discovery & Development,5.82,4.089,0.4233,,,,False,,False,,2025-12-31,2025-12-31,1
"Sallie Mae Levered, Bond",sallie mae,3,GREEN,0,2,1,1,"Sallie Mae Levered, Sallie Mae Levered, Bond",FSK,FS/KKR Advisor,Financial Services,4.7,4.7,0.0,,,,False,,False,,2025-12-31,2025-12-31,1
Arch Global CCT Holdings Corp.*,arch global,3,GREEN,0,2,1,1,"Arch Global CCT Holdings Corp., Arch Global CCT Holdings Corp.*",GBDC,GC Advisors,Industrial Conglomerates,4.341,4.374,-0.0075,,,,False,,False,,2025-09-30,2025-12-31,2
LUV Car Wash,luv car,3,GREEN,0,2,1,1,"LUV Car Wash, LUV Car Wash Group, LLC",MSDL,Morgan Stanley Investment Management,Diversified Consumer Services,3.027,3.104,-0.0248,,,,False,,False,,2025-09-30,2025-12-31,2
"Apothecary Products, LLC*",apothecary products,3,GREEN,0,2,1,1,"Apothecary Products, LLC, Apothecary Products, LLC*",GBDC,GC Advisors,Pharmaceuticals,2.279,2.282,-0.0013,,,,False,,False,,2025-09-30,2025-12-31,2
"Trinity Equipment, Inc.",trinity equipment,3,GREEN,0,2,1,1,"Trinity Equipment Rentals, Inc., Trinity Equipment, Inc.",SLRC,SLR Capital Partners,Commercial Services & Supplies,2.021,2.021,0.0,5/2028,8.86,,False,,False,,2025-09-30,2025-12-31,2
"NetBase Quid, Inc.",netbase quid,3,GREEN,0,2,1,1,"NetBase Quid, Inc., NetBase Quid, Inc. (p.k.a NetBase Solutions)",HTGC,Hercules Capital (internal),Information Services,0.0,0.712,-1.0,,,,False,,False,,2025-09-30,2025-12-31,2
Subtotal: Application Software ( 0.48 %)*,subtotal application,3,GREEN,0,2,1,1,"Subtotal: Application Software ( 0.31 %)*, Subtotal: Application Software ( 0.48 %)*",HTGC,Hercules Capital (internal),Equity Investments,0.0,17.585,-1.0,,,,False,,False,,2025-12-31,2025-12-31,1
Subtotal: Communications & Networking ( 1.38 %)*,subtotal communications,3,GREEN,0,2,1,1,"Subtotal: Communications & Networking ( 0.01 %)*, Subtotal: Communications & Networking ( 1.38 %)*",HTGC,Hercules Capital (internal),Communications & Networking,0.0,27.7,-1.0,,,,False,,False,,2025-09-30,2025-12-31,2
Solera LLC,solera,3,GREEN,0,1,1,1,Solera LLC,FSK,FS/KKR Advisor,Software & Services,606.8,280.2,1.1656,6/4/29,,,False,,False,,2025-09-30,2025-12-31,2
PLI,pli,3,GREEN,0,1,1,1,PLI,OBDC,Blue Owl Credit Advisors,Advertising and media,605.096,481.278,0.2573,6/2026,,,False,,False,,2025-09-30,2025-12-31,2
"Zullas, L.C.",zullas lc,3,GREEN,0,1,1,1,"Zullas, L.C.",GBDC,GC Advisors,Food Products,444.542,449.034,-0.01,06/2025,,,False,,False,,2025-09-30,2025-12-31,2
"PCS Software, Inc.",pcs software,3,GREEN,0,1,1,1,"PCS Software, Inc.",SCM,Stellus Capital Management,​,438.0,440.0,-0.0045,7/1/2019,,,False,,False,,2025-09-30,2025-12-31,2
"Cody Pools, Inc.",cody pools,3,GREEN,0,1,1,1,"Cody Pools, Inc.",MAIN,Main Street Capital (internal),,413.411,180.845,1.286,12/17/2026,12.5,,False,,False,,2025-09-30,2025-12-31,2
"OMi Topco, LLC",omi,3,GREEN,0,1,1,1,"OMi Topco, LLC",MAIN,Main Street Capital (internal),,377.166,80.246,3.7001,8/31/2026,12.0,,False,,False,,2025-09-30,2025-12-31,2
Horizon Services,horizon services,3,GREEN,0,1,1,1,Horizon Services,OBDC,Blue Owl Credit Advisors,Household products,368.694,393.517,-0.0631,11/2026,,,False,,False,,2025-09-30,2025-12-31,2
Qualus Power Services Corp.,qualus power,3,GREEN,0,1,1,1,Qualus Power Services Corp.,BXSL,Blackstone Credit Advisors,Electric Utilities,322.716,318.716,0.0126,3/26/2027,,,False,,False,,2025-12-31,2025-12-31,1
The Vincit Group,vincit group,3,GREEN,0,1,1,1,The Vincit Group,OBDC,Blue Owl Credit Advisors,Business services,322.602,316.888,0.018,12/2026,,,False,,False,,2025-09-30,2025-12-31,2
"ZimVie, Inc.",zimvie,3,GREEN,0,1,1,1,"ZimVie, Inc.",GBDC,GC Advisors,Healthcare Equipment & Supplies,320.152,324.267,-0.0127,10/2025,,,False,,False,,2025-12-31,2025-12-31,1
"Genuine Cable Group, LLC",genuine cable,3,GREEN,0,1,1,1,"Genuine Cable Group, LLC",BXSL,Blackstone Credit Advisors,Distributors,318.839,329.669,-0.0329,11/2/2026,,,False,,False,,2025-12-31,2025-12-31,1
"Hawk Ridge Systems, LLC",hawk ridge,3,GREEN,0,1,1,1,"Hawk Ridge Systems, LLC",MAIN,Main Street Capital (internal),,290.735,204.695,0.4203,1/15/2026,11.66,,False,,False,,2025-09-30,2025-12-31,2
Med-Metrix,med metrix,3,GREEN,0,1,1,1,Med-Metrix,FSK,FS/KKR Advisor,Software & Services,276.9,275.4,0.0054,9/15/27,,,False,,False,,2025-09-30,2025-12-31,2
Hibu Inc,hibu,3,GREEN,0,1,1,1,Hibu Inc,FSK,FS/KKR Advisor,Commercial & Professional Services,273.8,272.1,0.0062,5/4/27,,,False,,False,,2025-09-30,2025-12-31,2
Chamberlin Holding LLC,chamberlin,3,GREEN,0,1,1,1,Chamberlin Holding LLC,MAIN,Main Street Capital (internal),,267.76,167.748,0.5962,2/26/2026,12.19,,False,,False,,2025-09-30,2025-12-31,2
Radwell International LLC,radwell international,3,GREEN,0,1,1,1,Radwell International LLC,FSK,FS/KKR Advisor,Capital Goods,267.5,267.5,0.0,4/1/28,,,False,,False,,2025-09-30,2025-12-31,2
ChyronHego US Holding Corporation,chyronhego us,3,GREEN,0,1,1,1,ChyronHego US Holding Corporation,MFIC,"Apollo Investment Management, L.P.",ChyronHego Corporation,263.572,256.527,0.0275,06/30/29,1.75,,False,,False,,2025-12-31,2025-12-31,1
3Pillar Global Inc,3pillar global,3,GREEN,0,1,1,1,3Pillar Global Inc,FSK,FS/KKR Advisor,Software & Services,257.6,263.4,-0.022,11/23/26,,,False,,False,,2025-09-30,2025-12-31,2
Summit Interconnect Inc,summit interconnect,3,GREEN,0,1,1,1,Summit Interconnect Inc,FSK,FS/KKR Advisor,Capital Goods,254.0,265.8,-0.0444,9/22/28,,,False,,False,,2025-09-30,2025-12-31,2
Western Veterinary Partners LLC,western veterinary,3,GREEN,0,1,1,1,Western Veterinary Partners LLC,SLRC,SLR Capital Partners,Diversified Consumer Services,253.717,253.752,-0.0001,1/2024,,,False,,False,,2025-09-30,2025-12-31,2
"Weiman Products, LLC",weiman products,3,GREEN,0,1,1,1,"Weiman Products, LLC",OBDC,Blue Owl Credit Advisors,Consumer products,241.806,240.44,0.0057,3/2027,,,False,,False,,2025-09-30,2025-12-31,2
General Datatech LP,general datatech,3,GREEN,0,1,1,1,General Datatech LP,FSK,FS/KKR Advisor,Software & Services,233.3,233.5,-0.0009,6/18/27,,,False,,False,,2025-09-30,2025-12-31,2
VetCor Professional Practices LLC,vetcor professional,3,GREEN,0,1,1,1,VetCor Professional Practices LLC,FSK,FS/KKR Advisor,Health Care Equipment & Services,233.2,233.0,0.0009,8/31/29,,,False,,False,,2025-09-30,2025-12-31,2
Net Lease,net lease,3,GREEN,0,1,1,1,Net Lease,NMFC,"New Mountain Finance Advisers BDC, L.L.C.",NMFC Senior Loan Program IV LLC**,219.4567,161.89,0.3556,09/2019,,,False,,False,,2025-09-30,2025-09-30,1
CSafe Global,csafe global,3,GREEN,0,1,1,1,CSafe Global,FSK,FS/KKR Advisor,Transportation,217.9,217.2,0.0032,12/14/28,,,False,,False,,2025-09-30,2025-12-31,2
RSC Insurance Brokerage Inc,rsc insurance,3,GREEN,0,1,1,1,RSC Insurance Brokerage Inc,FSK,FS/KKR Advisor,Insurance,214.2,208.6,0.0268,11/1/29,,,False,,False,,2025-09-30,2025-12-31,2
Vytalogy Wellness LLC,vytalogy wellness,3,GREEN,0,1,1,1,Vytalogy Wellness LLC,FSK,FS/KKR Advisor,Household & Personal Products,212.2,213.5,-0.0061,11/30/26,,,False,,False,,2025-09-30,2025-12-31,2
Heniff Transportation Systems LLC,heniff transportation,3,GREEN,0,1,1,1,Heniff Transportation Systems LLC,FSK,FS/KKR Advisor,Transportation,209.1,207.4,0.0082,12/3/26,,,False,,False,,2025-09-30,2025-12-31,2
"The Better Being Co., LLC",better being,3,GREEN,0,1,1,1,"The Better Being Co., LLC",OBDC,Blue Owl Credit Advisors,,208.85,207.901,0.0046,9/2026,,,False,,False,,2025-09-30,2025-12-31,2
"Albireo Energy, LLC",albireo energy,3,GREEN,0,1,1,1,"Albireo Energy, LLC",BXSL,Blackstone Credit Advisors,Electrical Equipment,207.715,211.548,-0.0181,12/23/2026,,,False,,False,,2025-12-31,2025-12-31,1
ConnectiveRx,connectiverx,3,GREEN,0,1,1,1,ConnectiveRx,FSK,FS/KKR Advisor,Health Care Equipment & Services,203.6,203.6,0.0,3/9/28,,,False,,False,,2025-09-30,2025-12-31,2
"RJW Group Holdings, Inc.",rjw group,3,GREEN,0,1,1,1,"RJW Group Holdings, Inc.",GBDC,GC Advisors,Air Freight & Logistics,203.295,208.594,-0.0254,11/2024,,,False,,False,,2025-09-30,2025-12-31,2
"Bolder Panther Group, LLC",bolder panther,3,GREEN,0,1,1,1,"Bolder Panther Group, LLC",MAIN,Main Street Capital (internal),,202.066,202.689,-0.0031,12/31/2025,11.83,,False,,False,,2025-09-30,2025-12-31,2
"36th Street Capital Partners Holdings, LLC",36th street,3,GREEN,0,1,1,1,"36th Street Capital Partners Holdings, LLC",TCPC,Tennenbaum Capital Partners (BlackRock),Diversified Financial Services,198.8331,176.0676,0.1293,11/30/2025,12.0,,False,,False,,2025-09-30,2025-12-31,2
"Healthcomp Holding Company, LLC",healthcomp,3,GREEN,0,1,1,1,"Healthcomp Holding Company, LLC",BXSL,Blackstone Credit Advisors,Health Care Technology (continued),198.108,203.064,-0.0244,11/8/2023,,,False,,False,,2025-12-31,2025-12-31,1
"Nebraska Vet AcquireCo, LLC",nebraska vet,3,GREEN,0,1,1,1,"Nebraska Vet AcquireCo, LLC",MAIN,Main Street Capital (internal),,197.494,147.381,0.34,5/9/2027,12.5,,False,,False,,2025-09-30,2025-12-31,2
Lipari Foods LLC,lipari foods,3,GREEN,0,1,1,1,Lipari Foods LLC,FSK,FS/KKR Advisor,Consumer Staples Distribution & Retail,195.8,196.7,-0.0046,10/31/28,,,False,,False,,2025-09-30,2025-12-31,2
"Nello Industries Investco, LLC",nello industries,3,GREEN,0,1,1,1,"Nello Industries Investco, LLC",MAIN,Main Street Capital (internal),,195.621,164.716,0.1876,6/4/2025,12.96,,False,,False,,2025-09-30,2025-12-31,2
American Vision Partners,american vision,3,GREEN,0,1,1,1,American Vision Partners,FSK,FS/KKR Advisor,Health Care Equipment & Services,194.8,195.3,-0.0026,9/30/26,,,False,,False,,2025-09-30,2025-12-31,2
"Liminex, Inc.",liminex,3,GREEN,0,1,1,1,"Liminex, Inc.",GBDC,GC Advisors,Diversified Consumer Services,189.906,189.225,0.0036,11/2020,,,False,,False,,2025-09-30,2025-12-31,2
OnPoint Group,onpoint group,3,GREEN,0,1,1,1,OnPoint Group,OBDC,Blue Owl Credit Advisors,Manufacturing,187.867,189.848,-0.0104,7/2027,,,False,,False,,2025-09-30,2025-12-31,2
"CustomInk, LLC",customink,3,GREEN,0,1,1,1,"CustomInk, LLC",BXSL,Blackstone Credit Advisors,Specialty Retail,182.089,180.888,0.0066,5/3/2019,,,False,,False,,2025-12-31,2025-12-31,1
GRT Rubber Technologies LLC,grt rubber,3,GREEN,0,1,1,1,GRT Rubber Technologies LLC,MAIN,Main Street Capital (internal),,179.954,113.364,0.5874,10/29/2026,11.84,,False,,False,,2025-09-30,2025-12-31,2
Verify Diagnostics LLC,verify diagnostics,3,GREEN,0,1,1,1,Verify Diagnostics LLC,PSEC,Prospect Capital Management,Health Care Providers & Services,178.02,198.019,-0.101,5/15/2030,14.26,1028.0,False,,False,,2025-09-30,2025-12-31,2
"CenterPeak Holdings, LLC",centerpeak,3,GREEN,0,1,1,1,"CenterPeak Holdings, LLC",MAIN,Main Street Capital (internal),,174.509,111.257,0.5685,12/10/2026,15.0,,False,,False,,2025-09-30,2025-12-31,2
"Direct Marketing Solutions, Inc.",direct marketing,3,GREEN,0,1,1,1,"Direct Marketing Solutions, Inc.",MAIN,Main Street Capital (internal),,172.87,131.059,0.319,2/13/2026,14.0,,False,,False,,2025-09-30,2025-12-31,2
BGB Group LLC,bgb group,3,GREEN,0,1,1,1,BGB Group LLC,FSK,FS/KKR Advisor,Media & Entertainment,168.7,169.6,-0.0053,8/16/27,,,False,,False,,2025-09-30,2025-12-31,2
"Spectrum Safety Solutions Purchaser, LLC",spectrum safety,3,GREEN,0,1,1,1,"Spectrum Safety Solutions Purchaser, LLC",BXSL,Blackstone Credit Advisors,Electrical Equipment,167.942,163.538,0.0269,7/1/2024,,,False,,False,,2025-12-31,2025-12-31,1
"Jacuzzi Brands, LLC",jacuzzi brands,3,GREEN,0,1,1,1,"Jacuzzi Brands, LLC",BXSL,Blackstone Credit Advisors,Building Products,164.992,177.719,-0.0716,2/25/2027,,,False,,False,,2025-12-31,2025-12-31,1
Woolpert Inc,woolpert,3,GREEN,0,1,1,1,Woolpert Inc,FSK,FS/KKR Advisor,Capital Goods,158.0,156.7,0.0083,4/5/29,,,False,,False,,2025-09-30,2025-12-31,2
"Red River Technology, LLC",red river,3,GREEN,0,1,1,1,"Red River Technology, LLC",BXSL,Blackstone Credit Advisors,IT Services (continued),157.252,165.219,-0.0482,5/26/2027,,,False,,False,,2025-12-31,2025-12-31,1
"NuStep, LLC",nustep,3,GREEN,0,1,1,1,"NuStep, LLC",MAIN,Main Street Capital (internal),,154.678,141.563,0.0926,1/31/2025,11.89,,False,,False,,2025-09-30,2025-12-31,2
Valence Surface Technologies LLC,valence surface,3,GREEN,0,1,1,1,Valence Surface Technologies LLC,OBDC,Blue Owl Credit Advisors,Aerospace and defense,148.996,158.318,-0.0589,12/2026,,,False,,False,,2025-09-30,2025-12-31,2
"Chestnut Optical Midco, Inc.",chestnut optical,3,GREEN,0,1,1,1,"Chestnut Optical Midco, Inc.",GBDC,GC Advisors,Specialty Retail,146.994,99.705,0.4743,06/2024,,,False,,False,,2025-09-30,2025-12-31,2
Lignetics Investment Corp.,lignetics investment,3,GREEN,0,1,1,1,Lignetics Investment Corp.,OBDC,Blue Owl Credit Advisors,Consumer products,144.943,144.197,0.0052,10/2026,,,False,,False,,2025-09-30,2025-12-31,2
SurePoint,surepoint,3,GREEN,0,1,1,1,SurePoint,GSBD,Goldman Sachs Asset Management,Software,144.45,147.496,-0.0207,12/31/26,11.73,,False,,False,,2025-09-30,2025-12-31,2
"JorVet Holdings, LLC",jorvet,3,GREEN,0,1,1,1,"JorVet Holdings, LLC",MAIN,Main Street Capital (internal),,141.298,137.093,0.0307,3/28/2027,12.0,,False,,False,,2025-09-30,2025-12-31,2
"Sunrun Luna Holdco 2021, LLC",sunrun luna,3,GREEN,0,1,1,1,"Sunrun Luna Holdco 2021, LLC",ARCC,Ares Capital Management,Independent Power and Renewable Electricity Producers,141.0,150.0,-0.06,04/2027,10.59,,False,,False,,2025-09-30,2025-12-31,2
"PennantPark Senior Loan Fund, LLC",pennantpark senior,3,GREEN,0,1,1,1,"PennantPark Senior Loan Fund, LLC",PNNT,PennantPark Investment Advisers,Financial Services,140.287,140.287,0.0,07/31/2027,,,False,,False,,2025-12-31,2025-12-31,1
"Kickhaefer Manufacturing Company, LLC",kickhaefer manufacturing,3,GREEN,0,1,1,1,"Kickhaefer Manufacturing Company, LLC",MAIN,Main Street Capital (internal),,138.612,118.981,0.165,10/31/2026,10.91,,False,,False,,2025-09-30,2025-12-31,2
VVS Holdco LLC,vvs,3,GREEN,0,1,1,1,VVS Holdco LLC,MAIN,Main Street Capital (internal),,135.954,136.097,-0.0011,12/1/2025,11.5,,False,,False,,2025-09-30,2025-12-31,2
"Metalforming Holdings, LLC",metalforming,3,GREEN,0,1,1,1,"Metalforming Holdings, LLC",MAIN,Main Street Capital (internal),,133.955,106.018,0.2635,10/19/2025,8.98,,False,,False,,2025-09-30,2025-12-31,2
OneTouchPoint Corp,onetouchpoint,3,GREEN,0,1,1,1,OneTouchPoint Corp,PSEC,Prospect Capital Management,Commercial Services & Supplies,131.942,131.976,-0.0003,6/30/2026,12.24,800.0,False,,False,,2025-09-30,2025-12-31,2
"Quva Pharma, Inc.",quva pharma,3,GREEN,0,1,1,1,"Quva Pharma, Inc.",OBDC,Blue Owl Credit Advisors,,128.717,129.657,-0.0072,4/2026,,,False,,False,,2025-09-30,2025-12-31,2
"Elgin AcquireCo, LLC",elgin acquireco,3,GREEN,0,1,1,1,"Elgin AcquireCo, LLC",MAIN,Main Street Capital (internal),,128.294,123.503,0.0388,10/3/2027,11.21,,False,,False,,2025-09-30,2025-12-31,2
DuBois Chemicals Inc,dubois chemicals,3,GREEN,0,1,1,1,DuBois Chemicals Inc,FSK,FS/KKR Advisor,Materials,127.1,127.0,0.0008,6/13/31,,,False,,False,,2025-09-30,2025-12-31,2
"Orttech Holdings, LLC",orttech,3,GREEN,0,1,1,1,"Orttech Holdings, LLC",MAIN,Main Street Capital (internal),,126.92,116.57,0.0888,7/31/2026,15.32,,False,,False,,2025-09-30,2025-12-31,2
"Livingston International, Inc.",livingston international,3,GREEN,0,1,1,1,"Livingston International, Inc.",BXSL,Blackstone Credit Advisors,Air Freight & Logistics,122.571,123.036,-0.0038,4/30/2027,,,False,,False,,2025-12-31,2025-12-31,1
Novvia Group,novvia group,3,GREEN,0,1,1,1,Novvia Group,OBDC,Blue Owl Credit Advisors,Containers and packaging,118.629,117.982,0.0055,12/2026,,,False,,False,,2025-09-30,2025-12-31,2
Trinseo Materials Operating SCA / Trinseo Materials Finance Inc,trinseo materials,3,GREEN,0,1,1,1,Trinseo Materials Operating SCA / Trinseo Materials Finance Inc,FSK,FS/KKR Advisor,Materials,117.7,117.0,0.006,1/18/28,,,False,,False,,2025-09-30,2025-12-31,2
Prodigy Investments Limited,prodigy investments,3,GREEN,0,1,1,1,Prodigy Investments Limited,TPVG,TriplePoint Advisers,Financial Institution and Services,116.897,81.23,0.4391,12/31/2025,,,False,,False,,2025-09-30,2025-12-31,2
"Teneo Holdings, LLC",teneo,3,GREEN,0,1,1,1,"Teneo Holdings, LLC",BXSL,Blackstone Credit Advisors,Professional Services (continued),116.32,115.236,0.0094,7/31/2032,,,False,,False,,2025-09-30,2025-12-31,2
Lone Wolf,lone wolf,3,GREEN,0,1,1,1,Lone Wolf,GSBD,Goldman Sachs Asset Management,Real Estate Mgmt. & Development,112.13,119.246,-0.0597,10/22/27,10.91,,False,,False,,2025-09-30,2025-12-31,2
"Trendly, Inc.",trendly,3,GREEN,0,1,1,1,"Trendly, Inc.",TPVG,TriplePoint Advisers,E-Commerce - Clothing and Accessories,110.869,122.327,-0.0937,12/31/2026,,,False,,False,,2025-09-30,2025-12-31,2
Community Brands Inc,community brands,3,GREEN,0,1,1,1,Community Brands Inc,FSK,FS/KKR Advisor,Software & Services,110.5,110.4,0.0009,7/1/31,,,False,,False,,2025-09-30,2025-12-31,2
NetDocuments,netdocuments,3,GREEN,0,1,1,1,NetDocuments,GSBD,Goldman Sachs Asset Management,Software,109.13,109.128,0.0,07/02/29,8.63,,False,,False,,2025-09-30,2025-12-31,2
"RFG AcquireCo, LLC",rfg acquireco,3,GREEN,0,1,1,1,"RFG AcquireCo, LLC",MAIN,Main Street Capital (internal),,108.799,106.427,0.0223,6/2/2027,12.5,,False,,False,,2025-09-30,2025-12-31,2
NEOGOV,neogov,3,GREEN,0,1,1,1,NEOGOV,GSBD,Goldman Sachs Asset Management,Software,108.093,104.395,0.0354,12/02/27,9.01,,False,,False,,2025-09-30,2025-12-31,2
Follett Software Co,follett software,3,GREEN,0,1,1,1,Follett Software Co,FSK,FS/KKR Advisor,Software & Services,107.1,106.0,0.0104,8/31/27,,,False,,False,,2025-09-30,2025-12-31,2
"Event Holdco, LLC",event,3,GREEN,0,1,1,1,"Event Holdco, LLC",MAIN,Main Street Capital (internal),,107.052,107.052,0.0,12/22/2026,11.04,,False,,False,,2025-09-30,2025-12-31,2
Colonial Electric Company LLC,colonial electric,3,GREEN,0,1,1,1,Colonial Electric Company LLC,MAIN,Main Street Capital (internal),,106.934,76.854,0.3914,3/31/2026,10.86,,False,,False,,2025-09-30,2025-12-31,2
Power Factors,power factors,3,GREEN,0,1,1,1,Power Factors,GSBD,Goldman Sachs Asset Management,Independent Power and Renewable Electricity Producers,106.315,114.085,-0.0681,08/11/27,10.49,,False,,False,,2025-09-30,2025-12-31,2
Source Code LLC,source code,3,GREEN,0,1,1,1,Source Code LLC,FSK,FS/KKR Advisor,Software & Services,105.2,105.1,0.001,6/30/27,,,False,,False,,2025-09-30,2025-12-31,2
Insightsoftware.Com Inc,insightsoftware com,3,GREEN,0,1,1,1,Insightsoftware.Com Inc,FSK,FS/KKR Advisor,Software & Services,104.2,104.1,0.001,5/25/28,,,False,,False,,2025-09-30,2025-12-31,2
"Career Team Holdings, LLC",career team,3,GREEN,0,1,1,1,"Career Team Holdings, LLC",MAIN,Main Street Capital (internal),,103.779,103.321,0.0044,12/17/2026,12.72,,False,,False,,2025-09-30,2025-12-31,2
"Fencing Supply Group Acquisition, LLC",fencing supply,3,GREEN,0,1,1,1,"Fencing Supply Group Acquisition, LLC",BXSL,Blackstone Credit Advisors,Building Products,103.217,105.324,-0.02,2/26/2027,,,False,,False,,2025-12-31,2025-12-31,1
Karman Space Inc,karman space,3,GREEN,0,1,1,1,Karman Space Inc,FSK,FS/KKR Advisor,Capital Goods,101.5,100.3,0.012,12/21/25,,,False,,False,,2025-09-30,2025-12-31,2
"NPPI Buyer, LLC",nppi,3,GREEN,0,1,1,1,"NPPI Buyer, LLC",MFIC,"Apollo Investment Management, L.P.",Truvant,101.242,43.37,1.3344,08/20/29,1.0,,False,,False,,2025-12-31,2025-12-31,1
Safe-Guard Products International LLC,safe guard,3,GREEN,0,1,1,1,Safe-Guard Products International LLC,FSK,FS/KKR Advisor,Financial Services,100.1,99.8,0.003,4/3/30,,,False,,False,,2025-09-30,2025-12-31,2
"Enhanced Permanent Capital, LLC",enhanced permanent,3,GREEN,0,1,1,1,"Enhanced Permanent Capital, LLC",SLRC,SLR Capital Partners,Capital Markets,98.363,99.684,-0.0133,12/2020,,,False,,False,,2025-09-30,2025-12-31,2
One GI LLC,one gi,3,GREEN,0,1,1,1,One GI LLC,GSBD,Goldman Sachs Asset Management,Health Care Providers & Services,98.05,105.71,-0.0725,12/22/25,10.9,,False,,False,,2025-09-30,2025-12-31,2
"Sara Lee Frozen Bakery, LLC",sara lee,3,GREEN,0,1,1,1,"Sara Lee Frozen Bakery, LLC",OBDC,Blue Owl Credit Advisors,Food and beverage,97.583,98.149,-0.0058,7/2025,,,False,,False,,2025-09-30,2025-12-31,2
Advanced Dermatology & Cosmetic Surgery,advanced dermatology,3,GREEN,0,1,1,1,Advanced Dermatology & Cosmetic Surgery,FSK,FS/KKR Advisor,Health Care Equipment & Services,97.0,96.4,0.0062,5/7/26,,,False,,False,,2025-09-30,2025-12-31,2
"Honor HN Buyer, Inc",honor hn,3,GREEN,0,1,1,1,"Honor HN Buyer, Inc",GSBD,Goldman Sachs Asset Management,Health Care Providers & Services,96.906,96.217,0.0072,10/15/27,9.92,,False,,False,,2025-09-30,2025-12-31,2
"THLP CO., LLC",thlp,3,GREEN,0,1,1,1,"THLP CO., LLC",MFIC,"Apollo Investment Management, L.P.",Turkey Hill,96.885,59.711,0.6226,01/31/28,1.0,,False,,False,,2025-12-31,2025-12-31,1
Vehicle Secured Funding Trust,vehicle secured,3,GREEN,0,1,1,1,Vehicle Secured Funding Trust,FSK,FS/KKR Advisor,Financial Services,95.0,95.0,0.0,1/25/46,15.0,,False,,False,,2025-09-30,2025-12-31,2
"INW Manufacturing, LLC",inw manufacturing,3,GREEN,0,1,1,1,"INW Manufacturing, LLC",OCSL,Oaktree Capital Management,Personal Care Products,92.477,97.23,-0.0489,3/25/2027,5.75,,False,,False,,2025-09-30,2025-12-31,2
Tailwind Colony Holding Corporation,tailwind colony,3,GREEN,0,1,1,1,Tailwind Colony Holding Corporation,BXSL,Blackstone Credit Advisors,Distributors,92.361,94.39,-0.0215,5/13/2026,,,False,,False,,2025-12-31,2025-12-31,1
Revere Superior Holdings Inc,revere superior,3,GREEN,0,1,1,1,Revere Superior Holdings Inc,FSK,FS/KKR Advisor,Software & Services,91.4,91.4,0.0,10/1/29,,,False,,False,,2025-09-30,2025-12-31,2
"Clad-Rex Steel, LLC",clad rex,3,GREEN,0,1,1,1,"Clad-Rex Steel, LLC",MAIN,Main Street Capital (internal),,90.818,67.314,0.3492,1/15/2027,9.63,,False,,False,,2025-09-30,2025-12-31,2
Mercer Advisors Inc,mercer advisors,3,GREEN,0,1,1,1,Mercer Advisors Inc,FSK,FS/KKR Advisor,Financial Services,90.3,90.1,0.0022,10/4/30,,,False,,False,,2025-09-30,2025-12-31,2
"ITA Holdings Group, LLC",ita group,3,GREEN,0,1,1,1,"ITA Holdings Group, LLC",MAIN,Main Street Capital (internal),,89.709,55.167,0.6261,6/21/2027,11.78,,False,,False,,2025-09-30,2025-12-31,2
LucidHealth,lucidhealth,3,GREEN,0,1,1,1,LucidHealth,OBDC,Blue Owl Credit Advisors,,88.81,97.209,-0.0864,3/2026,,,False,,False,,2025-09-30,2025-12-31,2
"Wildcat TopCo, Inc.",wildcat,3,GREEN,0,1,1,1,"Wildcat TopCo, Inc.",GBDC,GC Advisors,Electrical Equipment,88.533,89.539,-0.0112,12/2024,,,False,,False,,2025-09-30,2025-12-31,2
"Spitfire Parent, Inc.",spitfire,3,GREEN,0,1,1,1,"Spitfire Parent, Inc.",BXSL,Blackstone Credit Advisors,Software (continued),88.298,86.78,0.0175,3/11/2027,,,False,,False,,2025-12-31,2025-12-31,1
Vital Records Control,vital records,3,GREEN,0,1,1,1,Vital Records Control,GSBD,Goldman Sachs Asset Management,Commercial Services & Supplies,88.201,88.276,-0.0008,06/29/27,9.57,,False,,False,,2025-09-30,2025-12-31,2
"SelectQuote, Inc.",selectquote,3,GREEN,0,1,1,1,"SelectQuote, Inc.",BXSL,Blackstone Credit Advisors,Insurance (continued),87.762,94.776,-0.074,10/11/2024,,,False,,False,,2025-12-31,2025-12-31,1
"GFG Group, LLC",gfg group,3,GREEN,0,1,1,1,"GFG Group, LLC",MAIN,Main Street Capital (internal),,87.412,64.052,0.3647,3/31/2026,8.0,,False,,False,,2025-09-30,2025-12-31,2
Parts Town,parts town,3,GREEN,0,1,1,1,Parts Town,GSBD,Goldman Sachs Asset Management,Trading Companies & Distributors,87.052,87.761,-0.0081,04/09/30,9.0,,False,,False,,2025-09-30,2025-12-31,2
Dental365 LLC,dental365,3,GREEN,0,1,1,1,Dental365 LLC,FSK,FS/KKR Advisor,Health Care Equipment & Services,87.0,87.0,0.0,5/5/28,,,False,,False,,2025-09-30,2025-12-31,2
"Trantech Radiator Topco, LLC",trantech radiator,3,GREEN,0,1,1,1,"Trantech Radiator Topco, LLC",MAIN,Main Street Capital (internal),,86.114,57.819,0.4894,5/31/2027,13.01,,False,,False,,2025-09-30,2025-12-31,2
Milan Laser Holdings LLC,milan laser,3,GREEN,0,1,1,1,Milan Laser Holdings LLC,OBDC,Blue Owl Credit Advisors,Specialty retail,84.921,85.864,-0.011,4/2027,,,False,,False,,2025-09-30,2025-12-31,2
"Computer Data Source, LLC",computer data,3,GREEN,0,1,1,1,"Computer Data Source, LLC",MAIN,Main Street Capital (internal),,84.022,87.212,-0.0366,8/6/2026,12.47,,False,,False,,2025-09-30,2025-12-31,2
"Elemica Parent, Inc. & EZ Elemica Holdings, Inc.",elemica ez,3,GREEN,0,1,1,1,"Elemica Parent, Inc. & EZ Elemica Holdings, Inc.",ARCC,Ares Capital Management,,83.7,83.7,0.0,09/2026,9.53,,False,,False,,2025-09-30,2025-12-31,2
iOFFICE,ioffice,3,GREEN,0,1,1,1,iOFFICE,GSBD,Goldman Sachs Asset Management,Real Estate Mgmt. & Development,81.468,82.194,-0.0088,07/01/27,11.01,,False,,False,,2025-09-30,2025-12-31,2
SLR Healthcare ABL,slr healthcare,3,GREEN,0,1,1,1,SLR Healthcare ABL,SLRC,SLR Capital Partners,Financial Services,81.15,74.47,0.0897,12/31/2024,,,False,,False,,2025-09-30,2025-12-31,2
Eptura,eptura,3,GREEN,0,1,1,1,Eptura,GSBD,Goldman Sachs Asset Management,Real Estate Mgmt. & Development,80.647,81.401,-0.0093,07/01/27,10.32,,False,,False,,2025-09-30,2025-12-31,2
Highgate Hotels Inc,highgate hotels,3,GREEN,0,1,1,1,Highgate Hotels Inc,FSK,FS/KKR Advisor,Consumer Services,79.4,78.9,0.0063,11/5/29,,,False,,False,,2025-09-30,2025-12-31,2
"Principle Environmental, LLC",principle environmental,3,GREEN,0,1,1,1,"Principle Environmental, LLC",MAIN,Main Street Capital (internal),,78.879,47.171,0.6722,11/15/2026,13.0,,False,,False,,2025-09-30,2025-12-31,2
PPC Flexible Packaging,ppc flexible,3,GREEN,0,1,1,1,PPC Flexible Packaging,OBDC,Blue Owl Credit Advisors,Containers and packaging,77.811,76.76,0.0137,9/2027,,,False,,False,,2025-09-30,2025-12-31,2
Digital Products Holdings LLC,digital products,3,GREEN,0,1,1,1,Digital Products Holdings LLC,MAIN,Main Street Capital (internal),,77.769,77.581,0.0024,4/27/2026,14.23,,False,,False,,2025-09-30,2025-12-31,2
AEG Vision,aeg vision,3,GREEN,0,1,1,1,AEG Vision,BCSF,Bain Capital Credit,Healthcare & Pharmaceuticals,77.281,77.849,-0.0073,3/27/2027,5.9,,False,,False,,2025-09-30,2025-09-30,1
JW Aluminum Co,jw aluminum,3,GREEN,0,1,1,1,JW Aluminum Co,FSK,FS/KKR Advisor,Materials,76.6,76.1,0.0066,6/1/26,10.3,,False,,False,,2025-12-31,2025-12-31,1
Individual FoodService,individual foodservice,3,GREEN,0,1,1,1,Individual FoodService,FSK,FS/KKR Advisor,Capital Goods,76.5,75.1,0.0186,10/31/29,,,False,,False,,2025-09-30,2025-12-31,2
Magna Legal Services LLC,magna legal,3,GREEN,0,1,1,1,Magna Legal Services LLC,FSK,FS/KKR Advisor,Commercial & Professional Services,76.5,76.2,0.0039,11/22/28,,,False,,False,,2025-09-30,2025-12-31,2
Global Nephrology Solutions,global nephrology solutions,3,GREEN,0,1,1,1,Global Nephrology Solutions,GSBD,Goldman Sachs Asset Management,Health Care Providers & Services,74.751,76.25,-0.0197,12/21/26,9.74,,False,,False,,2025-09-30,2025-12-31,2
Net Documents,net documents,3,GREEN,0,1,1,1,Net Documents,FSK,FS/KKR Advisor,Software & Services,74.6,74.2,0.0054,7/2/29,,,False,,False,,2025-09-30,2025-12-31,2
"TPS, LLC",tps,3,GREEN,0,1,1,1,"TPS, LLC",PSEC,Prospect Capital Management,Machinery,74.072,74.072,0.0,5/31/2027,14.13,900.0,False,,False,,2025-09-30,2025-12-31,2
Lakeview Farms Inc,lakeview farms,3,GREEN,0,1,1,1,Lakeview Farms Inc,FSK,FS/KKR Advisor,"Food, Beverage & Tobacco",73.9,72.8,0.0151,6/10/27,,,False,,False,,2025-09-30,2025-12-31,2
Heritage Environmental Services Inc,heritage environmental,3,GREEN,0,1,1,1,Heritage Environmental Services Inc,FSK,FS/KKR Advisor,Commercial & Professional Services,73.2,72.2,0.0139,1/31/30,,,False,,False,,2025-09-30,2025-12-31,2
"Patriot Foods Buyer, Inc.",patriot foods,3,GREEN,0,1,1,1,"Patriot Foods Buyer, Inc.",MFIC,"Apollo Investment Management, L.P.",Patriot Pickle,72.475,0.972,73.5628,12/22/29,1.0,,False,,False,,2025-12-31,2025-12-31,1
"TRP Infrastructure Services, LLC",trp infrastructure,3,GREEN,0,1,1,1,"TRP Infrastructure Services, LLC",BXSL,Blackstone Credit Advisors,Transportation Infrastructure,71.324,71.057,0.0038,7/9/2027,,,False,,False,,2025-12-31,2025-12-31,1
IPC Corp.,ipc,3,GREEN,0,1,1,1,IPC Corp.,OCSL,Oaktree Capital Management,Application Software,70.714,72.337,-0.0224,10/1/2027,6.5,,False,,False,,2025-09-30,2025-12-31,2
KM2 Solutions LLC,km2 solutions,3,GREEN,0,1,1,1,KM2 Solutions LLC,PSEC,Prospect Capital Management,Professional Services,70.608,70.608,0.0,6/16/2026,13.74,960.0,False,,False,,2025-09-30,2025-12-31,2
Veriforce LLC,veriforce,3,GREEN,0,1,1,1,Veriforce LLC,FSK,FS/KKR Advisor,Software & Services,70.6,70.7,-0.0014,11/21/31,,,False,,False,,2025-09-30,2025-12-31,2
"Batjer TopCo, LLC",batjer,3,GREEN,0,1,1,1,"Batjer TopCo, LLC",MAIN,Main Street Capital (internal),,70.176,58.784,0.1938,3/7/2027,10.0,,False,,False,,2025-09-30,2025-12-31,2
the Facilities Group,facilities group,3,GREEN,0,1,1,1,the Facilities Group,GSBD,Goldman Sachs Asset Management,Professional Services,67.859,67.563,0.0044,11/30/27,10.11,,False,,False,,2025-09-30,2025-12-31,2
LineStar Integrity Services LLC,linestar integrity,3,GREEN,0,1,1,1,LineStar Integrity Services LLC,OBDC,Blue Owl Credit Advisors,Infrastructure and environmental services,66.8,67.861,-0.0156,2/2026,,,False,,False,,2025-09-30,2025-12-31,2
Everway,everway,3,GREEN,0,1,1,1,Everway,GSBD,Goldman Sachs Asset Management,Software,66.72,66.508,0.0032,05/03/29,8.25,,False,,False,,2025-09-30,2025-12-31,2
"Southern Orthodontic Partners Management, LLC",southern orthodontic,3,GREEN,0,1,1,1,"Southern Orthodontic Partners Management, LLC",SLRC,SLR Capital Partners,Health Care Providers & Services,65.39,65.98,-0.0089,6/3/2022,,,False,,False,,2025-09-30,2025-12-31,2
My Community Homes PropCo 2,my community,3,GREEN,0,1,1,1,My Community Homes PropCo 2,FSK,FS/KKR Advisor,Equity Real Estate Investment Trusts (REITs),64.4959,64.4959,0.0,3/15/34,7.5,,False,,False,,2025-09-30,2025-12-31,2
"Mystic Logistics Holdings, LLC",mystic logistics,3,GREEN,0,1,1,1,"Mystic Logistics Holdings, LLC",MAIN,Main Street Capital (internal),,64.217,16.917,2.796,1/31/2027,10.0,,False,,False,,2025-09-30,2025-12-31,2
"8th Avenue Food & Provisions, Inc.",8th avenue,3,GREEN,0,1,1,1,"8th Avenue Food & Provisions, Inc.",PSEC,Prospect Capital Management,Food Products,64.216,71.267,-0.0989,10/1/2026,15.25,775.0,False,,False,,2025-09-30,2025-12-31,2
Rockefeller Capital Management LP,rockefeller capital,3,GREEN,0,1,1,1,Rockefeller Capital Management LP,FSK,FS/KKR Advisor,Financial Services,64.2,63.9,0.0047,4/4/31,,,False,,False,,2025-09-30,2025-12-31,2
"SPAU Holdings, LLC",spau,3,GREEN,0,1,1,1,"SPAU Holdings, LLC",MAIN,Main Street Capital (internal),,64.159,64.179,-0.0003,7/1/2027,11.4,,False,,False,,2025-09-30,2025-12-31,2
Food & Beverage,food beverage,3,GREEN,0,1,1,1,Food & Beverage,NMFC,"New Mountain Finance Advisers BDC, L.L.C.",Xactly Corporation,63.7,60.1,0.0599,05/2027,6.5,,False,,False,,2025-09-30,2025-09-30,1
Winter Services LLC,winter services,3,GREEN,0,1,1,1,Winter Services LLC,MAIN,Main Street Capital (internal),,62.561,62.922,-0.0057,11/19/2026,11.62,,False,,False,,2025-09-30,2025-12-31,2
"HH-Stella, Inc. and Bedrock Parent Holdings, LP",hh stella,3,GREEN,0,1,1,1,"HH-Stella, Inc. and Bedrock Parent Holdings, LP",ARCC,Ares Capital Management,,62.3,62.3,0.0,04/2027,9.78,,False,,False,,2025-09-30,2025-12-31,2
"Mills Fleet Farm Group, LLC",mills fleet,3,GREEN,0,1,1,1,"Mills Fleet Farm Group, LLC",MAIN,Main Street Capital (internal),,61.886,66.836,-0.0741,12/31/2026,9.63,,False,,False,,2025-09-30,2025-12-31,2
Lazer Logistics Inc,lazer logistics,3,GREEN,0,1,1,1,Lazer Logistics Inc,FSK,FS/KKR Advisor,Transportation,61.5,61.4,0.0016,5/4/29,,,False,,False,,2025-09-30,2025-12-31,2
Planet DDS,planet dds,3,GREEN,0,1,1,1,Planet DDS,GSBD,Goldman Sachs Asset Management,Health Care Technology,60.984,60.738,0.0041,07/18/28,11.14,,False,,False,,2025-09-30,2025-12-31,2
NContracts,ncontracts,3,GREEN,0,1,1,1,NContracts,GSBD,Goldman Sachs Asset Management,Software,60.975,60.854,0.002,09/01/31,9.03,,False,,False,,2025-09-30,2025-12-31,2
"Luxury Asset Capital, LLC",luxury asset,3,GREEN,0,1,1,1,"Luxury Asset Capital, LLC",SLRC,SLR Capital Partners,Consumer Finance,60.426,61.0,-0.0094,7/2022,,,False,,False,,2025-09-30,2025-12-31,2
Bausch Health Cos Inc,bausch health,3,GREEN,0,1,1,1,Bausch Health Cos Inc,FSK,FS/KKR Advisor,"Pharmaceuticals, Biotechnology & Life Sciences",60.0,60.0,0.0,1/28/28,,,False,,False,,2025-09-30,2025-12-31,2
RA Outdoors LLC,ra outdoors,3,GREEN,0,1,1,1,RA Outdoors LLC,MAIN,Main Street Capital (internal),,59.86,63.886,-0.063,6/30/2027,11.3,,False,,False,,2025-09-30,2025-12-31,2
Corsearch Intermediate Inc,corsearch,3,GREEN,0,1,1,1,Corsearch Intermediate Inc,FSK,FS/KKR Advisor,Software & Services,59.3,59.1,0.0034,4/19/28,,,False,,False,,2025-09-30,2025-12-31,2
Shaw Development LLC,shaw development,3,GREEN,0,1,1,1,Shaw Development LLC,FSK,FS/KKR Advisor,Capital Goods,59.3,60.0,-0.0117,10/30/29,,,False,,False,,2025-09-30,2025-12-31,2
"Fertility Investment Holdco, LLC",fertility investment,3,GREEN,0,1,1,1,"Fertility Investment Holdco, LLC",SLRC,SLR Capital Partners,Health Care Providers & Services,59.245,60.378,-0.0188,1/4/2023,,,False,,False,,2025-09-30,2025-12-31,2
HotSchedules & Fourth,hotschedules fourth,3,GREEN,0,1,1,1,HotSchedules & Fourth,GSBD,Goldman Sachs Asset Management,"Hotels, Restaurants & Leisure",58.503,58.205,0.0051,07/09/25,10.19,,False,,False,,2025-09-30,2025-12-31,2
Area Wide Protective Inc,area wide,3,GREEN,0,1,1,1,Area Wide Protective Inc,FSK,FS/KKR Advisor,Commercial & Professional Services,57.6,57.6,0.0,12/23/30,,,False,,False,,2025-09-30,2025-12-31,2
Enterprise DB,enterprise db,3,GREEN,0,1,1,1,Enterprise DB,GSBD,Goldman Sachs Asset Management,Software,57.539,57.791,-0.0044,07/07/28,11.02,,False,,False,,2025-09-30,2025-12-31,2
NexRev LLC,nexrev,3,GREEN,0,1,1,1,NexRev LLC,MAIN,Main Street Capital (internal),,56.304,44.253,0.2723,2/28/2025,9.0,,False,,False,,2025-09-30,2025-12-31,2
"NinjaTrader, LLC",ninjatrader,3,GREEN,0,1,1,1,"NinjaTrader, LLC",MAIN,Main Street Capital (internal),,56.253,56.253,0.0,12/18/2026,11.24,,False,,False,,2025-09-30,2025-12-31,2
"LGC US FINCO, LLC",lgc us,3,GREEN,0,1,1,1,"LGC US FINCO, LLC",PSEC,Prospect Capital Management,Machinery,55.348,59.113,-0.0637,12/20/2025,10.94,650.0,False,,False,,2025-09-30,2025-12-31,2
Johnnie-O Inc.,johnnie o,3,GREEN,0,1,1,1,Johnnie-O Inc.,ARCC,Ares Capital Management,Consumer Durables and Apparel,54.8,46.0,0.1913,03/2027,10.39,,False,,False,,2025-09-30,2025-12-31,2
TalkTalk Telecom Group Ltd,talktalk telecom,3,GREEN,0,1,1,1,TalkTalk Telecom Group Ltd,FSK,FS/KKR Advisor,Commercial & Professional Services,54.6,54.5,0.0018,9/5/26,,,False,,False,,2025-09-30,2025-12-31,2
"TS Investors, LLC",ts investors,3,GREEN,0,1,1,1,"TS Investors, LLC",MFIC,"Apollo Investment Management, L.P.",Team Select,54.322,54.46,-0.0025,05/04/29,1.0,,False,,False,,2025-12-31,2025-12-31,1
Integral Energy Services,integral energy,3,GREEN,0,1,1,1,Integral Energy Services,MAIN,Main Street Capital (internal),,54.19,57.406,-0.056,8/20/2026,11.96,,False,,False,,2025-09-30,2025-12-31,2
"Solaray, LLC",solaray,3,GREEN,0,1,1,1,"Solaray, LLC",BCSF,Bain Capital Credit,Consumer Goods: Non-Durable,53.36,53.378,-0.0003,12/15/2025,6.57,,False,,False,,2025-09-30,2025-09-30,1
"James Perse Enterprises, Inc.",james perse,3,GREEN,0,1,1,1,"James Perse Enterprises, Inc.",TCPC,Tennenbaum Capital Partners (BlackRock),Specialty Retail,53.3415,52.706,0.0121,9/8/2027,6.3,,False,,False,,2025-12-31,2025-12-31,1
HOWLCO LLC,howlco,3,GREEN,0,1,1,1,HOWLCO LLC,MAIN,Main Street Capital (internal),,53.281,53.426,-0.0027,10/23/2026,10.89,,False,,False,,2025-09-30,2025-12-31,2
Sapphire Bidco Oy,sapphire oy,3,GREEN,0,1,1,1,Sapphire Bidco Oy,GBDC,GC Advisors,,53.169,60.198,-0.1168,,,,False,,False,,2025-09-30,2025-12-31,2
"K2 Towers III, LLC",k2 towers,3,GREEN,0,1,1,1,"K2 Towers III, LLC",GSBD,Goldman Sachs Asset Management,Wireless Telecommunication Services,52.852,52.884,-0.0006,12/06/28,8.81,,False,,False,,2025-09-30,2025-12-31,2
Pacvue Intermediate LLC,pacvue,3,GREEN,0,1,1,1,Pacvue Intermediate LLC,GSBD,Goldman Sachs Asset Management,Diversified Consumer Services,52.816,52.405,0.0078,10/19/27,8.92,,False,,False,,2025-09-30,2025-12-31,2
Valet Living,valet living,3,GREEN,0,1,1,1,Valet Living,GSBD,Goldman Sachs Asset Management,Commercial Services & Supplies,52.641,52.945,-0.0057,05/01/29,9.91,,False,,False,,2025-09-30,2025-12-31,2
Belk Inc,belk,3,GREEN,0,1,1,1,Belk Inc,FSK,FS/KKR Advisor,Consumer Discretionary Distribution & Retail,52.3,52.2,0.0019,7/23/29,15.0,,False,,False,,2025-09-30,2025-12-31,2
"Eptam Plastics, Ltd.",eptam plastics,3,GREEN,0,1,1,1,"Eptam Plastics, Ltd.",GSBD,Goldman Sachs Asset Management,Health Care Equipment & Supplies,52.222,53.74,-0.0282,12/06/25,9.75,,False,,False,,2025-09-30,2025-12-31,2
"GCX Corporation Buyer, LLC",gcx,3,GREEN,0,1,1,1,"GCX Corporation Buyer, LLC",BXSL,Blackstone Credit Advisors,Health Care Equipment & Supplies,52.015,52.697,-0.0129,9/13/2027,,,False,,False,,2025-12-31,2025-12-31,1
"CB Buyer, Inc.",cb,3,GREEN,0,1,1,1,"CB Buyer, Inc.",GBDC,GC Advisors,Software,52.007,52.489,-0.0092,07/2024,,,False,,False,,2025-09-30,2025-12-31,2
"ADB Companies, LLC",adb companies,3,GREEN,0,1,1,1,"ADB Companies, LLC",OCSL,Oaktree Capital Management,Construction & Engineering,51.982,54.046,-0.0382,7/1/2026,7.5,,False,,False,,2025-09-30,2025-12-31,2
"Jensen Jewelers of Idaho, LLC",jensen jewelers,3,GREEN,0,1,1,1,"Jensen Jewelers of Idaho, LLC",MAIN,Main Street Capital (internal),,51.472,7.996,5.4372,11/14/2026,14.22,,False,,False,,2025-09-30,2025-12-31,2
"Plastic Management, LLC",plastic management,3,GREEN,0,1,1,1,"Plastic Management, LLC",SLRC,SLR Capital Partners,Health Care Providers & Services,51.347,52.5,-0.022,4/1/2022,,,False,,False,,2025-09-30,2025-12-31,2
"Argos Health Holdings, Inc",argos health,3,GREEN,0,1,1,1,"Argos Health Holdings, Inc",GSBD,Goldman Sachs Asset Management,Health Care Providers & Services,50.805,51.311,-0.0099,12/03/27,9.7,,False,,False,,2025-09-30,2025-12-31,2
Harrington Industrial Plastics,harrington industrial,3,GREEN,0,1,1,1,Harrington Industrial Plastics,GSBD,Goldman Sachs Asset Management,Trading Companies & Distributors,50.477,49.939,0.0108,10/07/30,9.79,,False,,False,,2025-09-30,2025-12-31,2
"CVAUSA Management, LLC",cvausa management,3,GREEN,0,1,1,1,"CVAUSA Management, LLC",SLRC,SLR Capital Partners,Health Care Providers & Services,50.142,51.102,-0.0188,5/2023,,,False,,False,,2025-09-30,2025-12-31,2
"The Townsend Company, LLC",townsend,3,GREEN,0,1,1,1,"The Townsend Company, LLC",SLRC,SLR Capital Partners,Commercial Services & Supplies,48.805,49.95,-0.0229,8/2023,,,False,,False,,2025-09-30,2025-12-31,2
National Carwash Solutions,national carwash solutions,3,GREEN,0,1,1,1,National Carwash Solutions,GSBD,Goldman Sachs Asset Management,Trading Companies & Distributors,48.738,52.066,-0.0639,12/31/29,9.5,,False,,False,,2025-09-30,2025-12-31,2
"Gurobi Optimization, LLC",gurobi optimization,3,GREEN,0,1,1,1,"Gurobi Optimization, LLC",GBDC,GC Advisors,Software,47.65,47.976,-0.0068,09/2024,,,False,,False,,2025-09-30,2025-12-31,2
Fidelity Payment Services,fidelity payment,3,GREEN,0,1,1,1,Fidelity Payment Services,GSBD,Goldman Sachs Asset Management,Financial Services,47.631,47.526,0.0022,05/08/28,9.22,,False,,False,,2025-09-30,2025-12-31,2
"Alkeme Intermediary Holdings, LLC",alkeme intermediary,3,GREEN,0,1,1,1,"Alkeme Intermediary Holdings, LLC",SLRC,SLR Capital Partners,Insurance,47.604,48.418,-0.0168,9/2023,,,False,,False,,2025-09-30,2025-12-31,2
"PSEB, LLC (Eddie Bauer)",pseb eddie,3,GREEN,0,1,1,1,"PSEB, LLC (Eddie Bauer)",TCPC,Tennenbaum Capital Partners (BlackRock),Specialty Retail,47.4511,48.1427,-0.0144,12/30/2026,6.7,,False,,False,,2025-12-31,2025-12-31,1
Cority Software Inc. (Canada),cority software,3,GREEN,0,1,1,1,Cority Software Inc. (Canada),CGBD,Carlyle Investment Management,Software,47.391,47.358,0.0007,7/2/2026,,,False,,False,,2025-09-30,2025-12-31,2
"Charps, LLC",charps,3,GREEN,0,1,1,1,"Charps, LLC",MAIN,Main Street Capital (internal),,47.287,20.48,1.3089,1/31/2026,12.02,,False,,False,,2025-09-30,2025-12-31,2
"Ellkay, LLC",ellkay,3,GREEN,0,1,1,1,"Ellkay, LLC",CGBD,Carlyle Investment Management,Healthcare & Pharmaceuticals,46.956,48.484,-0.0315,9/14/2027,,,False,,False,,2025-09-30,2025-12-31,2
DECA Dental Holdings LLC,deca dental,3,GREEN,0,1,1,1,DECA Dental Holdings LLC,GSBD,Goldman Sachs Asset Management,Health Care Providers & Services,46.93,49.013,-0.0425,08/26/27,9.86,,False,,False,,2025-09-30,2025-12-31,2
"TVG-Edmentum Holdings, LLC",tvg edmentum,3,GREEN,0,1,1,1,"TVG-Edmentum Holdings, LLC",TCPC,Tennenbaum Capital Partners (BlackRock),Diversified Consumer Services,46.3044,53.5793,-0.1358,,12.87,,False,,False,,2025-12-31,2025-12-31,1
HungerRush,hungerrush,3,GREEN,0,1,1,1,HungerRush,GSBD,Goldman Sachs Asset Management,Financial Services,46.228,49.692,-0.0697,06/01/28,11.51,,False,,False,,2025-09-30,2025-12-31,2
"Cycle Gear, Inc.",cycle gear,3,GREEN,0,1,1,1,"Cycle Gear, Inc.",GBDC,GC Advisors,Specialty Retail,46.041,48.381,-0.0484,02/2016,,,False,,False,,2025-09-30,2025-12-31,2
Classic Collision,classic collision,3,GREEN,0,1,1,1,Classic Collision,GSBD,Goldman Sachs Asset Management,Specialty Retail,45.789,45.382,0.009,05/31/30,8.89,,False,,False,,2025-09-30,2025-12-31,2
IG Parent Corporation,ig,3,GREEN,0,1,1,1,IG Parent Corporation,MAIN,Main Street Capital (internal),,44.929,44.921,0.0002,7/30/2026,9.89,,False,,False,,2025-09-30,2025-12-31,2
"Insight Investments Holdings, LLC",insight investments,3,GREEN,0,1,1,1,"Insight Investments Holdings, LLC",SLRC,SLR Capital Partners,Financial Services,44.572,45.0,-0.0095,6/2025,,,False,,False,,2025-12-31,2025-12-31,1
Bakemark,bakemark,3,GREEN,0,1,1,1,Bakemark,OBDC,Blue Owl Credit Advisors,Food and beverage,44.54,49.674,-0.1034,9/2029,,,False,,False,,2025-09-30,2025-12-31,2
"Lyneer Staffing Solutions, LLC",lyneer staffing,3,GREEN,0,1,1,1,"Lyneer Staffing Solutions, LLC",SLRC,SLR Capital Partners,Professional Services,44.0,44.0,0.0,4/2025,,,False,,False,,2025-12-31,2025-12-31,1
PSC Group,psc group,3,GREEN,0,1,1,1,PSC Group,FSK,FS/KKR Advisor,Transportation,43.0,42.9,0.0023,4/3/30,,,False,,False,,2025-09-30,2025-12-31,2
HOPCo,hopco,3,GREEN,0,1,1,1,HOPCo,GSBD,Goldman Sachs Asset Management,Health Care Providers & Services,42.928,43.272,-0.0079,08/15/25,10.73,,False,,False,,2025-09-30,2025-12-31,2
Circana Group (f.k.a. NPD Group),circana group,3,GREEN,0,1,1,1,Circana Group (f.k.a. NPD Group),FSK,FS/KKR Advisor,Consumer Services,42.4,42.2,0.0047,12/21/27,,,False,,False,,2025-09-30,2025-12-31,2
Absorb Software,absorb software,3,GREEN,0,1,1,1,Absorb Software,GSBD,Goldman Sachs Asset Management,Professional Services,42.111,42.06,0.0012,05/25/27,10.46,,False,,False,,2025-09-30,2025-12-31,2
Rotating Machinery Services,rotating machinery,3,GREEN,0,1,1,1,Rotating Machinery Services,GSBD,Goldman Sachs Asset Management,Machinery,41.756,41.804,-0.0011,12/26/31,8.74,,False,,False,,2025-09-30,2025-12-31,2
"CareATC, Inc.",careatc,3,GREEN,0,1,1,1,"CareATC, Inc.",TCPC,Tennenbaum Capital Partners (BlackRock),Health Care Technology,41.5008,41.7346,-0.0056,3/14/2026,7.35,,False,,False,,2025-09-30,2025-12-31,2
"Grove Hotel Parcel Owner, LLC",grove hotel,3,GREEN,0,1,1,1,"Grove Hotel Parcel Owner, LLC",OCSL,Oaktree Capital Management,"Hotels, Resorts & Cruise Lines",41.003,41.892,-0.0212,6/21/2027,8.0,,False,,False,,2025-09-30,2025-12-31,2
New Look Corporation,new look,3,GREEN,0,1,1,1,New Look Corporation,GBDC,GC Advisors,Healthcare Providers & Services,40.858,38.843,0.0519,05/2021,,,False,,False,,2025-09-30,2025-12-31,2
"DeepIntent, Inc.",deepintent,3,GREEN,0,1,1,1,"DeepIntent, Inc.",SLRC,SLR Capital Partners,Media,40.711,40.711,0.0,12/1/2023,,,False,,False,,2025-09-30,2025-12-31,2
Triumvirate Environmental,triumvirate environmental,3,GREEN,0,1,1,1,Triumvirate Environmental,GSBD,Goldman Sachs Asset Management,Commercial Services & Supplies,40.605,40.523,0.002,12/15/31,8.99,,False,,False,,2025-09-30,2025-12-31,2
Human Interest Inc.,human interest,3,GREEN,0,1,1,1,Human Interest Inc.,SLRC,SLR Capital Partners,Professional Services,40.369,40.208,0.004,6/2022,,,False,,False,,2025-09-30,2025-12-31,2
"PB Group Holdings, LLC",pb group,3,GREEN,0,1,1,1,"PB Group Holdings, LLC",GBDC,GC Advisors,Healthcare Technology,40.314,39.969,0.0086,08/2024,,,False,,False,,2025-09-30,2025-12-31,2
Capital Automotive LP,capital automotive,3,GREEN,0,1,1,1,Capital Automotive LP,FSK,FS/KKR Advisor,Equity Real Estate Investment Trusts (REITs),40.1183,39.6187,0.0126,12/22/28,11.0,,False,,False,,2025-09-30,2025-12-31,2
"ONS MSO, LLC",ons mso,3,GREEN,0,1,1,1,"ONS MSO, LLC",SLRC,SLR Capital Partners,Health Care Providers & Services,38.744,39.394,-0.0165,2/10/2023,,,False,,False,,2025-09-30,2025-12-31,2
Shields Health Solutions,shields health,3,GREEN,0,1,1,1,Shields Health Solutions,GSBD,Goldman Sachs Asset Management,Health Care Technology,38.67,38.71,-0.001,08/28/30,9.82,,False,,False,,2025-09-30,2025-12-31,2
Quorum Software,quorum software,3,GREEN,0,1,1,1,Quorum Software,GSBD,Goldman Sachs Asset Management,IT Services,38.162,38.156,0.0002,11/07/31,8.69,,False,,False,,2025-09-30,2025-12-31,2
"Mako Steel, LP",mako steel,3,GREEN,0,1,1,1,"Mako Steel, LP",MAIN,Main Street Capital (internal),,37.795,37.78,0.0004,3/15/2026,12.0,,False,,False,,2025-09-30,2025-12-31,2
Encorevet Group LLC,encorevet group,3,GREEN,0,1,1,1,Encorevet Group LLC,GBDC,GC Advisors,Healthcare Providers & Services,37.773,38.355,-0.0152,05/2024,,,False,,False,,2025-09-30,2025-12-31,2
4Refuel,4refuel,3,GREEN,0,1,1,1,4Refuel,GSBD,Goldman Sachs Asset Management,"Oil, Gas & Consumable Fuels",37.389,37.561,-0.0046,06/30/31,7.65,,False,,False,,2025-09-30,2025-12-31,2
"Brewer Crane Holdings, LLC",brewer crane,3,GREEN,0,1,1,1,"Brewer Crane Holdings, LLC",MAIN,Main Street Capital (internal),,37.016,37.856,-0.0222,12/31/2025,14.34,,False,,False,,2025-09-30,2025-12-31,2
Stack Sports,stack sports,3,GREEN,0,1,1,1,Stack Sports,GSBD,Goldman Sachs Asset Management,Interactive Media & Services,36.917,39.76,-0.0715,06/15/26,13.99,,False,,False,,2025-09-30,2025-12-31,2
"Retina Midco, Inc.",retina,3,GREEN,0,1,1,1,"Retina Midco, Inc.",SLRC,SLR Capital Partners,Health Care Providers & Services,36.778,37.219,-0.0118,12/18/2023,,,False,,False,,2025-09-30,2025-12-31,2
GreenSky Holdings LLC,greensky,3,GREEN,0,1,1,1,GreenSky Holdings LLC,FSK,FS/KKR Advisor,Financial Services,36.5397,36.5397,0.0,3/14/34,9.3,,False,,False,,2025-09-30,2025-12-31,2
Prophix Software Inc. (Canada),prophix software,3,GREEN,0,1,1,1,Prophix Software Inc. (Canada),CGBD,Carlyle Investment Management,Software,36.276,36.145,0.0036,2/1/2027,,,False,,False,,2025-09-30,2025-12-31,2
"Barnes & Noble, Inc.",barnes noble,3,GREEN,0,1,1,1,"Barnes & Noble, Inc.",CGBD,Carlyle Investment Management,Retail,36.011,35.698,0.0088,12/20/2026,,,False,,False,,2025-09-30,2025-12-31,2
Rialto Capital Management LLC,rialto capital,3,GREEN,0,1,1,1,Rialto Capital Management LLC,FSK,FS/KKR Advisor,Financial Services,35.7,35.8,-0.0028,12/5/30,,,False,,False,,2025-09-30,2025-12-31,2
"Medical Guardian, LLC",medical guardian,3,GREEN,0,1,1,1,"Medical Guardian, LLC",MFIC,"Apollo Investment Management, L.P.",Medical Guardian,35.578,35.813,-0.0066,04/26/28,1.0,,False,,False,,2025-12-31,2025-12-31,1
Speedstar Holding LLC,speedstar,3,GREEN,0,1,1,1,Speedstar Holding LLC,CGBD,Carlyle Investment Management,Auto Aftermarket & Services,35.164,35.801,-0.0178,7/22/2027,,,False,,False,,2025-09-30,2025-12-31,2
Opening Day Borrower 111 LLC,opening day,3,GREEN,0,1,1,1,Opening Day Borrower 111 LLC,GBDC,GC Advisors,Healthcare Providers & Services,35.041,6.395,4.4794,04/2023,,,False,,False,,2025-09-30,2025-12-31,2
"Club Car Wash Operating, LLC",club car,3,GREEN,0,1,1,1,"Club Car Wash Operating, LLC",MFIC,"Apollo Investment Management, L.P.",Club Car Wash,34.692,34.974,-0.0081,06/16/27,1.0,,False,,False,,2025-12-31,2025-12-31,1
Clearcourse Partnership Acquireco Finance Limited,clearcourse partnership,3,GREEN,0,1,1,1,Clearcourse Partnership Acquireco Finance Limited,GSBD,Goldman Sachs Asset Management,IT Services,34.551,32.511,0.0627,07/25/28,11.47,,False,,False,,2025-09-30,2025-12-31,2
"WellDyneRx, LLC",welldynerx,3,GREEN,0,1,1,1,"WellDyneRx, LLC",MFIC,"Apollo Investment Management, L.P.",Thomas Scientific,34.433,34.65,-0.0063,03/09/26,0.75,,False,,False,,2025-12-31,2025-12-31,1
"USLS Acquisition, Inc.",usls,3,GREEN,0,1,1,1,"USLS Acquisition, Inc.",MFIC,"Apollo Investment Management, L.P.",US Legal Support,34.348,34.43,-0.0024,06/01/26,1.0,,False,,False,,2025-12-31,2025-12-31,1
"Surf Opco, LLC",surf opco,3,GREEN,0,1,1,1,"Surf Opco, LLC",MFIC,"Apollo Investment Management, L.P.",,34.249,29.343,0.1672,09/10/26,1.0,,False,,False,,2025-12-31,2025-12-31,1
"Vybond Buyer, LLC",vybond,3,GREEN,0,1,1,1,"Vybond Buyer, LLC",MFIC,"Apollo Investment Management, L.P.",Berry Tapes & Adhesives,34.119,34.248,-0.0038,02/03/32,0.75,,False,,False,,2025-12-31,2025-12-31,1
"RideNow Group, Inc.",ridenow group,3,GREEN,0,1,1,1,"RideNow Group, Inc.",OCSL,Oaktree Capital Management,Automotive Retail,33.998,35.549,-0.0436,9/30/2027,7.75,,False,,False,,2025-12-31,2025-12-31,1
"RumbleOn, Inc.",rumbleon,3,GREEN,0,1,1,1,"RumbleOn, Inc.",OCSL,Oaktree Capital Management,Automotive Retail,33.85,35.702,-0.0519,9/30/2027,8.25,,False,,False,,2025-09-30,2025-12-31,2
"Hamilton Thorne, Inc.",hamilton thorne,3,GREEN,0,1,1,1,"Hamilton Thorne, Inc.",GSBD,Goldman Sachs Asset Management,Health Care Equipment & Supplies,33.374,32.772,0.0184,11/28/31,8.1,,False,,False,,2025-09-30,2025-12-31,2
"ATS Operating, LLC",ats operating,3,GREEN,0,1,1,1,"ATS Operating, LLC",MAIN,Main Street Capital (internal),,33.327,32.697,0.0193,1/18/2027,9.66,,False,,False,,2025-09-30,2025-12-31,2
RoC Holdco LLC,roc,3,GREEN,0,1,1,1,RoC Holdco LLC,MFIC,"Apollo Investment Management, L.P.",RoC Skincare,32.998,33.165,-0.005,02/21/30,1.0,,False,,False,,2025-12-31,2025-12-31,1
"National Express Wash Parent Holdco, LLC",national express wash,3,GREEN,0,1,1,1,"National Express Wash Parent Holdco, LLC",GBDC,GC Advisors,Automobiles,32.846,32.899,-0.0016,07/2022,,,False,,False,,2025-09-30,2025-12-31,2
Team Acquisition Corporation,team,3,GREEN,0,1,1,1,Team Acquisition Corporation,ARCC,Ares Capital Management,,32.4,37.6,-0.1383,11/2028,10.81,,False,,False,,2025-09-30,2025-12-31,2
Bullcave Limited,bullcave,3,GREEN,0,1,1,1,Bullcave Limited,MFIC,"Apollo Investment Management, L.P.",VikingCloud,32.365,32.789,-0.0129,08/06/30,0.75,,False,,False,,2025-12-31,2025-12-31,1
Avenue One PropCo,avenue one,3,GREEN,0,1,1,1,Avenue One PropCo,FSK,FS/KKR Advisor,Equity Real Estate Investment Trusts (REITs),32.3347,32.3347,0.0,3/15/34,7.0,,False,,False,,2025-09-30,2025-12-31,2
Establishment Labs Holdings Inc.,establishment labs,3,GREEN,0,1,1,1,Establishment Labs Holdings Inc.,OCSL,Oaktree Capital Management,Health Care Technology,32.074,31.5,0.0182,4/21/2027,,,False,,False,,2025-09-30,2025-12-31,2
"Libra Solutions Intermediate Holdco, LLC et al",libra solutions,3,GREEN,0,1,1,1,"Libra Solutions Intermediate Holdco, LLC et al",TCPC,Tennenbaum Capital Partners (BlackRock),Debt Investments (continued),32.068,31.7427,0.0102,7/5/2026,8.62,,False,,False,,2025-12-31,2025-12-31,1
"Cadence, Inc.",cadence,3,GREEN,0,1,1,1,"Cadence, Inc.",OBDC,Blue Owl Credit Advisors,Healthcare equipment and services,31.918,32.423,-0.0156,5/2026,,,False,,False,,2025-09-30,2025-12-31,2
"Smile Brands, Inc.",smile brands,3,GREEN,0,1,1,1,"Smile Brands, Inc.",PFLT,PennantPark Investment Advisers,Healthcare and Pharmaceuticals,31.883,36.512,-0.1268,10/12/2027,9.93,,False,,False,,2025-09-30,2025-12-31,2
"Hive Intermediate, LLC",hive,3,GREEN,0,1,1,1,"Hive Intermediate, LLC",MFIC,"Apollo Investment Management, L.P.",Hive,31.424,31.493,-0.0022,09/22/27,1.0,,False,,False,,2025-12-31,2025-12-31,1
107-109 Beech OAK22 LLC,beech oak22,3,GREEN,0,1,1,1,107-109 Beech OAK22 LLC,OCSL,Oaktree Capital Management,Real Estate Development,31.375,31.418,-0.0014,2/27/2026,,,False,,False,,2025-09-30,2025-12-31,2
"Spanx, LLC",spanx,3,GREEN,0,1,1,1,"Spanx, LLC",OCSL,Oaktree Capital Management,Apparel Retail,31.217,36.672,-0.1488,11/18/2027,5.49,,False,,False,,2025-09-30,2025-12-31,2
"Heniff Holdco, LLC",heniff,3,GREEN,0,1,1,1,"Heniff Holdco, LLC",MFIC,"Apollo Investment Management, L.P.",Heniff and Superior,31.162,31.296,-0.0043,12/03/26,1.0,,False,,False,,2025-12-31,2025-12-31,1
"CQ Fluency, LLC",cq fluency,3,GREEN,0,1,1,1,"CQ Fluency, LLC",MAIN,Main Street Capital (internal),,31.125,31.199,-0.0024,6/27/2027,10.86,,False,,False,,2025-09-30,2025-12-31,2
"Taymax Group, L.P., Taymax Group G.P., LLC, PF Salem Canada ULC and TCP Fit Parent, L.P.",taymax group,3,GREEN,0,1,1,1,"Taymax Group, L.P., Taymax Group G.P., LLC, PF Salem Canada ULC and TCP Fit Parent, L.P.",ARCC,Ares Capital Management,,31.0,19.8,0.5657,07/2027,8.71,,False,,False,,2025-09-30,2025-12-31,2
"Pioneer Buyer I, LLC",pioneer i,3,GREEN,0,1,1,1,"Pioneer Buyer I, LLC",GSBD,Goldman Sachs Asset Management,Software,30.459,30.28,0.0059,11/01/27,10.83,,False,,False,,2025-09-30,2025-12-31,2
"Nintex Topco, Limited",nintex,3,GREEN,0,1,1,1,"Nintex Topco, Limited",BXSL,Blackstone Credit Advisors,Software (continued),30.439,33.93,-0.1029,11/13/2028,,,False,,False,,2025-12-31,2025-12-31,1
"Checkmate Finance Merger Sub, LLC",checkmate finance,3,GREEN,0,1,1,1,"Checkmate Finance Merger Sub, LLC",GSBD,Goldman Sachs Asset Management,Entertainment,30.208,30.232,-0.0008,12/31/27,10.92,,False,,False,,2025-09-30,2025-12-31,2
"Zephyr Buyer, L.P.",zephyr,3,GREEN,0,1,1,1,"Zephyr Buyer, L.P.",MFIC,"Apollo Investment Management, L.P.",The Weather Company,29.886,30.505,-0.0203,01/31/31,0.5,,False,,False,,2025-12-31,2025-12-31,1
n2y,n2y,3,GREEN,0,1,1,1,n2y,GSBD,Goldman Sachs Asset Management,Software,29.829,30.098,-0.0089,05/03/29,9.19,,False,,False,,2025-09-30,2025-12-31,2
"L&S Mechanical Acquisition, LLC",ls mechanical,3,GREEN,0,1,1,1,"L&S Mechanical Acquisition, LLC",BXSL,Blackstone Credit Advisors,Building Products,29.396,29.734,-0.0114,9/1/2027,,,False,,False,,2025-12-31,2025-12-31,1
"Keel Platform, LLC",keel platform,3,GREEN,0,1,1,1,"Keel Platform, LLC",PFLT,PennantPark Investment Advisers,Metals and Mining,28.918,32.137,-0.1002,01/20/2031,,,False,,False,,2025-09-30,2025-12-31,2
"Onyx CenterSource, Inc.",onyx centersource,3,GREEN,0,1,1,1,"Onyx CenterSource, Inc.",GSBD,Goldman Sachs Asset Management,Software,28.805,28.397,0.0144,12/15/28,10.3,,False,,False,,2025-09-30,2025-12-31,2
"OpenMarket, Inc. (Infobip) (United Kingdom)",openmarket infobip,3,GREEN,0,1,1,1,"OpenMarket, Inc. (Infobip) (United Kingdom)",TCPC,Tennenbaum Capital Partners (BlackRock),Wireless Telecommunication Services,28.6419,28.3974,0.0086,9/17/2026,5.5,,False,,False,,2025-09-30,2025-12-31,2
Litify LLC,litify,3,GREEN,0,1,1,1,Litify LLC,MFIC,"Apollo Investment Management, L.P.",Litify,28.634,29.167,-0.0183,02/02/29,1.0,,False,,False,,2025-12-31,2025-12-31,1
"Chess.com, LLC",chess com,3,GREEN,0,1,1,1,"Chess.com, LLC",GSBD,Goldman Sachs Asset Management,Entertainment,28.174,28.094,0.0028,12/31/27,9.79,,False,,False,,2025-09-30,2025-12-31,2
SimPRO,simpro,3,GREEN,0,1,1,1,SimPRO,GSBD,Goldman Sachs Asset Management,Construction & Engineering,28.164,28.554,-0.0137,10/24/30,8.78,,False,,False,,2025-09-30,2025-12-31,2
"Persado, Inc.",persado,3,GREEN,0,1,1,1,"Persado, Inc.",TCPC,Tennenbaum Capital Partners (BlackRock),Internet Software and Services,27.7313,28.1147,-0.0136,6/10/2027,7.5,,False,,False,,2025-12-31,2025-12-31,1
"HRO (Hero Digital) Holdings, LLC",hro hero,3,GREEN,0,1,1,1,"HRO (Hero Digital) Holdings, LLC",MFIC,"Apollo Investment Management, L.P.",Hero Digital,27.566,27.853,-0.0103,11/18/26,1.0,,False,,False,,2025-12-31,2025-12-31,1
"The Children's Place, Inc.",children s,3,GREEN,0,1,1,1,"The Children's Place, Inc.",SLRC,SLR Capital Partners,Specialty Retail,26.884,27.291,-0.0149,12/2025,,,False,,False,,2025-12-31,2025-12-31,1
"CIBT Global, Inc.",cibt global,3,GREEN,0,1,1,1,"CIBT Global, Inc.",OBDC,Blue Owl Credit Advisors,,26.868,0.588,44.6939,6/2027,,,False,,False,,2025-09-30,2025-12-31,2
NDC Acquisition Corp.,ndc,3,GREEN,0,1,1,1,NDC Acquisition Corp.,BXSL,Blackstone Credit Advisors,Distributors,26.774,26.515,0.0098,3/9/2027,,,False,,False,,2025-12-31,2025-12-31,1
Eastern Wholesale Fence LLC,eastern wholesale,3,GREEN,0,1,1,1,Eastern Wholesale Fence LLC,MAIN,Main Street Capital (internal),,26.542,27.635,-0.0396,10/30/2025,12.74,,False,,False,,2025-09-30,2025-12-31,2
FSK Pallet Holding Corp. (Kamps),fsk pallet,3,GREEN,0,1,1,1,FSK Pallet Holding Corp. (Kamps),TCPC,Tennenbaum Capital Partners (BlackRock),Debt Investments (continued),26.5243,26.0652,0.0176,12/23/2026,6.7,,False,,False,,2025-12-31,2025-12-31,1
Everest Clinical Research Corporation,everest clinical,3,GREEN,0,1,1,1,Everest Clinical Research Corporation,GSBD,Goldman Sachs Asset Management,Professional Services,26.07,25.989,0.0031,11/06/26,9.23,,False,,False,,2025-09-30,2025-12-31,2
ABC Fitness,abc fitness,3,GREEN,0,1,1,1,ABC Fitness,GSBD,Goldman Sachs Asset Management,Financial Services,25.82,25.796,0.0009,02/24/31,9.29,,False,,False,,2025-09-30,2025-12-31,2
"3SI Security Systems, Inc.",3si security,3,GREEN,0,1,1,1,"3SI Security Systems, Inc.",GSBD,Goldman Sachs Asset Management,Commercial Services & Supplies,25.723,27.988,-0.0809,12/16/26,10.62,,False,,False,,2025-09-30,2025-12-31,2
"Greystone Select Company II, LLC (Passco)",greystone select,3,GREEN,0,1,1,1,"Greystone Select Company II, LLC (Passco)",TCPC,Tennenbaum Capital Partners (BlackRock),Real Estate Management and Development,25.513,25.2809,0.0092,3/21/2027,6.61,,False,,False,,2025-12-31,2025-12-31,1
Eldrickco Limited,eldrickco,3,GREEN,0,1,1,1,Eldrickco Limited,MFIC,"Apollo Investment Management, L.P.",The Club Company,25.503,20.048,0.2721,05/26/26,0.5,,False,,False,,2025-12-31,2025-12-31,1
"WBZ Investment, LLC",wbz investment,3,GREEN,0,1,1,1,"WBZ Investment, LLC",GBDC,GC Advisors,Leisure Products,25.233,25.217,0.0006,09/2018,,,False,,False,,2025-09-30,2025-12-31,2
"SelectQuote, Inc. and SQ ABS Issuer, LLC",selectquote and,3,GREEN,0,1,1,1,"SelectQuote, Inc. and SQ ABS Issuer, LLC",ARCC,Ares Capital Management,,25.0,24.0,0.0417,09/2027,9.82,,False,,False,,2025-09-30,2025-12-31,2
"PTL US Bidco, Inc",ptl us,3,GREEN,0,1,1,1,"PTL US Bidco, Inc",MAIN,Main Street Capital (internal),,24.354,24.649,-0.012,8/19/2027,13.03,,False,,False,,2025-09-30,2025-12-31,2
"CI GROUP, LLC",ci group,3,GREEN,0,1,1,1,"CI GROUP, LLC",MFIC,"Apollo Investment Management, L.P.",Mariani,24.348,24.728,-0.0154,03/27/30,1.0,,False,,False,,2025-12-31,2025-12-31,1
"Houston Plating and Coatings, LLC",houston plating,3,GREEN,0,1,1,1,"Houston Plating and Coatings, LLC",MAIN,Main Street Capital (internal),,24.24,18.408,0.3168,4/2/2026,10.0,,False,,False,,2025-09-30,2025-12-31,2
Redwood Software,redwood software,3,GREEN,0,1,1,1,Redwood Software,GSBD,Goldman Sachs Asset Management,Software,24.158,24.114,0.0018,12/17/31,9.0,,False,,False,,2025-09-30,2025-12-31,2
"BayMark Health Services, Inc.",baymark health,3,GREEN,0,1,1,1,"BayMark Health Services, Inc.",SLRC,SLR Capital Partners,Health Care Providers & Services,24.05,24.342,-0.012,4/1/2022,,,False,,False,,2025-09-30,2025-12-31,2
KUIU,kuiu,3,GREEN,0,1,1,1,KUIU,GSBD,Goldman Sachs Asset Management,"Textiles, Apparel & Luxury Goods",24.001,24.004,-0.0001,12/05/31,8.76,,False,,False,,2025-12-31,2025-12-31,1
"Epoch Acquisition, Inc.",epoch,3,GREEN,0,1,1,1,"Epoch Acquisition, Inc.",BXSL,Blackstone Credit Advisors,Health Care Providers & Services,23.807,23.735,0.003,10/4/2026,,,False,,False,,2025-12-31,2025-12-31,1
"Jacent Strategic Merchandising, LLC",jacent strategic,3,GREEN,0,1,1,1,"Jacent Strategic Merchandising, LLC",MFIC,"Apollo Investment Management, L.P.",Jacent,23.794,23.799,-0.0002,01/31/27,1.0,,False,,False,,2025-12-31,2025-12-31,1
"Edko, LLC",edko,3,GREEN,0,1,1,1,"Edko, LLC",GSBD,Goldman Sachs Asset Management,Commercial Services & Supplies,23.558,23.565,-0.0003,10/02/31,8.42,,False,,False,,2025-12-31,2025-12-31,1
Foundation Software,foundation software,3,GREEN,0,1,1,1,Foundation Software,GSBD,Goldman Sachs Asset Management,Construction & Engineering,23.522,23.516,0.0003,08/29/31,8.47,,False,,False,,2025-09-30,2025-12-31,2
"American Health Staffing Group, Inc.",american health,3,GREEN,0,1,1,1,"American Health Staffing Group, Inc.",MAIN,Main Street Capital (internal),,23.482,23.482,0.0,11/19/2026,12.14,,False,,False,,2025-09-30,2025-12-31,2
IOTA HOLDINGS 3,iota,3,GREEN,0,1,1,1,IOTA HOLDINGS 3,MFIC,"Apollo Investment Management, L.P.",JPW,23.449,23.836,-0.0162,03/31/32,0.0,,False,,False,,2025-12-31,2025-12-31,1
Infillion Inc.,infillion,3,GREEN,0,1,1,1,Infillion Inc.,SLRC,SLR Capital Partners,Professional Services,23.226,23.226,0.0,5/2025,,,False,,False,,2025-12-31,2025-12-31,1
Homrich & Berg Inc,homrich berg,3,GREEN,0,1,1,1,Homrich & Berg Inc,FSK,FS/KKR Advisor,Financial Services,23.1,23.2,-0.0043,8/18/31,,,False,,False,,2025-09-30,2025-12-31,2
"Rubix Foods, LLC",rubix foods,3,GREEN,0,1,1,1,"Rubix Foods, LLC",GSBD,Goldman Sachs Asset Management,Food Products,22.879,22.897,-0.0008,04/30/31,8.47,,False,,False,,2025-09-30,2025-12-31,2
Razor US LP,razor us,3,GREEN,0,1,1,1,Razor US LP,TCPC,Tennenbaum Capital Partners (BlackRock),Diversified Consumer Services,22.7113,26.3207,-0.1371,,3.0,,False,,False,,2025-12-31,2025-12-31,1
Tarpon Towers II LLC,tarpon towers,3,GREEN,0,1,1,1,Tarpon Towers II LLC,GSBD,Goldman Sachs Asset Management,Wireless Telecommunication Services,22.649,22.647,0.0001,02/01/29,9.64,,False,,False,,2025-09-30,2025-12-31,2
"Kure Pain Holdings, Inc.",kure pain,3,GREEN,0,1,1,1,"Kure Pain Holdings, Inc.",MFIC,"Apollo Investment Management, L.P.",KureSmart,22.616,22.711,-0.0042,08/30/30,1.0,,False,,False,,2025-12-31,2025-12-31,1
"Callodine Commercial Finance, LLC",callodine commercial,3,GREEN,0,1,1,1,"Callodine Commercial Finance, LLC",TCPC,Tennenbaum Capital Partners (BlackRock),Diversified Financial Services,22.0968,21.6737,0.0195,11/3/2025,11.26,,False,,False,,2025-12-31,2025-12-31,1
ABC Plumbing,abc plumbing,3,GREEN,0,1,1,1,ABC Plumbing,GSBD,Goldman Sachs Asset Management,Diversified Consumer Services,21.897,19.98,0.0959,04/26/29,10.02,,False,,False,,2025-09-30,2025-12-31,2
"Elemica Parent, Inc.",elemica,3,GREEN,0,1,1,1,"Elemica Parent, Inc.",GSBD,Goldman Sachs Asset Management,Chemicals,21.58,21.637,-0.0026,09/18/26,9.89,,False,,False,,2025-09-30,2025-12-31,2
"UVP Management, LLC",uvp management,3,GREEN,0,1,1,1,"UVP Management, LLC",SLRC,SLR Capital Partners,Health Care Providers & Services,21.566,21.799,-0.0107,9/18/2023,,,False,,False,,2025-09-30,2025-12-31,2
"OmniMax International, LLC",omnimax international,3,GREEN,0,1,1,1,"OmniMax International, LLC",MFIC,"Apollo Investment Management, L.P.",Decks & Docks,21.352,21.732,-0.0175,12/06/30,1.0,,False,,False,,2025-12-31,2025-12-31,1
"Elastic Path Software, Inc. (Canada)",elastic path,3,GREEN,0,1,1,1,"Elastic Path Software, Inc. (Canada)",TCPC,Tennenbaum Capital Partners (BlackRock),Software,21.2479,21.812,-0.0259,1/6/2026,7.76,,False,,False,,2025-12-31,2025-12-31,1
"Arcadia Solutions, Inc.",arcadia solutions,3,GREEN,0,1,1,1,"Arcadia Solutions, Inc.",MFIC,"Apollo Investment Management, L.P.",Arcadia Solutions,21.219,21.326,-0.005,08/12/32,1.0,,False,,False,,2025-12-31,2025-12-31,1
"Salon Lofts Group, LLC",salon lofts,3,GREEN,0,1,1,1,"Salon Lofts Group, LLC",GBDC,GC Advisors,Specialty Retail,21.14,21.296,-0.0073,08/2022,,,False,,False,,2025-09-30,2025-12-31,2
"IT Parent, LLC",it,3,GREEN,0,1,1,1,"IT Parent, LLC",TCPC,Tennenbaum Capital Partners (BlackRock),Insurance,21.0208,20.6741,0.0168,10/1/2026,5.93,,False,,False,,2025-12-31,2025-12-31,1
Warren Resources Inc,warren resources,3,GREEN,0,1,1,1,Warren Resources Inc,FSK,FS/KKR Advisor,Energy,21.0,0.0,,12/1/26,4.0,,False,,False,,2025-12-31,2025-12-31,1
Westwood Professional Services Inc.,westwood professional,3,GREEN,0,1,1,1,Westwood Professional Services Inc.,GSBD,Goldman Sachs Asset Management,Professional Services,20.997,21.037,-0.0019,09/19/31,8.63,,False,,False,,2025-09-30,2025-12-31,2
"ACP Packaging Intermediateco, LLC",acp packaging,3,GREEN,0,1,1,1,"ACP Packaging Intermediateco, LLC",MFIC,"Apollo Investment Management, L.P.",ACP Packaging,20.972,21.132,-0.0076,10/22/31,1.0,,False,,False,,2025-12-31,2025-12-31,1
"Acentra Holdings, LLC",acentra,3,GREEN,0,1,1,1,"Acentra Holdings, LLC",MFIC,"Apollo Investment Management, L.P.",CNSI,20.948,21.38,-0.0202,12/17/29,0.5,,False,,False,,2025-12-31,2025-12-31,1
"Rarebreed Veterinary Partners, Inc.",rarebreed veterinary,3,GREEN,0,1,1,1,"Rarebreed Veterinary Partners, Inc.",MFIC,"Apollo Investment Management, L.P.",Rarebreed,20.849,21.127,-0.0132,04/18/30,1.0,,False,,False,,2025-12-31,2025-12-31,1
Tropical Cheese,tropical cheese,3,GREEN,0,1,1,1,Tropical Cheese,GSBD,Goldman Sachs Asset Management,Food Products,20.71,20.686,0.0012,12/11/30,8.76,,False,,False,,2025-09-30,2025-12-31,2
Magnate Holding Corp.,magnate,3,GREEN,0,1,1,1,Magnate Holding Corp.,MFIC,"Apollo Investment Management, L.P.",MYCOM,20.663,20.656,0.0003,12/31/26,0.5,,False,,False,,2025-12-31,2025-12-31,1
EVER.AG Corporation,ever ag,3,GREEN,0,1,1,1,EVER.AG Corporation,MFIC,"Apollo Investment Management, L.P.",EVER.AG Corporation,20.42,20.588,-0.0082,06/24/27,1.0,,False,,False,,2025-12-31,2025-12-31,1
"WC ORS Buyer, Inc.",wc ors,3,GREEN,0,1,1,1,"WC ORS Buyer, Inc.",MFIC,"Apollo Investment Management, L.P.",ORS Nasco,20.415,20.764,-0.0168,08/07/31,0.75,,False,,False,,2025-12-31,2025-12-31,1
"Hanna Andersson, LLC",hanna andersson,3,GREEN,0,1,1,1,"Hanna Andersson, LLC",TCPC,Tennenbaum Capital Partners (BlackRock),Specialty Retail,20.3922,20.4523,-0.0029,7/2/2026,6.35,,False,,False,,2025-12-31,2025-12-31,1
"Marlin DTC-LS Midco 2, LLC",marlin dtc,3,GREEN,0,1,1,1,"Marlin DTC-LS Midco 2, LLC",MFIC,"Apollo Investment Management, L.P.",Clarus Commerce,20.361,20.405,-0.0022,07/01/26,1.0,,False,,False,,2025-12-31,2025-12-31,1
RxSense Holdings LLC,rxsense,3,GREEN,0,1,1,1,RxSense Holdings LLC,SLRC,SLR Capital Partners,Diversified Consumer Services,20.239,20.285,-0.0023,4/1/2022,,,False,,False,,2025-09-30,2025-12-31,2
RBMedia,rbmedia,3,GREEN,0,1,1,1,RBMedia,GSBD,Goldman Sachs Asset Management,Media,20.196,19.961,0.0118,08/31/28,9.92,,False,,False,,2025-09-30,2025-12-31,2
"LVF Holdings, Inc.",lvf,3,GREEN,0,1,1,1,"LVF Holdings, Inc.",CGBD,Carlyle Investment Management,Beverage & Food,19.96,19.757,0.0103,6/10/2027,,,False,,False,,2025-09-30,2025-12-31,2
"Asure Software, Inc.",asure software,3,GREEN,0,1,1,1,"Asure Software, Inc.",MFIC,"Apollo Investment Management, L.P.",Asure Software,19.912,20.0,-0.0044,04/01/30,2.0,,False,,False,,2025-12-31,2025-12-31,1
"NeuroPace, Inc.",neuropace,3,GREEN,0,1,1,1,"NeuroPace, Inc.",MFIC,"Apollo Investment Management, L.P.",NeuroPace,19.908,20.0,-0.0046,05/27/30,2.0,,False,,False,,2025-12-31,2025-12-31,1
"Southern Lifting and Hoisting, LLC",southern lifting,3,GREEN,0,1,1,1,"Southern Lifting and Hoisting, LLC",SLRC,SLR Capital Partners,Transportation Infrastructure,19.885,19.885,0.0,1/2025,,,False,,False,,2025-12-31,2025-12-31,1
Shelby 2021 Holdings Corp.,shelby,3,GREEN,0,1,1,1,Shelby 2021 Holdings Corp.,MFIC,"Apollo Investment Management, L.P.",Spectrum Automotive,19.78,19.964,-0.0092,06/29/27,0.75,,False,,False,,2025-12-31,2025-12-31,1
"YS Garments, LLC",ys garments,3,GREEN,0,1,1,1,"YS Garments, LLC",MAIN,Main Street Capital (internal),,19.632,21.484,-0.0862,8/9/2026,11.9,,False,,False,,2025-09-30,2025-12-31,2
"SPAR Marketing Force, Inc.",spar marketing,3,GREEN,0,1,1,1,"SPAR Marketing Force, Inc.",SLRC,SLR Capital Partners,Media,19.586,19.586,0.0,12/1/2023,,,False,,False,,2025-09-30,2025-12-31,2
Lighthouse Bidco GMBH,lighthouse gmbh,3,GREEN,0,1,1,1,Lighthouse Bidco GMBH,GBDC,GC Advisors,,19.539,21.927,-0.1089,,,,False,,False,,2025-09-30,2025-12-31,2
Covis Finco Sarl,covis,3,GREEN,0,1,1,1,Covis Finco Sarl,FSK,FS/KKR Advisor,"Pharmaceuticals, Biotechnology & Life Sciences",19.4,19.3,0.0052,11/20/26,,,False,,False,,2025-09-30,2025-12-31,2
"Alpinex Opco, LLC",alpinex opco,3,GREEN,0,1,1,1,"Alpinex Opco, LLC",MFIC,"Apollo Investment Management, L.P.",AlpineX,19.398,19.618,-0.0112,12/27/27,1.0,,False,,False,,2025-12-31,2025-12-31,1
"Uniguest Holdings, Inc",uniguest,3,GREEN,0,1,1,1,"Uniguest Holdings, Inc",MFIC,"Apollo Investment Management, L.P.",Uniguest,19.39,19.643,-0.0129,11/27/30,1.0,,False,,False,,2025-12-31,2025-12-31,1
"LL Management, Inc.",ll management,3,GREEN,0,1,1,1,"LL Management, Inc.",MAIN,Main Street Capital (internal),,19.212,19.212,0.0,12/31/2025,11.83,,False,,False,,2025-09-30,2025-12-31,2
"The Affiliati Network, LLC",affiliati network,3,GREEN,0,1,1,1,"The Affiliati Network, LLC",MAIN,Main Street Capital (internal),,19.002,19.027,-0.0013,8/9/2026,10.0,,False,,False,,2025-09-30,2025-12-31,2
Infront Luxembourg Finance S.À R.L. (Luxembourg),infront luxembourg,3,GREEN,0,1,1,1,Infront Luxembourg Finance S.À R.L. (Luxembourg),CGBD,Carlyle Investment Management,Leisure Products & Services,18.89,20.455,-0.0765,5/28/2027,,,False,,False,,2025-09-30,2025-12-31,2
GAT-Airline Ground Support Inc,gat airline,3,GREEN,0,1,1,1,GAT-Airline Ground Support Inc,MFIC,"Apollo Investment Management, L.P.",GAT-Airline Ground Support Inc,18.874,19.129,-0.0133,05/09/29,1.0,,False,,False,,2025-12-31,2025-12-31,1
Cedar Gate,cedar gate,3,GREEN,0,1,1,1,Cedar Gate,GSBD,Goldman Sachs Asset Management,Health Care Technology,18.832,18.912,-0.0042,06/24/26,9.83,,False,,False,,2025-09-30,2025-12-31,2
Everest Infrastructure,everest infrastructure,3,GREEN,0,1,1,1,Everest Infrastructure,GSBD,Goldman Sachs Asset Management,Wireless Telecommunication Services,18.683,18.688,-0.0003,12/07/28,10.34,,False,,False,,2025-09-30,2025-12-31,2
"Merx Aviation Finance, LLC",merx aviation,3,GREEN,0,1,1,1,"Merx Aviation Finance, LLC",MFIC,"Apollo Investment Management, L.P.",Passenger Airlines,18.575,18.575,0.0,10/31/26,10.0,,False,,False,,2025-12-31,2025-12-31,1
Trench Plate Rental Co.,trench plate,3,GREEN,0,1,1,1,Trench Plate Rental Co.,MFIC,"Apollo Investment Management, L.P.",Trench Plate,18.457,18.6,-0.0077,12/04/28,1.0,,False,,False,,2025-12-31,2025-12-31,1
"WH BorrowerCo, LLC",wh borrowerco,3,GREEN,0,1,1,1,"WH BorrowerCo, LLC",MFIC,"Apollo Investment Management, L.P.",Walters Wedding Estates,18.442,18.766,-0.0173,08/02/30,1.0,,False,,False,,2025-12-31,2025-12-31,1
"Ark Data Centers, LLC",ark data,3,GREEN,0,1,1,1,"Ark Data Centers, LLC",GSBD,Goldman Sachs Asset Management,IT Services,18.31,18.539,-0.0124,11/27/30,8.75,,False,,False,,2025-09-30,2025-12-31,2
Capitol Imaging Acquisition Corp.,capitol imaging,3,GREEN,0,1,1,1,Capitol Imaging Acquisition Corp.,GSBD,Goldman Sachs Asset Management,Health Care Providers & Services,18.214,18.152,0.0034,10/01/25,11.35,,False,,False,,2025-09-30,2025-12-31,2
"Aspen Aerogels, Inc.",aspen aerogels,3,GREEN,0,1,1,1,"Aspen Aerogels, Inc.",MFIC,"Apollo Investment Management, L.P.",Chemicals,18.156,18.441,-0.0155,08/19/29,4.5,,False,,False,,2025-12-31,2025-12-31,1
Olympus Terminals Holdco II LLC,olympus terminals,3,GREEN,0,1,1,1,Olympus Terminals Holdco II LLC,MFIC,"Apollo Investment Management, L.P.",Olympus Terminals,18.119,18.441,-0.0175,12/17/30,0.75,,False,,False,,2025-12-31,2025-12-31,1
"HealthEdge Software, Inc.",healthedge software,3,GREEN,0,1,1,1,"HealthEdge Software, Inc.",GSBD,Goldman Sachs Asset Management,Health Care Technology,18.107,18.113,-0.0003,07/16/31,9.14,,False,,False,,2025-09-30,2025-12-31,2
Ren,ren,3,GREEN,0,1,1,1,Ren,GSBD,Goldman Sachs Asset Management,Financial Services,18.003,18.01,-0.0004,07/30/32,8.34,,False,,False,,2025-09-30,2025-12-31,2
OCM Luxembourg Baccarat BidCo S.À R.L. (Interblock) (Slovenia),ocm luxembourg,3,GREEN,0,1,1,1,OCM Luxembourg Baccarat BidCo S.À R.L. (Interblock) (Slovenia),TCPC,Tennenbaum Capital Partners (BlackRock),Healthcare Providers and Services,17.75,17.2087,0.0315,6/3/2027,6.25,,False,,False,,2025-12-31,2025-12-31,1
"Fleet Farm Group, LLC",fleet farm,3,GREEN,0,1,1,1,"Fleet Farm Group, LLC",GBDC,GC Advisors,Multiline Retail,17.7326,17.732,0.0,12/2024,,,False,,False,,2025-09-30,2025-12-31,2
"TeamLINX Buyer, LLC",teamlinx,3,GREEN,0,1,1,1,"TeamLINX Buyer, LLC",MFIC,"Apollo Investment Management, L.P.",Pro Vigil,17.602,17.813,-0.0118,12/18/30,1.0,,False,,False,,2025-12-31,2025-12-31,1
Skyway Towers Intermediate LLC,skyway towers,3,GREEN,0,1,1,1,Skyway Towers Intermediate LLC,GSBD,Goldman Sachs Asset Management,Wireless Telecommunication Services,17.549,17.537,0.0007,12/22/28,9.59,,False,,False,,2025-09-30,2025-12-31,2
Spindrift Beverage Co. Inc.,spindrift beverage,3,GREEN,0,1,1,1,Spindrift Beverage Co. Inc.,GBDC,GC Advisors,Beverages,17.173,15.308,0.1218,02/2025,,,False,,False,,2025-09-30,2025-12-31,2
Precision Refrigeration & Air Conditioning LLC,precision refrigeration,3,GREEN,0,1,1,1,Precision Refrigeration & Air Conditioning LLC,MFIC,"Apollo Investment Management, L.P.",IRP,17.172,17.356,-0.0106,03/08/28,1.0,,False,,False,,2025-12-31,2025-12-31,1
Superior Environmental Solutions,superior environmental,3,GREEN,0,1,1,1,Superior Environmental Solutions,GSBD,Goldman Sachs Asset Management,Commercial Services & Supplies,17.124,16.982,0.0084,08/01/29,10.43,,False,,False,,2025-09-30,2025-12-31,2
Artera Services LLC,artera services,3,GREEN,0,1,1,1,Artera Services LLC,OCSL,Oaktree Capital Management,Construction & Engineering,17.02,19.592,-0.1313,2/15/2031,4.5,,False,,False,,2025-09-30,2025-12-31,2
Transform Bidco Limited,transform,3,GREEN,0,1,1,1,Transform Bidco Limited,GBDC,GC Advisors,,16.855,17.016,-0.0095,04/2025,,,False,,False,,2025-09-30,2025-12-31,2
"Eagle U.S. Purchaser, Inc.",eagle us,3,GREEN,0,1,1,1,"Eagle U.S. Purchaser, Inc.",MFIC,"Apollo Investment Management, L.P.",Beaufort,16.831,16.959,-0.0075,12/31/32,0.75,,False,,False,,2025-12-31,2025-12-31,1
NewtekOne,newtekone,3,GREEN,0,1,1,1,NewtekOne,GSBD,Goldman Sachs Asset Management,Financial Services,16.641,16.648,-0.0004,09/26/30,9.22,,False,,False,,2025-09-30,2025-12-31,2
"Pai Middle Tier, LLC",pai middle,3,GREEN,0,1,1,1,"Pai Middle Tier, LLC",MFIC,"Apollo Investment Management, L.P.",PAI Pharma,16.638,16.918,-0.0166,02/13/32,0.75,,False,,False,,2025-12-31,2025-12-31,1
Coherent Group Inc.,coherent group,3,GREEN,0,1,1,1,Coherent Group Inc.,OTF,Blue Owl Credit Advisors,Insurance,16.535,15.239,0.085,3/2027,,,False,,False,,2025-09-30,2025-12-31,2
Zafin Labs Americas Incorporated,zafin labs,3,GREEN,0,1,1,1,Zafin Labs Americas Incorporated,MFIC,"Apollo Investment Management, L.P.",Zafin,16.445,16.667,-0.0133,02/14/31,0.75,,False,,False,,2025-12-31,2025-12-31,1
"ALCV Purchaser, Inc. (AutoLenders)",alcv autolenders,3,GREEN,0,1,1,1,"ALCV Purchaser, Inc. (AutoLenders)",TCPC,Tennenbaum Capital Partners (BlackRock),Automobiles,16.4304,16.3807,0.003,2/25/2026,7.01,,False,,False,,2025-12-31,2025-12-31,1
"SEP Raptor Acquisition, Inc. (Loopio) (Canada)",sep raptor,3,GREEN,0,1,1,1,"SEP Raptor Acquisition, Inc. (Loopio) (Canada)",TCPC,Tennenbaum Capital Partners (BlackRock),Debt Investments (continued),16.2247,16.0166,0.013,3/31/2027,5.5,,False,,False,,2025-12-31,2025-12-31,1
TerSera Therapeutics LLC,tersera therapeutics,3,GREEN,0,1,1,1,TerSera Therapeutics LLC,MFIC,"Apollo Investment Management, L.P.",TersSera,16.22,16.581,-0.0218,04/04/29,1.0,,False,,False,,2025-12-31,2025-12-31,1
"Freedom Financial Network Funding, LLC",freedom financial,3,GREEN,0,1,1,1,"Freedom Financial Network Funding, LLC",TCPC,Tennenbaum Capital Partners (BlackRock),Consumer Finance,16.0888,16.0007,0.0055,9/21/2027,9.25,,False,,False,,2025-12-31,2025-12-31,1
VIP,vip,3,GREEN,0,1,1,1,VIP,GSBD,Goldman Sachs Asset Management,Software,16.062,16.037,0.0016,01/30/32,8.42,,False,,False,,2025-09-30,2025-12-31,2
Gainwell Acquisition Corp. (Milano Acquisition Corp),gainwell milano,3,GREEN,0,1,1,1,Gainwell Acquisition Corp. (Milano Acquisition Corp),MFIC,"Apollo Investment Management, L.P.",Gainwell,16.005,16.603,-0.036,10/01/27,0.75,,False,,False,,2025-12-31,2025-12-31,1
Aegis Toxicology Sciences Corporation,aegis toxicology,3,GREEN,0,1,1,1,Aegis Toxicology Sciences Corporation,SLRC,SLR Capital Partners,Health Care Providers & Services,15.97,16.017,-0.0029,5/7/2018,,,False,,False,,2025-09-30,2025-12-31,2
Priority Payment,priority payment,3,GREEN,0,1,1,1,Priority Payment,GSBD,Goldman Sachs Asset Management,Financial Services,15.927,15.853,0.0047,05/16/31,9.11,,False,,False,,2025-09-30,2025-12-31,2
SavATree,savatree,3,GREEN,0,1,1,1,SavATree,GSBD,Goldman Sachs Asset Management,Diversified Consumer Services,15.883,15.855,0.0018,06/06/31,8.98,,False,,False,,2025-09-30,2025-12-31,2
MGP Holdings III Corp.,mgp iii,3,GREEN,0,1,1,1,MGP Holdings III Corp.,MFIC,"Apollo Investment Management, L.P.",Meritus Gas Partners,15.777,16.009,-0.0145,03/01/30,1.0,,False,,False,,2025-12-31,2025-12-31,1
Goldcup 31018 AB,goldcup ab,3,GREEN,0,1,1,1,Goldcup 31018 AB,GBDC,GC Advisors,,15.46,17.386,-0.1108,,,,False,,False,,2025-09-30,2025-12-31,2
"August Bioservices, LLC",august bioservices,3,GREEN,0,1,1,1,"August Bioservices, LLC",MFIC,"Apollo Investment Management, L.P.",August Bio,15.377,15.434,-0.0037,06/01/29,2.0,,False,,False,,2025-12-31,2025-12-31,1
Excelligence Learning Corporation,excelligence learning,3,GREEN,0,1,1,1,Excelligence Learning Corporation,MFIC,"Apollo Investment Management, L.P.",Excelligence,15.353,15.657,-0.0194,01/18/30,1.0,,False,,False,,2025-12-31,2025-12-31,1
"US Signal Company, LLC",us signal,3,GREEN,0,1,1,1,"US Signal Company, LLC",GSBD,Goldman Sachs Asset Management,IT Services,15.146,15.164,-0.0012,09/04/29,9.7,,False,,False,,2025-09-30,2025-12-31,2
"Encore Holdings, LLC",encore,3,GREEN,0,1,1,1,"Encore Holdings, LLC",MSDL,Morgan Stanley Investment Management,Commercial Services & Supplies,15.123,14.621,0.0343,,,,False,,False,,2025-09-30,2025-12-31,2
Sapiens International,sapiens international,3,GREEN,0,1,1,1,Sapiens International,GSBD,Goldman Sachs Asset Management,Software,15.035,15.035,0.0,06/17/26,8.59,,False,,False,,2025-09-30,2025-12-31,2
Lennar Corp,lennar,3,GREEN,0,1,1,1,Lennar Corp,FSK,FS/KKR Advisor,Consumer Durables & Apparel,14.7,14.7,0.0,8/30/29,10.8,,False,,False,,2025-09-30,2025-12-31,2
Complete Paper Inc.,complete paper,3,GREEN,0,1,1,1,Complete Paper Inc.,MFIC,"Apollo Investment Management, L.P.",BiOrigin Specialty Products,14.683,14.888,-0.0138,02/04/31,0.75,,False,,False,,2025-12-31,2025-12-31,1
Auvik Networks Inc.,auvik networks,3,GREEN,0,1,1,1,Auvik Networks Inc.,GBDC,GC Advisors,Software,14.587,14.167,0.0296,07/2021,,,False,,False,,2025-09-30,2025-12-31,2
Prometheus,prometheus,3,GREEN,0,1,1,1,Prometheus,GSBD,Goldman Sachs Asset Management,Software,14.53,14.542,-0.0008,08/29/31,8.66,,False,,False,,2025-09-30,2025-12-31,2
"Dynamic Communities, LLC",dynamic communities,3,GREEN,0,1,1,1,"Dynamic Communities, LLC",MAIN,Main Street Capital (internal),,14.5,14.858,-0.0241,12/31/2026,12.37,,False,,False,,2025-09-30,2025-12-31,2
"Sophos Holdings, LLC",sophos,3,GREEN,0,1,1,1,"Sophos Holdings, LLC",OTF,Blue Owl Credit Advisors,,14.462,14.481,-0.0013,3/2027,,,False,,False,,2025-09-30,2025-12-31,2
"Clearview Buyer, Inc.",clearview,3,GREEN,0,1,1,1,"Clearview Buyer, Inc.",BXSL,Blackstone Credit Advisors,Professional Services (continued),14.458,14.343,0.008,8/26/2027,,,False,,False,,2025-12-31,2025-12-31,1
"LSF12 Donnelly Bidco, LLC",lsf12 donnelly,3,GREEN,0,1,1,1,"LSF12 Donnelly Bidco, LLC",MFIC,"Apollo Investment Management, L.P.",Carlisle Fluid Technologies,14.384,14.663,-0.019,10/02/29,1.0,,False,,False,,2025-12-31,2025-12-31,1
"Pinnacle Fertility, Inc.",pinnacle fertility,3,GREEN,0,1,1,1,"Pinnacle Fertility, Inc.",SLRC,SLR Capital Partners,Health Care Providers & Services,14.381,14.411,-0.0021,3/2025,,,False,,False,,2025-09-30,2025-12-31,2
Zipari Inc.,zipari,3,GREEN,0,1,1,1,Zipari Inc.,GSBD,Goldman Sachs Asset Management,Health Care Technology,14.247,14.144,0.0073,09/05/31,,,False,,False,,2025-09-30,2025-12-31,2
Painters Supply and Equipment Co.,painters supply,3,GREEN,0,1,1,1,Painters Supply and Equipment Co.,MFIC,"Apollo Investment Management, L.P.",PSE,14.226,14.377,-0.0105,08/10/27,1.0,,False,,False,,2025-12-31,2025-12-31,1
"Traffic Management Solutions, LLC",traffic management,3,GREEN,0,1,1,1,"Traffic Management Solutions, LLC",MFIC,"Apollo Investment Management, L.P.",,14.222,14.42,-0.0137,11/26/30,1.0,,False,,False,,2025-12-31,2025-12-31,1
"Nvest, Inc. (SigFig)",nvest sigfig,3,GREEN,0,1,1,1,"Nvest, Inc. (SigFig)",TCPC,Tennenbaum Capital Partners (BlackRock),Debt Investments (continued),14.1303,14.3642,-0.0163,9/15/2025,7.5,,False,,False,,2025-12-31,2025-12-31,1
Distinct Holdings Inc,distinct,3,GREEN,0,1,1,1,Distinct Holdings Inc,MFIC,"Apollo Investment Management, L.P.",Distinct,14.108,14.337,-0.016,07/18/29,1.0,,False,,False,,2025-12-31,2025-12-31,1
WildBrain Ltd.,wildbrain,3,GREEN,0,1,1,1,WildBrain Ltd.,MFIC,"Apollo Investment Management, L.P.",DHX,13.901,14.163,-0.0185,07/23/29,1.0,,False,,False,,2025-12-31,2025-12-31,1
Entrust,entrust,3,GREEN,0,1,1,1,Entrust,GSBD,Goldman Sachs Asset Management,Commercial Services & Supplies,13.869,13.803,0.0048,02/07/31,9.42,,False,,False,,2025-09-30,2025-12-31,2
SAMBA Safety Inc,samba safety,3,GREEN,0,1,1,1,SAMBA Safety Inc,FSK,FS/KKR Advisor,Software & Services,13.6,13.6,0.0,9/1/27,,,False,,False,,2025-09-30,2025-12-31,2
EmpiRx Health LLC,empirx health,3,GREEN,0,1,1,1,EmpiRx Health LLC,MFIC,"Apollo Investment Management, L.P.",EmpiRx,13.593,13.727,-0.0098,08/05/29,1.0,,False,,False,,2025-12-31,2025-12-31,1
IW Buyer LLC,iw,3,GREEN,0,1,1,1,IW Buyer LLC,MFIC,"Apollo Investment Management, L.P.",International Wire Group,13.523,13.666,-0.0105,06/28/29,1.0,,False,,False,,2025-12-31,2025-12-31,1
"ERC Topco Holdings, LLC",erc,3,GREEN,0,1,1,1,"ERC Topco Holdings, LLC",GBDC,GC Advisors,Healthcare Providers & Services,13.52,9.325,0.4499,03/2025,,,False,,False,,2025-09-30,2025-12-31,2
"Intelligent Medical Objects, Inc.",intelligent medical,3,GREEN,0,1,1,1,"Intelligent Medical Objects, Inc.",GSBD,Goldman Sachs Asset Management,Health Care Technology,13.471,13.643,-0.0126,05/11/28,9.42,,False,,False,,2025-09-30,2025-12-31,2
BusPatrol Holdco,buspatrol,3,GREEN,0,1,1,1,BusPatrol Holdco,MFIC,"Apollo Investment Management, L.P.",BusPatrol,13.36,13.466,-0.0079,08/02/29,1.0,,False,,False,,2025-12-31,2025-12-31,1
"Stella & Chewy's, LLC",stella chewy,3,GREEN,0,1,1,1,"Stella & Chewy's, LLC",SLRC,SLR Capital Partners,Consumer Staples Distribution & Retail,13.327,13.494,-0.0124,3/2025,,,False,,False,,2025-12-31,2025-12-31,1
"BDG Media, Inc.",bdg media,3,GREEN,0,1,1,1,"BDG Media, Inc.",SLRC,SLR Capital Partners,Media,13.303,13.303,0.0,7/2022,,,False,,False,,2025-09-30,2025-12-31,2
"IMO Investor Holdings, Inc.",imo investor,3,GREEN,0,1,1,1,"IMO Investor Holdings, Inc.",GSBD,Goldman Sachs Asset Management,Health Care Technology,13.24,13.22,0.0015,05/11/28,8.61,,False,,False,,2025-09-30,2025-12-31,2
"Barfly Ventures, LLC",barfly ventures,3,GREEN,0,1,1,1,"Barfly Ventures, LLC",MAIN,Main Street Capital (internal),,13.142,4.59,1.8632,10/31/2026,7.0,,False,,False,,2025-09-30,2025-12-31,2
"Ideal Components Acquisition, LLC",ideal components,3,GREEN,0,1,1,1,"Ideal Components Acquisition, LLC",MFIC,"Apollo Investment Management, L.P.",Ideal Tridon,13.112,13.326,-0.0161,06/30/32,0.75,,False,,False,,2025-12-31,2025-12-31,1
Global Critical Logistics,global critical logistics,3,GREEN,0,1,1,1,Global Critical Logistics,GSBD,Goldman Sachs Asset Management,Air Freight & Logistics,13.111,13.115,-0.0003,07/30/32,8.42,,False,,False,,2025-09-30,2025-12-31,2
"Natus Sensory, Inc.",natus sensory,3,GREEN,0,1,1,1,"Natus Sensory, Inc.",MFIC,"Apollo Investment Management, L.P.",Natus Sensory,13.064,13.149,-0.0065,01/07/31,0.6,,False,,False,,2025-12-31,2025-12-31,1
"A Place For Mom, Inc.",a place,3,GREEN,0,1,1,1,"A Place For Mom, Inc.",GSBD,Goldman Sachs Asset Management,Diversified Consumer Services,13.059,14.21,-0.081,02/10/26,9.1,,False,,False,,2025-09-30,2025-12-31,2
"Greystone Affordable Housing Initiatives, LLC",greystone affordable,3,GREEN,0,1,1,1,"Greystone Affordable Housing Initiatives, LLC",TCPC,Tennenbaum Capital Partners (BlackRock),Real Estate Management and Development,12.9229,12.9282,-0.0004,3/2/2026,6.43,,False,,False,,2025-12-31,2025-12-31,1
"Maxor National Pharmacy Services, LLC",maxor national,3,GREEN,0,1,1,1,"Maxor National Pharmacy Services, LLC",MFIC,"Apollo Investment Management, L.P.",LucidHealth,12.79,13.051,-0.02,03/01/29,1.0,,False,,False,,2025-12-31,2025-12-31,1
MeridianLink,meridianlink,3,GREEN,0,1,1,1,MeridianLink,GSBD,Goldman Sachs Asset Management,Software,12.73,12.731,-0.0001,10/25/32,8.37,,False,,False,,2025-09-30,2025-12-31,2
Tasty Chick'n LLC,tasty chick,3,GREEN,0,1,1,1,Tasty Chick'n LLC,MFIC,"Apollo Investment Management, L.P.",Tasty Chick'n,12.643,12.801,-0.0123,05/16/29,1.0,,False,,False,,2025-12-31,2025-12-31,1
Alpha Financial Markets Consulting PLC,alpha financial,3,GREEN,0,1,1,1,Alpha Financial Markets Consulting PLC,FSK,FS/KKR Advisor,Commercial & Professional Services,12.5,11.9,0.0504,8/16/31,,,False,,False,,2025-09-30,2025-12-31,2
FC2 LLC,fc2,3,GREEN,0,1,1,1,FC2 LLC,MFIC,"Apollo Investment Management, L.P.",Chemicals,12.5,12.5,0.0,10/14/27,6.5,,False,,False,,2025-12-31,2025-12-31,1
"DCM Parent, LLC",dcm,3,GREEN,0,1,1,1,"DCM Parent, LLC",MFIC,"Apollo Investment Management, L.P.",DCM Services,12.403,12.579,-0.014,03/12/31,1.0,,False,,False,,2025-12-31,2025-12-31,1
"HEF Safety Ultimate Holdings, LLC",hef safety,3,GREEN,0,1,1,1,"HEF Safety Ultimate Holdings, LLC",MFIC,"Apollo Investment Management, L.P.",SafetyCo,12.383,12.62,-0.0188,11/19/29,1.0,,False,,False,,2025-12-31,2025-12-31,1
"pH Beauty Holdings III, Inc.",ph beauty,3,GREEN,0,1,1,1,"pH Beauty Holdings III, Inc.",ARCC,Ares Capital Management,,12.2,12.2,0.0,09/2027,8.78,,False,,False,,2025-09-30,2025-12-31,2
"Metal Supermarkets US Buyer, LLC",metal supermarkets,3,GREEN,0,1,1,1,"Metal Supermarkets US Buyer, LLC",GBDC,GC Advisors,Specialty Retail,12.095,11.799,0.0251,12/2024,,,False,,False,,2025-09-30,2025-12-31,2
"Connexin Software, Inc.",connexin software,3,GREEN,0,1,1,1,"Connexin Software, Inc.",GBDC,GC Advisors,Healthcare Technology,11.957,11.922,0.0029,02/2018,,,False,,False,,2025-09-30,2025-12-31,2
"OMH-Healthedge Holdings, Inc.",omh healthedge,3,GREEN,0,1,1,1,"OMH-Healthedge Holdings, Inc.",MFIC,"Apollo Investment Management, L.P.",Omega Healthcare,11.919,11.928,-0.0008,04/01/30,1.0,,False,,False,,2025-12-31,2025-12-31,1
BMS Holdings III Corp.,bms iii,3,GREEN,0,1,1,1,BMS Holdings III Corp.,CGBD,Carlyle Investment Management,Construction & Building,11.887,12.459,-0.0459,9/30/2026,,,False,,False,,2025-09-30,2025-12-31,2
"Smartronix, LLC",smartronix,3,GREEN,0,1,1,1,"Smartronix, LLC",PFLT,PennantPark Investment Advisers,Aerospace and Defense,11.877,11.861,0.0013,02/06/2032,8.42,,False,,False,,2025-09-30,2025-12-31,2
"M&M OPCO, LLC",mm opco,3,GREEN,0,1,1,1,"M&M OPCO, LLC",MFIC,"Apollo Investment Management, L.P.",Escalent,11.76,11.978,-0.0182,04/07/29,1.0,,False,,False,,2025-12-31,2025-12-31,1
Trescal SA,trescal sa,3,GREEN,0,1,1,1,Trescal SA,FSK,FS/KKR Advisor,Commercial & Professional Services,11.7,11.5,0.0174,4/29/30,,,False,,False,,2025-09-30,2025-12-31,2
Accelevation LLC,accelevation,3,GREEN,0,1,1,1,Accelevation LLC,MFIC,"Apollo Investment Management, L.P.",Construction & Engineering,11.603,11.793,-0.0161,01/02/31,0.75,,False,,False,,2025-12-31,2025-12-31,1
"NAS, LLC and Nationwide Marketing Group, LLC",nas and,3,GREEN,0,1,1,1,"NAS, LLC and Nationwide Marketing Group, LLC",ARCC,Ares Capital Management,,11.5,11.5,0.0,04/2026,10.49,,False,,False,,2025-09-30,2025-12-31,2
TCW Midco LLC,tcw,3,GREEN,0,1,1,1,TCW Midco LLC,MFIC,"Apollo Investment Management, L.P.",Team Car Wash,11.474,11.572,-0.0085,10/22/29,1.0,,False,,False,,2025-12-31,2025-12-31,1
"Oranje Holdco, Inc.",oranje,3,GREEN,0,1,1,1,"Oranje Holdco, Inc.",CGBD,Carlyle Investment Management,Business Services,11.466,11.195,0.0242,2/1/2029,,,False,,False,,2025-09-30,2025-12-31,2
Pursuit Aerospace,pursuit aerospace,3,GREEN,0,1,1,1,Pursuit Aerospace,GSBD,Goldman Sachs Asset Management,Aerospace & Defense,11.361,11.319,0.0037,09/30/31,8.67,,False,,False,,2025-09-30,2025-12-31,2
Southern Transport LLC,southern transport,3,GREEN,0,1,1,1,Southern Transport LLC,SLRC,SLR Capital Partners,Transportation Infrastructure,11.188,11.188,0.0,1/2025,,,False,,False,,2025-12-31,2025-12-31,1
Concert Golf Partners Holdco LLC,concert golf,3,GREEN,0,1,1,1,Concert Golf Partners Holdco LLC,BCSF,Bain Capital Credit,Non-Controlled/Non-Affiliate Investments,11.029,11.134,-0.0094,4/1/2030,4.5,,False,,False,,2025-09-30,2025-09-30,1
"Stretto, Inc.",stretto,3,GREEN,0,1,1,1,"Stretto, Inc.",MFIC,"Apollo Investment Management, L.P.",Stretto,10.911,10.95,-0.0036,10/13/28,1.0,,False,,False,,2025-12-31,2025-12-31,1
"Smith Topco, Inc.",smith,3,GREEN,0,1,1,1,"Smith Topco, Inc.",MFIC,"Apollo Investment Management, L.P.",Smith System,10.904,11.067,-0.0147,11/06/29,1.0,,False,,False,,2025-12-31,2025-12-31,1
"Pavement Preservation Acquisition, LLC",pavement preservation,3,GREEN,0,1,1,1,"Pavement Preservation Acquisition, LLC",MFIC,"Apollo Investment Management, L.P.",Pavement Preservation,10.848,11.042,-0.0176,08/09/30,1.0,,False,,False,,2025-12-31,2025-12-31,1
"Amylu Borrower Sub, LLC",amylu sub,3,GREEN,0,1,1,1,"Amylu Borrower Sub, LLC",MFIC,"Apollo Investment Management, L.P.",Amylu Foods,10.805,10.91,-0.0096,06/10/31,0.75,,False,,False,,2025-12-31,2025-12-31,1
"Overhaul Group, Inc.",overhaul group,3,GREEN,0,1,1,1,"Overhaul Group, Inc.",MFIC,"Apollo Investment Management, L.P.",Jacent,10.664,10.714,-0.0047,08/01/30,1.0,,False,,False,,2025-12-31,2025-12-31,1
"Lunar Buyer, LLC",lunar,3,GREEN,0,1,1,1,"Lunar Buyer, LLC",MFIC,"Apollo Investment Management, L.P.",Meristem Crop Performance,10.511,10.727,-0.0201,10/03/30,0.75,,False,,False,,2025-12-31,2025-12-31,1
"Arnott, LLC",arnott,3,GREEN,0,1,1,1,"Arnott, LLC",GBDC,GC Advisors,Auto Components,10.41,10.615,-0.0193,12/2024,,,False,,False,,2025-09-30,2025-12-31,2
Eleven Software,eleven software,3,GREEN,0,1,1,1,Eleven Software,BCSF,Bain Capital Credit,High Tech Industries,10.343,9.932,0.0414,9/25/2026,8.02,,False,,False,,2025-09-30,2025-09-30,1
"Uplight, Inc.",uplight,3,GREEN,0,1,1,1,"Uplight, Inc.",MFIC,"Apollo Investment Management, L.P.",Uplight,10.225,10.3,-0.0073,06/01/29,4.0,,False,,False,,2025-12-31,2025-12-31,1
LendingPoint 2018-1 Funding Trust,lendingpoint funding,3,GREEN,0,1,1,1,LendingPoint 2018-1 Funding Trust,MFIC,"Apollo Investment Management, L.P.",Lending Point,10.191,10.16,0.0031,12/31/29,1.0,,False,,False,,2025-12-31,2025-12-31,1
"CSHC Buyerco, LLC",cshc buyerco,3,GREEN,0,1,1,1,"CSHC Buyerco, LLC",MFIC,"Apollo Investment Management, L.P.",Capsa Healthcare,10.184,10.249,-0.0063,09/08/26,1.0,,False,,False,,2025-12-31,2025-12-31,1
"NP Riverhead Industrial, LLC",np riverhead,3,GREEN,0,1,1,1,"NP Riverhead Industrial, LLC",PNNT,PennantPark Investment Advisers,Buildings and Real Estate,10.019,10.0,0.0019,12/10/2025,,,False,,False,,2025-09-30,2025-12-31,2
"Wilbur-Ellis Holdings II, LLC",wilbur ellis,3,GREEN,0,1,1,1,"Wilbur-Ellis Holdings II, LLC",SLRC,SLR Capital Partners,Fertilizer & Agricultural Chemicals,10.011,10.011,0.0,6/2025,,,False,,False,,2025-09-30,2025-12-31,2
"Lookout, Inc.",lookout,3,GREEN,0,1,1,1,"Lookout, Inc.",MFIC,"Apollo Investment Management, L.P.",Lookout,9.963,10.0,-0.0037,06/01/29,3.0,,False,,False,,2025-12-31,2025-12-31,1
Pro-PT,pro pt,3,GREEN,0,1,1,1,Pro-PT,GSBD,Goldman Sachs Asset Management,Health Care Providers & Services,9.893,9.623,0.0281,05/31/26,11.75,,False,,False,,2025-09-30,2025-12-31,2
Altitude II IRL WH Borrower DAC,altitude ii,3,GREEN,0,1,1,1,Altitude II IRL WH Borrower DAC,FSK,FS/KKR Advisor,Capital Goods,9.8,9.8,0.0,1/12/30,,,False,,False,,2025-09-30,2025-12-31,2
"All Star Recruiting Locums, LLC",all star,3,GREEN,0,1,1,1,"All Star Recruiting Locums, LLC",MFIC,"Apollo Investment Management, L.P.",All Star,9.68,9.856,-0.0179,05/01/30,1.0,,False,,False,,2025-12-31,2025-12-31,1
"SEV Intermediate Holdco, LLC",sev,3,GREEN,0,1,1,1,"SEV Intermediate Holdco, LLC",MFIC,"Apollo Investment Management, L.P.",SEV,9.655,9.865,-0.0213,06/21/30,0.75,,False,,False,,2025-12-31,2025-12-31,1
Harri US LLC,harri us,3,GREEN,0,1,1,1,Harri US LLC,GBDC,GC Advisors,Healthcare Technology,9.649,7.149,0.3497,10/2021,,,False,,False,,2025-09-30,2025-12-31,2
Octagon Towers LLC,octagon towers,3,GREEN,0,1,1,1,Octagon Towers LLC,GSBD,Goldman Sachs Asset Management,Wireless Telecommunication Services,9.607,9.607,0.0,09/04/28,8.68,,False,,False,,2025-12-31,2025-12-31,1
Club Champion LLC,club champion,3,GREEN,0,1,1,1,Club Champion LLC,MFIC,"Apollo Investment Management, L.P.",Club Champion,9.568,9.689,-0.0125,06/14/29,0.75,,False,,False,,2025-12-31,2025-12-31,1
SkyZone,skyzone,3,GREEN,0,1,1,1,SkyZone,GSBD,Goldman Sachs Asset Management,Leisure Products,9.477,9.395,0.0087,07/18/28,10.67,,False,,False,,2025-09-30,2025-12-31,2
"OIS Management Services, LLC",ois management,3,GREEN,0,1,1,1,"OIS Management Services, LLC",SLRC,SLR Capital Partners,Health Care Providers & Services,9.368,9.462,-0.0099,10/2025,,,False,,False,,2025-12-31,2025-12-31,1
IBG Borrower LLC,ibg,3,GREEN,0,1,1,1,IBG Borrower LLC,MFIC,"Apollo Investment Management, L.P.",Iconix Brand Group,9.094,9.206,-0.0122,08/22/29,1.0,,False,,False,,2025-12-31,2025-12-31,1
"Animal Supply Intermediate, LLC",animal supply,3,GREEN,0,1,1,1,"Animal Supply Intermediate, LLC",GSBD,Goldman Sachs Asset Management,Distributors,9.031,0.0,,11/14/25,,,False,,False,,2025-09-30,2025-12-31,2
"Origami Opportunities Fund III, L.P.",origami opportunities,3,GREEN,0,1,1,1,"Origami Opportunities Fund III, L.P.",MFIC,"Apollo Investment Management, L.P.",Origami Opportunities Fund III,9.007,9.091,-0.0092,10/25/27,2.0,,False,,False,,2025-12-31,2025-12-31,1
Texada Software LLC,texada software,3,GREEN,0,1,1,1,Texada Software LLC,MFIC,"Apollo Investment Management, L.P.",Texada,8.894,9.051,-0.0173,04/30/30,1.0,,False,,False,,2025-12-31,2025-12-31,1
Trillium Health Care Products Inc.,trillium health,3,GREEN,0,1,1,1,Trillium Health Care Products Inc.,MFIC,"Apollo Investment Management, L.P.",Trillium,8.881,9.05,-0.0187,08/06/31,1.0,,False,,False,,2025-12-31,2025-12-31,1
masLabor,maslabor,3,GREEN,0,1,1,1,masLabor,BCSF,Bain Capital Credit,Services: Business,8.801,8.428,0.0443,7/1/2027,7.5,,False,,False,,2025-09-30,2025-09-30,1
"Arrivia, Inc. (International Cruise & Excursion Gallery, Inc)",arrivia international,3,GREEN,0,1,1,1,"Arrivia, Inc. (International Cruise & Excursion Gallery, Inc)",MFIC,"Apollo Investment Management, L.P.",Guernsey,8.739,4.012,1.1782,12/31/28,1.0,,False,,False,,2025-12-31,2025-12-31,1
Ichor Management Limited,ichor management,3,GREEN,0,1,1,1,Ichor Management Limited,MFIC,"Apollo Investment Management, L.P.",Instem,8.719,8.883,-0.0185,12/08/29,1.0,,False,,False,,2025-12-31,2025-12-31,1
"Towerco IV Holdings, LLC",towerco iv,3,GREEN,0,1,1,1,"Towerco IV Holdings, LLC",GSBD,Goldman Sachs Asset Management,Wireless Telecommunication Services,8.682,8.657,0.0029,08/31/28,7.88,,False,,False,,2025-09-30,2025-12-31,2
Bankers Healthcare Group LLC,bankers healthcare,3,GREEN,0,1,1,1,Bankers Healthcare Group LLC,FSK,FS/KKR Advisor,Financial Services,8.6,8.8,-0.0227,11/8/27,22.0,,False,,False,,2025-09-30,2025-12-31,2
"ASM Buyer, Inc.",asm,3,GREEN,0,1,1,1,"ASM Buyer, Inc.",GSBD,Goldman Sachs Asset Management,Commercial Services & Supplies,8.569,8.422,0.0175,08/22/30,10.01,,False,,False,,2025-09-30,2025-12-31,2
PARS Group LLC,pars group,3,GREEN,0,1,1,1,PARS Group LLC,MFIC,"Apollo Investment Management, L.P.",PARS Group LLC,8.555,8.636,-0.0094,04/03/28,1.5,,False,,False,,2025-12-31,2025-12-31,1
Snowbird Manager LP,snowbird manager,3,GREEN,0,1,1,1,Snowbird Manager LP,OBDC,Blue Owl Credit Advisors,Financial services,8.425,9.425,-0.1061,,,,False,,False,,2025-12-31,2025-12-31,1
Justin's LLC,justin s,3,GREEN,0,1,1,1,Justin's LLC,MFIC,"Apollo Investment Management, L.P.",Justin's,8.406,8.469,-0.0074,12/15/31,1.0,,False,,False,,2025-12-31,2025-12-31,1
"Critical Start, Inc.",critical start,3,GREEN,0,1,1,1,"Critical Start, Inc.",GBDC,GC Advisors,IT Services,8.401,8.396,0.0006,05/2022,,,False,,False,,2025-09-30,2025-12-31,2
Paladone Group Bidco Limited,paladone group,3,GREEN,0,1,1,1,Paladone Group Bidco Limited,MFIC,"Apollo Investment Management, L.P.",Paladone,8.398,8.372,0.0031,11/12/27,1.0,,False,,False,,2025-12-31,2025-12-31,1
"Relevant Industrial, LLC",relevant industrial,3,GREEN,0,1,1,1,"Relevant Industrial, LLC",MFIC,"Apollo Investment Management, L.P.",Relevant Industrial,8.37,8.512,-0.0167,05/16/31,1.0,,False,,False,,2025-12-31,2025-12-31,1
"Jackmont Hospitality, Inc.",jackmont hospitality,3,GREEN,0,1,1,1,"Jackmont Hospitality, Inc.",MAIN,Main Street Capital (internal),,8.334,6.814,0.2231,11/4/2026,12.18,,False,,False,,2025-09-30,2025-12-31,2
"Easy Mile Fitness, LLC",easy mile,3,GREEN,0,1,1,1,"Easy Mile Fitness, LLC",GSBD,Goldman Sachs Asset Management,"Hotels, Restaurants & Leisure",8.282,8.3,-0.0022,09/12/29,11.09,,False,,False,,2025-09-30,2025-12-31,2
"Modigent, LLC (Pueblo)",modigent pueblo,3,GREEN,0,1,1,1,"Modigent, LLC (Pueblo)",TCPC,Tennenbaum Capital Partners (BlackRock),Commercial Services & Supplies,8.28,8.1259,0.019,8/23/2027,5.84,,False,,False,,2025-12-31,2025-12-31,1
"YTC Enterprises, LLC",ytc enterprises,3,GREEN,0,1,1,1,"YTC Enterprises, LLC",MFIC,"Apollo Investment Management, L.P.",Taco Cabana,8.223,8.233,-0.0012,08/16/26,1.0,,False,,False,,2025-12-31,2025-12-31,1
"Airwavz Solutions, Inc.",airwavz solutions,3,GREEN,0,1,1,1,"Airwavz Solutions, Inc.",GSBD,Goldman Sachs Asset Management,Wireless Telecommunication Services,8.123,8.149,-0.0032,03/31/27,9.07,,False,,False,,2025-09-30,2025-12-31,2
Reaction Biology Corporation,reaction biology,3,GREEN,0,1,1,1,Reaction Biology Corporation,GBDC,GC Advisors,Life Sciences Tools & Services,8.1161,8.255,-0.0168,03/2025,,,False,,False,,2025-09-30,2025-12-31,2
"Mesoblast, Inc.",mesoblast,3,GREEN,0,1,1,1,"Mesoblast, Inc.",OCSL,Oaktree Capital Management,Biotechnology,8.035,7.09,0.1333,11/19/2026,,,False,,False,,2025-09-30,2025-12-31,2
"Polaris Newco, LLC",polaris newco,3,GREEN,0,1,1,1,"Polaris Newco, LLC",MFIC,"Apollo Investment Management, L.P.",Solera,8.024,8.066,-0.0052,06/02/28,0.5,,False,,False,,2025-12-31,2025-12-31,1
"Collision SP Subco, LLC",collision sp,3,GREEN,0,1,1,1,"Collision SP Subco, LLC",GBDC,GC Advisors,Auto Components,7.89,7.987,-0.0121,,,,False,,False,,2025-09-30,2025-12-31,2
RHI Acquisition LLC,rhi,3,GREEN,0,1,1,1,RHI Acquisition LLC,MFIC,"Apollo Investment Management, L.P.",Definiti LLC,7.887,8.044,-0.0195,03/16/29,1.0,,False,,False,,2025-12-31,2025-12-31,1
Titan Luxco I SARL,titan luxco,3,GREEN,0,1,1,1,Titan Luxco I SARL,MFIC,"Apollo Investment Management, L.P.",Project Titan,7.827,7.7,0.0165,06/12/31,0.75,,False,,False,,2025-12-31,2025-12-31,1
Brush Group Bidco Limited,brush group,3,GREEN,0,1,1,1,Brush Group Bidco Limited,MFIC,"Apollo Investment Management, L.P.",Brush Group,7.815,5.985,0.3058,07/30/31,0.0,,False,,False,,2025-12-31,2025-12-31,1
"EIS Acquisition Holdings, LP",eis,3,GREEN,0,1,1,1,"EIS Acquisition Holdings, LP",BXSL,Blackstone Credit Advisors,Distributors,7.796,3.35,1.3272,11/1/2021,,,False,,False,,2025-12-31,2025-12-31,1
Ultra Clean Holdco LLC,ultra clean,3,GREEN,0,1,1,1,Ultra Clean Holdco LLC,MFIC,"Apollo Investment Management, L.P.",Ultra Clean Newco,7.786,7.941,-0.0195,07/01/30,1.0,,False,,False,,2025-12-31,2025-12-31,1
GI Apple Midco LLC,gi apple,3,GREEN,0,1,1,1,GI Apple Midco LLC,MFIC,"Apollo Investment Management, L.P.",Atlas Technical Consultants,7.714,7.815,-0.0129,04/19/29,1.0,,False,,False,,2025-12-31,2025-12-31,1
USR Parent Inc.,usr,3,GREEN,0,1,1,1,USR Parent Inc.,CGBD,Carlyle Investment Management,Retail,7.578,7.613,-0.0046,4/25/2027,,,False,,False,,2025-09-30,2025-12-31,2
Mach Acquisition R/C,mach rc,3,GREEN,0,1,1,1,Mach Acquisition R/C,BCSF,Bain Capital Credit,Aerospace & Defense,7.49,7.532,-0.0056,10/19/2026,7.15,,False,,False,,2025-09-30,2025-09-30,1
CWC Fund I Co-Invest (ALTI) LP,cwc fund,3,GREEN,0,1,1,1,CWC Fund I Co-Invest (ALTI) LP,ARCC,Ares Capital Management,Investment Funds and Vehicles,7.4,6.3,0.1746,03/2024,,,False,,False,,2025-09-30,2025-12-31,2
Four Winds Interactive LLC,four winds,3,GREEN,0,1,1,1,Four Winds Interactive LLC,MFIC,"Apollo Investment Management, L.P.",New Relic,7.393,7.523,-0.0173,02/20/30,0.75,,False,,False,,2025-12-31,2025-12-31,1
"Micross Topco, Inc.",micross,3,GREEN,0,1,1,1,"Micross Topco, Inc.",BXSL,Blackstone Credit Advisors,Aerospace & Defense,7.198,4.767,0.51,3/28/2022,,,False,,False,,2025-12-31,2025-12-31,1
ES Integrated,es integrated,3,GREEN,0,1,1,1,ES Integrated,GSBD,Goldman Sachs Asset Management,Commercial Services & Supplies,7.166,7.144,0.0031,09/24/31,8.47,,False,,False,,2025-09-30,2025-12-31,2
Chronicle Parent LLC,chronicle,3,GREEN,0,1,1,1,Chronicle Parent LLC,MFIC,"Apollo Investment Management, L.P.",Lexitas,7.111,7.184,-0.0102,04/15/31,1.0,,False,,False,,2025-12-31,2025-12-31,1
"Mineola 212, LLC",mineola,3,GREEN,0,1,1,1,"Mineola 212, LLC",PNNT,PennantPark Investment Advisers,Buildings and Real Estate,7.018,7.0,0.0026,12/24/2025,,,False,,False,,2025-09-30,2025-12-31,2
Fusion Holding Corp. (Finalsite),fusion finalsite,3,GREEN,0,1,1,1,Fusion Holding Corp. (Finalsite),TCPC,Tennenbaum Capital Partners (BlackRock),Diversified Consumer Services,6.9756,7.067,-0.0129,9/15/2027,6.23,,False,,False,,2025-09-30,2025-12-31,2
"Roscoe Medical, Inc",roscoe medical,3,GREEN,0,1,1,1,"Roscoe Medical, Inc",MFIC,"Apollo Investment Management, L.P.",Compass Health,6.885,7.536,-0.0864,04/11/25,2.0,,False,,False,,2025-12-31,2025-12-31,1
"PCG-TAC-CV, LP",pcg tac,3,GREEN,0,1,1,1,"PCG-TAC-CV, LP",ARCC,Ares Capital Management,Investment Funds and Vehicles,6.8,0.0,,01/2025,,,False,,False,,2025-09-30,2025-12-31,2
"Tarrytown Acquisition Holdings, LLC",tarrytown,3,GREEN,0,1,1,1,"Tarrytown Acquisition Holdings, LLC",MFIC,"Apollo Investment Management, L.P.",Tarrytown,6.784,6.818,-0.005,11/12/32,0.75,,False,,False,,2025-12-31,2025-12-31,1
"Environmental Protection & Improvement Company, LLC",environmental protection,3,GREEN,0,1,1,1,"Environmental Protection & Improvement Company, LLC",SLRC,SLR Capital Partners,Ground Transportation,6.763,6.783,-0.0029,10/1/2027,8.25,,False,,False,,2025-09-30,2025-12-31,2
"DecisionHR Holdings, Inc.",decisionhr,3,GREEN,0,1,1,1,"DecisionHR Holdings, Inc.",MFIC,"Apollo Investment Management, L.P.",DecisionHR,6.741,6.809,-0.01,12/08/31,1.0,,False,,False,,2025-12-31,2025-12-31,1
O6 Environmental,o6 environmental,3,GREEN,0,1,1,1,O6 Environmental,GSBD,Goldman Sachs Asset Management,Commercial Services & Supplies,6.705,6.696,0.0013,08/05/32,8.51,,False,,False,,2025-09-30,2025-12-31,2
"Sightly Enterprises, Inc.",sightly enterprises,3,GREEN,0,1,1,1,"Sightly Enterprises, Inc.",SLRC,SLR Capital Partners,Media,6.662,6.662,0.0,1/2024,,,False,,False,,2025-09-30,2025-12-31,2
Regis Corporation,regis,3,GREEN,0,1,1,1,Regis Corporation,MFIC,"Apollo Investment Management, L.P.",Regis,6.622,6.795,-0.0255,06/24/29,2.5,,False,,False,,2025-12-31,2025-12-31,1
"One Touch Direct, LLC",one touch,3,GREEN,0,1,1,1,"One Touch Direct, LLC",SLRC,SLR Capital Partners,Commercial Services & Supplies,6.486,6.486,0.0,12/1/2023,,,False,,False,,2025-09-30,2025-12-31,2
EG Global Finance PLC,eg global,3,GREEN,0,1,1,1,EG Global Finance PLC,MFIC,"Apollo Investment Management, L.P.",EG Group,6.398,6.267,0.0209,11/30/28,0.5,,False,,False,,2025-12-31,2025-12-31,1
Archer Technologies,archer technologies,3,GREEN,0,1,1,1,Archer Technologies,GSBD,Goldman Sachs Asset Management,Software,6.328,6.244,0.0135,07/01/30,9.36,,False,,False,,2025-09-30,2025-12-31,2
"Copper River Seafoods, Inc.",copper river,3,GREEN,0,1,1,1,"Copper River Seafoods, Inc.",SLRC,SLR Capital Partners,Food Products,6.285,6.285,0.0,12/1/2023,,,False,,False,,2025-09-30,2025-12-31,2
Bridge Capital Solutions Corporation,bridge capital,3,GREEN,0,1,1,1,Bridge Capital Solutions Corporation,MAIN,Main Street Capital (internal),,6.264,0.0,,7/25/2026,,,False,,False,,2025-09-30,2025-12-31,2
"AGDATA Midco, LLC",agdata,3,GREEN,0,1,1,1,"AGDATA Midco, LLC",MFIC,"Apollo Investment Management, L.P.",AGDATA,6.222,6.318,-0.0152,07/01/30,0.75,,False,,False,,2025-12-31,2025-12-31,1
Rooster BidCo Limited,rooster,3,GREEN,0,1,1,1,Rooster BidCo Limited,GBDC,GC Advisors,Healthcare Technology,6.17,6.372,-0.0317,03/2025,,,False,,False,,2025-09-30,2025-12-31,2
"Evolv Technologies Holdings, Inc.",evolv technologies,3,GREEN,0,1,1,1,"Evolv Technologies Holdings, Inc.",MFIC,"Apollo Investment Management, L.P.",Evolv Technologies,5.944,6.0,-0.0093,07/01/30,2.0,,False,,False,,2025-12-31,2025-12-31,1
"Wall Street Prep, Inc.",wall street,3,GREEN,0,1,1,1,"Wall Street Prep, Inc.",MAIN,Main Street Capital (internal),,5.925,4.305,0.3763,7/19/2026,11.74,,False,,False,,2025-09-30,2025-12-31,2
"Halo Branded Solutions, Inc.",halo branded,3,GREEN,0,1,1,1,"Halo Branded Solutions, Inc.",GSBD,Goldman Sachs Asset Management,Commercial Services & Supplies,5.819,6.152,-0.0541,06/30/25,8.96,,False,,False,,2025-09-30,2025-12-31,2
"G & H Wire Company, Inc.",gh wire,3,GREEN,0,1,1,1,"G & H Wire Company, Inc.",GBDC,GC Advisors,Healthcare Equipment & Supplies,5.8021,5.961,-0.0267,11/2024,,,False,,False,,2025-09-30,2025-12-31,2
"Convenient Payments Acquisition, Inc.",convenient payments,3,GREEN,0,1,1,1,"Convenient Payments Acquisition, Inc.",GSBD,Goldman Sachs Asset Management,Software,5.686,5.699,-0.0023,12/31/26,9.73,,False,,False,,2025-09-30,2025-12-31,2
"Ortholite, LLC",ortholite,3,GREEN,0,1,1,1,"Ortholite, LLC",GSBD,Goldman Sachs Asset Management,"Textiles, Apparel & Luxury Goods",5.635,5.597,0.0068,09/29/27,10.58,,False,,False,,2025-09-30,2025-12-31,2
"Sherwood Management Co., Inc.",sherwood management,3,GREEN,0,1,1,1,"Sherwood Management Co., Inc.",SLRC,SLR Capital Partners,Specialty Retail,5.593,5.663,-0.0124,3/2025,,,False,,False,,2025-12-31,2025-12-31,1
"SEKO Global Logistics Network, LLC",seko global,3,GREEN,0,1,1,1,"SEKO Global Logistics Network, LLC",BXSL,Blackstone Credit Advisors,Air Freight & Logistics,5.529,5.51,0.0034,12/30/2026,,,False,,False,,2025-12-31,2025-12-31,1
"Highfive Dental Holdco, LLC",highfive dental,3,GREEN,0,1,1,1,"Highfive Dental Holdco, LLC",GSBD,Goldman Sachs Asset Management,Health Care Providers & Services,5.466,5.43,0.0066,06/13/28,10.39,,False,,False,,2025-09-30,2025-12-31,2
Office Ally,office ally,3,GREEN,0,1,1,1,Office Ally,GSBD,Goldman Sachs Asset Management,Health Care Technology,5.327,5.328,-0.0002,05/19/32,7.97,,False,,False,,2025-09-30,2025-12-31,2
"CRS Holdings, Inc.",crs,3,GREEN,0,1,1,1,"CRS Holdings, Inc.",MFIC,"Apollo Investment Management, L.P.",Core Roofing,5.289,5.407,-0.0218,06/06/30,1.0,,False,,False,,2025-12-31,2025-12-31,1
"Flow Control Intermediate Holdings 2.0, LLC",flow control,3,GREEN,0,1,1,1,"Flow Control Intermediate Holdings 2.0, LLC",MFIC,"Apollo Investment Management, L.P.",Flow Control,5.234,5.307,-0.0138,05/01/31,1.0,,False,,False,,2025-12-31,2025-12-31,1
"Pace Health Companies, LLC",pace health,3,GREEN,0,1,1,1,"Pace Health Companies, LLC",MFIC,"Apollo Investment Management, L.P.",RHA Health Services,5.204,5.227,-0.0044,08/02/27,1.0,,False,,False,,2025-12-31,2025-12-31,1
"Velocity One, LLC",velocity one,3,GREEN,0,1,1,1,"Velocity One, LLC",SLRC,SLR Capital Partners,Aerospace & Defense,5.191,5.25,-0.0112,6/2025,,,False,,False,,2025-09-30,2025-12-31,2
33Across Inc.,33across,3,GREEN,0,1,1,1,33Across Inc.,SLRC,SLR Capital Partners,Media,5.023,5.023,0.0,1/2024,,,False,,False,,2025-09-30,2025-12-31,2
CorroHealth,corrohealth,3,GREEN,0,1,1,1,CorroHealth,GSBD,Goldman Sachs Asset Management,Health Care Providers & Services,5.018,5.034,-0.0032,08/07/31,8.99,,False,,False,,2025-09-30,2025-12-31,2
BW ISO Acquisition LLC,bw iso,3,GREEN,0,1,1,1,BW ISO Acquisition LLC,MFIC,"Apollo Investment Management, L.P.",CQ Medical,4.942,4.988,-0.0092,11/01/27,0.75,,False,,False,,2025-12-31,2025-12-31,1
"Accelerate360 Holdings, LLC",accelerate360,3,GREEN,0,1,1,1,"Accelerate360 Holdings, LLC",MFIC,"Apollo Investment Management, L.P.",Media,4.844,4.844,0.0,02/11/27,1.0,,False,,False,,2025-12-31,2025-12-31,1
Templafy APS,templafy aps,3,GREEN,0,1,1,1,Templafy APS,GBDC,GC Advisors,,4.79,4.882,-0.0188,07/2022,,,False,,False,,2025-09-30,2025-12-31,2
Win Brands Group LLC,win brands,3,GREEN,0,1,1,1,Win Brands Group LLC,OCSL,Oaktree Capital Management,Housewares & Specialties,4.758,5.22,-0.0885,1/23/2026,14.0,,False,,False,,2025-09-30,2025-12-31,2
"TLE Holdings, LLC",tle,3,GREEN,0,1,1,1,"TLE Holdings, LLC",TCPC,Tennenbaum Capital Partners (BlackRock),Professional Services,4.6922,4.5335,0.035,6/28/2026,5.6,,False,,False,,2025-12-31,2025-12-31,1
Air Methods Corporation,air methods,3,GREEN,0,1,1,1,Air Methods Corporation,SLRC,SLR Capital Partners,Passenger Airlines,4.566,4.596,-0.0065,11/2026,7.13,,False,,False,,2025-09-30,2025-12-31,2
"Mendocino Farms, LLC",mendocino farms,3,GREEN,0,1,1,1,"Mendocino Farms, LLC",GBDC,GC Advisors,Food & Staples Retailing,4.524,3.724,0.2148,06/2018,,,False,,False,,2025-09-30,2025-12-31,2
"Constellation Wealth Capital Fund, L.P.",constellation wealth,3,GREEN,0,1,1,1,"Constellation Wealth Capital Fund, L.P.",ARCC,Ares Capital Management,Investment Funds and Vehicles,4.5,4.1,0.0976,01/2024,,,False,,False,,2025-09-30,2025-12-31,2
"ITC Infusion Co-invest, LP",itc infusion,3,GREEN,0,1,1,1,"ITC Infusion Co-invest, LP",PNNT,PennantPark Investment Advisers,"Healthcare, Education and Childcare",4.419,1.673,1.6414,,,,False,,False,,2025-09-30,2025-12-31,2
"Health Management Associates Superholdings, Inc.",health management,3,GREEN,0,1,1,1,"Health Management Associates Superholdings, Inc.",MFIC,"Apollo Investment Management, L.P.",HMA,4.322,4.401,-0.018,03/30/29,1.0,,False,,False,,2025-12-31,2025-12-31,1
"KKR Rocket Loans Aggregator LLC, Partnership Interest",kkr rocket,3,GREEN,0,1,1,1,"KKR Rocket Loans Aggregator LLC, Partnership Interest",FSK,FS/KKR Advisor,Financial Services,4.302,4.9,-0.122,,,,False,,False,,2025-09-30,2025-12-31,2
EWC Growth Partners LLC,ewc growth,3,GREEN,0,1,1,1,EWC Growth Partners LLC,GBDC,GC Advisors,Diversified Consumer Services,4.264,4.253,0.0026,03/2020,,,False,,False,,2025-09-30,2025-12-31,2
iRobot Corporation,irobot,3,GREEN,0,1,1,1,iRobot Corporation,CGBD,Carlyle Investment Management,Consumer Goods: Durable,4.26,4.404,-0.0327,7/31/2026,,,False,,False,,2025-09-30,2025-12-31,2
Omega Fitness Holdings,omega fitness,3,GREEN,0,1,1,1,Omega Fitness Holdings,GSBD,Goldman Sachs Asset Management,"Hotels, Restaurants & Leisure",4.189,4.189,0.0,12/31/31,8.42,,False,,False,,2025-12-31,2025-12-31,1
"Megavolt Borrower, LLC",megavolt,3,GREEN,0,1,1,1,"Megavolt Borrower, LLC",MFIC,"Apollo Investment Management, L.P.",Dynagrid,4.071,4.146,-0.0181,02/13/32,1.0,,False,,False,,2025-12-31,2025-12-31,1
Berwick Industrial Park,berwick industrial,3,GREEN,0,1,1,1,Berwick Industrial Park,PNNT,PennantPark Investment Advisers,Buildings and Real Estate,4.016,4.0,0.004,05/02/2026,,,False,,False,,2025-09-30,2025-12-31,2
Flatworld Intermediate Corp,flatworld,3,GREEN,0,1,1,1,Flatworld Intermediate Corp,MFIC,"Apollo Investment Management, L.P.",Flatworld Solutions,3.881,3.95,-0.0175,03/25/30,1.5,,False,,False,,2025-12-31,2025-12-31,1
Celero Commerce LLC,celero commerce,3,GREEN,0,1,1,1,Celero Commerce LLC,GSBD,Goldman Sachs Asset Management,Financial Services,3.868,3.875,-0.0018,02/28/31,8.7,,False,,False,,2025-09-30,2025-12-31,2
Patriot MCN Buyer Corp.,patriot mcn,3,GREEN,0,1,1,1,Patriot MCN Buyer Corp.,MFIC,"Apollo Investment Management, L.P.",McNichols Company,3.826,3.873,-0.0121,10/01/31,1.75,,False,,False,,2025-12-31,2025-12-31,1
Harmoni Towers,harmoni towers,3,GREEN,0,1,1,1,Harmoni Towers,GSBD,Goldman Sachs Asset Management,Wireless Telecommunication Services,3.806,3.802,0.0011,08/24/28,12.1,,False,,False,,2025-09-30,2025-12-31,2
"Green Grass Foods, Inc.",green grass,3,GREEN,0,1,1,1,"Green Grass Foods, Inc.",MFIC,"Apollo Investment Management, L.P.",Nutpods,3.64,3.692,-0.0141,12/26/29,1.0,,False,,False,,2025-12-31,2025-12-31,1
Evoriel,evoriel,3,GREEN,0,1,1,1,Evoriel,MFIC,"Apollo Investment Management, L.P.",Nexity,3.612,3.379,0.069,04/02/31,0.0,,False,,False,,2025-12-31,2025-12-31,1
"MacQueen Equipment, LLC",macqueen equipment,3,GREEN,0,1,1,1,"MacQueen Equipment, LLC",MFIC,"Apollo Investment Management, L.P.",LSG,3.506,3.522,-0.0045,01/07/28,1.0,,False,,False,,2025-12-31,2025-12-31,1
"Camin Cargo Control Holdings, Inc.",camin cargo,3,GREEN,0,1,1,1,"Camin Cargo Control Holdings, Inc.",MFIC,"Apollo Investment Management, L.P.",Camin Cargo,3.502,3.578,-0.0212,12/07/29,1.0,,False,,False,,2025-12-31,2025-12-31,1
Alliance Technical Group,alliance technical,3,GREEN,0,1,1,1,Alliance Technical Group,GSBD,Goldman Sachs Asset Management,Energy Equipment & Services,3.443,3.443,0.0,12/31/32,8.17,,False,,False,,2025-12-31,2025-12-31,1
"MES Internediate, Inc.",mes internediate,3,GREEN,0,1,1,1,"MES Internediate, Inc.",PFLT,PennantPark Investment Advisers,Distributors,3.351,3.328,0.0069,10/1/2027,8.42,,False,,False,,2025-12-31,2025-12-31,1
"First National Capital, LLC",first national capital,3,GREEN,0,1,1,1,"First National Capital, LLC",SLRC,SLR Capital Partners,Diversified Financial Services,3.34,3.34,0.0,7/1/2026,9.0,,False,,False,,2025-09-30,2025-12-31,2
"Village Pet Care, LLC",village pet,3,GREEN,0,1,1,1,"Village Pet Care, LLC",MFIC,"Apollo Investment Management, L.P.",Village Pet Care,3.283,3.353,-0.0209,09/22/29,1.0,,False,,False,,2025-12-31,2025-12-31,1
"Singlewire Software, LLC",singlewire software,3,GREEN,0,1,1,1,"Singlewire Software, LLC",GSBD,Goldman Sachs Asset Management,Software,3.249,3.227,0.0068,05/10/29,8.76,,False,,False,,2025-09-30,2025-12-31,2
Integrated Specialty Coverages,integrated specialty,3,GREEN,0,1,1,1,Integrated Specialty Coverages,OTF,Blue Owl Credit Advisors,,3.245,3.245,0.0,11/2032,,,False,,False,,2025-09-30,2025-12-31,2
"NC Ocala Co-Invest Beta, LP",nc ocala,3,GREEN,0,1,1,1,"NC Ocala Co-Invest Beta, LP",BXSL,Blackstone Credit Advisors,IT Services,3.168,2.854,0.11,11/12/2021,,,False,,False,,2025-12-31,2025-12-31,1
"Magnolia Topco, LP",magnolia,3,GREEN,0,1,1,1,"Magnolia Topco, LP",PNNT,PennantPark Investment Advisers,Auto Sector,3.127,2.075,0.507,,,,False,,False,,2025-09-30,2025-12-31,2
"Kentik Technologies, Inc.",kentik technologies,3,GREEN,0,1,1,1,"Kentik Technologies, Inc.",GBDC,GC Advisors,IT Services,3.066,0.646,3.7461,09/2021,,,False,,False,,2025-09-30,2025-12-31,2
"Ironhorse Purchaser, LLC",ironhorse,3,GREEN,0,1,1,1,"Ironhorse Purchaser, LLC",MFIC,"Apollo Investment Management, L.P.",IronClad,2.932,2.962,-0.0101,09/30/27,1.0,,False,,False,,2025-12-31,2025-12-31,1
Valeo Foods Group Ltd,valeo foods,3,GREEN,0,1,1,1,Valeo Foods Group Ltd,FSK,FS/KKR Advisor,"Food, Beverage & Tobacco",2.9,0.0,,10/1/30,,,False,,False,,2025-09-30,2025-12-31,2
"Poly-Wood, LLC",poly wood,3,GREEN,0,1,1,1,"Poly-Wood, LLC",MFIC,"Apollo Investment Management, L.P.",Polywood,2.683,2.727,-0.0161,03/20/30,1.0,,False,,False,,2025-12-31,2025-12-31,1
"Partnership Capital Growth Investors III, L.P.",partnership capital,3,GREEN,0,1,1,1,"Partnership Capital Growth Investors III, L.P.",ARCC,Ares Capital Management,Investment Funds and Vehicles,2.6,0.7,2.7143,10/2011,,,False,,False,,2025-09-30,2025-12-31,2
GMT Corporation,gmt,3,GREEN,0,1,1,1,GMT Corporation,SLRC,SLR Capital Partners,Machinery,2.496,2.497,-0.0004,1/1/2026,10.71,,False,,False,,2025-09-30,2025-12-31,2
"Apiom, Inc.",apiom,3,GREEN,0,1,1,1,"Apiom, Inc.",MFIC,"Apollo Investment Management, L.P.",EVER.AG Corporation,2.489,2.5,-0.0044,05/02/28,2.0,,False,,False,,2025-12-31,2025-12-31,1
"Gauge Lash Coinvest, LLC",gauge lash,3,GREEN,0,1,1,1,"Gauge Lash Coinvest, LLC",PNNT,PennantPark Investment Advisers,Consumer Products,2.43,0.951,1.5552,,,,False,,False,,2025-09-30,2025-12-31,2
"D&D Buyer, LLC",dd,3,GREEN,0,1,1,1,"D&D Buyer, LLC",MFIC,"Apollo Investment Management, L.P.",Decks & Docks,2.424,2.469,-0.0182,10/04/28,2.0,,False,,False,,2025-12-31,2025-12-31,1
Arrotex Australia Group Pty Ltd,arrotex australia,3,GREEN,0,1,1,1,Arrotex Australia Group Pty Ltd,FSK,FS/KKR Advisor,"Pharmaceuticals, Biotechnology & Life Sciences",2.4,2.5,-0.04,6/30/28,,,False,,False,,2025-09-30,2025-12-31,2
JPW Industries Holding Corporation,jpw industries,3,GREEN,0,1,1,1,JPW Industries Holding Corporation,MFIC,"Apollo Investment Management, L.P.",JPW,2.4,2.4,0.0,11/22/28,2.0,,False,,False,,2025-12-31,2025-12-31,1
Orsay Bidco 1 B.V. and Sky Group Holding B.V.,orsay bv,3,GREEN,0,1,1,1,Orsay Bidco 1 B.V. and Sky Group Holding B.V.,GBDC,GC Advisors,,2.381,2.664,-0.1062,,,,False,,False,,2025-09-30,2025-12-31,2
"Patriot Acquireco, LLC",patriot acquireco,3,GREEN,0,1,1,1,"Patriot Acquireco, LLC",GBDC,GC Advisors,Healthcare Technology,2.296,2.3,-0.0017,09/2025,,,False,,False,,2025-09-30,2025-12-31,2
"StrongDM, Inc.",strongdm,3,GREEN,0,1,1,1,"StrongDM, Inc.",GBDC,GC Advisors,,2.257,0.424,4.3231,05/2025,,,False,,False,,2025-09-30,2025-12-31,2
Birch Group of Clinics Acquireco Inc.,birch group,3,GREEN,0,1,1,1,Birch Group of Clinics Acquireco Inc.,MFIC,"Apollo Investment Management, L.P.",Elase Med Spas,2.244,2.298,-0.0235,12/31/31,1.0,,False,,False,,2025-12-31,2025-12-31,1
"Purchasing Power Funding I, LLC",purchasing power,3,GREEN,0,1,1,1,"Purchasing Power Funding I, LLC",MFIC,"Apollo Investment Management, L.P.",PMA,2.126,2.126,0.0,02/26/27,0.0,,False,,False,,2025-12-31,2025-12-31,1
"Centegix Intermediate II, LLC",centegix ii,3,GREEN,0,1,1,1,"Centegix Intermediate II, LLC",GBDC,GC Advisors,Healthcare Equipment & Supplies,2.1,2.107,-0.0033,08/2025,,,False,,False,,2025-09-30,2025-12-31,2
Kydia,kydia,3,GREEN,0,1,1,1,Kydia,GSBD,Goldman Sachs Asset Management,Financial Services,2.086,2.085,0.0005,01/25/28,10.12,,False,,False,,2025-09-30,2025-12-31,2
"HP TLE Buyer, Inc.",hp tle,3,GREEN,0,1,1,1,"HP TLE Buyer, Inc.",GBDC,GC Advisors,Healthcare Providers & Services,2.082,2.089,-0.0034,07/2025,,,False,,False,,2025-09-30,2025-12-31,2
Linden Structured Capital Fund II-A LP,linden structured,3,GREEN,0,1,1,1,Linden Structured Capital Fund II-A LP,ARCC,Ares Capital Management,Investment Funds and Vehicles,2.0,1.4,0.4286,07/2024,,,False,,False,,2025-09-30,2025-12-31,2
NewStar Clarendon 2014-1A Class D,newstar clarendon,3,GREEN,0,1,1,1,NewStar Clarendon 2014-1A Class D,FSK,FS/KKR Advisor,Financial Services,1.9003,0.4,3.7508,1/25/27,,,False,,False,,2025-09-30,2025-12-31,2
"Radiant Intermediate Holding, LLC",radiant,3,GREEN,0,1,1,1,"Radiant Intermediate Holding, LLC",ARCC,Ares Capital Management,,1.9,2.1,-0.0952,11/2026,9.92,,False,,False,,2025-09-30,2025-12-31,2
"Engage2Excel, Inc.",engage2excel,3,GREEN,0,1,1,1,"Engage2Excel, Inc.",GSBD,Goldman Sachs Asset Management,Professional Services,1.896,1.91,-0.0073,07/01/29,10.58,,False,,False,,2025-09-30,2025-12-31,2
"SunMed Receivables I, LLC",sunmed receivables,3,GREEN,0,1,1,1,"SunMed Receivables I, LLC",SLRC,SLR Capital Partners,Health Care Equipment & Supplies,1.888,1.906,-0.0094,10/2025,,,False,,False,,2025-12-31,2025-12-31,1
W3 Co.,w3,3,GREEN,0,1,1,1,W3 Co.,GBDC,GC Advisors,Life Sciences Tools & Services,1.839,0.227,7.1013,03/2017,,,False,,False,,2025-09-30,2025-12-31,2
"Delta InvestCo, LP",delta investco,3,GREEN,0,1,1,1,"Delta InvestCo, LP",PNNT,PennantPark Investment Advisers,Telecommunications,1.768,0.866,1.0416,,,,False,,False,,2025-09-30,2025-12-31,2
"iWave Information Systems, Inc.",iwave information,3,GREEN,0,1,1,1,"iWave Information Systems, Inc.",GSBD,Goldman Sachs Asset Management,Software,1.76,1.754,0.0034,11/23/28,10.54,,False,,False,,2025-09-30,2025-12-31,2
"IHS Parent Holdings, LP",ihs,3,GREEN,0,1,1,1,"IHS Parent Holdings, LP",PNNT,PennantPark Investment Advisers,"Personal, Food and Miscellaneous Services",1.717,1.218,0.4097,,,,False,,False,,2025-09-30,2025-12-31,2
Net Health Acquisition Corp.,net health,3,GREEN,0,1,1,1,Net Health Acquisition Corp.,GBDC,GC Advisors,Professional Services,1.684,0.014,119.2857,12/2017,,,False,,False,,2025-09-30,2025-12-31,2
Star Coaches Inc.,star coaches,3,GREEN,0,1,1,1,Star Coaches Inc.,SLRC,SLR Capital Partners,Road & Rail,1.633,1.719,-0.05,4/1/2025,8.42,,False,,False,,2025-09-30,2025-12-31,2
Miratech,miratech,3,GREEN,0,1,1,1,Miratech,GSBD,Goldman Sachs Asset Management,Machinery,1.609,1.607,0.0012,08/20/30,8.87,,False,,False,,2025-09-30,2025-12-31,2
Misys Ltd,misys,3,GREEN,0,1,1,1,Misys Ltd,FSK,FS/KKR Advisor,Software & Services,1.6,1.6,0.0,9/13/29,,,False,,False,,2025-09-30,2025-12-31,2
Relation Insurance,relation insurance,3,GREEN,0,1,1,1,Relation Insurance,GSBD,Goldman Sachs Asset Management,Insurance,1.586,1.587,-0.0006,07/24/30,9.44,,False,,False,,2025-09-30,2025-12-31,2
Freeport LNG Investments LLLP,freeport lng,3,GREEN,0,1,1,1,Freeport LNG Investments LLLP,OCSL,Oaktree Capital Management,Oil & Gas Storage & Transportation,1.561,1.55,0.0071,11/16/2026,3.0,,False,,False,,2025-12-31,2025-12-31,1
Guernsey Holdings SDI LA LLC,guernsey sdi,3,GREEN,0,1,1,1,Guernsey Holdings SDI LA LLC,MFIC,"Apollo Investment Management, L.P.",Guernsey,1.549,1.552,-0.0019,11/18/26,6.95,,False,,False,,2025-12-31,2025-12-31,1
"GCP Boss Holdco, LLC",gcp boss,3,GREEN,0,1,1,1,"GCP Boss Holdco, LLC",PNNT,PennantPark Investment Advisers,Conglomerate Manufacturing,1.515,1.045,0.4498,,,,False,,False,,2025-09-30,2025-12-31,2
Vixxo Corporation,vixxo,3,GREEN,0,1,1,1,Vixxo Corporation,MFIC,"Apollo Investment Management, L.P.",Vixxo,1.513,1.534,-0.0137,08/01/30,1.0,,False,,False,,2025-12-31,2025-12-31,1
"AGI Group Holdings, LP",agi group,3,GREEN,0,1,1,1,"AGI Group Holdings, LP",BXSL,Blackstone Credit Advisors,Air Freight & Logistics,1.511,0.902,0.6752,6/11/2021,,,False,,False,,2025-12-31,2025-12-31,1
Carrier Industrial Fire,carrier industrial,3,GREEN,0,1,1,1,Carrier Industrial Fire,GSBD,Goldman Sachs Asset Management,Machinery,1.48,1.469,0.0075,07/01/30,8.53,,False,,False,,2025-09-30,2025-12-31,2
Genius Bidco LLC,genius,3,GREEN,0,1,1,1,Genius Bidco LLC,MFIC,"Apollo Investment Management, L.P.",GrayMatter Systems,1.437,1.475,-0.0258,05/01/30,1.0,,False,,False,,2025-12-31,2025-12-31,1
"Project Alpha Intermediate Holdings, Inc.",alpha,3,GREEN,0,1,1,1,"Project Alpha Intermediate Holdings, Inc.",GBDC,GC Advisors,Diversified Consumer Services,1.359,0.327,3.156,05/2025,,,False,,False,,2025-09-30,2025-12-31,2
"Superior Transportation, Inc.",superior transportation,3,GREEN,0,1,1,1,"Superior Transportation, Inc.",SLRC,SLR Capital Partners,Road & Rail,1.346,1.346,0.0,1/1/2026,10.63,,False,,False,,2025-09-30,2025-12-31,2
"R.F. Fager Company, LLC",rf fager,3,GREEN,0,1,1,1,"R.F. Fager Company, LLC",MFIC,"Apollo Investment Management, L.P.",RF Fager,1.341,1.378,-0.0269,03/04/30,1.0,,False,,False,,2025-12-31,2025-12-31,1
"Trystar, LLC",trystar,3,GREEN,0,1,1,1,"Trystar, LLC",GSBD,Goldman Sachs Asset Management,Electrical Equipment,1.338,1.34,-0.0015,08/06/31,8.54,,False,,False,,2025-09-30,2025-12-31,2
"Avida Holding AB, Subordinated Bond",avida ab,3,GREEN,0,1,1,1,"Avida Holding AB, Subordinated Bond",FSK,FS/KKR Advisor,Financial Services,1.3,1.3,0.0,1/27/34,,,False,,False,,2025-09-30,2025-12-31,2
W.R. Grace Holdings LLC,wr grace,3,GREEN,0,1,1,1,W.R. Grace Holdings LLC,MFIC,"Apollo Investment Management, L.P.",W.R. Grace,1.297,1.32,-0.0174,06/15/27,4.88,,False,,False,,2025-12-31,2025-12-31,1
Batteries Plus Holding Corporation,batteries plus,3,GREEN,0,1,1,1,Batteries Plus Holding Corporation,GBDC,GC Advisors,Specialty Retail,1.287,0.01,127.7,07/2016,,,False,,False,,2025-09-30,2025-12-31,2
"Icon Partners V C, LP",icon partners,3,GREEN,0,1,1,1,"Icon Partners V C, LP",PNNT,PennantPark Investment Advisers,Business Services,1.184,1.201,-0.0142,,,,False,,False,,2025-09-30,2025-12-31,2
"StoicLane, Inc.",stoiclane,3,GREEN,0,1,1,1,"StoicLane, Inc.",PNNT,PennantPark Investment Advisers,"Healthcare, Education and Childcare",1.101,1.223,-0.0998,08/16/2027,,,False,,False,,2025-09-30,2025-12-31,2
NovaTaste Austria GmbH,novataste austria,3,GREEN,0,1,1,1,NovaTaste Austria GmbH,FSK,FS/KKR Advisor,"Food, Beverage & Tobacco",1.1,1.1,0.0,4/5/30,,,False,,False,,2025-09-30,2025-12-31,2
"KBP Brands, LLC",kbp brands,3,GREEN,0,1,1,1,"KBP Brands, LLC",OBDC,Blue Owl Credit Advisors,Food and beverage,1.057,1.054,0.0028,5/2027,,,False,,False,,2025-09-30,2025-12-31,2
"Tebra Technologies, Inc.",tebra technologies,3,GREEN,0,1,1,1,"Tebra Technologies, Inc.",GBDC,GC Advisors,Healthcare Technology,1.041,0.223,3.6682,06/2017,,,False,,False,,2025-09-30,2025-12-31,2
Plate Newco 1 Limited (Avanti) (United Kingdom),plate newco,3,GREEN,0,1,1,1,Plate Newco 1 Limited (Avanti) (United Kingdom),TCPC,Tennenbaum Capital Partners (BlackRock),Debt Investments (continued),1.0234,0.0,,6/30/2025,,,False,,False,,2025-09-30,2025-12-31,2
"International Automotive Components Group, North America, Inc.",international automotive components,3,GREEN,0,1,1,1,"International Automotive Components Group, North America, Inc.",SLRC,SLR Capital Partners,Auto Components,1.001,1.002,-0.001,6/23/2025,7.95,,False,,False,,2025-09-30,2025-12-31,2
"Menlo Ridgeview Co-Invest, LLC",menlo ridgeview,3,GREEN,0,1,1,1,"Menlo Ridgeview Co-Invest, LLC",GBDC,GC Advisors,,0.956,0.931,0.0269,05/2025,,,False,,False,,2025-09-30,2025-12-31,2
"Isto Group, Inc.",isto group,3,GREEN,0,1,1,1,"Isto Group, Inc.",GBDC,GC Advisors,Healthcare Equipment & Supplies,0.954,0.591,0.6142,09/2025,,,False,,False,,2025-09-30,2025-12-31,2
Shearer's Foods,shearer s,3,GREEN,0,1,1,1,Shearer's Foods,OBDC,Blue Owl Credit Advisors,Food and beverage,0.945,0.956,-0.0115,2/2029,,,False,,False,,2025-09-30,2025-12-31,2
"Movement Holdings, LLC",movement,3,GREEN,0,1,1,1,"Movement Holdings, LLC",GBDC,GC Advisors,Leisure Products,0.925,1.001,-0.0759,03/2024,,,False,,False,,2025-09-30,2025-12-31,2
"Clarion Home Services Group, LLC and LBC Breeze Holdings LLC",clarion home,3,GREEN,0,1,1,1,"Clarion Home Services Group, LLC and LBC Breeze Holdings LLC",ARCC,Ares Capital Management,Consumer Services,0.9,1.0,-0.1,12/2027,10.13,,False,,False,,2025-09-30,2025-12-31,2
"Lew's Intermediate Holdings, LLC",lew s,3,GREEN,0,1,1,1,"Lew's Intermediate Holdings, LLC",ARCC,Ares Capital Management,Consumer Durables and Apparel,0.9,1.0,-0.1,02/2028,8.82,,False,,False,,2025-09-30,2025-12-31,2
"Enboarder, Inc.",enboarder,3,GREEN,0,1,1,1,"Enboarder, Inc.",GBDC,GC Advisors,Professional Services,0.859,0.083,9.3494,01/2022,,,False,,False,,2025-09-30,2025-12-31,2
Cynet Security Ltd.,cynet security,3,GREEN,0,1,1,1,Cynet Security Ltd.,GBDC,GC Advisors,Software,0.855,0.22,2.8864,08/2022,,,False,,False,,2025-09-30,2025-12-31,2
Biamp,biamp,3,GREEN,0,1,1,1,Biamp,MFIC,"Apollo Investment Management, L.P.",Biamp,0.812,0.825,-0.0158,04/30/30,1.0,,False,,False,,2025-12-31,2025-12-31,1
Geo TopCo Corporation,geo,3,GREEN,0,1,1,1,Geo TopCo Corporation,GSBD,Goldman Sachs Asset Management,Construction & Engineering,0.799,0.797,0.0025,10/15/31,8.38,,False,,False,,2025-09-30,2025-12-31,2
"Yellowstone Buyer Acquisition, LLC",yellowstone,3,GREEN,0,1,1,1,"Yellowstone Buyer Acquisition, LLC",CGBD,Carlyle Investment Management,Consumer Goods: Durable,0.799,0.861,-0.072,9/13/2027,,,False,,False,,2025-09-30,2025-12-31,2
CURiO Brands LLC,curio brands,3,GREEN,0,1,1,1,CURiO Brands LLC,GSBD,Goldman Sachs Asset Management,Household Products,0.793,0.794,-0.0013,04/02/31,8.92,,False,,False,,2025-09-30,2025-12-31,2
"Splash Car Wash, Inc.",splash car,3,GREEN,0,1,1,1,"Splash Car Wash, Inc.",GSBD,Goldman Sachs Asset Management,Diversified Consumer Services,0.788,0.789,-0.0013,03/17/31,8.67,,False,,False,,2025-09-30,2025-12-31,2
"KPA Parent Holdings, Inc.",kpa,3,GREEN,0,1,1,1,"KPA Parent Holdings, Inc.",GSBD,Goldman Sachs Asset Management,Software,0.781,0.781,0.0,03/12/32,8.22,,False,,False,,2025-09-30,2025-12-31,2
"The Men's Wearhouse, LLC",men s,3,GREEN,0,1,1,1,"The Men's Wearhouse, LLC",MFIC,"Apollo Investment Management, L.P.",Tailored Brands,0.774,0.775,-0.0013,02/26/29,0.0,,False,,False,,2025-12-31,2025-12-31,1
Mimecast Limited,mimecast,3,GREEN,0,1,1,1,Mimecast Limited,BXSL,Blackstone Credit Advisors,Software,0.735,0.668,0.1003,5/3/2022,,,False,,False,,2025-12-31,2025-12-31,1
"LMP TR Holdings, LLC",lmp tr,3,GREEN,0,1,1,1,"LMP TR Holdings, LLC",GBDC,GC Advisors,Healthcare Technology,0.712,0.712,0.0,05/2013,,,False,,False,,2025-09-30,2025-12-31,2
TIBCO Software Inc,tibco software,3,GREEN,0,1,1,1,TIBCO Software Inc,FSK,FS/KKR Advisor,Software & Services,0.7,0.0,,3/31/29,6.5,,False,,False,,2025-09-30,2025-12-31,2
"Geotechnical Merger Sub, Inc.",geotechnical sub,3,GREEN,0,1,1,1,"Geotechnical Merger Sub, Inc.",GSBD,Goldman Sachs Asset Management,Construction & Engineering,0.687,0.687,0.0,10/15/31,9.4,,False,,False,,2025-09-30,2025-12-31,2
Rokt Inc.,rokt,3,GREEN,0,1,1,1,Rokt Inc.,GBDC,GC Advisors,,0.683,0.02,33.15,01/2025,,,False,,False,,2025-09-30,2025-12-31,2
Dongwon Autopart Technology Inc.,dongwon autopart,3,GREEN,0,1,1,1,Dongwon Autopart Technology Inc.,SLRC,SLR Capital Partners,Auto Components,0.658,0.661,-0.0045,1/1/2026,7.96,,False,,False,,2025-09-30,2025-12-31,2
"KL Stockton Co-Invest, LP",kl stockton,3,GREEN,0,1,1,1,"KL Stockton Co-Invest, LP",PNNT,PennantPark Investment Advisers,"Personal, Food and Miscellaneous Services",0.639,0.385,0.6597,,,,False,,False,,2025-09-30,2025-12-31,2
Zamborelli Enterprises Pacific Southern Foundation,zamborelli enterprises,3,GREEN,0,1,1,1,Zamborelli Enterprises Pacific Southern Foundation,SLRC,SLR Capital Partners,Diversified Consumer Services,0.616,0.618,-0.0032,1/1/2027,8.91,,False,,False,,2025-09-30,2025-12-31,2
"Extreme Steel Crane & Rigging, LLC",extreme steel,3,GREEN,0,1,1,1,"Extreme Steel Crane & Rigging, LLC",SLRC,SLR Capital Partners,Commercial Services & Supplies,0.613,0.617,-0.0065,3/3/2027,9.52,,False,,False,,2025-09-30,2025-12-31,2
"Piper Jaffray Merchant Banking Fund I, L.P.",piper jaffray,3,GREEN,0,1,1,1,"Piper Jaffray Merchant Banking Fund I, L.P.",ARCC,Ares Capital Management,Investment Funds and Vehicles,0.6,0.1,5.0,08/2012,,,False,,False,,2025-09-30,2025-12-31,2
"ST Coaches, LLC",st coaches,3,GREEN,0,1,1,1,"ST Coaches, LLC",SLRC,SLR Capital Partners,Road & Rail,0.52,0.52,0.0,1/25/2025,8.5,,False,,False,,2025-09-30,2025-12-31,2
"Jupiter Ultimate Holdings, LLC",jupiter,3,GREEN,0,1,1,1,"Jupiter Ultimate Holdings, LLC",BXSL,Blackstone Credit Advisors,Commercial Services & Supplies,0.516,0.439,0.1754,11/8/2024,,,False,,False,,2025-12-31,2025-12-31,1
"Genstar Neptune Blocker, LLC",genstar neptune,3,GREEN,0,1,1,1,"Genstar Neptune Blocker, LLC",BXSL,Blackstone Credit Advisors,Commercial Services & Supplies,0.508,0.433,0.1732,12/2/2024,,,False,,False,,2025-12-31,2025-12-31,1
"Ncp Helix Holdings, LLC",ncp helix,3,GREEN,0,1,1,1,"Ncp Helix Holdings, LLC",BXSL,Blackstone Credit Advisors,Transportation Infrastructure,0.5,0.292,0.7123,8/3/2021,,,False,,False,,2025-12-31,2025-12-31,1
"Ruby Slipper Cafe LLC, The",ruby slipper,3,GREEN,0,1,1,1,"Ruby Slipper Cafe LLC, The",GBDC,GC Advisors,Food & Staples Retailing,0.498,0.043,10.5814,01/2018,,,False,,False,,2025-09-30,2025-12-31,2
"Loc Performance Products, LLC",loc performance,3,GREEN,0,1,1,1,"Loc Performance Products, LLC",SLRC,SLR Capital Partners,Machinery,0.477,0.477,0.0,6/1/2027,10.5,,False,,False,,2025-09-30,2025-12-31,2
"First Medical Holdings, LLC",first medical,3,GREEN,0,1,1,1,"First Medical Holdings, LLC",PNNT,PennantPark Investment Advisers,"Healthcare, Education and Childcare",0.464,0.45,0.0311,,,,False,,False,,2025-09-30,2025-12-31,2
"SCP CDH Buyer, Inc.",scp cdh,3,GREEN,0,1,1,1,"SCP CDH Buyer, Inc.",GBDC,GC Advisors,Diversified Consumer Services,0.452,0.45,0.0044,12/2025,,,False,,False,,2025-12-31,2025-12-31,1
ACAS Equity Holdings Corporation,acas equity,3,GREEN,0,1,1,1,ACAS Equity Holdings Corporation,ARCC,Ares Capital Management,Investment Funds and Vehicles,0.4,0.4,0.0,01/2017,,,False,,False,,2025-09-30,2025-12-31,2
Tricor Horizon,tricor horizon,3,GREEN,0,1,1,1,Tricor Horizon,BXSL,Blackstone Credit Advisors,Professional Services,0.394,0.402,-0.0199,6/13/2022,,,False,,False,,2025-12-31,2025-12-31,1
"THL Fund IX Investors (Plymouth II), LP",thl fund,3,GREEN,0,1,1,1,"THL Fund IX Investors (Plymouth II), LP",BXSL,Blackstone Credit Advisors,Financial Services,0.389,0.212,0.8349,8/31/2023,,,False,,False,,2025-12-31,2025-12-31,1
"FCP-Hive Holdings, LLC",fcp hive,3,GREEN,0,1,1,1,"FCP-Hive Holdings, LLC",MFIC,"Apollo Investment Management, L.P.",Hive,0.385,0.448,-0.1406,,,,False,,False,,2025-12-31,2025-12-31,1
"Hawkeye Contracting Company, LLC",hawkeye contracting,3,GREEN,0,1,1,1,"Hawkeye Contracting Company, LLC",SLRC,SLR Capital Partners,Construction & Engineering,0.347,0.347,0.0,11/1/2025,10.5,,False,,False,,2025-09-30,2025-12-31,2
Polk Acquisition Corp.,polk,3,GREEN,0,1,1,1,Polk Acquisition Corp.,GBDC,GC Advisors,Auto Components,0.314,0.005,61.8,06/2016,,,False,,False,,2025-09-30,2025-12-31,2
"Impartner, Inc.",impartner,3,GREEN,0,1,1,1,"Impartner, Inc.",GBDC,GC Advisors,Software,0.307,0.039,6.8718,10/2021,,,False,,False,,2025-09-30,2025-12-31,2
"Hopdoddy Holdings, LLC",hopdoddy,3,GREEN,0,1,1,1,"Hopdoddy Holdings, LLC",GBDC,GC Advisors,Food & Staples Retailing,0.278,0.064,3.3438,08/2015,,,False,,False,,2025-09-30,2025-12-31,2
"SC Landco Parent, LLC",sc landco,3,GREEN,0,1,1,1,"SC Landco Parent, LLC",GBDC,GC Advisors,Real Estate Management & Development,0.274,0.002,136.0,09/2022,,,False,,False,,2025-09-30,2025-12-31,2
"MakerSights, Inc.",makersights,3,GREEN,0,1,1,1,"MakerSights, Inc.",GBDC,GC Advisors,,0.265,0.056,3.7321,06/2021,,,False,,False,,2025-09-30,2025-12-31,2
Aero Operating LLC,aero operating,3,GREEN,0,1,1,1,Aero Operating LLC,SLRC,SLR Capital Partners,Commercial Services & Supplies,0.259,0.258,0.0039,,9.09,,False,,False,,2025-09-30,2025-12-31,2
"Crane 1 Acquisition Parent Holdings, LP",crane,3,GREEN,0,1,1,1,"Crane 1 Acquisition Parent Holdings, LP",PNNT,PennantPark Investment Advisers,"Personal, Food and Miscellaneous Services",0.22,0.104,1.1154,,,,False,,False,,2025-09-30,2025-12-31,2
"Action Termite Control, LLC",action termite,3,GREEN,0,1,1,1,"Action Termite Control, LLC",GBDC,GC Advisors,Diversified Consumer Services,0.207,0.203,0.0197,12/2025,,,False,,False,,2025-12-31,2025-12-31,1
"RC VI Buckeye Holdings, LLC",rc vi,3,GREEN,0,1,1,1,"RC VI Buckeye Holdings, LLC",BXSL,Blackstone Credit Advisors,Commercial Services & Supplies,0.187,0.161,0.1615,1/2/2025,,,False,,False,,2025-12-31,2025-12-31,1
"Carestream Health, Inc.",carestream health,3,GREEN,0,1,1,1,"Carestream Health, Inc.",MFIC,"Apollo Investment Management, L.P.",Carestream Health,0.149,0.159,-0.0629,09/30/27,1.0,,False,,False,,2025-12-31,2025-12-31,1
"Double S Industrial Contractors, Inc.",double s,3,GREEN,0,1,1,1,"Double S Industrial Contractors, Inc.",SLRC,SLR Capital Partners,Commercial Services & Supplies,0.14,0.14,0.0,8/1/2027,8.6,,False,,False,,2025-09-30,2025-12-31,2
"Panzura, LLC",panzura,3,GREEN,0,1,1,1,"Panzura, LLC",GBDC,GC Advisors,,0.132,0.136,-0.0294,03/2025,,,False,,False,,2025-09-30,2025-12-31,2
"Radiology Partners, Inc.",radiology partners,3,GREEN,0,1,1,1,"Radiology Partners, Inc.",GBDC,GC Advisors,Healthcare Providers & Services,0.123,0.054,1.2778,09/2014,,,False,,False,,2025-09-30,2025-12-31,2
"Mountain Air Helicopters, Inc.",mountain air,3,GREEN,0,1,1,1,"Mountain Air Helicopters, Inc.",SLRC,SLR Capital Partners,Commercial Services & Supplies,0.114,0.114,0.0,2/28/2025,10.0,,False,,False,,2025-09-30,2025-12-31,2
"Tronair Parent, Inc.",tronair,3,GREEN,0,1,1,1,"Tronair Parent, Inc.",GBDC,GC Advisors,Aerospace & Defense,0.112,0.04,1.8,07/2021,,,False,,False,,2025-09-30,2025-12-31,2
"Bowman Energy Solutions, LLC",bowman energy,3,GREEN,0,1,1,1,"Bowman Energy Solutions, LLC",SLRC,SLR Capital Partners,Commercial Services & Supplies,0.101,0.101,0.0,7/1/2026,7.42,,False,,False,,2025-09-30,2025-12-31,2
"WH Borrower, LLC",wh,3,GREEN,0,1,1,1,"WH Borrower, LLC",TCPC,Tennenbaum Capital Partners (BlackRock),Specialty Retail,0.101,0.0995,0.0151,2/15/2027,5.5,,False,,False,,2025-12-31,2025-12-31,1
"Automotive Keys Group, LLC",automotive keys,3,GREEN,0,1,1,1,"Automotive Keys Group, LLC",ARCC,Ares Capital Management,Automobiles and Components,0.1,0.1,0.0,08/2026,10.32,,False,,False,,2025-09-30,2025-12-31,2
"Rango, Inc.",rango,3,GREEN,0,1,1,1,"Rango, Inc.",SLRC,SLR Capital Partners,Commercial Services & Supplies,0.099,0.101,-0.0198,4/1/2025,9.33,,False,,False,,2025-09-30,2025-12-31,2
"RH Land Construction, LLC & Harbor Dredging LA, Inc.",rh land,3,GREEN,0,1,1,1,"RH Land Construction, LLC & Harbor Dredging LA, Inc.",SLRC,SLR Capital Partners,Construction & Engineering,0.09,0.09,0.0,5/10/2026,8.08,,False,,False,,2025-09-30,2025-12-31,2
"GTCR/Jupiter Blocker, LLC",gtcr jupiter,3,GREEN,0,1,1,1,"GTCR/Jupiter Blocker, LLC",BXSL,Blackstone Credit Advisors,Commercial Services & Supplies,0.075,0.064,0.1719,12/2/2024,,,False,,False,,2025-12-31,2025-12-31,1
"Wind River Environmental, LLC",wind river,3,GREEN,0,1,1,1,"Wind River Environmental, LLC",SLRC,SLR Capital Partners,Diversified Consumer Services,0.072,0.072,0.0,10/5/2025,8.43,,False,,False,,2025-09-30,2025-12-31,2
"Energy Worldnet, LLC",energy worldnet,3,GREEN,0,1,1,1,"Energy Worldnet, LLC",GBDC,GC Advisors,Software,0.051,0.05,0.02,02/2025,,,False,,False,,2025-09-30,2025-12-31,2
HTI Logistics Corporation,hti logistics,3,GREEN,0,1,1,1,HTI Logistics Corporation,SLRC,SLR Capital Partners,Commercial Services & Supplies,0.051,0.053,-0.0377,9/1/2025,9.94,,False,,False,,2025-09-30,2025-12-31,2
"TVG Orion Blocker, Inc.",tvg orion,3,GREEN,0,1,1,1,"TVG Orion Blocker, Inc.",MFIC,"Apollo Investment Management, L.P.",,0.021,0.021,0.0,07/11/30,11.34,,False,,False,,2025-12-31,2025-12-31,1
Onapsis GMBH,onapsis gmbh,3,GREEN,0,1,1,1,Onapsis GMBH,GBDC,GC Advisors,,0.017,0.006,1.8333,10/2019,,,False,,False,,2025-09-30,2025-12-31,2
"Womble Company, Inc.",womble,3,GREEN,0,1,1,1,"Womble Company, Inc.",SLRC,SLR Capital Partners,Energy Equipment & Services,0.017,0.017,0.0,1/1/2025,9.11,,False,,False,,2025-09-30,2025-12-31,2
"ATI Restoration, LLC",ati restoration,3,GREEN,0,1,1,1,"ATI Restoration, LLC",ARCC,Ares Capital Management,Commercial and Professional Services,0.0,99.9,-1.0,07/2026,9.45,,False,,False,,2025-09-30,2025-12-31,2
"CIVC VI-A 829 Blocker, LLC Units",civc vi,3,GREEN,0,1,1,1,"CIVC VI-A 829 Blocker, LLC Units",SCM,Stellus Capital Management,​,0.0,250.0,-1.0,9/3/2021,,,False,,False,,2025-09-30,2025-12-31,2
European Capital UK SME Debt LP,european capital,3,GREEN,0,1,1,1,European Capital UK SME Debt LP,ARCC,Ares Capital Management,Investment Funds and Vehicles,0.0,0.2,-1.0,01/2017,,,False,,False,,2025-09-30,2025-12-31,2
"Flinn Scientific, Inc. and WCI-Quantum Holdings, Inc.",flinn scientific,3,GREEN,0,1,1,1,"Flinn Scientific, Inc. and WCI-Quantum Holdings, Inc.",ARCC,Ares Capital Management,,0.0,4.0,-1.0,04/2026,9.22,,False,,False,,2025-09-30,2025-12-31,2
"GSF Group Holdings, L.P. Class A2 Units",gsf group,3,GREEN,0,1,1,1,"GSF Group Holdings, L.P. Class A2 Units",SCM,Stellus Capital Management,​,0.0,241.0,-1.0,4/30/2025,,,False,,False,,2025-09-30,2025-12-31,2
"Gauge Vimergy Coinvest, LLC Units",gauge vimergy,3,GREEN,0,1,1,1,"Gauge Vimergy Coinvest, LLC Units",SCM,Stellus Capital Management,​,0.0,399.0,-1.0,6/6/2022,,,False,,False,,2025-09-30,2025-12-31,2
Impact Holdings Georgia LLC Class A-1 Units,impact georgia,3,GREEN,0,1,1,1,Impact Holdings Georgia LLC Class A-1 Units,SCM,Stellus Capital Management,​,0.0,38.0,-1.0,1/31/2024,,,False,,False,,2025-09-30,2025-12-31,2
"NINJIO Holdings, LLC Units",ninjio units,3,GREEN,0,1,1,1,"NINJIO Holdings, LLC Units",SCM,Stellus Capital Management,​,0.0,184.0,-1.0,10/12/2022,,,False,,False,,2025-09-30,2025-12-31,2
"Pragmatic Holdco, Inc.",pragmatic,3,GREEN,0,1,1,1,"Pragmatic Holdco, Inc.",PFLT,PennantPark Investment Advisers,Professional Services,0.0,0.036,-1.0,11/5/2021,,,False,,False,,2025-09-30,2025-12-31,2
"SG AL Investment, LLC Common-A Units",sg al,3,GREEN,0,1,1,1,"SG AL Investment, LLC Common-A Units",SCM,Stellus Capital Management,​,0.0,478.0,-1.0,12/22/2023,,,False,,False,,2025-09-30,2025-12-31,2
"VRS Buyer, Inc.",vrs,3,GREEN,0,1,1,1,"VRS Buyer, Inc.",ARCC,Ares Capital Management,,0.0,66.2,-1.0,10/2032,7.24,,False,,False,,2025-09-30,2025-12-31,2
Consolidated Revenue Interest ( 2.00 %),consolidated revenue,2,GREEN,0,1,1,1,Consolidated Revenue Interest ( 2.00 %),PSEC,Prospect Capital Management,6/22/2018,903.004,460.45,0.9611,,,,False,,False,,2025-09-30,2025-12-31,2
"Gamber-Johnson Holdings, LLC",gamber johnson,2,GREEN,0,1,1,1,"Gamber-Johnson Holdings, LLC",MAIN,Main Street Capital (internal),,744.986,358.634,1.0773,1/1/2028,11.19,,False,,False,,2025-09-30,2025-12-31,2
"Snoopy Bidco, Inc.",snoopy,2,GREEN,0,1,1,1,"Snoopy Bidco, Inc.",BXSL,Blackstone Credit Advisors,Health Care Providers & Services (continued),671.695,694.106,-0.0323,6/1/2028,,,False,,False,,2025-12-31,2025-12-31,1
"JSS Holdings, Inc.",jss,2,GREEN,0,1,1,1,"JSS Holdings, Inc.",BXSL,Blackstone Credit Advisors,Commercial Services & Supplies (continued),645.242,639.887,0.0084,11/8/2031,,,False,,False,,2025-12-31,2025-12-31,1
Winland Foods,winland foods,2,GREEN,0,1,1,1,Winland Foods,OBDC,Blue Owl Credit Advisors,Food and beverage,631.403,625.283,0.0098,10/2030,,,False,,False,,2025-09-30,2025-12-31,2
SLR Credit Solutions,slr credit,2,GREEN,0,1,1,1,SLR Credit Solutions,SLRC,SLR Capital Partners,Financial Services,569.25,561.474,0.0138,,,,False,,False,,2025-09-30,2025-12-31,2
"Corfin Holdings, Inc.",corfin,2,GREEN,0,1,1,1,"Corfin Holdings, Inc.",BXSL,Blackstone Credit Advisors,Aerospace & Defense,526.907,524.073,0.0054,12/27/2027,,,False,,False,,2025-12-31,2025-12-31,1
"MSC Adviser I, LLC",msc adviser,2,GREEN,0,1,1,1,"MSC Adviser I, LLC",MAIN,Main Street Capital (internal),,501.02,59.0,7.4919,,,,False,,False,,2025-09-30,2025-12-31,2
Global Tel*Link Corporation (d./b/a ViaPath Technologies),global tel link,2,GREEN,0,1,1,1,Global Tel*Link Corporation (d./b/a ViaPath Technologies),PSEC,Prospect Capital Management,Diversified Telecommunication Services,496.93,486.702,0.021,8/6/2029,11.52,750.0,False,,False,,2025-09-30,2025-12-31,2
"Apex Clean Energy TopCo, LLC",apex clean,2,GREEN,0,1,1,1,"Apex Clean Energy TopCo, LLC",ARCC,Ares Capital Management,Independent Power and Renewable Electricity Producers,490.0,292.0,0.6781,,,,False,,False,,2025-09-30,2025-12-31,2
"Bazaarvoice, Inc.",bazaarvoice,2,GREEN,0,1,1,1,"Bazaarvoice, Inc.",BXSL,Blackstone Credit Advisors,Commercial Services & Supplies,485.697,485.697,0.0,5/7/2028,,,False,,False,,2025-12-31,2025-12-31,1
Big Brand Tire & Service,big brand,2,GREEN,0,1,1,1,Big Brand Tire & Service,OBDC,Blue Owl Credit Advisors,Automotive services,454.397,425.106,0.0689,9/2032,,,False,,False,,2025-09-30,2025-12-31,2
Mavis Tire Express Services,mavis tire,2,GREEN,0,1,1,1,Mavis Tire Express Services,OBDC,Blue Owl Credit Advisors,Automotive services,444.569,438.22,0.0145,,,,False,,False,,2025-09-30,2025-12-31,2
"FEH Group, LLC.",feh group,2,GREEN,0,1,1,1,"FEH Group, LLC.",ARCC,Ares Capital Management,,442.2,374.2,0.1817,,,,False,,False,,2025-09-30,2025-12-31,2
eCapital Finance Corp.,ecapital finance,2,GREEN,0,1,1,1,eCapital Finance Corp.,ARCC,Ares Capital Management,Financial Services,441.4,221.5,0.9928,09/2029,11.22,,False,,False,,2025-09-30,2025-12-31,2
"CoreLogic, Inc. and T-VIII Celestial Co-Invest LP",corelogic and,2,GREEN,0,1,1,1,"CoreLogic, Inc. and T-VIII Celestial Co-Invest LP",ARCC,Ares Capital Management,,433.8,443.6,-0.0221,03/2028,10.2,,False,,False,,2025-09-30,2025-12-31,2
U.S. Government Securities,us government securities,2,GREEN,0,1,1,1,U.S. Government Securities,PNNT,PennantPark Investment Advisers,,433.375,433.278,0.0002,,,,False,,False,,2025-12-31,2025-12-31,1
SageSure LLC,sagesure,2,GREEN,0,1,1,1,SageSure LLC,ARCC,Ares Capital Management,,415.2,367.0,0.1313,01/2030,8.57,,False,,False,,2025-09-30,2025-12-31,2
"Eagle Infrastructure Services, LLC",eagle infrastructure,2,GREEN,0,1,1,1,"Eagle Infrastructure Services, LLC",OBDC,Blue Owl Credit Advisors,Infrastructure and environmental services,402.845,330.547,0.2187,4/2028,,,False,,False,,2025-09-30,2025-12-31,2
Spruce Bidco II Inc.,spruce ii,2,GREEN,0,1,1,1,Spruce Bidco II Inc.,ARCC,Ares Capital Management,,396.8,394.4,0.0061,01/2032,7.96,,False,,False,,2025-09-30,2025-12-31,2
"Revolut Ribbit Holdings, LLC",revolut ribbit,2,GREEN,0,1,1,1,"Revolut Ribbit Holdings, LLC",OTF,Blue Owl Credit Advisors,Diversified Financial Services,359.142,273.595,0.3127,,,,False,,False,,2025-09-30,2025-12-31,2
"Tennessee Bidco, Limited",tennessee,2,GREEN,0,1,1,1,"Tennessee Bidco, Limited",BXSL,Blackstone Credit Advisors,Insurance (continued),356.167,320.621,0.1109,7/1/2031,,,False,,False,,2025-12-31,2025-12-31,1
PCF Insurance Services,pcf insurance,2,GREEN,0,1,1,1,PCF Insurance Services,OBDC,Blue Owl Credit Advisors,Insurance,351.237,315.0,0.115,11/2028,,,False,,False,,2025-09-30,2025-12-31,2
"SI East, LLC",si east,2,GREEN,0,1,1,1,"SI East, LLC",MAIN,Main Street Capital (internal),,339.566,283.966,0.1958,6/16/2028,12.79,,False,,False,,2025-09-30,2025-12-31,2
"Gaylord Chemical Company, L.L.C.",gaylord chemical,2,GREEN,0,1,1,1,"Gaylord Chemical Company, L.L.C.",OBDC,Blue Owl Credit Advisors,Chemicals,325.05,324.246,0.0025,12/2027,,,False,,False,,2025-09-30,2025-12-31,2
"U.S. Anesthesia Partners, Inc. & U.S. Anesthesia Partners Holdings, Inc.",us anesthesia partners,2,GREEN,0,1,1,1,"U.S. Anesthesia Partners, Inc. & U.S. Anesthesia Partners Holdings, Inc.",ARCC,Ares Capital Management,,317.2,321.4,-0.0131,10/2029,11.49,,False,,False,,2025-09-30,2025-12-31,2
Beauty Industry Group,beauty industry,2,GREEN,0,1,1,1,Beauty Industry Group,OBDC,Blue Owl Credit Advisors,Specialty retail,316.271,328.469,-0.0371,11/2027,,,False,,False,,2025-09-30,2025-12-31,2
"Identity Digital, Inc.",identity digital,2,GREEN,0,1,1,1,"Identity Digital, Inc.",BXSL,Blackstone Credit Advisors,Internet & Direct Marketing Retail,315.889,313.189,0.0086,12/29/2027,,,False,,False,,2025-12-31,2025-12-31,1
"The Shade Store, LLC",shade store,2,GREEN,0,1,1,1,"The Shade Store, LLC",OBDC,Blue Owl Credit Advisors,Specialty retail,297.617,296.092,0.0052,10/2028,,,False,,False,,2025-09-30,2025-12-31,2
Creative Foam Corporation,creative foam,2,GREEN,0,1,1,1,Creative Foam Corporation,MAIN,Main Street Capital (internal),,293.842,295.343,-0.0051,6/27/2029,10.27,,False,,False,,2025-09-30,2025-12-31,2
"Xanitos TopCo, LLC",xanitos,2,GREEN,0,1,1,1,"Xanitos TopCo, LLC",MFIC,"Apollo Investment Management, L.P.",Xanitos,293.379,6.554,43.7634,,,,False,,False,,2025-12-31,2025-12-31,1
"Victory Energy Operations, LLC",victory energy,2,GREEN,0,1,1,1,"Victory Energy Operations, LLC",MAIN,Main Street Capital (internal),,285.133,284.162,0.0034,10/3/2029,13.0,,False,,False,,2025-09-30,2025-12-31,2
Windows Entities,windows entities,2,GREEN,0,1,1,1,Windows Entities,OBDC,Blue Owl Credit Advisors,Manufacturing,277.267,266.73,0.0395,,,,False,,False,,2025-09-30,2025-12-31,2
"Flame King Holdings, LLC",flame king,2,GREEN,0,1,1,1,"Flame King Holdings, LLC",MAIN,Main Street Capital (internal),,276.595,162.615,0.7009,6/30/2030,12.0,,False,,False,,2025-09-30,2025-12-31,2
"Galls, LLC",galls,2,GREEN,0,1,1,1,"Galls, LLC",OBDC,Blue Owl Credit Advisors,Specialty retail,264.644,260.938,0.0142,3/2030,,,False,,False,,2025-09-30,2025-12-31,2
CSI,csi,2,GREEN,0,1,1,1,CSI,OTF,Blue Owl Credit Advisors,Diversified Financial Services,263.014,262.972,0.0002,11/2031,,,False,,False,,2025-09-30,2025-12-31,2
"CFS Brands, LLC",cfs brands,2,GREEN,0,1,1,1,"CFS Brands, LLC",BXSL,Blackstone Credit Advisors,Commercial Services & Supplies,261.084,257.153,0.0153,10/2/2030,,,False,,False,,2025-12-31,2025-12-31,1
Certinia Inc.,certinia,2,GREEN,0,1,1,1,Certinia Inc.,OTF,Blue Owl Credit Advisors,Professional Services,260.028,260.654,-0.0024,8/2030,,,False,,False,,2025-09-30,2025-12-31,2
SLR Business Credit,slr business,2,GREEN,0,1,1,1,SLR Business Credit,SLRC,SLR Capital Partners,Financial Services,258.37,223.166,0.1577,,,,False,,False,,2025-09-30,2025-12-31,2
MacLean Power Systems,maclean power,2,GREEN,0,1,1,1,MacLean Power Systems,OBDC,Blue Owl Credit Advisors,Manufacturing,252.761,249.791,0.0119,10/2028,,,False,,False,,2025-09-30,2025-12-31,2
"IG Investor, LLC",ig investor,2,GREEN,0,1,1,1,"IG Investor, LLC",MAIN,Main Street Capital (internal),,235.312,204.667,0.1497,6/21/2028,13.0,,False,,False,,2025-09-30,2025-12-31,2
TruGreen Limited Partnership,trugreen partnership,2,GREEN,0,1,1,1,TruGreen Limited Partnership,CGBD,Carlyle Investment Management,Consumer Services,235.064,249.391,-0.0574,11/2/2028,,,False,,False,,2025-09-30,2025-12-31,2
"Edifecs, Inc.",edifecs,2,GREEN,0,1,1,1,"Edifecs, Inc.",BXSL,Blackstone Credit Advisors,Health Care Technology,232.507,230.822,0.0073,11/20/2028,,,False,,False,,2025-12-31,2025-12-31,1
"International Senior Loan Program, LLC",international senior loan,2,GREEN,0,1,1,1,"International Senior Loan Program, LLC",BCSF,Bain Capital Credit,Investment Vehicles,231.77,251.344,-0.0779,2/22/2028,8.0,,False,,False,,2025-09-30,2025-09-30,1
Sun World,sun world,2,GREEN,0,1,1,1,Sun World,OBDC,Blue Owl Credit Advisors,Food and beverage,229.165,227.283,0.0083,5/2029,,,False,,False,,2025-09-30,2025-12-31,2
California Splendor Holdings LLC,california splendor,2,GREEN,0,1,1,1,California Splendor Holdings LLC,MAIN,Main Street Capital (internal),,228.721,224.924,0.0169,8/28/2028,14.29,,False,,False,,2025-09-30,2025-12-31,2
"Endries Acquisition, Inc.",endries,2,GREEN,0,1,1,1,"Endries Acquisition, Inc.",OBDC,Blue Owl Credit Advisors,Distribution,224.122,225.217,-0.0049,12/2028,,,False,,False,,2025-09-30,2025-12-31,2
"Japs-Olson Company, LLC",japs olson,2,GREEN,0,1,1,1,"Japs-Olson Company, LLC",PSEC,Prospect Capital Management,Commercial Services & Supplies,222.454,222.454,0.0,5/25/2028,10.74,675.0,False,,False,,2025-09-30,2025-12-31,2
"Creek Feeder, L.P.",creek feeder,2,GREEN,0,1,1,1,"Creek Feeder, L.P.",ARCC,Ares Capital Management,,217.2,217.2,0.0,12/2031,8.73,,False,,False,,2025-09-30,2025-12-31,2
"iQor Holdings, Inc.",iqor,2,GREEN,0,1,1,1,"iQor Holdings, Inc.",PSEC,Prospect Capital Management,Professional Services,212.887,233.786,-0.0894,6/11/2029,11.5,725.0,False,,False,,2025-09-30,2025-12-31,2
"Centre Technologies Holdings, LLC",centre technologies,2,GREEN,0,1,1,1,"Centre Technologies Holdings, LLC",MAIN,Main Street Capital (internal),,209.409,124.713,0.6791,1/4/2028,12.84,,False,,False,,2025-09-30,2025-12-31,2
Nuvemshop,nuvemshop,2,GREEN,0,1,1,1,Nuvemshop,OTF,Blue Owl Credit Advisors,Internet & Direct Marketing Retail,203.828,190.543,0.0697,,,,False,,False,,2025-09-30,2025-12-31,2
"Magnet Forensics, LLC",magnet forensics,2,GREEN,0,1,1,1,"Magnet Forensics, LLC",OTF,Blue Owl Credit Advisors,Application Software,202.739,202.842,-0.0005,7/2028,,,False,,False,,2025-09-30,2025-12-31,2
"eResearchTechnology, Inc. and Astorg VII Co-Invest ERT",eresearchtechnology and,2,GREEN,0,1,1,1,"eResearchTechnology, Inc. and Astorg VII Co-Invest ERT",ARCC,Ares Capital Management,,202.1,181.9,0.1111,01/2032,8.47,,False,,False,,2025-09-30,2025-12-31,2
"Zenith American Holding, Inc.",zenith american,2,GREEN,0,1,1,1,"Zenith American Holding, Inc.",CGBD,Carlyle Investment Management,Business Services,201.67,180.92,0.1147,,,,False,,False,,2025-09-30,2025-12-31,2
"Corium, Inc.",corium,2,GREEN,0,1,1,1,"Corium, Inc.",HTGC,Hercules Capital (internal),Drug Discovery & Development,201.474,201.839,-0.0018,,5.7,570.0,False,,False,,2025-09-30,2025-12-31,2
U.S. Retirement and Benefits Partners,us retirement and,2,GREEN,0,1,1,1,U.S. Retirement and Benefits Partners,OBDC,Blue Owl Credit Advisors,Insurance,200.2397,198.742,0.0075,12/2029,,,False,,False,,2025-09-30,2025-12-31,2
"Enseo Acquisition, Inc.",enseo,2,GREEN,0,1,1,1,"Enseo Acquisition, Inc.",PSEC,Prospect Capital Management,Media,198.018,198.018,0.0,12/31/2027,12.75,850.0,False,,False,,2025-09-30,2025-12-31,2
"Xenon Arc, Inc.",xenon arc,2,GREEN,0,1,1,1,"Xenon Arc, Inc.",MAIN,Main Street Capital (internal),,192.402,193.047,-0.0033,12/20/2028,9.74,,False,,False,,2025-09-30,2025-12-31,2
Mission Critical Group,mission critical,2,GREEN,0,1,1,1,Mission Critical Group,MAIN,Main Street Capital (internal),,190.907,162.315,0.1762,4/17/2030,9.25,,False,,False,,2025-09-30,2025-12-31,2
"DecoPac, Inc. and KCAKE Holdings Inc.",decopac and,2,GREEN,0,1,1,1,"DecoPac, Inc. and KCAKE Holdings Inc.",ARCC,Ares Capital Management,,190.2,190.2,0.0,05/2030,9.09,,False,,False,,2025-09-30,2025-12-31,2
"Pinnacle TopCo, LLC",pinnacle,2,GREEN,0,1,1,1,"Pinnacle TopCo, LLC",MAIN,Main Street Capital (internal),,188.892,161.43,0.1701,12/21/2028,13.0,,False,,False,,2025-09-30,2025-12-31,2
"Universal Turbine Parts, LLC",universal turbine,2,GREEN,0,1,1,1,"Universal Turbine Parts, LLC",PSEC,Prospect Capital Management,Aerospace & Defense,183.09,154.916,0.1819,2/29/2028,12.0,775.0,False,,False,,2025-09-30,2025-12-31,2
Pavion Corp.,pavion,2,GREEN,0,1,1,1,Pavion Corp.,BXSL,Blackstone Credit Advisors,Professional Services (continued),182.749,180.502,0.0124,10/30/2030,,,False,,False,,2025-12-31,2025-12-31,1
"eResearchTechnology, Inc.",eresearchtechnology,2,GREEN,0,1,1,1,"eResearchTechnology, Inc.",BXSL,Blackstone Credit Advisors,Health Care Technology (continued),182.054,180.393,0.0092,1/19/2032,,,False,,False,,2025-12-31,2025-12-31,1
"US Oral Surgery Management Holdco, LLC",us oral surgery,2,GREEN,0,1,1,1,"US Oral Surgery Management Holdco, LLC",BXSL,Blackstone Credit Advisors,Health Care Providers & Services (continued),180.432,178.951,0.0083,11/20/2028,,,False,,False,,2025-12-31,2025-12-31,1
"Bain Capital Senior Loan Program, LLC",bain capital,2,GREEN,0,1,1,1,"Bain Capital Senior Loan Program, LLC",BCSF,Bain Capital Credit,Investment Vehicles,178.52,175.599,0.0166,12/27/2033,10.0,,False,,False,,2025-09-30,2025-09-30,1
"Gehl Foods, LLC",gehl foods,2,GREEN,0,1,1,1,"Gehl Foods, LLC",OBDC,Blue Owl Credit Advisors,Food and beverage,176.297,174.764,0.0088,6/2030,,,False,,False,,2025-09-30,2025-12-31,2
Richardson Sales Solutions,richardson sales,2,GREEN,0,1,1,1,Richardson Sales Solutions,MAIN,Main Street Capital (internal),,174.068,174.068,0.0,8/24/2028,10.16,,False,,False,,2025-09-30,2025-12-31,2
"LHS Borrower, LLC, LH Equity Investors, L.P., Leaf Home, LLC and GC Fund IV Blocker LLC",lhs lh,2,GREEN,0,1,1,1,"LHS Borrower, LLC, LH Equity Investors, L.P., Leaf Home, LLC and GC Fund IV Blocker LLC",ARCC,Ares Capital Management,,172.2,174.0,-0.0103,09/2031,8.98,,False,,False,,2025-12-31,2025-12-31,1
"South Coast Terminals Holdings, LLC",south coast terminals,2,GREEN,0,1,1,1,"South Coast Terminals Holdings, LLC",MAIN,Main Street Capital (internal),,171.824,171.782,0.0002,8/8/2029,9.36,,False,,False,,2025-09-30,2025-12-31,2
"FCC Intermediate Holdco, LLC",fcc,2,GREEN,0,1,1,1,"FCC Intermediate Holdco, LLC",MAIN,Main Street Capital (internal),,169.786,137.197,0.2375,5/28/2029,13.0,,False,,False,,2025-09-30,2025-12-31,2
"Surescripts, LLC",surescripts,2,GREEN,0,1,1,1,"Surescripts, LLC",ARCC,Ares Capital Management,,166.0,166.8,-0.0048,11/2031,8.44,,False,,False,,2025-09-30,2025-12-31,2
"Trinity Medical Holdings, LLC",trinity medical,2,GREEN,0,1,1,1,"Trinity Medical Holdings, LLC",MAIN,Main Street Capital (internal),,160.888,161.444,-0.0034,10/8/2030,13.0,,False,,False,,2025-12-31,2025-12-31,1
"Barbri Holdings, Inc.",barbri,2,GREEN,0,1,1,1,"Barbri Holdings, Inc.",BXSL,Blackstone Credit Advisors,Diversified Consumer Services,160.855,159.945,0.0057,4/30/2030,,,False,,False,,2025-12-31,2025-12-31,1
RPL Bidco Limited,rpl,2,GREEN,0,1,1,1,RPL Bidco Limited,GBDC,GC Advisors,Real Estate Management & Development,160.798,160.593,0.0013,,,,False,,False,,2025-09-30,2025-12-31,2
Titan Meter Midco Corp.,titan meter,2,GREEN,0,1,1,1,Titan Meter Midco Corp.,MAIN,Main Street Capital (internal),,159.993,159.301,0.0043,3/11/2029,10.36,,False,,False,,2025-09-30,2025-12-31,2
SIAA,siaa,2,GREEN,0,1,1,1,SIAA,OBDC,Blue Owl Credit Advisors,Insurance,155.29,152.063,0.0212,4/2028,,,False,,False,,2025-09-30,2025-12-31,2
"X4 Pharmaceuticals, Inc.",x4 pharmaceuticals,2,GREEN,0,1,1,1,"X4 Pharmaceuticals, Inc.",HTGC,Hercules Capital (internal),Drug Discovery & Development,153.8,158.881,-0.032,,3.15,315.0,False,,False,,2025-09-30,2025-12-31,2
Billtrust,billtrust,2,GREEN,0,1,1,1,Billtrust,OTF,Blue Owl Credit Advisors,Diversified Financial Services,151.525,151.288,0.0016,12/2028,,,False,,False,,2025-09-30,2025-12-31,2
Coregistics Buyer LLC,coregistics,2,GREEN,0,1,1,1,Coregistics Buyer LLC,MAIN,Main Street Capital (internal),,150.285,152.778,-0.0163,6/28/2029,10.51,,False,,False,,2025-09-30,2025-12-31,2
"Ansira Partners II, LLC",ansira partners,2,GREEN,0,1,1,1,"Ansira Partners II, LLC",MAIN,Main Street Capital (internal),,147.882,149.093,-0.0081,7/1/2029,11.25,,False,,False,,2025-09-30,2025-12-31,2
"KKR Altitude II Offshore Aggregator LP, Partnership Interest",kkr altitude,2,GREEN,0,1,1,1,"KKR Altitude II Offshore Aggregator LP, Partnership Interest",FSK,FS/KKR Advisor,Capital Goods,146.807,137.5,0.0677,,,,False,,False,,2025-09-30,2025-12-31,2
"Winebow Holdings, Inc.*",winebow,2,GREEN,0,1,1,1,"Winebow Holdings, Inc.*",GBDC,GC Advisors,Beverages,146.12,147.764,-0.0111,,,,False,,False,,2025-09-30,2025-12-31,2
"Gulf Manufacturing, LLC",gulf manufacturing,2,GREEN,0,1,1,1,"Gulf Manufacturing, LLC",MAIN,Main Street Capital (internal),,145.696,123.07,0.1838,3/15/2029,12.1,,False,,False,,2025-09-30,2025-12-31,2
"Progress Residential PM Holdings, LLC",progress residential,2,GREEN,0,1,1,1,"Progress Residential PM Holdings, LLC",BXSL,Blackstone Credit Advisors,Real Estate Management & Development,141.656,140.937,0.0051,9/11/2028,,,False,,False,,2025-12-31,2025-12-31,1
"Turing Holdco, Inc.",turing,2,GREEN,0,1,1,1,"Turing Holdco, Inc.",BXSL,Blackstone Credit Advisors,IT Services (continued),140.966,131.725,0.0702,8/3/2028,,,False,,False,,2025-12-31,2025-12-31,1
"Connect Telecommunications Solutions Holdings, Inc.",connect telecommunications,2,GREEN,0,1,1,1,"Connect Telecommunications Solutions Holdings, Inc.",MAIN,Main Street Capital (internal),,140.724,141.169,-0.0032,10/9/2029,13.0,,False,,False,,2025-09-30,2025-12-31,2
"DRS Holdings I, Inc.",drs i,2,GREEN,0,1,1,1,"DRS Holdings I, Inc.",ARCC,Ares Capital Management,Consumer Durables and Apparel,138.8,136.2,0.0191,11/2028,8.97,,False,,False,,2025-09-30,2025-12-31,2
"Garyline, LLC",garyline,2,GREEN,0,1,1,1,"Garyline, LLC",MAIN,Main Street Capital (internal),,138.289,139.142,-0.0061,10/14/2027,11.18,,False,,False,,2025-09-30,2025-12-31,2
GradeEight Corp.,gradeeight,2,GREEN,0,1,1,1,GradeEight Corp.,MAIN,Main Street Capital (internal),,137.323,139.517,-0.0157,10/4/2029,11.51,,False,,False,,2025-09-30,2025-12-31,2
Belron,belron,2,GREEN,0,1,1,1,Belron,OBDC,Blue Owl Credit Advisors,Automotive services,136.55,109.268,0.2497,,,,False,,False,,2025-09-30,2025-12-31,2
"Excalibur CombineCo, L.P.",excalibur combineco,2,GREEN,0,1,1,1,"Excalibur CombineCo, L.P.",OTF,Blue Owl Credit Advisors,Systems Software,136.428,0.0,,,,,False,,False,,2025-09-30,2025-12-31,2
Medicus,medicus,2,GREEN,0,1,1,1,Medicus,OBDC,Blue Owl Credit Advisors,,136.319,135.219,0.0081,5/2031,,,False,,False,,2025-09-30,2025-12-31,2
DuBois Chemical,dubois chemical,2,GREEN,0,1,1,1,DuBois Chemical,OBDC,Blue Owl Credit Advisors,Chemicals,136.069,135.756,0.0023,6/2031,,,False,,False,,2025-09-30,2025-12-31,2
"Nelipak Holding Company, Nelipak European Holdings Cooperatief U.A., KNPAK Holdings, LP and PAKNK Netherlands Treasury B.V.",nelipak nelipak,2,GREEN,0,1,1,1,"Nelipak Holding Company, Nelipak European Holdings Cooperatief U.A., KNPAK Holdings, LP and PAKNK Netherlands Treasury B.V.",ARCC,Ares Capital Management,,135.6,128.4,0.0561,03/2031,8.18,,False,,False,,2025-09-30,2025-12-31,2
"WatchGuard Technologies, Inc.",watchguard technologies,2,GREEN,0,1,1,1,"WatchGuard Technologies, Inc.",PSEC,Prospect Capital Management,IT Services,135.472,135.802,-0.0024,6/30/2029,9.28,525.0,False,,False,,2025-09-30,2025-12-31,2
"Bimini Group Purchaser, Inc.",bimini group,2,GREEN,0,1,1,1,"Bimini Group Purchaser, Inc.",BXSL,Blackstone Credit Advisors,Media,135.097,133.902,0.0089,4/26/2031,,,False,,False,,2025-12-31,2025-12-31,1
"Brave Parent Holdings, Inc.",brave,2,GREEN,0,1,1,1,"Brave Parent Holdings, Inc.",BXSL,Blackstone Credit Advisors,Software,134.871,133.752,0.0084,11/28/2030,,,False,,False,,2025-12-31,2025-12-31,1
Carrera Bidco Limited,carrera,2,GREEN,0,1,1,1,Carrera Bidco Limited,ARCC,Ares Capital Management,Consumer Distribution and Retail,134.3,135.4,-0.0081,11/2032,7.34,,False,,False,,2025-12-31,2025-12-31,1
"PPL RVs, Inc.",ppl rvs,2,GREEN,0,1,1,1,"PPL RVs, Inc.",MAIN,Main Street Capital (internal),,134.176,72.662,0.8466,11/15/2027,13.4,,False,,False,,2025-09-30,2025-12-31,2
"FusionSite Midco, LLC",fusionsite,2,GREEN,0,1,1,1,"FusionSite Midco, LLC",BXSL,Blackstone Credit Advisors,Commercial Services & Supplies,132.804,131.085,0.0131,11/17/2029,,,False,,False,,2025-12-31,2025-12-31,1
"Mercury Bidco Globe, Limited",mercury globe,2,GREEN,0,1,1,1,"Mercury Bidco Globe, Limited",BXSL,Blackstone Credit Advisors,Professional Services (continued),132.201,106.438,0.242,1/31/2031,,,False,,False,,2025-12-31,2025-12-31,1
"Grit Buyer, Inc.",grit,2,GREEN,0,1,1,1,"Grit Buyer, Inc.",ARCC,Ares Capital Management,,131.8,133.2,-0.0105,07/2032,8.37,,False,,False,,2025-09-30,2025-12-31,2
"Rawlings Sporting Goods Company, Inc. and SEP Diamond Fund, L.P.",rawlings sporting,2,GREEN,0,1,1,1,"Rawlings Sporting Goods Company, Inc. and SEP Diamond Fund, L.P.",ARCC,Ares Capital Management,Consumer Durables and Apparel,130.2,117.0,0.1128,11/2029,8.47,,False,,False,,2025-09-30,2025-12-31,2
Babel Street,babel street,2,GREEN,0,1,1,1,Babel Street,HTGC,Hercules Capital (internal),Debt Investments,130.001,129.099,0.007,,8.01,801.0,False,,False,,2025-09-30,2025-12-31,2
"Troon Golf, L.L.C.",troon golf,2,GREEN,0,1,1,1,"Troon Golf, L.L.C.",OBDC,Blue Owl Credit Advisors,Leisure and entertainment,129.967,129.279,0.0053,8/2028,,,False,,False,,2025-09-30,2025-12-31,2
"Bulab Holdings, Inc. and Buckman PPC Co-Invest LP",bulab and,2,GREEN,0,1,1,1,"Bulab Holdings, Inc. and Buckman PPC Co-Invest LP",ARCC,Ares Capital Management,Materials,128.6,128.0,0.0047,07/2032,8.17,,False,,False,,2025-09-30,2025-12-31,2
"ChenMed, LLC",chenmed,2,GREEN,0,1,1,1,"ChenMed, LLC",HTGC,Hercules Capital (internal),Electronics & Computer Hardware,128.24,128.101,0.0011,,2.45,245.0,False,,False,,2025-09-30,2025-12-31,2
"Discovery Point Retreat, LLC",discovery point,2,GREEN,0,1,1,1,"Discovery Point Retreat, LLC",PSEC,Prospect Capital Management,Health Care Providers & Services,127.904,116.97,0.0935,6/14/2029,12.0,775.0,False,,False,,2025-09-30,2025-12-31,2
ABB/Con-cise Optical Group LLC,abb con,2,GREEN,0,1,1,1,ABB/Con-cise Optical Group LLC,OBDC,Blue Owl Credit Advisors,Distribution,126.647,127.39,-0.0058,2/2028,,,False,,False,,2025-09-30,2025-12-31,2
"Gannett Fleming, Inc.",gannett fleming,2,GREEN,0,1,1,1,"Gannett Fleming, Inc.",BXSL,Blackstone Credit Advisors,Construction & Engineering,125.69,124.906,0.0063,8/5/2030,,,False,,False,,2025-12-31,2025-12-31,1
"MAC Discount, LLC",mac discount,2,GREEN,0,1,1,1,"MAC Discount, LLC",PSEC,Prospect Capital Management,Distributors,125.4101,128.848,-0.0267,5/11/2028,12.73,850.0,False,,False,,2025-09-30,2025-12-31,2
"Artisan Acquisitionco, Ltd.",artisan acquisitionco,2,GREEN,0,1,1,1,"Artisan Acquisitionco, Ltd.",BXSL,Blackstone Credit Advisors,Professional Services,121.083,120.077,0.0084,9/30/2031,,,False,,False,,2025-12-31,2025-12-31,1
"Moderna, Inc.",moderna,2,GREEN,0,1,1,1,"Moderna, Inc.",ARCC,Ares Capital Management,,117.8,119.6,-0.0151,11/2030,9.17,,False,,False,,2025-12-31,2025-12-31,1
"Main Street Rural, Inc.",main street,2,GREEN,0,1,1,1,"Main Street Rural, Inc.",HTGC,Hercules Capital (internal),Electronics & Computer Hardware,116.629,115.846,0.0068,,1.95,195.0,False,,False,,2025-09-30,2025-12-31,2
"Pelican Products, Inc.",pelican products,2,GREEN,0,1,1,1,"Pelican Products, Inc.",ARCC,Ares Capital Management,Consumer Durables and Apparel,114.4,124.4,-0.0804,09/2028,11.55,,False,,False,,2025-09-30,2025-12-31,2
Locus Robotics Corp.,locus robotics,2,GREEN,0,1,1,1,Locus Robotics Corp.,HTGC,Hercules Capital (internal),Electronics & Computer Hardware,114.283,115.111,-0.0072,,3.0,300.0,False,,False,,2025-09-30,2025-12-31,2
Benecon Midco II LLC,benecon ii,2,GREEN,0,1,1,1,Benecon Midco II LLC,ARCC,Ares Capital Management,Insurance,112.4,96.2,0.1684,01/2031,8.19,,False,,False,,2025-09-30,2025-12-31,2
"Auria Space, LLC",auria space,2,GREEN,0,1,1,1,"Auria Space, LLC",MAIN,Main Street Capital (internal),,111.859,112.7,-0.0075,12/31/2030,8.72,,False,,False,,2025-12-31,2025-12-31,1
"Arnhem BidCo, GmbH",arnhem gmbh,2,GREEN,0,1,1,1,"Arnhem BidCo, GmbH",BXSL,Blackstone Credit Advisors,Software,110.274,100.634,0.0958,9/30/2031,,,False,,False,,2025-12-31,2025-12-31,1
Aston Bidco (Holding) Limited,aston,2,GREEN,0,1,1,1,Aston Bidco (Holding) Limited,ARCC,Ares Capital Management,,110.2,108.2,0.0185,07/2032,9.97,,False,,False,,2025-09-30,2025-12-31,2
AVSC Holding Corp.,avsc,2,GREEN,0,1,1,1,AVSC Holding Corp.,OCSL,Oaktree Capital Management,Specialized Consumer Services,109.734,110.726,-0.009,12/5/2029,5.0,,False,,False,,2025-12-31,2025-12-31,1
"Obra Capital, Inc.",obra capital,2,GREEN,0,1,1,1,"Obra Capital, Inc.",MAIN,Main Street Capital (internal),,109.398,109.866,-0.0043,12/21/2028,11.51,,False,,False,,2025-09-30,2025-12-31,2
"DMA Industries, LLC",dma industries,2,GREEN,0,1,1,1,"DMA Industries, LLC",MAIN,Main Street Capital (internal),,108.788,99.071,0.0981,6/18/2029,11.98,,False,,False,,2025-09-30,2025-12-31,2
"KBK Industries, LLC",kbk industries,2,GREEN,0,1,1,1,"KBK Industries, LLC",MAIN,Main Street Capital (internal),,108.462,24.874,3.3605,2/24/2028,9.33,,False,,False,,2025-09-30,2025-12-31,2
"Hornblower Sub, LLC",hornblower sub,2,GREEN,0,1,1,1,"Hornblower Sub, LLC",MAIN,Main Street Capital (internal),,107.039,107.83,-0.0073,7/3/2029,9.75,,False,,False,,2025-09-30,2025-12-31,2
"Emergency Power Holdings, LLC",emergency power,2,GREEN,0,1,1,1,"Emergency Power Holdings, LLC",BXSL,Blackstone Credit Advisors,Electrical Equipment,105.73,105.695,0.0003,8/17/2030,,,False,,False,,2025-12-31,2025-12-31,1
"RealPage, Inc.",realpage,2,GREEN,0,1,1,1,"RealPage, Inc.",OTF,Blue Owl Credit Advisors,Real Estate Management & Development,105.615,105.296,0.003,4/2028,,,False,,False,,2025-09-30,2025-12-31,2
Meridian Link,meridian link,2,GREEN,0,1,1,1,Meridian Link,OTF,Blue Owl Credit Advisors,Diversified Financial Services,105.608,105.622,-0.0001,10/2032,,,False,,False,,2025-12-31,2025-12-31,1
"Dyne Therapeutics, Inc.",dyne therapeutics,2,GREEN,0,1,1,1,"Dyne Therapeutics, Inc.",HTGC,Hercules Capital (internal),Drug Discovery & Development,104.467,100.789,0.0365,,2.45,245.0,False,,False,,2025-09-30,2025-12-31,2
"Electro Technical Industries, LLC",electro technical,2,GREEN,0,1,1,1,"Electro Technical Industries, LLC",MAIN,Main Street Capital (internal),,103.759,102.247,0.0148,3/31/2030,9.22,,False,,False,,2025-09-30,2025-12-31,2
"Cronos Crimson Holdings, Inc.",cronos crimson,2,GREEN,0,1,1,1,"Cronos Crimson Holdings, Inc.",BXSL,Blackstone Credit Advisors,Health Care Technology (continued),103.578,102.706,0.0085,3/1/2028,,,False,,False,,2025-12-31,2025-12-31,1
"Adams Publishing Group, LLC",adams publishing,2,GREEN,0,1,1,1,"Adams Publishing Group, LLC",MAIN,Main Street Capital (internal),,103.399,104.015,-0.0059,,11.0,,False,,False,,2025-12-31,2025-12-31,1
Wrench Group LLC,wrench group,2,GREEN,0,1,1,1,Wrench Group LLC,OBDC,Blue Owl Credit Advisors,Buildings and real estate,102.66,102.572,0.0009,9/2031,,,False,,False,,2025-09-30,2025-12-31,2
"CT Technologies Intermediate Holdings, Inc.",ct technologies,2,GREEN,0,1,1,1,"CT Technologies Intermediate Holdings, Inc.",BXSL,Blackstone Credit Advisors,Health Care Technology (continued),102.212,101.294,0.0091,8/30/2031,,,False,,False,,2025-12-31,2025-12-31,1
Spruce Bidco I Inc.,spruce i,2,GREEN,0,1,1,1,Spruce Bidco I Inc.,OCSL,Oaktree Capital Management,Health Care Equipment,101.221,95.714,0.0575,1/30/2032,4.9,,False,,False,,2025-12-31,2025-12-31,1
UBM AcquireCo LLC,ubm acquireco,2,GREEN,0,1,1,1,UBM AcquireCo LLC,MAIN,Main Street Capital (internal),,100.72,101.141,-0.0042,12/20/2027,10.0,,False,,False,,2025-12-31,2025-12-31,1
Arches Buyer Inc.,arches,2,GREEN,0,1,1,1,Arches Buyer Inc.,OCSL,Oaktree Capital Management,Interactive Media & Services,100.061,99.266,0.008,12/6/2027,5.37,,False,,False,,2025-09-30,2025-12-31,2
Delta Leasing SPV II LLC,delta leasing,2,GREEN,0,1,1,1,Delta Leasing SPV II LLC,OCSL,Oaktree Capital Management,Specialized Finance,99.656,99.385,0.0027,8/31/2029,,,False,,False,,2025-09-30,2025-12-31,2
Laboratories Bidco LLC,laboratories,2,GREEN,0,1,1,1,Laboratories Bidco LLC,ARCC,Ares Capital Management,,99.3,60.4,0.644,07/2029,5.16,,False,,False,,2025-09-30,2025-12-31,2
"Moffitt Holdings, LLC",moffitt,2,GREEN,0,1,1,1,"Moffitt Holdings, LLC",MAIN,Main Street Capital (internal),,98.8,96.565,0.0231,3/19/2030,13.0,,False,,False,,2025-09-30,2025-12-31,2
Vitesse Systems,vitesse systems,2,GREEN,0,1,1,1,Vitesse Systems,MAIN,Main Street Capital (internal),,98.008,98.008,0.0,12/22/2028,10.94,,False,,False,,2025-09-30,2025-12-31,2
"Spectrio, LLC",spectrio,2,GREEN,0,1,1,1,"Spectrio, LLC",MSDL,Morgan Stanley Investment Management,Interactive Media & Services,97.508,97.897,-0.004,,,,False,,False,,2025-09-30,2025-12-31,2
"AVEX Aviation Holdings, LLC",avex aviation,2,GREEN,0,1,1,1,"AVEX Aviation Holdings, LLC",MAIN,Main Street Capital (internal),,97.501,97.605,-0.0011,12/23/2027,11.41,,False,,False,,2025-09-30,2025-12-31,2
"CBT Nuggets, LLC",cbt nuggets,2,GREEN,0,1,1,1,"CBT Nuggets, LLC",MAIN,Main Street Capital (internal),,97.47,2.6,36.4885,,,,False,,False,,2025-09-30,2025-12-31,2
"Compass Systems & Sales, LLC",compass systems,2,GREEN,0,1,1,1,"Compass Systems & Sales, LLC",MAIN,Main Street Capital (internal),,97.419,98.347,-0.0094,11/22/2028,13.5,,False,,False,,2025-09-30,2025-12-31,2
GoEuro Travel GmbH,goeuro travel,2,GREEN,0,1,1,1,GoEuro Travel GmbH,HTGC,Hercules Capital (internal),Consumer & Business Services,97.413,97.026,0.004,,3.45,345.0,False,,False,,2025-09-30,2025-12-31,2
SLR Senior Lending Program LLC,slr senior,2,GREEN,0,1,1,1,SLR Senior Lending Program LLC,SLRC,SLR Capital Partners,Asset Management & Custody Banks,97.347,95.75,0.0167,,,,False,,False,,2025-09-30,2025-12-31,2
"Caribou Bidco, Ltd.",caribou,2,GREEN,0,1,1,1,"Caribou Bidco, Ltd.",BXSL,Blackstone Credit Advisors,Software (continued),94.772,74.555,0.2712,2/1/2029,,,False,,False,,2025-12-31,2025-12-31,1
"Infinity X1 Holdings, LLC",infinity x1,2,GREEN,0,1,1,1,"Infinity X1 Holdings, LLC",MAIN,Main Street Capital (internal),,94.772,78.064,0.214,3/31/2028,12.0,,False,,False,,2025-09-30,2025-12-31,2
"Iron-Main Investments, LLC",iron main,2,GREEN,0,1,1,1,"Iron-Main Investments, LLC",MAIN,Main Street Capital (internal),,94.308,94.342,-0.0004,1/31/2028,13.21,,False,,False,,2025-09-30,2025-12-31,2
"Waverly Advisors, LLC and WAAM Topco, LLC",waverly advisors,2,GREEN,0,1,1,1,"Waverly Advisors, LLC and WAAM Topco, LLC",ARCC,Ares Capital Management,,94.2,86.8,0.0853,03/2028,8.91,,False,,False,,2025-09-30,2025-12-31,2
"AMCP Pet Holdings, Inc. (Brightpet)",amcp pet,2,GREEN,0,1,1,1,"AMCP Pet Holdings, Inc. (Brightpet)",MSDL,Morgan Stanley Investment Management,Food Products,94.179,95.002,-0.0087,,,,False,,False,,2025-09-30,2025-12-31,2
"Recover Together, Inc.",recover together,2,GREEN,0,1,1,1,"Recover Together, Inc.",HTGC,Hercules Capital (internal),Electronics & Computer Hardware,93.732,94.312,-0.0061,,1.9,190.0,False,,False,,2025-09-30,2025-12-31,2
"Altior Healthcare, LLC",altior healthcare,2,GREEN,0,1,1,1,"Altior Healthcare, LLC",GLAD,Gladstone Management Corporation,,93.644,92.0,0.0179,,,,False,,False,,2025-12-31,2025-12-31,1
HealthEdge,healthedge,2,GREEN,0,1,1,1,HealthEdge,OTF,Blue Owl Credit Advisors,,93.446,93.487,-0.0004,6/2032,,,False,,False,,2025-09-30,2025-12-31,2
Legacy Swim Group,legacy swim,2,GREEN,0,1,1,1,Legacy Swim Group,MAIN,Main Street Capital (internal),,93.374,93.683,-0.0033,11/7/2030,13.0,,False,,False,,2025-12-31,2025-12-31,1
MCT Purchaserco Holding Inc.,mct purchaserco,2,GREEN,0,1,1,1,MCT Purchaserco Holding Inc.,MAIN,Main Street Capital (internal),,92.976,93.479,-0.0054,12/2/2030,9.3,,False,,False,,2025-12-31,2025-12-31,1
Harris Preston Fund Investments,harris preston,2,GREEN,0,1,1,1,Harris Preston Fund Investments,MAIN,Main Street Capital (internal),,92.163,58.365,0.5791,,,,False,,False,,2025-09-30,2025-12-31,2
TricorBraun,tricorbraun,2,GREEN,0,1,1,1,TricorBraun,OBDC,Blue Owl Credit Advisors,Containers and packaging,92.116,95.956,-0.04,,,,False,,False,,2025-09-30,2025-12-31,2
"Inception Fertility Ventures, LLC",inception fertility,2,GREEN,0,1,1,1,"Inception Fertility Ventures, LLC",BXSL,Blackstone Credit Advisors,Health Care Providers & Services (continued),91.811,93.058,-0.0134,4/29/2030,,,False,,False,,2025-12-31,2025-12-31,1
"Eagle Midstream Canada Finance, Inc.",eagle midstream,2,GREEN,0,1,1,1,"Eagle Midstream Canada Finance, Inc.",BXSL,Blackstone Credit Advisors,First Lien Debt - non-controlled/non-affiliated (continued),91.808,92.537,-0.0079,8/15/2028,,,False,,False,,2025-12-31,2025-12-31,1
"Gatekeeper Systems, Inc.",gatekeeper systems,2,GREEN,0,1,1,1,"Gatekeeper Systems, Inc.",BXSL,Blackstone Credit Advisors,Commercial Services & Supplies,91.433,92.026,-0.0064,8/28/2030,,,False,,False,,2025-12-31,2025-12-31,1
"VPP Group Holdings, L.P.",vpp group,2,GREEN,0,1,1,1,"VPP Group Holdings, L.P.",ARCC,Ares Capital Management,,90.3,85.6,0.0549,12/2027,9.44,,False,,False,,2025-09-30,2025-12-31,2
"Kajabi Holdings, LLC",kajabi,2,GREEN,0,1,1,1,"Kajabi Holdings, LLC",OTF,Blue Owl Credit Advisors,Internet & Direct Marketing Retail,89.598,50.025,0.7911,,,,False,,False,,2025-09-30,2025-12-31,2
"UPS Intermediate, LLC",ups,2,GREEN,0,1,1,1,"UPS Intermediate, LLC",MAIN,Main Street Capital (internal),,88.348,88.783,-0.0049,7/27/2029,10.36,,False,,False,,2025-09-30,2025-12-31,2
Resa Power LLC,resa power,2,GREEN,0,1,1,1,Resa Power LLC,FSK,FS/KKR Advisor,Commercial & Professional Services,87.7,88.0,-0.0034,,,,False,,False,,2025-09-30,2025-12-31,2
"Specialized Aviation Holdings, LLC",specialized aviation,2,GREEN,0,1,1,1,"Specialized Aviation Holdings, LLC",MAIN,Main Street Capital (internal),,86.724,86.987,-0.003,8/29/2030,13.0,,False,,False,,2025-09-30,2025-12-31,2
Vet's Choice Radiology LLC,vet s,2,GREEN,0,1,1,1,Vet's Choice Radiology LLC,GLAD,Gladstone Management Corporation,,86.703,85.5,0.0141,,,,False,,False,,2025-09-30,2025-12-31,2
"Slick Innovations, LLC",slick innovations,2,GREEN,0,1,1,1,"Slick Innovations, LLC",MAIN,Main Street Capital (internal),,86.232,81.632,0.0564,12/22/2027,14.0,,False,,False,,2025-09-30,2025-12-31,2
"NMC Crimson Holdings, Inc.",nmc crimson,2,GREEN,0,1,1,1,"NMC Crimson Holdings, Inc.",BXSL,Blackstone Credit Advisors,Health Care Technology,85.931,84.852,0.0127,3/1/2028,,,False,,False,,2025-12-31,2025-12-31,1
"RGIS Services, LLC",rgis services,2,GREEN,0,1,1,1,"RGIS Services, LLC",PSEC,Prospect Capital Management,Commercial Services & Supplies,85.529,64.925,0.3174,,,,False,,False,,2025-09-30,2025-12-31,2
Red Fox CD Acquisition Corp.,red fox,2,GREEN,0,1,1,1,Red Fox CD Acquisition Corp.,BXSL,Blackstone Credit Advisors,Trading Companies & Distributors,84.85,83.194,0.0199,3/4/2030,,,False,,False,,2025-12-31,2025-12-31,1
"NMI AcquisitionCo, Inc.",nmi acquisitionco,2,GREEN,0,1,1,1,"NMI AcquisitionCo, Inc.",CGBD,Carlyle Investment Management,High Tech Industries,84.618,84.682,-0.0008,9/6/2028,,,False,,False,,2025-09-30,2025-12-31,2
"BusinessSolver.com, Inc.",businesssolver com,2,GREEN,0,1,1,1,"BusinessSolver.com, Inc.",OTF,Blue Owl Credit Advisors,Application Software,84.045,84.048,-0.0,12/2032,,,False,,False,,2025-12-31,2025-12-31,1
"Doral Holdings, LLC",doral,2,GREEN,0,1,1,1,"Doral Holdings, LLC",MAIN,Main Street Capital (internal),,84.02,78.77,0.0666,5/20/2030,13.0,,False,,False,,2025-09-30,2025-12-31,2
"Raptor Technologies, LLC, Sycamore Bidco LTD and Rocket Parent, LLC",raptor technologies,2,GREEN,0,1,1,1,"Raptor Technologies, LLC, Sycamore Bidco LTD and Rocket Parent, LLC",ARCC,Ares Capital Management,,84.0,45.0,0.8667,10/2027,8.42,,False,,False,,2025-09-30,2025-12-31,2
"EP Purchaser, LLC and TPG VIII EP Co-Invest II, L.P.",ep and,2,GREEN,0,1,1,1,"EP Purchaser, LLC and TPG VIII EP Co-Invest II, L.P.",ARCC,Ares Capital Management,,82.8,49.8,0.6627,11/2028,8.44,,False,,False,,2025-09-30,2025-12-31,2
Italian Motorway Holdings S.à r.l,italian motorway,2,GREEN,0,1,1,1,Italian Motorway Holdings S.à r.l,BXSL,Blackstone Credit Advisors,Transportation Infrastructure,81.937,78.81,0.0397,4/28/2029,,,False,,False,,2025-12-31,2025-12-31,1
PCI Pharma Services,pci pharma,2,GREEN,0,1,1,1,PCI Pharma Services,FSK,FS/KKR Advisor,Health Care Equipment & Services,81.7,82.1,-0.0049,,,,False,,False,,2025-09-30,2025-12-31,2
Cash,cash,2,GREEN,0,1,1,1,Cash,MSDL,Morgan Stanley Investment Management,Cash and Cash Equivalents and Short Term Investments,81.434,81.434,0.0,,,,False,,False,,2025-12-31,2025-12-31,1
"Recovery Point Systems, Inc.",recovery point,2,GREEN,0,1,1,1,"Recovery Point Systems, Inc.",MSDL,Morgan Stanley Investment Management,IT Services,81.207,81.01,0.0024,,,,False,,False,,2025-09-30,2025-12-31,2
DocPlanner,docplanner,2,GREEN,0,1,1,1,DocPlanner,HTGC,Hercules Capital (internal),Debt Investments,80.519,69.857,0.1526,,2.75,275.0,False,,False,,2025-09-30,2025-12-31,2
"DirecTV Financing, LLC",directv financing,2,GREEN,0,1,1,1,"DirecTV Financing, LLC",OCSL,Oaktree Capital Management,Cable & Satellite,78.904,78.07,0.0107,8/2/2029,5.39,,False,,False,,2025-09-30,2025-12-31,2
"CLEO Communications Holding, LLC",cleo communications,2,GREEN,0,1,1,1,"CLEO Communications Holding, LLC",MSDL,Morgan Stanley Investment Management,Software,77.922,78.169,-0.0032,,,,False,,False,,2025-09-30,2025-12-31,2
"Dropbox, Inc.",dropbox,2,GREEN,0,1,1,1,"Dropbox, Inc.",BXSL,Blackstone Credit Advisors,Software (continued),77.905,78.035,-0.0017,12/11/2029,,,False,,False,,2025-12-31,2025-12-31,1
Infomedia,infomedia,2,GREEN,0,1,1,1,Infomedia,OTF,Blue Owl Credit Advisors,Specialty Retail,77.458,77.652,-0.0025,12/2032,,,False,,False,,2025-12-31,2025-12-31,1
ACESO Holding 4 S.A.R.L.,aceso,2,GREEN,0,1,1,1,ACESO Holding 4 S.A.R.L.,OCSL,Oaktree Capital Management,Health Care Services,77.33,73.849,0.0471,9/27/2031,5.75,,False,,False,,2025-09-30,2025-12-31,2
"LJ Perimeter Buyer, Inc.",lj perimeter,2,GREEN,0,1,1,1,"LJ Perimeter Buyer, Inc.",ARCC,Ares Capital Management,,77.0,43.4,0.7742,10/2028,10.47,,False,,False,,2025-09-30,2025-12-31,2
"Continental Buyer, Inc.",continental,2,GREEN,0,1,1,1,"Continental Buyer, Inc.",BXSL,Blackstone Credit Advisors,Health Care Technology (continued),76.796,76.825,-0.0004,4/2/2031,,,False,,False,,2025-12-31,2025-12-31,1
"User Zoom Technologies, Inc.",user zoom,2,GREEN,0,1,1,1,"User Zoom Technologies, Inc.",MSDL,Morgan Stanley Investment Management,,76.397,77.378,-0.0127,,,,False,,False,,2025-09-30,2025-12-31,2
"GI DI Cornfield Acquisition, LLC",gi di,2,GREEN,0,1,1,1,"GI DI Cornfield Acquisition, LLC",MSDL,Morgan Stanley Investment Management,IT Services,75.862,76.552,-0.009,,,,False,,False,,2025-09-30,2025-12-31,2
Consumer Cellular,consumer cellular,2,GREEN,0,1,1,1,Consumer Cellular,OTF,Blue Owl Credit Advisors,Wireless Telecommunication Services,74.926,74.221,0.0095,5/2032,,,False,,False,,2025-09-30,2025-12-31,2
"Infinite Bidco, LLC",infinite,2,GREEN,0,1,1,1,"Infinite Bidco, LLC",MSDL,Morgan Stanley Investment Management,Electrical Equipment,74.837,75.345,-0.0067,,,,False,,False,,2025-09-30,2025-12-31,2
DCG Acquisition Corp.,dcg,2,GREEN,0,1,1,1,DCG Acquisition Corp.,BXSL,Blackstone Credit Advisors,Chemicals,74.572,74.467,0.0014,6/13/2031,,,False,,False,,2025-12-31,2025-12-31,1
"Activate Holdings Corp. and CrossPoint Capital AS SPV, LP",activate and,2,GREEN,0,1,1,1,"Activate Holdings Corp. and CrossPoint Capital AS SPV, LP",ARCC,Ares Capital Management,Software and Services,74.1,48.9,0.5153,07/2030,8.92,,False,,False,,2025-09-30,2025-12-31,2
"AQA Acquisition Holdings, Inc.",aqa,2,GREEN,0,1,1,1,"AQA Acquisition Holdings, Inc.",CGBD,Carlyle Investment Management,High Tech Industries,74.064,74.011,0.0007,3/3/2029,,,False,,False,,2025-09-30,2025-12-31,2
"Syntax Systems, Ltd.",syntax systems,2,GREEN,0,1,1,1,"Syntax Systems, Ltd.",MSDL,Morgan Stanley Investment Management,IT Services,73.933,74.327,-0.0053,,,,False,,False,,2025-09-30,2025-12-31,2
"UFS, LLC",ufs,2,GREEN,0,1,1,1,"UFS, LLC",ARCC,Ares Capital Management,,73.5,37.0,0.9865,10/2031,8.5,,False,,False,,2025-12-31,2025-12-31,1
"Fairway Lawns, LLC",fairway lawns,2,GREEN,0,1,1,1,"Fairway Lawns, LLC",ARCC,Ares Capital Management,,73.0,73.0,0.0,05/2028,8.81,,False,,False,,2025-09-30,2025-12-31,2
"Shur-Co Holdco, Inc.",shur,2,GREEN,0,1,1,1,"Shur-Co Holdco, Inc.",ARCC,Ares Capital Management,,73.0,73.0,0.0,07/2030,9.22,,False,,False,,2025-09-30,2025-12-31,2
"GTIV, LLC*",gtiv,2,GREEN,0,1,1,1,"GTIV, LLC*",GBDC,GC Advisors,,71.983,72.483,-0.0069,,,,False,,False,,2025-09-30,2025-12-31,2
"SauceCo HoldCo, LLC",sauceco,2,GREEN,0,1,1,1,"SauceCo HoldCo, LLC",BCSF,Bain Capital Credit,Automotive,71.722,74.057,-0.0315,5/13/2030,5.75,,False,,False,,2025-09-30,2025-09-30,1
"CrossCountry Holdco, LLC",crosscountry,2,GREEN,0,1,1,1,"CrossCountry Holdco, LLC",ARCC,Ares Capital Management,Financial Services,71.6,0.0,,,,,False,,False,,2025-09-30,2025-12-31,2
Klick Inc.,klick,2,GREEN,0,1,1,1,Klick Inc.,OBDC,Blue Owl Credit Advisors,,71.447,71.453,-0.0001,11/2032,,,False,,False,,2025-09-30,2025-12-31,2
"ZRG Partners, LLC",zrg partners,2,GREEN,0,1,1,1,"ZRG Partners, LLC",MAIN,Main Street Capital (internal),,71.402,71.402,0.0,6/14/2029,9.9,,False,,False,,2025-09-30,2025-12-31,2
Hilb,hilb,2,GREEN,0,1,1,1,Hilb,OBDC,Blue Owl Credit Advisors,Insurance,71.028,70.838,0.0027,10/2031,,,False,,False,,2025-09-30,2025-12-31,2
Stripe Blue Owl Holdings LLC,stripe blue,2,GREEN,0,1,1,1,Stripe Blue Owl Holdings LLC,OTF,Blue Owl Credit Advisors,Joint ventures,70.848,70.976,-0.0018,,,,False,,False,,2025-12-31,2025-12-31,1
"KABAFUSION Parent, LLC",kabafusion,2,GREEN,0,1,1,1,"KABAFUSION Parent, LLC",OBDC,Blue Owl Credit Advisors,,70.613,70.023,0.0084,11/2031,,,False,,False,,2025-09-30,2025-12-31,2
Riviera Partners LLC,riviera partners,2,GREEN,0,1,1,1,Riviera Partners LLC,HTGC,Hercules Capital (internal),Consumer & Business Services,70.563,71.954,-0.0193,,8.28,827.5,False,,False,,2025-09-30,2025-12-31,2
Styron Receivables Funding Designated Activity Company,styron receivables,2,GREEN,0,1,1,1,Styron Receivables Funding Designated Activity Company,FSK,FS/KKR Advisor,Materials,70.3,70.3,0.0,,,,False,,False,,2025-12-31,2025-12-31,1
"OneOncology, LLC",oneoncology,2,GREEN,0,1,1,1,"OneOncology, LLC",OTF,Blue Owl Credit Advisors,Health Care Providers & Services,70.05,69.747,0.0043,6/2030,,,False,,False,,2025-09-30,2025-12-31,2
"6Sense Insights, Inc.",6sense insights,2,GREEN,0,1,1,1,"6Sense Insights, Inc.",OTF,Blue Owl Credit Advisors,Application Software,69.923,48.102,0.4536,,,,False,,False,,2025-09-30,2025-12-31,2
"Thrive Buyer, Inc. (Thrive Networks)",thrive thrive,2,GREEN,0,1,1,1,"Thrive Buyer, Inc. (Thrive Networks)",MSDL,Morgan Stanley Investment Management,IT Services,69.695,70.368,-0.0096,,,,False,,False,,2025-09-30,2025-12-31,2
"Sonatype, Inc.",sonatype,2,GREEN,0,1,1,1,"Sonatype, Inc.",GBDC,GC Advisors,,69.541,69.46,0.0012,,,,False,,False,,2025-09-30,2025-12-31,2
TEAM Technologies,team technologies,2,GREEN,0,1,1,1,TEAM Technologies,OBDC,Blue Owl Credit Advisors,Healthcare equipment and services,69.541,69.404,0.002,11/2030,,,False,,False,,2025-09-30,2025-12-31,2
CGMS Parent LLC,cgms,2,GREEN,0,1,1,1,CGMS Parent LLC,MAIN,Main Street Capital (internal),,69.469,69.715,-0.0035,12/26/2030,13.0,,False,,False,,2025-12-31,2025-12-31,1
"Giving Home Health Care, LLC",giving home,2,GREEN,0,1,1,1,"Giving Home Health Care, LLC",GLAD,Gladstone Management Corporation,,69.095,68.68,0.006,,,,False,,False,,2025-12-31,2025-12-31,1
"Kattegat Project Bidco, AB",kattegat ab,2,GREEN,0,1,1,1,"Kattegat Project Bidco, AB",BXSL,Blackstone Credit Advisors,Marine,68.441,64.74,0.0572,4/7/2031,,,False,,False,,2025-12-31,2025-12-31,1
"Strive Health Holdings, LLC",strive health,2,GREEN,0,1,1,1,"Strive Health Holdings, LLC",HTGC,Hercules Capital (internal),Electronics & Computer Hardware,68.126,66.796,0.0199,,0.89,88.9,False,,False,,2025-09-30,2025-12-31,2
"Water Holdings Acquisition, LLC",water,2,GREEN,0,1,1,1,"Water Holdings Acquisition, LLC",BXSL,Blackstone Credit Advisors,Commercial Services & Supplies (continued),66.971,66.579,0.0059,7/31/2031,,,False,,False,,2025-12-31,2025-12-31,1
Infobip Inc.,infobip,2,GREEN,0,1,1,1,Infobip Inc.,OTF,Blue Owl Credit Advisors,Application Software,66.692,66.478,0.0032,6/2029,,,False,,False,,2025-09-30,2025-12-31,2
"Tufin Software North America, Inc.",tufin software,2,GREEN,0,1,1,1,"Tufin Software North America, Inc.",CGBD,Carlyle Investment Management,Software,66.589,66.167,0.0064,8/17/2028,,,False,,False,,2025-09-30,2025-12-31,2
Apryse Software Corp.,apryse software,2,GREEN,0,1,1,1,Apryse Software Corp.,MSDL,Morgan Stanley Investment Management,Software,66.468,67.081,-0.0091,,,,False,,False,,2025-09-30,2025-12-31,2
uniQure B.V.,uniqure bv,2,GREEN,0,1,1,1,uniQure B.V.,HTGC,Hercules Capital (internal),Drug Discovery & Development,65.913,64.175,0.0271,,3.73,373.2,False,,False,,2025-09-30,2025-12-31,2
"Greenhouse Software, Inc.",greenhouse software,2,GREEN,0,1,1,1,"Greenhouse Software, Inc.",CGBD,Carlyle Investment Management,Software,65.812,64.677,0.0175,9/1/2028,,,False,,False,,2025-09-30,2025-12-31,2
"Fastener Distribution Holdings, LLC",fastener distribution,2,GREEN,0,1,1,1,"Fastener Distribution Holdings, LLC",BXSL,Blackstone Credit Advisors,Aerospace & Defense,65.81,65.496,0.0048,11/4/2031,,,False,,False,,2025-12-31,2025-12-31,1
"WP CPP Holdings, LLC",wp cpp,2,GREEN,0,1,1,1,"WP CPP Holdings, LLC",OCSL,Oaktree Capital Management,Aerospace & Defense,65.126,65.15,-0.0004,11/28/2029,7.0,,False,,False,,2025-09-30,2025-12-31,2
"Bridgepointe Technologies, LLC",bridgepointe technologies,2,GREEN,0,1,1,1,"Bridgepointe Technologies, LLC",MSDL,Morgan Stanley Investment Management,Professional Services,64.721,66.078,-0.0205,,,,False,,False,,2025-09-30,2025-12-31,2
"Curana Health Holdings, LLC",curana health,2,GREEN,0,1,1,1,"Curana Health Holdings, LLC",HTGC,Hercules Capital (internal),Electronics & Computer Hardware,64.096,61.145,0.0483,,1.45,145.0,False,,False,,2025-09-30,2025-12-31,2
Revolut Ltd,revolut,2,GREEN,0,1,1,1,Revolut Ltd,TPVG,TriplePoint Advisers,Financial Institution and Services,63.852,24.345,1.6228,,,,False,,False,,2025-09-30,2025-12-31,2
"Legacy Corporate Lending HoldCo, LLC",legacy corporate,2,GREEN,0,1,1,1,"Legacy Corporate Lending HoldCo, LLC",BCSF,Bain Capital Credit,FIRE: Finance,63.489,53.1,0.1956,,,,False,,False,,2025-09-30,2025-09-30,1
"TEC Services, LLC",tec services,2,GREEN,0,1,1,1,"TEC Services, LLC",MAIN,Main Street Capital (internal),,63.403,63.51,-0.0017,12/31/2029,9.27,,False,,False,,2025-09-30,2025-12-31,2
"Raptor Merger Sub Debt, LLC",raptor sub,2,GREEN,0,1,1,1,"Raptor Merger Sub Debt, LLC",MSDL,Morgan Stanley Investment Management,Industrial Conglomerates,63.034,64.384,-0.021,,,,False,,False,,2025-09-30,2025-12-31,2
"Edition Holdings, Inc. and Enverus, Inc.",edition and,2,GREEN,0,1,1,1,"Edition Holdings, Inc. and Enverus, Inc.",ARCC,Ares Capital Management,,62.9,63.1,-0.0032,12/2032,8.2,,False,,False,,2025-12-31,2025-12-31,1
"Pindrop Security, Inc.",pindrop security,2,GREEN,0,1,1,1,"Pindrop Security, Inc.",HTGC,Hercules Capital (internal),Debt Investments,62.825,62.313,0.0082,,3.5,350.0,False,,False,,2025-09-30,2025-12-31,2
"Medical Manufacturing Technologies, LLC",medical manufacturing,2,GREEN,0,1,1,1,"Medical Manufacturing Technologies, LLC",CGBD,Carlyle Investment Management,Healthcare & Pharmaceuticals,62.813,62.527,0.0046,12/23/2027,,,False,,False,,2025-09-30,2025-12-31,2
Len the Plumber,len plumber,2,GREEN,0,1,1,1,Len the Plumber,OBDC,Blue Owl Credit Advisors,Household products,62.082,63.34,-0.0199,4/2028,,,False,,False,,2025-09-30,2025-12-31,2
Duro Dyne National Corp.,duro dyne,2,GREEN,0,1,1,1,Duro Dyne National Corp.,BXSL,Blackstone Credit Advisors,Electrical Equipment,61.541,61.266,0.0045,11/15/2031,,,False,,False,,2025-12-31,2025-12-31,1
"CRC Evans USA Bidco, Inc.",crc evans,2,GREEN,0,1,1,1,"CRC Evans USA Bidco, Inc.",MAIN,Main Street Capital (internal),,61.507,61.694,-0.003,6/30/2029,10.8,,False,,False,,2025-12-31,2025-12-31,1
"Detroit Defense, Inc.",detroit defense,2,GREEN,0,1,1,1,"Detroit Defense, Inc.",GAIN,Gladstone Management Corporation,,61.305,61.305,0.0,,,,False,,False,,2025-09-30,2025-12-31,2
"Ricardo Defense, Inc.",ricardo defense,2,GREEN,0,1,1,1,"Ricardo Defense, Inc.",GAIN,Gladstone Management Corporation,,61.305,61.305,0.0,,,,False,,False,,2025-09-30,2025-12-31,2
"Eden Acquisitionco, Ltd.",eden acquisitionco,2,GREEN,0,1,1,1,"Eden Acquisitionco, Ltd.",BXSL,Blackstone Credit Advisors,Pharmaceuticals,60.699,63.971,-0.0511,11/18/2030,,,False,,False,,2025-12-31,2025-12-31,1
"Mustang Prospects Holdco, LLC",mustang prospects,2,GREEN,0,1,1,1,"Mustang Prospects Holdco, LLC",ARCC,Ares Capital Management,,60.4,60.6,-0.0033,06/2031,8.69,,False,,False,,2025-12-31,2025-12-31,1
"Foodservices Brand Group, LLC",foodservices brand,2,GREEN,0,1,1,1,"Foodservices Brand Group, LLC",GLAD,Gladstone Management Corporation,,59.928,60.0,-0.0012,,,,False,,False,,2025-09-30,2025-12-31,2
"Elliott Davis Advisory, LLC",elliott davis,2,GREEN,0,1,1,1,"Elliott Davis Advisory, LLC",ARCC,Ares Capital Management,,59.8,26.9,1.223,07/2031,8.86,,False,,False,,2025-09-30,2025-12-31,2
Absolute Software,absolute software,2,GREEN,0,1,1,1,Absolute Software,OTF,Blue Owl Credit Advisors,Systems Software,59.676,59.714,-0.0006,7/2030,,,False,,False,,2025-09-30,2025-12-31,2
"Helix TS, LLC",helix ts,2,GREEN,0,1,1,1,"Helix TS, LLC",BXSL,Blackstone Credit Advisors,Transportation Infrastructure,59.131,59.092,0.0007,8/4/2030,,,False,,False,,2025-12-31,2025-12-31,1
"HS Purchaser, LLC, and Help/Systems Holdings, Inc.",hs and,2,GREEN,0,1,1,1,"HS Purchaser, LLC, and Help/Systems Holdings, Inc.",ARCC,Ares Capital Management,,59.1,62.5,-0.0544,05/2029,10.37,,False,,False,,2025-12-31,2025-12-31,1
"IFH Franchisee Holdings, LLC",ifh franchisee,2,GREEN,0,1,1,1,"IFH Franchisee Holdings, LLC",ARCC,Ares Capital Management,,59.0,59.0,0.0,12/2029,9.26,,False,,False,,2025-09-30,2025-12-31,2
"Soleo Holdings, Inc.",soleo,2,GREEN,0,1,1,1,"Soleo Holdings, Inc.",OBDC,Blue Owl Credit Advisors,,58.948,58.683,0.0045,2/2032,,,False,,False,,2025-09-30,2025-12-31,2
"Valcourt Holdings II, LLC and Jobs Holdings, Inc.",valcourt ii,2,GREEN,0,1,1,1,"Valcourt Holdings II, LLC and Jobs Holdings, Inc.",ARCC,Ares Capital Management,,58.8,58.8,0.0,11/2029,9.01,,False,,False,,2025-09-30,2025-12-31,2
Convera International Holdings Limited,convera international,2,GREEN,0,1,1,1,Convera International Holdings Limited,ARCC,Ares Capital Management,Financial Services,58.7,58.7,0.0,03/2030,8.44,,False,,False,,2025-09-30,2025-12-31,2
Summit Companies,summit companies,2,GREEN,0,1,1,1,Summit Companies,OBDC,Blue Owl Credit Advisors,Business services,58.156,55.193,0.0537,9/2028,,,False,,False,,2025-09-30,2025-12-31,2
Hadrian Acquisition Limited (United Kingdom),hadrian united,2,GREEN,0,1,1,1,Hadrian Acquisition Limited (United Kingdom),CGBD,Carlyle Investment Management,Diversified Financial Services,58.098,58.165,-0.0012,2/28/2029,,,False,,False,,2025-09-30,2025-12-31,2
"Airo Purchaser, Inc.",airo,2,GREEN,0,1,1,1,"Airo Purchaser, Inc.",MAIN,Main Street Capital (internal),,57.368,57.694,-0.0057,8/1/2030,9.22,,False,,False,,2025-09-30,2025-12-31,2
1261229 BC LTD,bc,2,GREEN,0,1,1,1,1261229 BC LTD,OCSL,Oaktree Capital Management,Pharmaceuticals,57.216,56.383,0.0148,10/8/2030,6.25,,False,,False,,2025-12-31,2025-12-31,1
"Sight Sciences, Inc.",sight sciences,2,GREEN,0,1,1,1,"Sight Sciences, Inc.",HTGC,Hercules Capital (internal),Medical Devices & Equipment,57.094,56.954,0.0025,,2.35,235.0,False,,False,,2025-09-30,2025-12-31,2
"Loftware, Inc.",loftware,2,GREEN,0,1,1,1,"Loftware, Inc.",HTGC,Hercules Capital (internal),Debt Investments,57.059,55.973,0.0194,,7.88,788.0,False,,False,,2025-09-30,2025-12-31,2
"Mimecast Borrowerco, Inc. and Magnesium Co- Invest SCSp",mimecast borrowerco,2,GREEN,0,1,1,1,"Mimecast Borrowerco, Inc. and Magnesium Co- Invest SCSp",ARCC,Ares Capital Management,,56.9,53.8,0.0576,05/2029,8.22,,False,,False,,2025-09-30,2025-12-31,2
"BlueMatrix Holdings, LLC",bluematrix,2,GREEN,0,1,1,1,"BlueMatrix Holdings, LLC",GBDC,GC Advisors,Capital Markets,56.316,56.568,-0.0045,,,,False,,False,,2025-09-30,2025-12-31,2
"Roadsafe Holdings, Inc.",roadsafe,2,GREEN,0,1,1,1,"Roadsafe Holdings, Inc.",BXSL,Blackstone Credit Advisors,Transportation Infrastructure,56.201,57.893,-0.0292,10/19/2027,,,False,,False,,2025-12-31,2025-12-31,1
"Fern Bidco, Ltd.",fern,2,GREEN,0,1,1,1,"Fern Bidco, Ltd.",BXSL,Blackstone Credit Advisors,IT Services,55.844,45.078,0.2388,7/1/2031,,,False,,False,,2025-12-31,2025-12-31,1
"LegitScript, LLC",legitscript,2,GREEN,0,1,1,1,"LegitScript, LLC",MSDL,Morgan Stanley Investment Management,,55.775,56.547,-0.0137,,,,False,,False,,2025-09-30,2025-12-31,2
Power System Solutions,power system,2,GREEN,0,1,1,1,Power System Solutions,MAIN,Main Street Capital (internal),,55.74,50.608,0.1014,6/7/2028,10.89,,False,,False,,2025-09-30,2025-12-31,2
TCP Hawker Intermediate LLC,tcp hawker,2,GREEN,0,1,1,1,TCP Hawker Intermediate LLC,ARCC,Ares Capital Management,,55.6,55.6,0.0,08/2029,8.59,,False,,False,,2025-09-30,2025-12-31,2
"Razor Holdco, LLC",razor,2,GREEN,0,1,1,1,"Razor Holdco, LLC",BXSL,Blackstone Credit Advisors,IT Services (continued),55.364,55.135,0.0042,10/25/2027,,,False,,False,,2025-12-31,2025-12-31,1
"West Monroe Partners, LLC",west monroe partners,2,GREEN,0,1,1,1,"West Monroe Partners, LLC",BXSL,Blackstone Credit Advisors,Professional Services (continued),55.316,55.395,-0.0014,11/8/2028,,,False,,False,,2025-12-31,2025-12-31,1
"Escalent, Inc.",escalent,2,GREEN,0,1,1,1,"Escalent, Inc.",MAIN,Main Street Capital (internal),,54.748,54.964,-0.0039,4/7/2029,11.07,,False,,False,,2025-09-30,2025-12-31,2
"SFEG Holdings, Inc.",sfeg,2,GREEN,0,1,1,1,"SFEG Holdings, Inc.",GAIN,Gladstone Management Corporation,,54.644,54.644,0.0,,,,False,,False,,2025-09-30,2025-12-31,2
"Bluefin Holding, LLC",bluefin,2,GREEN,0,1,1,1,"Bluefin Holding, LLC",BXSL,Blackstone Credit Advisors,Software,54.508,53.587,0.0172,9/12/2029,,,False,,False,,2025-12-31,2025-12-31,1
"RWL Holdings, LLC",rwl,2,GREEN,0,1,1,1,"RWL Holdings, LLC",BXSL,Blackstone Credit Advisors,Air Freight & Logistics,54.342,59.13,-0.081,12/31/2028,,,False,,False,,2025-12-31,2025-12-31,1
"Osmose Utilities Services, Inc. and Pine Intermediate Holding LLC",osmose utilities,2,GREEN,0,1,1,1,"Osmose Utilities Services, Inc. and Pine Intermediate Holding LLC",ARCC,Ares Capital Management,,54.1,55.3,-0.0217,06/2029,10.58,,False,,False,,2025-09-30,2025-12-31,2
Business Products,business products,2,GREEN,0,1,1,1,Business Products,NMFC,"New Mountain Finance Advisers BDC, L.L.C.",Diligent Corporation,53.526,52.934,0.0112,12/2030,4.75,,False,,False,,2025-09-30,2025-09-30,1
"Magic Bidco, Inc.",magic,2,GREEN,0,1,1,1,"Magic Bidco, Inc.",BXSL,Blackstone Credit Advisors,Health Care Technology (continued),53.244,52.737,0.0096,7/1/2030,,,False,,False,,2025-12-31,2025-12-31,1
GHX Ultimate Parent Corporation,ghx,2,GREEN,0,1,1,1,GHX Ultimate Parent Corporation,GBDC,GC Advisors,Healthcare Technology,53.156,53.614,-0.0085,,,,False,,False,,2025-09-30,2025-12-31,2
"LPW Group Holdings, Inc.",lpw group,2,GREEN,0,1,1,1,"LPW Group Holdings, Inc.",BXSL,Blackstone Credit Advisors,Energy Equipment & Services,52.869,51.89,0.0189,3/15/2031,,,False,,False,,2025-12-31,2025-12-31,1
"LSL Holdco, LLC",lsl,2,GREEN,0,1,1,1,"LSL Holdco, LLC",OCSL,Oaktree Capital Management,Health Care Distributors,52.702,54.24,-0.0284,1/31/2028,6.0,,False,,False,,2025-09-30,2025-12-31,2
"World Micro Holdings, LLC",world micro,2,GREEN,0,1,1,1,"World Micro Holdings, LLC",MAIN,Main Street Capital (internal),,52.635,52.736,-0.0019,12/12/2027,12.52,,False,,False,,2025-09-30,2025-12-31,2
Finastra Europe S.A R.L.,finastra europe,2,GREEN,0,1,1,1,Finastra Europe S.A R.L.,ARCC,Ares Capital Management,,52.6,51.4,0.0233,09/2029,10.97,,False,,False,,2025-09-30,2025-12-31,2
Royal Cup Inc.,royal cup,2,GREEN,0,1,1,1,Royal Cup Inc.,MAIN,Main Street Capital (internal),,52.527,53.3,-0.0145,11/26/2030,8.98,,False,,False,,2025-12-31,2025-12-31,1
"Knight Holdings, LP",knight,2,GREEN,0,1,1,1,"Knight Holdings, LP",ARCC,Ares Capital Management,,52.3,54.6,-0.0421,11/2032,8.37,,False,,False,,2025-12-31,2025-12-31,1
Urgent DSO LLC,urgent dso,2,GREEN,0,1,1,1,Urgent DSO LLC,MAIN,Main Street Capital (internal),,52.221,52.938,-0.0135,2/16/2029,12.61,,False,,False,,2025-09-30,2025-12-31,2
"FlyWheel Acquireco, Inc.",flywheel acquireco,2,GREEN,0,1,1,1,"FlyWheel Acquireco, Inc.",ARCC,Ares Capital Management,,52.2,52.2,0.0,05/2028,10.22,,False,,False,,2025-09-30,2025-12-31,2
"Lightning Holdings B, LLC",lightning b,2,GREEN,0,1,1,1,"Lightning Holdings B, LLC",BCSF,Bain Capital Credit,Transportation: Cargo,52.166,33.77,0.5447,,,,False,,False,,2025-09-30,2025-09-30,1
Fairbridge Strategic Capital Funding LLC,fairbridge strategic,2,GREEN,0,1,1,1,Fairbridge Strategic Capital Funding LLC,OCSL,Oaktree Capital Management,Real Estate Operating Companies,52.138,54.285,-0.0396,12/24/2028,,,False,,False,,2025-09-30,2025-12-31,2
"Armada Parent, Inc.",armada,2,GREEN,0,1,1,1,"Armada Parent, Inc.",BXSL,Blackstone Credit Advisors,Marine,51.942,51.476,0.0091,10/29/2027,,,False,,False,,2025-12-31,2025-12-31,1
"CompareNetworks Topco, LLC",comparenetworks,2,GREEN,0,1,1,1,"CompareNetworks Topco, LLC",MAIN,Main Street Capital (internal),,51.688,28.006,0.8456,1/29/2028,13.26,,False,,False,,2025-09-30,2025-12-31,2
"CVP Holdco, Inc. and OMERS Wildcats Investment Holdings LLC",cvp and,2,GREEN,0,1,1,1,"CVP Holdco, Inc. and OMERS Wildcats Investment Holdings LLC",ARCC,Ares Capital Management,,51.5,51.5,0.0,06/2031,8.47,,False,,False,,2025-09-30,2025-12-31,2
Phoenix 1 Buyer Corp.,phoenix,2,GREEN,0,1,1,1,Phoenix 1 Buyer Corp.,BXSL,Blackstone Credit Advisors,Electrical Equipment,51.182,50.712,0.0093,11/20/2030,,,False,,False,,2025-12-31,2025-12-31,1
"Draken International, LLC",draken international,2,GREEN,0,1,1,1,"Draken International, LLC",OCSL,Oaktree Capital Management,Aerospace & Defense,51.023,41.406,0.2323,5/19/2032,5.25,,False,,False,,2025-12-31,2025-12-31,1
"Onex Baltimore Buyer, Inc.",onex baltimore,2,GREEN,0,1,1,1,"Onex Baltimore Buyer, Inc.",BXSL,Blackstone Credit Advisors,Commercial Services & Supplies (continued),50.945,50.429,0.0102,12/1/2027,,,False,,False,,2025-12-31,2025-12-31,1
"CB Nike Holdco, LLC",cb nike,2,GREEN,0,1,1,1,"CB Nike Holdco, LLC",BXSL,Blackstone Credit Advisors,Software,50.901,50.696,0.004,11/26/2029,,,False,,False,,2025-12-31,2025-12-31,1
Gula Buyer Inc.,gula,2,GREEN,0,1,1,1,Gula Buyer Inc.,ARCC,Ares Capital Management,,50.4,50.4,0.0,10/2031,8.27,,False,,False,,2025-09-30,2025-12-31,2
"KKR Alberta Midstream Finance, Inc.",kkr alberta,2,GREEN,0,1,1,1,"KKR Alberta Midstream Finance, Inc.",BXSL,Blackstone Credit Advisors,First Lien Debt - non-controlled/non-affiliated (continued),50.338,49.899,0.0088,8/15/2028,,,False,,False,,2025-12-31,2025-12-31,1
"Elevation Services Parent Holdings, LLC",elevation services,2,GREEN,0,1,1,1,"Elevation Services Parent Holdings, LLC",ARCC,Ares Capital Management,,50.2,26.2,0.916,12/2028,10.55,,False,,False,,2025-09-30,2025-12-31,2
"North Haven Fairway Buyer, LLC",north haven fairway,2,GREEN,0,1,1,1,"North Haven Fairway Buyer, LLC",CGBD,Carlyle Investment Management,Consumer Services,50.15,49.911,0.0048,5/17/2028,,,False,,False,,2025-09-30,2025-12-31,2
"Remodel Health Holdco, LLC",remodel health,2,GREEN,0,1,1,1,"Remodel Health Holdco, LLC",HTGC,Hercules Capital (internal),Debt Investments,50.057,49.849,0.0042,,2.35,235.0,False,,False,,2025-09-30,2025-12-31,2
"Turn Key Health Clinics, LLC",turn key,2,GREEN,0,1,1,1,"Turn Key Health Clinics, LLC",GLAD,Gladstone Management Corporation,,50.0,50.0,0.0,,,,False,,False,,2025-09-30,2025-12-31,2
"Schylling, Inc.",schylling,2,GREEN,0,1,1,1,"Schylling, Inc.",GAIN,Gladstone Management Corporation,,49.962,49.962,0.0,,,,False,,False,,2025-09-30,2025-12-31,2
"CoreView USA, Inc.",coreview usa,2,GREEN,0,1,1,1,"CoreView USA, Inc.",HTGC,Hercules Capital (internal),Sustainable and Renewable Technology,49.709,49.776,-0.0013,,2.75,275.0,False,,False,,2025-09-30,2025-12-31,2
"Global GRAB Technologies, Inc.",global grab technologies,2,GREEN,0,1,1,1,"Global GRAB Technologies, Inc.",GAIN,Gladstone Management Corporation,,49.35,49.35,0.0,,,,False,,False,,2025-09-30,2025-12-31,2
Nielsen-Kellerman Acquisition Corp.,nielsen kellerman,2,GREEN,0,1,1,1,Nielsen-Kellerman Acquisition Corp.,GAIN,Gladstone Management Corporation,,49.152,49.152,0.0,,,,False,,False,,2025-09-30,2025-12-31,2
"Endeavor Schools Holdings, LLC",endeavor schools,2,GREEN,0,1,1,1,"Endeavor Schools Holdings, LLC",BXSL,Blackstone Credit Advisors,Diversified Consumer Services,49.112,50.698,-0.0313,7/18/2029,,,False,,False,,2025-12-31,2025-12-31,1
"Gorilla Investor, LLC",gorilla investor,2,GREEN,0,1,1,1,"Gorilla Investor, LLC",BXSL,Blackstone Credit Advisors,Commercial Services & Supplies,49.019,48.631,0.008,9/30/2031,,,False,,False,,2025-12-31,2025-12-31,1
PAI Financing Merger Sub LLC,pai financing,2,GREEN,0,1,1,1,PAI Financing Merger Sub LLC,OCSL,Oaktree Capital Management,Pharmaceuticals,48.938,49.275,-0.0068,2/13/2032,4.5,,False,,False,,2025-12-31,2025-12-31,1
"Ridge Trail US Bidco, Inc.",ridge trail,2,GREEN,0,1,1,1,"Ridge Trail US Bidco, Inc.",MSDL,Morgan Stanley Investment Management,IT Services,48.493,49.261,-0.0156,,,,False,,False,,2025-09-30,2025-12-31,2
"FLS Holding, Inc.",fls,2,GREEN,0,1,1,1,"FLS Holding, Inc.",MSDL,Morgan Stanley Investment Management,Commercial Services & Supplies,48.378,48.942,-0.0115,,,,False,,False,,2025-09-30,2025-12-31,2
"Calceus Acquisition, Inc. (Cole Haan)",calceus cole,2,GREEN,0,1,1,1,"Calceus Acquisition, Inc. (Cole Haan)",TCPC,Tennenbaum Capital Partners (BlackRock),Specialty Retail,48.2736,47.8106,0.0097,8/15/2028,6.63,,False,,False,,2025-12-31,2025-12-31,1
Fullsteam Holdings LLC,fullsteam,2,GREEN,0,1,1,1,Fullsteam Holdings LLC,FSK,FS/KKR Advisor,Software & Services,47.6,48.0,-0.0083,,,,False,,False,,2025-09-30,2025-12-31,2
"North Star Acquisitionco, LLC and Toucan Bidco Limited",north star acquisitionco,2,GREEN,0,1,1,1,"North Star Acquisitionco, LLC and Toucan Bidco Limited",ARCC,Ares Capital Management,,47.4,45.8,0.0349,05/2029,8.34,,False,,False,,2025-09-30,2025-12-31,2
ClaimsXten,claimsxten,2,GREEN,0,1,1,1,ClaimsXten,OTF,Blue Owl Credit Advisors,Health Care Technology,47.309,47.46,-0.0032,10/2029,,,False,,False,,2025-09-30,2025-12-31,2
"SI Swan UK Bidco, Ltd.",si swan,2,GREEN,0,1,1,1,"SI Swan UK Bidco, Ltd.",BXSL,Blackstone Credit Advisors,Software (continued),47.264,47.52,-0.0054,12/16/2032,,,False,,False,,2025-12-31,2025-12-31,1
"Saber Power Services, LLC",saber power,2,GREEN,0,1,1,1,"Saber Power Services, LLC",BXSL,Blackstone Credit Advisors,Construction & Engineering,46.923,46.856,0.0014,10/21/2031,,,False,,False,,2025-12-31,2025-12-31,1
St Athena Global LLC,st athena,2,GREEN,0,1,1,1,St Athena Global LLC,ARCC,Ares Capital Management,,46.8,47.1,-0.0064,06/2029,9.0,,False,,False,,2025-09-30,2025-12-31,2
Modena Buyer LLC,modena,2,GREEN,0,1,1,1,Modena Buyer LLC,OCSL,Oaktree Capital Management,Application Software,46.745,46.839,-0.002,7/1/2031,4.37,,False,,False,,2025-09-30,2025-12-31,2
BPPH2 Limited,bpph2,2,GREEN,0,1,1,1,BPPH2 Limited,BXSL,Blackstone Credit Advisors,Diversified Consumer Services,46.707,36.604,0.276,3/16/2028,,,False,,False,,2025-12-31,2025-12-31,1
"FS Squared, LLC",fs squared,2,GREEN,0,1,1,1,"FS Squared, LLC",ARCC,Ares Capital Management,,46.6,46.6,0.0,12/2030,8.47,,False,,False,,2025-09-30,2025-12-31,2
Renaissance Holding Corp.,renaissance,2,GREEN,0,1,1,1,Renaissance Holding Corp.,OCSL,Oaktree Capital Management,Education Services,46.324,50.161,-0.0765,4/5/2030,4.0,,False,,False,,2025-09-30,2025-12-31,2
Turnpoint,turnpoint,2,GREEN,0,1,1,1,Turnpoint,OBDC,Blue Owl Credit Advisors,Professional services,46.257,46.428,-0.0037,6/2030,,,False,,False,,2025-09-30,2025-12-31,2
"Gusto, Inc.",gusto,2,GREEN,0,1,1,1,"Gusto, Inc.",OTF,Blue Owl Credit Advisors,Application Software,46.107,46.111,-0.0001,11/2030,,,False,,False,,2025-12-31,2025-12-31,1
"Profrac Holdings II, LLC",profrac ii,2,GREEN,0,1,1,1,"Profrac Holdings II, LLC",OCSL,Oaktree Capital Management,Industrial Machinery & Supplies & Components,46.024,46.122,-0.0021,1/23/2029,7.25,,False,,False,,2025-09-30,2025-12-31,2
TPSI Receivables LLC (Tropicana Products Inc),tpsi receivables,2,GREEN,0,1,1,1,TPSI Receivables LLC (Tropicana Products Inc),FSK,FS/KKR Advisor,"Food, Beverage & Tobacco",46.0,46.0,0.0,,,,False,,False,,2025-12-31,2025-12-31,1
"Sumo Logic, Inc.",sumo logic,2,GREEN,0,1,1,1,"Sumo Logic, Inc.",HTGC,Hercules Capital (internal),Sustainable and Renewable Technology,45.909,45.112,0.0177,,6.5,650.0,False,,False,,2025-09-30,2025-12-31,2
"Castle Management Borrower, LLC",castle management,2,GREEN,0,1,1,1,"Castle Management Borrower, LLC",BXSL,Blackstone Credit Advisors,Real Estate Management & Development,45.825,45.243,0.0129,11/3/2029,,,False,,False,,2025-12-31,2025-12-31,1
"Titan Fitness, LLC",titan fitness,2,GREEN,0,1,1,1,"Titan Fitness, LLC",GBDC,GC Advisors,,45.784,46.499,-0.0154,,,,False,,False,,2025-09-30,2025-12-31,2
"Disc Medicine, Inc.",disc medicine,2,GREEN,0,1,1,1,"Disc Medicine, Inc.",HTGC,Hercules Capital (internal),Drug Discovery & Development,45.642,45.022,0.0138,,1.75,175.0,False,,False,,2025-09-30,2025-12-31,2
"Hootsuite, Inc.",hootsuite,2,GREEN,0,1,1,1,"Hootsuite, Inc.",MSDL,Morgan Stanley Investment Management,,45.474,46.085,-0.0133,,,,False,,False,,2025-09-30,2025-12-31,2
"Alert Media, Inc.",alert media,2,GREEN,0,1,1,1,"Alert Media, Inc.",MSDL,Morgan Stanley Investment Management,Software,45.416,45.697,-0.0061,,,,False,,False,,2025-09-30,2025-12-31,2
Keystone Agency Partners LLC,keystone agency,2,GREEN,0,1,1,1,Keystone Agency Partners LLC,FSK,FS/KKR Advisor,Insurance,45.4,45.6,-0.0044,,,,False,,False,,2025-09-30,2025-12-31,2
Bond Brand Loyalty ULC,bond brand,2,GREEN,0,1,1,1,Bond Brand Loyalty ULC,MAIN,Main Street Capital (internal),,44.826,44.866,-0.0009,5/1/2028,9.87,,False,,False,,2025-09-30,2025-12-31,2
"Ceros, Inc.",ceros,2,GREEN,0,1,1,1,"Ceros, Inc.",HTGC,Hercules Capital (internal),Debt Investments,44.689,45.058,-0.0082,,8.99,899.0,False,,False,,2025-09-30,2025-12-31,2
BOTA BIDCO GMBH,bota gmbh,2,GREEN,0,1,1,1,BOTA BIDCO GMBH,OCSL,Oaktree Capital Management,Diversified Chemicals,44.326,40.142,0.1042,10/31/2029,4.41,,False,,False,,2025-12-31,2025-12-31,1
"365 Retail Markets, LLC",retail markets,2,GREEN,0,1,1,1,"365 Retail Markets, LLC",MSDL,Morgan Stanley Investment Management,Commercial Services & Supplies,44.147,44.492,-0.0078,,,,False,,False,,2025-09-30,2025-12-31,2
Saratoga,saratoga,2,GREEN,0,1,1,1,Saratoga,OCSL,Oaktree Capital Management,Diversified Financial Services,44.107,43.275,0.0192,12/31/2029,5.33,,False,,False,,2025-09-30,2025-12-31,2
Insight Borrower Corporation,insight,2,GREEN,0,1,1,1,Insight Borrower Corporation,MAIN,Main Street Capital (internal),,43.826,46.399,-0.0555,7/19/2028,10.47,,False,,False,,2025-09-30,2025-12-31,2
"MoneyThumb Acquisition, LLC",moneythumb,2,GREEN,0,1,1,1,"MoneyThumb Acquisition, LLC",MAIN,Main Street Capital (internal),,43.752,44.061,-0.007,8/19/2029,13.63,,False,,False,,2025-09-30,2025-12-31,2
BluSky,blusky,2,GREEN,0,1,1,1,BluSky,OBDC,Blue Owl Credit Advisors,Business services,43.604,44.887,-0.0286,10/2028,,,False,,False,,2025-09-30,2025-12-31,2
"Inspire Aesthetics Management, LLC",inspire aesthetics,2,GREEN,0,1,1,1,"Inspire Aesthetics Management, LLC",MAIN,Main Street Capital (internal),,43.148,46.297,-0.068,,14.27,,False,,False,,2025-09-30,2025-12-31,2
"Snif-Snax, LLC",snif snax,2,GREEN,0,1,1,1,"Snif-Snax, LLC",GLAD,Gladstone Management Corporation,,43.042,43.161,-0.0028,,,,False,,False,,2025-09-30,2025-12-31,2
"Infoblox, Inc.",infoblox,2,GREEN,0,1,1,1,"Infoblox, Inc.",OTF,Blue Owl Credit Advisors,,42.948,43.476,-0.0121,11/2030,,,False,,False,,2025-09-30,2025-12-31,2
"Sparta UK Bidco, Ltd.",sparta uk,2,GREEN,0,1,1,1,"Sparta UK Bidco, Ltd.",BXSL,Blackstone Credit Advisors,Insurance (continued),42.92,32.634,0.3152,9/25/2031,,,False,,False,,2025-12-31,2025-12-31,1
"Staples, Inc.",staples,2,GREEN,0,1,1,1,"Staples, Inc.",OCSL,Oaktree Capital Management,Office Services & Supplies,42.914,43.732,-0.0187,9/1/2029,5.75,,False,,False,,2025-09-30,2025-12-31,2
NEFCO Holding Company LLC,nefco,2,GREEN,0,1,1,1,NEFCO Holding Company LLC,CGBD,Carlyle Investment Management,Construction & Building,42.613,40.888,0.0422,8/5/2028,8.0,,False,,False,,2025-09-30,2025-12-31,2
"General Atlantic (USU-2) Coinvest, L.P.",general atlantic,2,GREEN,0,1,1,1,"General Atlantic (USU-2) Coinvest, L.P.",ARCC,Ares Capital Management,,42.4,40.0,0.06,04/2032,8.23,,False,,False,,2025-12-31,2025-12-31,1
"Analytical Systems Keco Holdings, LLC",analytical systems,2,GREEN,0,1,1,1,"Analytical Systems Keco Holdings, LLC",MAIN,Main Street Capital (internal),,42.232,35.758,0.1811,8/16/2029,13.75,,False,,False,,2025-09-30,2025-12-31,2
"Artisan Bidco, Inc.",artisan,2,GREEN,0,1,1,1,"Artisan Bidco, Inc.",TSLX,Sixth Street Partners,Business Services,42.157,41.513,0.0155,,7.0,700.0,False,,False,,2025-09-30,2025-09-30,1
"Allvue Systems, LLC",allvue systems,2,GREEN,0,1,1,1,"Allvue Systems, LLC",HTGC,Hercules Capital (internal),Debt Investments,41.628,41.704,-0.0018,,6.25,625.0,False,,False,,2025-09-30,2025-12-31,2
Alchemer LLC,alchemer,2,GREEN,0,1,1,1,Alchemer LLC,HTGC,Hercules Capital (internal),Debt Investments,41.414,40.842,0.014,,8.14,814.0,False,,False,,2025-09-30,2025-12-31,2
"ReliaQuest Holdings, LLC",reliaquest,2,GREEN,0,1,1,1,"ReliaQuest Holdings, LLC",GBDC,GC Advisors,,41.217,41.368,-0.0037,,,,False,,False,,2025-09-30,2025-12-31,2
"EVDR Purchaser, Inc.",evdr,2,GREEN,0,1,1,1,"EVDR Purchaser, Inc.",MSDL,Morgan Stanley Investment Management,Diversified Consumer Services,41.198,42.039,-0.02,,,,False,,False,,2025-09-30,2025-12-31,2
"Apollo Acquisition, Inc.",apollo,2,GREEN,0,1,1,1,"Apollo Acquisition, Inc.",MSDL,Morgan Stanley Investment Management,IT Services,41.141,41.541,-0.0096,,,,False,,False,,2025-09-30,2025-12-31,2
"Banker's Toolbox, Inc.*",banker s,2,GREEN,0,1,1,1,"Banker's Toolbox, Inc.*",GBDC,GC Advisors,Diversified Financial Services,41.003,41.161,-0.0038,,,,False,,False,,2025-09-30,2025-12-31,2
"DM Intermediate Parent, LLC",dm,2,GREEN,0,1,1,1,"DM Intermediate Parent, LLC",BXSL,Blackstone Credit Advisors,Financial Services,40.927,40.64,0.0071,9/30/2030,,,False,,False,,2025-12-31,2025-12-31,1
Service Logic LLC,service logic,2,GREEN,0,1,1,1,Service Logic LLC,FSK,FS/KKR Advisor,Commercial & Professional Services,40.8,40.9,-0.0024,,,,False,,False,,2025-12-31,2025-12-31,1
JN Bidco LLC,jn,2,GREEN,0,1,1,1,JN Bidco LLC,OCSL,Oaktree Capital Management,Health Care Technology,40.583,18.358,1.2106,,,,False,,False,,2025-09-30,2025-12-31,2
"HH-Inspire Acquisition, Inc.",hh inspire,2,GREEN,0,1,1,1,"HH-Inspire Acquisition, Inc.",GLAD,Gladstone Management Corporation,,40.465,43.381,-0.0672,,,,False,,False,,2025-09-30,2025-12-31,2
"Sunvair Aerospace Group, Inc. and GB Helios Holdings, L.P.",sunvair aerospace,2,GREEN,0,1,1,1,"Sunvair Aerospace Group, Inc. and GB Helios Holdings, L.P.",ARCC,Ares Capital Management,,40.4,40.4,0.0,05/2031,8.67,,False,,False,,2025-09-30,2025-12-31,2
"Flash Topco, Inc.",flash,2,GREEN,0,1,1,1,"Flash Topco, Inc.",GBDC,GC Advisors,,40.339,40.824,-0.0119,,,,False,,False,,2025-09-30,2025-12-31,2
McAfee Corp.,mcafee,2,GREEN,0,1,1,1,McAfee Corp.,OCSL,Oaktree Capital Management,Systems Software,39.913,41.092,-0.0287,3/1/2029,3.0,,False,,False,,2025-09-30,2025-12-31,2
"Display Holding Company, Inc., Saldon Holdings, Inc. and Fastsigns Holdings Inc.",display saldon,2,GREEN,0,1,1,1,"Display Holding Company, Inc., Saldon Holdings, Inc. and Fastsigns Holdings Inc.",ARCC,Ares Capital Management,,39.9,39.8,0.0025,03/2028,9.07,,False,,False,,2025-09-30,2025-12-31,2
"Home Service TopCo IV, Inc.",home service,2,GREEN,0,1,1,1,"Home Service TopCo IV, Inc.",BXSL,Blackstone Credit Advisors,Construction & Engineering,39.8,39.317,0.0123,12/31/2027,,,False,,False,,2025-12-31,2025-12-31,1
Poseidon Midco AB,poseidon ab,2,GREEN,0,1,1,1,Poseidon Midco AB,OCSL,Oaktree Capital Management,Pharmaceuticals,39.623,37.428,0.0586,9/17/2031,5.29,,False,,False,,2025-09-30,2025-12-31,2
"Equity Methods, LLC",equity methods,2,GREEN,0,1,1,1,"Equity Methods, LLC",GBDC,GC Advisors,Diversified Financial Services,39.476,39.658,-0.0046,,,,False,,False,,2025-09-30,2025-12-31,2
"Independent Pet Partners Intermediate Holdings, LLC",independent pet,2,GREEN,0,1,1,1,"Independent Pet Partners Intermediate Holdings, LLC",MAIN,Main Street Capital (internal),,39.39,36.6,0.0762,,,,False,,False,,2025-09-30,2025-12-31,2
"Citrin Cooperman Advisors, LLC",citrin cooperman,2,GREEN,0,1,1,1,"Citrin Cooperman Advisors, LLC",MSDL,Morgan Stanley Investment Management,Professional Services,38.971,39.478,-0.0128,,,,False,,False,,2025-12-31,2025-12-31,1
"Modern Life, Inc.",modern life,2,GREEN,0,1,1,1,"Modern Life, Inc.",HTGC,Hercules Capital (internal),Electronics & Computer Hardware,38.86,39.019,-0.0041,,2.75,275.0,False,,False,,2025-09-30,2025-12-31,2
LBC Woodlands Holdings LP,lbc woodlands,2,GREEN,0,1,1,1,LBC Woodlands Holdings LP,ARCC,Ares Capital Management,,38.7,20.1,0.9254,07/2030,8.84,,False,,False,,2025-09-30,2025-12-31,2
"NAPCO Precast, LLC",napco precast,2,GREEN,0,1,1,1,"NAPCO Precast, LLC",MAIN,Main Street Capital (internal),,38.578,11.265,2.4246,,,,False,,False,,2025-09-30,2025-12-31,2
Sphera Solutions Inc,sphera solutions,2,GREEN,0,1,1,1,Sphera Solutions Inc,FSK,FS/KKR Advisor,Software & Services,38.3,38.3,0.0,,,,False,,False,,2025-09-30,2025-12-31,2
"Dema/Mai Holdings, Inc.",dema mai,2,GREEN,0,1,1,1,"Dema/Mai Holdings, Inc.",GAIN,Gladstone Management Corporation,,38.25,38.25,0.0,,,,False,,False,,2025-09-30,2025-12-31,2
"MSC Income Fund, Inc.",msc income,2,GREEN,0,1,1,1,"MSC Income Fund, Inc.",MAIN,Main Street Capital (internal),,38.222,42.082,-0.0917,,,,False,,False,,2025-09-30,2025-12-31,2
Streamline Healthcare Solutions,streamline healthcare,2,GREEN,0,1,1,1,Streamline Healthcare Solutions,HTGC,Hercules Capital (internal),,38.131,37.727,0.0107,,7.28,727.7,False,,False,,2025-09-30,2025-12-31,2
"Old World Christmas, Inc.",old world,2,GREEN,0,1,1,1,"Old World Christmas, Inc.",GAIN,Gladstone Management Corporation,,38.0,38.0,0.0,,,,False,,False,,2025-09-30,2025-12-31,2
"SLA Eclipse Co-Invest, L.P.",sla eclipse,2,GREEN,0,1,1,1,"SLA Eclipse Co-Invest, L.P.",OTF,Blue Owl Credit Advisors,Diversified Consumer Services,37.962,30.308,0.2525,,,,False,,False,,2025-09-30,2025-12-31,2
PCX Holding Corp.,pcx,2,GREEN,0,1,1,1,PCX Holding Corp.,MSDL,Morgan Stanley Investment Management,Aerospace & Defense,37.887,38.353,-0.0122,,,,False,,False,,2025-09-30,2025-12-31,2
"World 50, Inc.",world 50,2,GREEN,0,1,1,1,"World 50, Inc.",CGBD,Carlyle Investment Management,Business Services,37.61,37.145,0.0125,3/22/2030,,,False,,False,,2025-09-30,2025-12-31,2
"MP Midco Holdings, LLC and MP Topco Holdings, LLC",mp and,2,GREEN,0,1,1,1,"MP Midco Holdings, LLC and MP Topco Holdings, LLC",ARCC,Ares Capital Management,,37.4,27.4,0.365,03/2030,10.34,,False,,False,,2025-09-30,2025-12-31,2
"COP Home Services TopCo IV, Inc.",cop home,2,GREEN,0,1,1,1,"COP Home Services TopCo IV, Inc.",BXSL,Blackstone Credit Advisors,Construction & Engineering,37.292,36.556,0.0201,12/31/2027,,,False,,False,,2025-12-31,2025-12-31,1
"Rug Doctor, LLC.",rug doctor,2,GREEN,0,1,1,1,"Rug Doctor, LLC.",MAIN,Main Street Capital (internal),,37.189,37.189,0.0,5/16/2028,11.04,,False,,False,,2025-09-30,2025-12-31,2
"Leviathan Holdings, L.P.",leviathan,2,GREEN,0,1,1,1,"Leviathan Holdings, L.P.",ARCC,Ares Capital Management,,37.0,31.4,0.1783,12/2027,9.67,,False,,False,,2025-09-30,2025-12-31,2
Wharf Street Ratings Acquisition LLC,wharf street,2,GREEN,0,1,1,1,Wharf Street Ratings Acquisition LLC,ARCC,Ares Capital Management,,37.0,37.2,-0.0054,09/2032,8.47,,False,,False,,2025-09-30,2025-12-31,2
AvidXchange,avidxchange,2,GREEN,0,1,1,1,AvidXchange,OTF,Blue Owl Credit Advisors,Application Software,36.775,36.779,-0.0001,10/2032,,,False,,False,,2025-12-31,2025-12-31,1
Sport Maska Inc.,sport maska,2,GREEN,0,1,1,1,Sport Maska Inc.,ARCC,Ares Capital Management,,36.6,37.2,-0.0161,12/2030,7.84,,False,,False,,2025-09-30,2025-12-31,2
Vitu,vitu,2,GREEN,0,1,1,1,Vitu,FSK,FS/KKR Advisor,Software & Services,36.4,36.5,-0.0027,,,,False,,False,,2025-09-30,2025-12-31,2
PrimeFlight Aviation Services,primeflight aviation,2,GREEN,0,1,1,1,PrimeFlight Aviation Services,MAIN,Main Street Capital (internal),,36.393,36.413,-0.0005,5/1/2029,9.63,,False,,False,,2025-09-30,2025-12-31,2
"Alcami Corporation and ACM Note Holdings, LLC",alcami and,2,GREEN,0,1,1,1,"Alcami Corporation and ACM Note Holdings, LLC",ARCC,Ares Capital Management,Investment Funds and Vehicles,36.3,36.3,0.0,,,,False,,False,,2025-09-30,2025-12-31,2
Xylem Kendall,xylem kendall,2,GREEN,0,1,1,1,Xylem Kendall,FSK,FS/KKR Advisor,Commercial & Professional Services,36.3,36.3,0.0,,,,False,,False,,2025-09-30,2025-12-31,2
United Risk,united risk,2,GREEN,0,1,1,1,United Risk,OBDC,Blue Owl Credit Advisors,Insurance,36.265,36.031,0.0065,10/2030,,,False,,False,,2025-09-30,2025-12-31,2
"Chainalysis, Inc.",chainalysis,2,GREEN,0,1,1,1,"Chainalysis, Inc.",HTGC,Hercules Capital (internal),Debt Investments,36.143,35.954,0.0053,,2.95,295.0,False,,False,,2025-09-30,2025-12-31,2
Baduhenna Bidco Limited,baduhenna,2,GREEN,0,1,1,1,Baduhenna Bidco Limited,GBDC,GC Advisors,Healthcare Equipment & Supplies,36.11,36.5,-0.0107,,,,False,,False,,2025-09-30,2025-12-31,2
Bracket Intermediate Holding Corp.,bracket,2,GREEN,0,1,1,1,Bracket Intermediate Holding Corp.,OTF,Blue Owl Credit Advisors,Life Sciences Tools & Services,36.061,36.069,-0.0002,10/2031,,,False,,False,,2025-09-30,2025-12-31,2
Ten-X LLC,ten x,2,GREEN,0,1,1,1,Ten-X LLC,OCSL,Oaktree Capital Management,Interactive Media & Services,36.038,38.373,-0.0609,5/26/2028,6.0,,False,,False,,2025-09-30,2025-12-31,2
"Klaviyo, Inc.",klaviyo,2,GREEN,0,1,1,1,"Klaviyo, Inc.",OTF,Blue Owl Credit Advisors,Internet & Direct Marketing Retail,36.027,0.0,,,,,False,,False,,2025-09-30,2025-12-31,2
"Jones Fish Hatcheries & Distributors, LLC and Pond Management Group Holdings, LLC",jones fish,2,GREEN,0,1,1,1,"Jones Fish Hatcheries & Distributors, LLC and Pond Management Group Holdings, LLC",ARCC,Ares Capital Management,,36.0,15.6,1.3077,11/2032,8.13,,False,,False,,2025-12-31,2025-12-31,1
Route 66 Development,route development,2,GREEN,0,1,1,1,Route 66 Development,PNNT,PennantPark Investment Advisers,Gaming,35.82,35.314,0.0143,01/24/2031,,,False,,False,,2025-09-30,2025-12-31,2
MYOB Invest Co Pty Ltd,myob invest,2,GREEN,0,1,1,1,MYOB Invest Co Pty Ltd,GBDC,GC Advisors,,35.684,36.988,-0.0353,,,,False,,False,,2025-09-30,2025-12-31,2
"Star Parent, Inc.",star,2,GREEN,0,1,1,1,"Star Parent, Inc.",OCSL,Oaktree Capital Management,Life Sciences Tools & Services,35.665,34.886,0.0223,9/27/2030,4.0,,False,,False,,2025-09-30,2025-12-31,2
"Smart Chemical Solutions, LLC",smart chemical,2,GREEN,0,1,1,1,"Smart Chemical Solutions, LLC",GAIN,Gladstone Management Corporation,,35.66,35.66,0.0,,,,False,,False,,2025-09-30,2025-12-31,2
"RSC Acquisition, Inc.",rsc,2,GREEN,0,1,1,1,"RSC Acquisition, Inc.",MSDL,Morgan Stanley Investment Management,Insurance Services,35.538,35.91,-0.0104,,,,False,,False,,2025-09-30,2025-12-31,2
MoonLake Immunotherapeutics,moonlake immunotherapeutics,2,GREEN,0,1,1,1,MoonLake Immunotherapeutics,HTGC,Hercules Capital (internal),Drug Discovery & Development,35.505,35.481,0.0007,,1.45,145.0,False,,False,,2025-09-30,2025-12-31,2
"JS Parent, Inc.",js,2,GREEN,0,1,1,1,"JS Parent, Inc.",BXSL,Blackstone Credit Advisors,Software (continued),35.203,35.074,0.0037,4/24/2031,,,False,,False,,2025-12-31,2025-12-31,1
Arc Drilling Holdings LLC,arc drilling,2,GREEN,0,1,1,1,Arc Drilling Holdings LLC,GLAD,Gladstone Management Corporation,,35.144,34.825,0.0092,,,,False,,False,,2025-09-30,2025-12-31,2
NBG Acquisition Corp.,nbg,2,GREEN,0,1,1,1,NBG Acquisition Corp.,GBDC,GC Advisors,,34.934,35.312,-0.0107,,,,False,,False,,2025-09-30,2025-12-31,2
DTIQ,dtiq,2,GREEN,0,1,1,1,DTIQ,BCSF,Bain Capital Credit,Services: Business,34.858,34.389,0.0136,9/30/2029,7.5,,False,,False,,2025-09-30,2025-09-30,1
"Learfield Communications, LLC",learfield communications,2,GREEN,0,1,1,1,"Learfield Communications, LLC",OCSL,Oaktree Capital Management,Movies & Entertainment,34.765,34.394,0.0108,6/30/2028,4.58,,False,,False,,2025-09-30,2025-12-31,2
ThermoSafe,thermosafe,2,GREEN,0,1,1,1,ThermoSafe,OBDC,Blue Owl Credit Advisors,Healthcare equipment and services,34.549,34.552,-0.0001,11/2032,,,False,,False,,2025-12-31,2025-12-31,1
"Viridian Therapeutics, Inc.",viridian therapeutics,2,GREEN,0,1,1,1,"Viridian Therapeutics, Inc.",HTGC,Hercules Capital (internal),Drug Discovery & Development,34.513,33.397,0.0334,,2.16,216.3,False,,False,,2025-09-30,2025-12-31,2
Engineering Research and Consulting LLC,engineering research,2,GREEN,0,1,1,1,Engineering Research and Consulting LLC,OCSL,Oaktree Capital Management,Construction & Engineering,34.461,36.328,-0.0514,8/29/2031,5.0,,False,,False,,2025-09-30,2025-12-31,2
"TBRS, Inc.",tbrs,2,GREEN,0,1,1,1,"TBRS, Inc.",OCSL,Oaktree Capital Management,Health Care Supplies,34.432,34.504,-0.0021,11/22/2030,4.75,,False,,False,,2025-12-31,2025-12-31,1
"Ideal Topco, L.P.",ideal,2,GREEN,0,1,1,1,"Ideal Topco, L.P.",OBDC,Blue Owl Credit Advisors,Specialty retail,34.044,34.805,-0.0219,,,,False,,False,,2025-09-30,2025-12-31,2
"Capstone Logistics Acquisition, Inc.",capstone logistics,2,GREEN,0,1,1,1,"Capstone Logistics Acquisition, Inc.",PSEC,Prospect Capital Management,Commercial Services & Supplies,34.0,33.504,0.0148,11/12/2030,12.62,850.0,False,,False,,2025-09-30,2025-12-31,2
"PathAI, Inc.",pathai,2,GREEN,0,1,1,1,"PathAI, Inc.",HTGC,Hercules Capital (internal),Biotechnology Tools,33.951,33.722,0.0068,,2.15,215.0,False,,False,,2025-09-30,2025-12-31,2
"PF Atlantic Holdco 2, LLC",pf atlantic,2,GREEN,0,1,1,1,"PF Atlantic Holdco 2, LLC",CGBD,Carlyle Investment Management,Leisure Products & Services,33.821,33.593,0.0068,11/12/2027,,,False,,False,,2025-09-30,2025-12-31,2
"The E3 Company, LLC",e3,2,GREEN,0,1,1,1,"The E3 Company, LLC",GAIN,Gladstone Management Corporation,,33.75,33.75,0.0,,,,False,,False,,2025-09-30,2025-12-31,2
Harbor Purchaser Inc.,harbor,2,GREEN,0,1,1,1,Harbor Purchaser Inc.,OCSL,Oaktree Capital Management,Education Services,33.66,36.917,-0.0882,4/9/2029,5.25,,False,,False,,2025-09-30,2025-12-31,2
"ABB Concise Optical Group, LLC",abb concise,2,GREEN,0,1,1,1,"ABB Concise Optical Group, LLC",MSDL,Morgan Stanley Investment Management,Distributors,33.571,34.016,-0.0131,,,,False,,False,,2025-09-30,2025-12-31,2
Superna Inc.,superna,2,GREEN,0,1,1,1,Superna Inc.,BCSF,Bain Capital Credit,High Tech Industries,33.521,32.795,0.0221,3/6/2028,6.5,,False,,False,,2025-09-30,2025-09-30,1
"Premium Parent, LLC",premium,2,GREEN,0,1,1,1,"Premium Parent, LLC",OCSL,Oaktree Capital Management,Health Care Technology,33.375,33.375,0.0,9/21/2032,6.5,,False,,False,,2025-12-31,2025-12-31,1
"PHC Buyer, LLC (Patriot Home Care)",phc patriot,2,GREEN,0,1,1,1,"PHC Buyer, LLC (Patriot Home Care)",TCPC,Tennenbaum Capital Partners (BlackRock),Healthcare Providers and Services,33.2751,33.3081,-0.001,5/4/2028,6.0,,False,,False,,2025-12-31,2025-12-31,1
"OSP Hamilton Purchaser, LLC",osp hamilton,2,GREEN,0,1,1,1,"OSP Hamilton Purchaser, LLC",GBDC,GC Advisors,Banks,33.274,33.37,-0.0029,,,,False,,False,,2025-09-30,2025-12-31,2
X Holdings Corp.,x,2,GREEN,0,1,1,1,X Holdings Corp.,OCSL,Oaktree Capital Management,Interactive Media & Services,33.246,33.118,0.0039,10/26/2029,6.5,,False,,False,,2025-09-30,2025-12-31,2
"Hockey Parent Holdings, L.P.",hockey,2,GREEN,0,1,1,1,"Hockey Parent Holdings, L.P.",OBDC,Blue Owl Credit Advisors,Insurance,33.218,28.235,0.1765,,,,False,,False,,2025-09-30,2025-12-31,2
"TSWT Holdings, LLC",tswt,2,GREEN,0,1,1,1,"TSWT Holdings, LLC",ARCC,Ares Capital Management,,33.2,17.3,0.9191,11/2031,8.73,,False,,False,,2025-12-31,2025-12-31,1
Consilio Midco Limited,consilio,2,GREEN,0,1,1,1,Consilio Midco Limited,GBDC,GC Advisors,Specialty Retail,32.993,33.614,-0.0185,,,,False,,False,,2025-09-30,2025-12-31,2
Trackunit ApS,trackunit aps,2,GREEN,0,1,1,1,Trackunit ApS,FSK,FS/KKR Advisor,Software & Services,32.9,33.2,-0.009,,,,False,,False,,2025-09-30,2025-12-31,2
"Vista Higher Learning, LLC",vista higher,2,GREEN,0,1,1,1,"Vista Higher Learning, LLC",ARCC,Ares Capital Management,,32.6,33.0,-0.0121,09/2031,8.46,,False,,False,,2025-09-30,2025-12-31,2
Taoglas,taoglas,2,GREEN,0,1,1,1,Taoglas,BCSF,Bain Capital Credit,Telecommunications,32.426,33.13,-0.0212,2/28/2029,7.25,,False,,False,,2025-09-30,2025-09-30,1
"Merit Financial Group, LLC and CWC Fund I Co-Invest LP",merit financial,2,GREEN,0,1,1,1,"Merit Financial Group, LLC and CWC Fund I Co-Invest LP",ARCC,Ares Capital Management,,32.2,19.0,0.6947,08/2032,8.74,,False,,False,,2025-09-30,2025-12-31,2
"Zimperium, Inc.",zimperium,2,GREEN,0,1,1,1,"Zimperium, Inc.",HTGC,Hercules Capital (internal),Sustainable and Renewable Technology,32.063,32.256,-0.006,,8.31,831.0,False,,False,,2025-09-30,2025-12-31,2
"OCI, LLC",oci,2,GREEN,0,1,1,1,"OCI, LLC",GLAD,Gladstone Management Corporation,,32.0,32.0,0.0,,,,False,,False,,2025-09-30,2025-12-31,2
PXO Holdings I Corp.,pxo i,2,GREEN,0,1,1,1,PXO Holdings I Corp.,CGBD,Carlyle Investment Management,"Chemicals, Plastics & Rubber",31.954,32.053,-0.0031,3/8/2028,,,False,,False,,2025-09-30,2025-12-31,2
"UKG Inc. and H&F Unite Partners, L.P.",ukg and,2,GREEN,0,1,1,1,"UKG Inc. and H&F Unite Partners, L.P.",ARCC,Ares Capital Management,,31.9,0.0,,,,,False,,False,,2025-09-30,2025-12-31,2
"Charger Debt Merger Sub, LLC",charger debt,2,GREEN,0,1,1,1,"Charger Debt Merger Sub, LLC",BXSL,Blackstone Credit Advisors,Diversified Consumer Services,31.837,31.645,0.0061,5/31/2031,,,False,,False,,2025-12-31,2025-12-31,1
"Orchestra BioMed Holdings, Inc.",orchestra biomed,2,GREEN,0,1,1,1,"Orchestra BioMed Holdings, Inc.",HTGC,Hercules Capital (internal),Medical Devices & Equipment,31.782,31.172,0.0196,,2.0,200.0,False,,False,,2025-09-30,2025-12-31,2
"Accuity Delivery Systems, LLC",accuity delivery,2,GREEN,0,1,1,1,"Accuity Delivery Systems, LLC",BXSL,Blackstone Credit Advisors,Health Care Technology,31.778,31.695,0.0026,5/29/2031,,,False,,False,,2025-12-31,2025-12-31,1
"Thermogenics, Inc.",thermogenics,2,GREEN,0,1,1,1,"Thermogenics, Inc.",GBDC,GC Advisors,Machinery,31.738,31.897,-0.005,,,,False,,False,,2025-09-30,2025-12-31,2
BTX Precision,btx precision,2,GREEN,0,1,1,1,BTX Precision,BCSF,Bain Capital Credit,Aerospace & Defense,31.732,30.944,0.0255,7/25/2030,4.75,,False,,False,,2025-09-30,2025-09-30,1
"CPI Buyer, LLC",cpi,2,GREEN,0,1,1,1,"CPI Buyer, LLC",BXSL,Blackstone Credit Advisors,Health Care Equipment & Supplies,31.71,31.981,-0.0085,11/1/2028,,,False,,False,,2025-12-31,2025-12-31,1
"Metatiedot US, LLC",metatiedot us,2,GREEN,0,1,1,1,"Metatiedot US, LLC",ARCC,Ares Capital Management,,31.6,30.0,0.0533,11/2030,7.64,,False,,False,,2025-09-30,2025-12-31,2
Telestream 2 LLC,telestream,2,GREEN,0,1,1,1,Telestream 2 LLC,OCSL,Oaktree Capital Management,Application Software,31.522,31.537,-0.0005,6/7/2028,6.25,,False,,False,,2025-09-30,2025-12-31,2
"CMG HoldCo, LLC",cmg,2,GREEN,0,1,1,1,"CMG HoldCo, LLC",ARCC,Ares Capital Management,,31.5,31.5,0.0,11/2030,8.21,,False,,False,,2025-09-30,2025-12-31,2
"Commander Buyer, Inc.",commander,2,GREEN,0,1,1,1,"Commander Buyer, Inc.",BXSL,Blackstone Credit Advisors,Health Care Providers & Services (continued),31.454,31.3,0.0049,6/26/2032,,,False,,False,,2025-12-31,2025-12-31,1
"Paisley Bidco, Ltd.",paisley,2,GREEN,0,1,1,1,"Paisley Bidco, Ltd.",BXSL,Blackstone Credit Advisors,Insurance (continued),31.254,27.451,0.1385,4/18/2031,,,False,,False,,2025-12-31,2025-12-31,1
Kangaroo Bidco AS,kangaroo as,2,GREEN,0,1,1,1,Kangaroo Bidco AS,TSLX,Sixth Street Partners,Education,31.238,29.909,0.0444,,6.25,625.0,False,,False,,2025-09-30,2025-09-30,1
M2S Group Intermediate Holdings Inc,m2s group,2,GREEN,0,1,1,1,M2S Group Intermediate Holdings Inc,OCSL,Oaktree Capital Management,Paper & Plastic Packaging Products & Materials,31.171,30.611,0.0183,8/25/2031,4.75,,False,,False,,2025-09-30,2025-12-31,2
"Metatiedot Bidco Oy & Metatiedot US, LLC",metatiedot oy,2,GREEN,0,1,1,1,"Metatiedot Bidco Oy & Metatiedot US, LLC",GBDC,GC Advisors,,31.166,33.338,-0.0652,,,,False,,False,,2025-09-30,2025-12-31,2
"Electro Switch Business Trust, LLC",electro switch,2,GREEN,0,1,1,1,"Electro Switch Business Trust, LLC",BXSL,Blackstone Credit Advisors,Electrical Equipment,31.143,31.235,-0.0029,9/2/2032,,,False,,False,,2025-12-31,2025-12-31,1
Eagle Railcar Services Roscoe Inc,eagle railcar,2,GREEN,0,1,1,1,Eagle Railcar Services Roscoe Inc,FSK,FS/KKR Advisor,Transportation,31.1,31.2,-0.0032,,,,False,,False,,2025-09-30,2025-12-31,2
"Bobtail AcquisitionCo, LLC",bobtail acquisitionco,2,GREEN,0,1,1,1,"Bobtail AcquisitionCo, LLC",ARCC,Ares Capital Management,Commercial and Professional Services,30.7,31.7,-0.0315,09/2031,8.54,,False,,False,,2025-09-30,2025-12-31,2
Provi,provi,2,GREEN,0,1,1,1,Provi,HTGC,Hercules Capital (internal),Consumer & Business Services,30.654,30.819,-0.0054,,4.4,440.0,False,,False,,2025-09-30,2025-12-31,2
Advanced Web Technologies Holding Company,advanced web,2,GREEN,0,1,1,1,Advanced Web Technologies Holding Company,CGBD,Carlyle Investment Management,"Containers, Packaging & Glass",30.517,30.444,0.0024,12/17/2027,,,False,,False,,2025-09-30,2025-12-31,2
"Vendavo, Inc.",vendavo,2,GREEN,0,1,1,1,"Vendavo, Inc.",GBDC,GC Advisors,,30.485,30.943,-0.0148,,,,False,,False,,2025-09-30,2025-12-31,2
"Freedom Dental Management, Inc.",freedom dental,2,GREEN,0,1,1,1,"Freedom Dental Management, Inc.",GLAD,Gladstone Management Corporation,,30.45,30.0,0.015,,,,False,,False,,2025-12-31,2025-12-31,1
Rainforest Bidco Limited,rainforest,2,GREEN,0,1,1,1,Rainforest Bidco Limited,GBDC,GC Advisors,,30.444,32.682,-0.0685,,,,False,,False,,2025-09-30,2025-12-31,2
"Aldeyra Therapeutics, Inc.",aldeyra therapeutics,2,GREEN,0,1,1,1,"Aldeyra Therapeutics, Inc.",HTGC,Hercules Capital (internal),Drug Discovery & Development,30.399,30.292,0.0035,,3.1,310.0,False,,False,,2025-09-30,2025-12-31,2
"ALS Education, LLC",als education,2,GREEN,0,1,1,1,"ALS Education, LLC",GLAD,Gladstone Management Corporation,,30.36,30.31,0.0016,,,,False,,False,,2025-09-30,2025-12-31,2
Spectrum Automotive Holdings Corp.,spectrum automotive,2,GREEN,0,1,1,1,Spectrum Automotive Holdings Corp.,MSDL,Morgan Stanley Investment Management,Automobile Components,30.297,30.624,-0.0107,,,,False,,False,,2025-09-30,2025-12-31,2
INK BC Bidco S.p.A.,ink bc,2,GREEN,0,1,1,1,INK BC Bidco S.p.A.,BXSL,Blackstone Credit Advisors,Software (continued),30.268,26.649,0.1358,7/16/2032,,,False,,False,,2025-12-31,2025-12-31,1
Forward Slope,forward slope,2,GREEN,0,1,1,1,Forward Slope,BCSF,Bain Capital Credit,Aerospace & Defense,30.113,30.109,0.0001,8/22/2029,5.6,,False,,False,,2025-09-30,2025-09-30,1
"Educators Resource, Inc.",educators resource,2,GREEN,0,1,1,1,"Educators Resource, Inc.",GAIN,Gladstone Management Corporation,,30.0,30.0,0.0,,,,False,,False,,2025-09-30,2025-12-31,2
ASP Integrity Acquisition Co LLC,asp integrity,2,GREEN,0,1,1,1,ASP Integrity Acquisition Co LLC,OCSL,Oaktree Capital Management,Diversified Support Services,29.979,30.687,-0.0231,3/6/2031,4.97,,False,,False,,2025-12-31,2025-12-31,1
Endeavor Bidco LLC,endeavor,2,GREEN,0,1,1,1,Endeavor Bidco LLC,ARCC,Ares Capital Management,,29.8,27.8,0.0719,08/2029,7.92,,False,,False,,2025-09-30,2025-12-31,2
"ADPD Holdings, LLC",adpd,2,GREEN,0,1,1,1,"ADPD Holdings, LLC",CGBD,Carlyle Investment Management,Consumer Services,29.502,31.732,-0.0703,8/15/2028,,,False,,False,,2025-09-30,2025-12-31,2
"Blackbird Holdco, Inc. (Ohio Transmission Corp.)",blackbird ohio,2,GREEN,0,1,1,1,"Blackbird Holdco, Inc. (Ohio Transmission Corp.)",TCPC,Tennenbaum Capital Partners (BlackRock),Trading Companies & Distributors,29.3382,15.5966,0.8811,,12.5,,False,,False,,2025-12-31,2025-12-31,1
"Unity Purchaser, LLC",unity,2,GREEN,0,1,1,1,"Unity Purchaser, LLC",ARCC,Ares Capital Management,,29.2,29.4,-0.0068,01/2031,8.42,,False,,False,,2025-09-30,2025-12-31,2
Confine Visual Bidco,confine visual,2,GREEN,0,1,1,1,Confine Visual Bidco,BXSL,Blackstone Credit Advisors,Software (continued),29.079,32.215,-0.0973,2/23/2029,,,False,,False,,2025-12-31,2025-12-31,1
"MVI MSO, LLC",mvi mso,2,GREEN,0,1,1,1,"MVI MSO, LLC",MAIN,Main Street Capital (internal),,29.076,25.018,0.1622,3/28/2030,13.0,,False,,False,,2025-09-30,2025-12-31,2
"Trident TPI Holdings, Inc.",trident tpi,2,GREEN,0,1,1,1,"Trident TPI Holdings, Inc.",OCSL,Oaktree Capital Management,Paper & Plastic Packaging Products & Materials,29.045,29.59,-0.0184,9/15/2028,3.75,,False,,False,,2025-09-30,2025-12-31,2
"Phantom Purchaser, Inc.",phantom,2,GREEN,0,1,1,1,"Phantom Purchaser, Inc.",OBDC,Blue Owl Credit Advisors,,29.038,28.974,0.0022,9/2031,,,False,,False,,2025-09-30,2025-12-31,2
Gills Point S,gills point,2,GREEN,0,1,1,1,Gills Point S,BCSF,Bain Capital Credit,Automotive,28.97,29.031,-0.0021,5/17/2029,5.5,,False,,False,,2025-09-30,2025-09-30,1
"Airx Climate Solutions, Inc.",airx climate,2,GREEN,0,1,1,1,"Airx Climate Solutions, Inc.",ARCC,Ares Capital Management,Capital Goods,28.7,19.3,0.487,11/2029,9.2,,False,,False,,2025-09-30,2025-12-31,2
Nasuni Corporation,nasuni,2,GREEN,0,1,1,1,Nasuni Corporation,MSDL,Morgan Stanley Investment Management,,28.655,28.966,-0.0107,,,,False,,False,,2025-09-30,2025-12-31,2
"Access CIG, LLC",access cig,2,GREEN,0,1,1,1,"Access CIG, LLC",OCSL,Oaktree Capital Management,Diversified Support Services,28.625,28.983,-0.0124,8/18/2030,4.0,,False,,False,,2025-09-30,2025-12-31,2
"Park County Holdings, LLC",park county,2,GREEN,0,1,1,1,"Park County Holdings, LLC",CGBD,Carlyle Investment Management,Media: Diversified & Production,28.615,28.249,0.013,11/29/2029,,,False,,False,,2025-09-30,2025-12-31,2
"The Maids International, LLC",maids international,2,GREEN,0,1,1,1,"The Maids International, LLC",GAIN,Gladstone Management Corporation,,28.56,28.56,0.0,,,,False,,False,,2025-09-30,2025-12-31,2
iBanFirst Facility,ibanfirst facility,2,GREEN,0,1,1,1,iBanFirst Facility,BCSF,Bain Capital Credit,Services: Business,28.558,8.136,2.5101,,,,False,,False,,2025-09-30,2025-09-30,1
"Bamboo Health Holdings, LLC",bamboo health,2,GREEN,0,1,1,1,"Bamboo Health Holdings, LLC",CGBD,Carlyle Investment Management,Healthcare & Pharmaceuticals,28.549,28.187,0.0128,5/6/2028,,,False,,False,,2025-09-30,2025-12-31,2
"Belmont Instrument, LLC*",belmont instrument,2,GREEN,0,1,1,1,"Belmont Instrument, LLC*",GBDC,GC Advisors,Healthcare Equipment & Supplies,28.523,28.675,-0.0053,,,,False,,False,,2025-09-30,2025-12-31,2
NeoGov Newt Holdco Inc,neogov newt,2,GREEN,0,1,1,1,NeoGov Newt Holdco Inc,FSK,FS/KKR Advisor,Software & Services,28.4,28.5,-0.0035,,,,False,,False,,2025-09-30,2025-12-31,2
"Leadpoint Business Services, LLC",leadpoint business,2,GREEN,0,1,1,1,"Leadpoint Business Services, LLC",GLAD,Gladstone Management Corporation,,28.398,28.117,0.01,,,,False,,False,,2025-09-30,2025-12-31,2
"Minotaur Acquisition, Inc.",minotaur,2,GREEN,0,1,1,1,"Minotaur Acquisition, Inc.",OCSL,Oaktree Capital Management,Diversified Financial Services,28.032,27.896,0.0049,6/3/2030,5.0,,False,,False,,2025-09-30,2025-12-31,2
Superior Rigging & Erecting Co.,superior rigging,2,GREEN,0,1,1,1,Superior Rigging & Erecting Co.,MAIN,Main Street Capital (internal),,28.03,9.0,2.1144,,,,False,,False,,2025-09-30,2025-12-31,2
"Phoenix Finance, Inc.",phoenix finance,2,GREEN,0,1,1,1,"Phoenix Finance, Inc.",OCSL,Oaktree Capital Management,Application Software,28.023,29.92,-0.0634,8/14/2028,8.06,,False,,False,,2025-12-31,2025-12-31,1
"FRG AcquireCo, LLC",frg acquireco,2,GREEN,0,1,1,1,"FRG AcquireCo, LLC",MAIN,Main Street Capital (internal),,27.785,27.883,-0.0035,9/22/2028,13.0,,False,,False,,2025-09-30,2025-12-31,2
HRO Holdings I LP,hro i,2,GREEN,0,1,1,1,HRO Holdings I LP,MFIC,"Apollo Investment Management, L.P.",Hero Digital,27.765,27.992,-0.0081,,,,False,,False,,2025-12-31,2025-12-31,1
Cradle Lux Bidco S.A.R.L. and Hamilton Thorne Inc.,cradle lux,2,GREEN,0,1,1,1,Cradle Lux Bidco S.A.R.L. and Hamilton Thorne Inc.,ARCC,Ares Capital Management,,27.7,14.3,0.9371,11/2031,7.65,,False,,False,,2025-09-30,2025-12-31,2
"Homecare Software Solutions, LLC",homecare software,2,GREEN,0,1,1,1,"Homecare Software Solutions, LLC",BXSL,Blackstone Credit Advisors,Software (continued),27.581,27.509,0.0026,6/16/2031,,,False,,False,,2025-12-31,2025-12-31,1
"MPG Parent Holdings, LLC",mpg,2,GREEN,0,1,1,1,"MPG Parent Holdings, LLC",BXSL,Blackstone Credit Advisors,Professional Services (continued),27.569,27.102,0.0172,1/8/2030,,,False,,False,,2025-12-31,2025-12-31,1
"GraphPad Software, LLC",graphpad software,2,GREEN,0,1,1,1,"GraphPad Software, LLC",MSDL,Morgan Stanley Investment Management,Biotechnology,27.471,27.62,-0.0054,,,,False,,False,,2025-09-30,2025-12-31,2
NeoGraf Solutions LLC,neograf solutions,2,GREEN,0,1,1,1,NeoGraf Solutions LLC,GLAD,Gladstone Management Corporation,,27.456,27.456,0.0,,,,False,,False,,2025-09-30,2025-12-31,2
Apollo Intelligence,apollo intelligence,2,GREEN,0,1,1,1,Apollo Intelligence,BCSF,Bain Capital Credit,Healthcare & Pharmaceuticals,27.414,28.13,-0.0255,5/31/2028,5.75,,False,,False,,2025-09-30,2025-09-30,1
"ATNX SPV, LLC",atnx,2,GREEN,0,1,1,1,"ATNX SPV, LLC",OCSL,Oaktree Capital Management,Pharmaceuticals,27.41,28.171,-0.027,5/31/2031,,,False,,False,,2025-09-30,2025-12-31,2
"BrightStar Group Holdings, Inc.",brightstar group,2,GREEN,0,1,1,1,"BrightStar Group Holdings, Inc.",ARCC,Ares Capital Management,,27.3,27.3,0.0,03/2032,8.84,,False,,False,,2025-09-30,2025-12-31,2
Big Bus Tours Group Limited (United Kingdom),big bus,2,GREEN,0,1,1,1,Big Bus Tours Group Limited (United Kingdom),CGBD,Carlyle Investment Management,Leisure Products & Services,27.295,26.786,0.019,6/4/2031,,,False,,False,,2025-09-30,2025-12-31,2
"Cybermedia Technologies, LLC",cybermedia technologies,2,GREEN,0,1,1,1,"Cybermedia Technologies, LLC",MAIN,Main Street Capital (internal),,27.082,27.21,-0.0047,5/5/2028,13.0,,False,,False,,2025-09-30,2025-12-31,2
ClubCorp Club Operations Inc,clubcorp club,2,GREEN,0,1,1,1,ClubCorp Club Operations Inc,FSK,FS/KKR Advisor,Consumer Services,27.0,27.1,-0.0037,,,,False,,False,,2025-09-30,2025-12-31,2
"Healthcare Venture Partners, LLC",healthcare venture,2,GREEN,0,1,1,1,"Healthcare Venture Partners, LLC",PSEC,Prospect Capital Management,Health Care Providers & Services,26.9601,29.11,-0.0739,8/29/2030,11.67,800.0,False,,False,,2025-09-30,2025-12-31,2
"Greenway Health, LLC",greenway health,2,GREEN,0,1,1,1,"Greenway Health, LLC",OTF,Blue Owl Credit Advisors,Health Care Technology,26.951,27.181,-0.0085,4/2029,,,False,,False,,2025-09-30,2025-12-31,2
ComPsych Investment Corp.,compsych investment,2,GREEN,0,1,1,1,ComPsych Investment Corp.,MSDL,Morgan Stanley Investment Management,Professional Services,26.868,26.979,-0.0041,,,,False,,False,,2025-09-30,2025-12-31,2
"Answer Acquisition, LLC",answer,2,GREEN,0,1,1,1,"Answer Acquisition, LLC",MSDL,Morgan Stanley Investment Management,Machinery,26.81,27.036,-0.0084,,,,False,,False,,2025-09-30,2025-12-31,2
"Walnut Parent, Inc.",walnut,2,GREEN,0,1,1,1,"Walnut Parent, Inc.",ARCC,Ares Capital Management,,26.8,28.8,-0.0694,11/2027,9.42,,False,,False,,2025-12-31,2025-12-31,1
AXH Air Coolers,axh air,2,GREEN,0,1,1,1,AXH Air Coolers,BCSF,Bain Capital Credit,Capital Equipment,26.76,19.453,0.3756,10/31/2029,5.5,,False,,False,,2025-09-30,2025-09-30,1
Crown CT Management LLC,crown ct,2,GREEN,0,1,1,1,Crown CT Management LLC,ARCC,Ares Capital Management,,26.7,26.7,0.0,03/2029,9.32,,False,,False,,2025-09-30,2025-12-31,2
"US Salt Investors, LLC and Emerald Lake Pearl Acquisition-A, L.P.",us salt investors,2,GREEN,0,1,1,1,"US Salt Investors, LLC and Emerald Lake Pearl Acquisition-A, L.P.",ARCC,Ares Capital Management,,26.6,26.6,0.0,07/2028,9.07,,False,,False,,2025-09-30,2025-12-31,2
"Ardonagh Midco 3 Limited, Ardonagh Group Finco Pty Limited, Ardonagh Finco LLC, Ardonagh Finco B.V., and MDCP Co-Investors (Jade I), L.P.",ardonagh ardonagh,2,GREEN,0,1,1,1,"Ardonagh Midco 3 Limited, Ardonagh Group Finco Pty Limited, Ardonagh Finco LLC, Ardonagh Finco B.V., and MDCP Co-Investors (Jade I), L.P.",ARCC,Ares Capital Management,Insurance,26.3,24.1,0.0913,,,,False,,False,,2025-09-30,2025-12-31,2
"Centralsquare Technologies, LLC",centralsquare technologies,2,GREEN,0,1,1,1,"Centralsquare Technologies, LLC",OCSL,Oaktree Capital Management,Application Software,26.292,25.866,0.0165,4/12/2030,6.0,,False,,False,,2025-09-30,2025-12-31,2
Protective Industrial Products,protective industrial,2,GREEN,0,1,1,1,Protective Industrial Products,OBDC,Blue Owl Credit Advisors,Manufacturing,26.225,23.539,0.1141,12/2027,,,False,,False,,2025-09-30,2025-12-31,2
"Applause App Quality, Inc.",applause app,2,GREEN,0,1,1,1,"Applause App Quality, Inc.",TCPC,Tennenbaum Capital Partners (BlackRock),Professional Services,26.1203,25.9519,0.0065,10/24/2029,5.87,,False,,False,,2025-09-30,2025-12-31,2
"Broadcast Music, Inc.",broadcast music,2,GREEN,0,1,1,1,"Broadcast Music, Inc.",OBDC,Blue Owl Credit Advisors,Advertising and media,26.105,26.696,-0.0221,2/2030,,,False,,False,,2025-09-30,2025-12-31,2
"Lighthouse Parent Holdings, Inc (Aperture)",lighthouse aperture,2,GREEN,0,1,1,1,"Lighthouse Parent Holdings, Inc (Aperture)",TCPC,Tennenbaum Capital Partners (BlackRock),Professional Services,26.0167,25.9655,0.002,12/20/2031,4.87,,False,,False,,2025-09-30,2025-12-31,2
Rowan Energy Inc.,rowan energy,2,GREEN,0,1,1,1,Rowan Energy Inc.,GAIN,Gladstone Management Corporation,,25.79,25.79,0.0,,,,False,,False,,2025-12-31,2025-12-31,1
"Galaxy Technologies Holdings, Inc.",galaxy technologies,2,GREEN,0,1,1,1,"Galaxy Technologies Holdings, Inc.",GAIN,Gladstone Management Corporation,,25.696,25.696,0.0,,,,False,,False,,2025-09-30,2025-12-31,2
"Hissho Parent, LLC",hissho,2,GREEN,0,1,1,1,"Hissho Parent, LLC",OBDC,Blue Owl Credit Advisors,Food and beverage,25.6,25.424,0.0069,5/2029,,,False,,False,,2025-09-30,2025-12-31,2
"Zinc Buyer Corporation and Marmic Fire & Safety Co., Inc.",zinc and,2,GREEN,0,1,1,1,"Zinc Buyer Corporation and Marmic Fire & Safety Co., Inc.",ARCC,Ares Capital Management,,25.6,25.6,0.0,07/2031,8.42,,False,,False,,2025-09-30,2025-12-31,2
"Hoosier Intermediate, LLC",hoosier,2,GREEN,0,1,1,1,"Hoosier Intermediate, LLC",CGBD,Carlyle Investment Management,Healthcare & Pharmaceuticals,25.574,25.322,0.01,11/15/2028,,,False,,False,,2025-09-30,2025-12-31,2
"Cerity Partners, LLC",cerity partners,2,GREEN,0,1,1,1,"Cerity Partners, LLC",MSDL,Morgan Stanley Investment Management,Financial Services,25.433,25.93,-0.0192,,,,False,,False,,2025-09-30,2025-12-31,2
Arcoro Holdings Corp.,arcoro,2,GREEN,0,1,1,1,Arcoro Holdings Corp.,MSDL,Morgan Stanley Investment Management,Construction & Engineering,25.41,25.86,-0.0174,,,,False,,False,,2025-09-30,2025-12-31,2
"Zappi, Inc.",zappi,2,GREEN,0,1,1,1,"Zappi, Inc.",HTGC,Hercules Capital (internal),,25.37,24.978,0.0157,,8.03,803.0,False,,False,,2025-09-30,2025-12-31,2
"ARI Network Services, Inc.",ari network,2,GREEN,0,1,1,1,"ARI Network Services, Inc.",MSDL,Morgan Stanley Investment Management,Automobiles,25.365,25.551,-0.0073,,,,False,,False,,2025-09-30,2025-12-31,2
"MASSiv Brands, LLC",massiv brands,2,GREEN,0,1,1,1,"MASSiv Brands, LLC",GLAD,Gladstone Management Corporation,,25.313,25.313,0.0,,,,False,,False,,2025-12-31,2025-12-31,1
"Fitness Ventures Holdings, Inc.",fitness ventures,2,GREEN,0,1,1,1,"Fitness Ventures Holdings, Inc.",ARCC,Ares Capital Management,,25.3,25.3,0.0,08/2030,8.75,,False,,False,,2025-09-30,2025-12-31,2
Distributed Creation Inc.,distributed creation,2,GREEN,0,1,1,1,Distributed Creation Inc.,HTGC,Hercules Capital (internal),Debt Investments,25.272,25.005,0.0107,,3.0,300.0,False,,False,,2025-09-30,2025-12-31,2
"Mason West, LLC",mason west,2,GREEN,0,1,1,1,"Mason West, LLC",GAIN,Gladstone Management Corporation,,25.25,25.25,0.0,,,,False,,False,,2025-09-30,2025-12-31,2
"AmplifyBio, LLC",amplifybio,2,GREEN,0,1,1,1,"AmplifyBio, LLC",HTGC,Hercules Capital (internal),Drug Discovery & Development,25.091,24.878,0.0086,,2.5,250.0,False,,False,,2025-09-30,2025-12-31,2
LOV Acquisition LLC*,lov,2,GREEN,0,1,1,1,LOV Acquisition LLC*,GBDC,GC Advisors,,25.017,25.123,-0.0042,,,,False,,False,,2025-12-31,2025-12-31,1
"Smile Doctors, LLC",smile doctors,2,GREEN,0,1,1,1,"Smile Doctors, LLC",BXSL,Blackstone Credit Advisors,Health Care Providers & Services (continued),24.863,25.315,-0.0179,12/23/2028,,,False,,False,,2025-12-31,2025-12-31,1
"LTI Holdings, Inc.",lti,2,GREEN,0,1,1,1,"LTI Holdings, Inc.",OCSL,Oaktree Capital Management,Electronic Components,24.803,24.347,0.0187,7/29/2029,3.75,,False,,False,,2025-09-30,2025-12-31,2
"MSIS Holdings, Inc. and MS Precision Parent, LP",msis and,2,GREEN,0,1,1,1,"MSIS Holdings, Inc. and MS Precision Parent, LP",ARCC,Ares Capital Management,,24.8,24.8,0.0,03/2031,8.67,,False,,False,,2025-09-30,2025-12-31,2
Sigma Electric Manufacturing Corporation,sigma electric,2,GREEN,0,1,1,1,Sigma Electric Manufacturing Corporation,ARCC,Ares Capital Management,,24.7,24.7,0.0,12/2027,9.55,,False,,False,,2025-09-30,2025-12-31,2
Wood Group Receivables LLC,wood group,2,GREEN,0,1,1,1,Wood Group Receivables LLC,FSK,FS/KKR Advisor,Capital Goods,24.7,24.7,0.0,10/2028,,,False,,False,,2025-12-31,2025-12-31,1
"Brunswick Bowling Products, Inc.",brunswick bowling,2,GREEN,0,1,1,1,"Brunswick Bowling Products, Inc.",GAIN,Gladstone Management Corporation,,24.55,24.55,0.0,,,,False,,False,,2025-09-30,2025-12-31,2
"BHG Holdings, LLC",bhg,2,GREEN,0,1,1,1,"BHG Holdings, LLC",GBDC,GC Advisors,,24.537,24.732,-0.0079,,,,False,,False,,2025-09-30,2025-12-31,2
"Advancion Holdings, LLC",advancion,2,GREEN,0,1,1,1,"Advancion Holdings, LLC",OBDC,Blue Owl Credit Advisors,Chemicals,24.472,26.113,-0.0628,11/2028,,,False,,False,,2025-09-30,2025-12-31,2
"Donuts, Inc.",donuts,2,GREEN,0,1,1,1,"Donuts, Inc.",MSDL,Morgan Stanley Investment Management,IT Services,24.415,24.599,-0.0075,,,,False,,False,,2025-09-30,2025-12-31,2
Scorpio BidCo SAS,scorpio sas,2,GREEN,0,1,1,1,Scorpio BidCo SAS,BXSL,Blackstone Credit Advisors,Software (continued),24.327,22.826,0.0658,4/30/2031,,,False,,False,,2025-12-31,2025-12-31,1
"Merit Software Finance Holdings, LLC",merit software,2,GREEN,0,1,1,1,"Merit Software Finance Holdings, LLC",ARCC,Ares Capital Management,,24.3,24.5,-0.0082,12/2032,8.94,,False,,False,,2025-12-31,2025-12-31,1
LogicSource,logicsource,2,GREEN,0,1,1,1,LogicSource,HTGC,Hercules Capital (internal),Debt Investments,24.258,23.994,0.011,,8.93,893.0,False,,False,,2025-09-30,2025-12-31,2
"Formstack Acquisition, Co.",formstack,2,GREEN,0,1,1,1,"Formstack Acquisition, Co.",MSDL,Morgan Stanley Investment Management,,24.042,24.429,-0.0158,,,,False,,False,,2025-09-30,2025-12-31,2
"Mini Melts of America, LLC",mini melts,2,GREEN,0,1,1,1,"Mini Melts of America, LLC",MAIN,Main Street Capital (internal),,24.005,24.177,-0.0071,11/30/2028,10.76,,False,,False,,2025-09-30,2025-12-31,2
Zero Case Holding Inc.,zero case,2,GREEN,0,1,1,1,Zero Case Holding Inc.,GLAD,Gladstone Management Corporation,,23.941,24.0,-0.0025,,,,False,,False,,2025-09-30,2025-12-31,2
Compsych Investments Corp.,compsych investments,2,GREEN,0,1,1,1,Compsych Investments Corp.,BXSL,Blackstone Credit Advisors,Health Care Providers & Services (continued),23.937,24.009,-0.003,7/22/2031,,,False,,False,,2025-12-31,2025-12-31,1
NearMap,nearmap,2,GREEN,0,1,1,1,NearMap,BCSF,Bain Capital Credit,High Tech Industries,23.872,23.863,0.0004,12/9/2028,5.0,,False,,False,,2025-09-30,2025-09-30,1
"TL Voltron Purchaser, LLC",tl voltron,2,GREEN,0,1,1,1,"TL Voltron Purchaser, LLC",TCPC,Tennenbaum Capital Partners (BlackRock),Media,23.7531,23.7141,0.0016,12/31/2030,5.25,,False,,False,,2025-12-31,2025-12-31,1
"Themis Solutions, Inc.",themis solutions,2,GREEN,0,1,1,1,"Themis Solutions, Inc.",BXSL,Blackstone Credit Advisors,Software (continued),23.735,23.816,-0.0034,10/29/2032,,,False,,False,,2025-12-31,2025-12-31,1
Elite,elite,2,GREEN,0,1,1,1,Elite,OTF,Blue Owl Credit Advisors,Diversified Consumer Services,23.556,23.56,-0.0002,9/2032,,,False,,False,,2025-09-30,2025-12-31,2
"Biotouch Global Solutions, Inc.",biotouch global,2,GREEN,0,1,1,1,"Biotouch Global Solutions, Inc.",BXSL,Blackstone Credit Advisors,Health Care Providers & Services,23.555,23.398,0.0067,8/27/2032,,,False,,False,,2025-12-31,2025-12-31,1
Husky Injection Molding Systems Ltd.,husky injection,2,GREEN,0,1,1,1,Husky Injection Molding Systems Ltd.,OCSL,Oaktree Capital Management,Industrial Machinery & Supplies & Components,23.524,23.265,0.0111,2/15/2029,3.75,,False,,False,,2025-09-30,2025-12-31,2
"XPLOR T1, LLC",xplor t1,2,GREEN,0,1,1,1,"XPLOR T1, LLC",OTF,Blue Owl Credit Advisors,Application Software,23.342,23.25,0.004,6/2031,,,False,,False,,2025-09-30,2025-12-31,2
"Beacon Pointe Harmony, LLC",beacon pointe,2,GREEN,0,1,1,1,"Beacon Pointe Harmony, LLC",ARCC,Ares Capital Management,Financial Services,23.3,23.3,0.0,12/2028,8.23,,False,,False,,2025-09-30,2025-12-31,2
Com Laude Group Ltd,com laude,2,GREEN,0,1,1,1,Com Laude Group Ltd,FSK,FS/KKR Advisor,Software & Services,23.3,23.4,-0.0043,,,,False,,False,,2025-12-31,2025-12-31,1
"Oranje Holdco, Inc. (KnowBe4)",oranje knowbe4,2,GREEN,0,1,1,1,"Oranje Holdco, Inc. (KnowBe4)",TCPC,Tennenbaum Capital Partners (BlackRock),Debt Investments (continued),23.2747,22.9153,0.0157,2/1/2029,7.53,,False,,False,,2025-09-30,2025-12-31,2
"KEN Bidco, Ltd.",ken,2,GREEN,0,1,1,1,"KEN Bidco, Ltd.",BXSL,Blackstone Credit Advisors,IT Services,23.253,18.913,0.2295,8/3/2028,,,False,,False,,2025-12-31,2025-12-31,1
"Promptcare Infusion Buyer, Inc.",promptcare infusion,2,GREEN,0,1,1,1,"Promptcare Infusion Buyer, Inc.",MSDL,Morgan Stanley Investment Management,,22.977,23.191,-0.0092,,,,False,,False,,2025-09-30,2025-12-31,2
"Vehlo Purchaser, LLC",vehlo,2,GREEN,0,1,1,1,"Vehlo Purchaser, LLC",MSDL,Morgan Stanley Investment Management,Automobiles,22.974,23.238,-0.0114,,,,False,,False,,2025-09-30,2025-12-31,2
Bidco 76 S.p.A.,spa,2,GREEN,0,1,1,1,Bidco 76 S.p.A.,BXSL,Blackstone Credit Advisors,Machinery,22.772,22.008,0.0347,12/10/2031,,,False,,False,,2025-12-31,2025-12-31,1
Wildcats Topco LLC,wildcats,2,GREEN,0,1,1,1,Wildcats Topco LLC,MAIN,Main Street Capital (internal),,22.76,22.427,0.0148,,,,False,,False,,2025-09-30,2025-12-31,2
"CCBlue Bidco, Inc.",ccblue,2,GREEN,0,1,1,1,"CCBlue Bidco, Inc.",BXSL,Blackstone Credit Advisors,Health Care Providers & Services (continued),22.759,24.314,-0.064,12/21/2028,,,False,,False,,2025-12-31,2025-12-31,1
"Saber Parent Holdings Corp. and MSHC, Inc.",saber and,2,GREEN,0,1,1,1,"Saber Parent Holdings Corp. and MSHC, Inc.",ARCC,Ares Capital Management,,22.7,22.8,-0.0044,12/2032,8.23,,False,,False,,2025-12-31,2025-12-31,1
"Bluefin Holding, LLC (Allvue)",bluefin allvue,2,GREEN,0,1,1,1,"Bluefin Holding, LLC (Allvue)",TCPC,Tennenbaum Capital Partners (BlackRock),Software,22.6933,21.9269,0.035,9/12/2029,5.25,,False,,False,,2025-09-30,2025-12-31,2
"Pyrotek Special Effects, Inc.",pyrotek special,2,GREEN,0,1,1,1,"Pyrotek Special Effects, Inc.",GAIN,Gladstone Management Corporation,,22.62,22.62,0.0,,,,False,,False,,2025-09-30,2025-12-31,2
Bausch Lomb Corp,bausch lomb,2,GREEN,0,1,1,1,Bausch Lomb Corp,OCSL,Oaktree Capital Management,Health Care Supplies,22.613,22.341,0.0122,12/18/2030,4.02,,False,,False,,2025-09-30,2025-12-31,2
Rodeo Buyer Company & Absorb Software Inc.,rodeo absorb,2,GREEN,0,1,1,1,Rodeo Buyer Company & Absorb Software Inc.,GBDC,GC Advisors,,22.602,22.672,-0.0031,,,,False,,False,,2025-09-30,2025-12-31,2
BPG Holdings IV Corp.,bpg iv,2,GREEN,0,1,1,1,BPG Holdings IV Corp.,MSDL,Morgan Stanley Investment Management,Commercial Services & Supplies,22.342,23.384,-0.0446,,,,False,,False,,2025-09-30,2025-12-31,2
"Saronic Technologies, Inc.",saronic technologies,2,GREEN,0,1,1,1,"Saronic Technologies, Inc.",HTGC,Hercules Capital (internal),Defense Technologies,22.331,21.7,0.0291,,2.5,250.0,False,,False,,2025-09-30,2025-12-31,2
"Java Buyer, Inc.",java,2,GREEN,0,1,1,1,"Java Buyer, Inc.",BXSL,Blackstone Credit Advisors,Commercial Services & Supplies (continued),22.304,22.138,0.0075,12/15/2027,,,False,,False,,2025-12-31,2025-12-31,1
"Sierra Enterprises, LLC",sierra enterprises,2,GREEN,0,1,1,1,"Sierra Enterprises, LLC",OCSL,Oaktree Capital Management,Soft Drinks & Non-alcoholic Beverages,22.264,22.109,0.007,5/20/2030,6.0,,False,,False,,2025-12-31,2025-12-31,1
"Antheia, Inc.",antheia,2,GREEN,0,1,1,1,"Antheia, Inc.",HTGC,Hercules Capital (internal),Biotechnology Tools,22.23,21.284,0.0444,,2.85,285.0,False,,False,,2025-09-30,2025-12-31,2
"ESHA Intermediate, LLC",esha,2,GREEN,0,1,1,1,"ESHA Intermediate, LLC",ARCC,Ares Capital Management,,22.2,22.3,-0.0045,12/2032,8.44,,False,,False,,2025-12-31,2025-12-31,1
"North Haven Ushc Acquisition, Inc.",north haven ushc,2,GREEN,0,1,1,1,"North Haven Ushc Acquisition, Inc.",BXSL,Blackstone Credit Advisors,Interactive Media & Services,22.087,22.511,-0.0188,10/29/2027,,,False,,False,,2025-12-31,2025-12-31,1
KDC/ONE Development Corp Inc.,kdc one,2,GREEN,0,1,1,1,KDC/ONE Development Corp Inc.,OCSL,Oaktree Capital Management,Personal Care Products,22.061,21.737,0.0149,8/15/2028,3.5,,False,,False,,2025-09-30,2025-12-31,2
"Radiance Borrower, LLC",radiance,2,GREEN,0,1,1,1,"Radiance Borrower, LLC",GBDC,GC Advisors,Specialty Retail,22.015,22.153,-0.0062,,,,False,,False,,2025-09-30,2025-12-31,2
"Consilio Investment Holdings, L.P.",consilio investment,2,GREEN,0,1,1,1,"Consilio Investment Holdings, L.P.",ARCC,Ares Capital Management,,22.0,10.0,1.2,,,,False,,False,,2025-09-30,2025-12-31,2
"ImageWorks Display and Marketing Group, Inc.",imageworks display,2,GREEN,0,1,1,1,"ImageWorks Display and Marketing Group, Inc.",GAIN,Gladstone Management Corporation,,22.0,22.0,0.0,,,,False,,False,,2025-09-30,2025-12-31,2
"The Ultimus Group Aggregator, LP",ultimus group,2,GREEN,0,1,1,1,"The Ultimus Group Aggregator, LP",ARCC,Ares Capital Management,,22.0,22.1,-0.0045,07/2032,8.42,,False,,False,,2025-09-30,2025-12-31,2
PetSmart LLC,petsmart,2,GREEN,0,1,1,1,PetSmart LLC,OCSL,Oaktree Capital Management,Other Specialty Retail,21.945,21.945,0.0,8/1/2032,4.0,,False,,False,,2025-09-30,2025-12-31,2
"Meriplex Communications, Ltd.",meriplex communications,2,GREEN,0,1,1,1,"Meriplex Communications, Ltd.",BCSF,Bain Capital Credit,Telecommunications,21.725,21.932,-0.0094,7/17/2028,5.1,,False,,False,,2025-09-30,2025-09-30,1
11852604 Canada Inc. (Canada),canada canada,2,GREEN,0,1,1,1,11852604 Canada Inc. (Canada),CGBD,Carlyle Investment Management,Healthcare & Pharmaceuticals,21.658,21.721,-0.0029,9/30/2028,,,False,,False,,2025-09-30,2025-12-31,2
"Savara, Inc.",savara,2,GREEN,0,1,1,1,"Savara, Inc.",HTGC,Hercules Capital (internal),Drug Discovery & Development,21.649,21.971,-0.0147,,1.45,145.0,False,,False,,2025-09-30,2025-12-31,2
Morphisec Information Security 2014 Ltd.,morphisec information,2,GREEN,0,1,1,1,Morphisec Information Security 2014 Ltd.,HTGC,Hercules Capital (internal),Sustainable and Renewable Technology,21.523,21.643,-0.0055,,3.45,345.0,False,,False,,2025-09-30,2025-12-31,2
"Spark Buyer, LLC (Sparkstone)",spark sparkstone,2,GREEN,0,1,1,1,"Spark Buyer, LLC (Sparkstone)",TCPC,Tennenbaum Capital Partners (BlackRock),Electrical Equipment,21.3364,22.8734,-0.0672,10/15/2031,5.25,,False,,False,,2025-09-30,2025-12-31,2
Sherlock Buyer Corp.,sherlock,2,GREEN,0,1,1,1,Sherlock Buyer Corp.,MSDL,Morgan Stanley Investment Management,,21.33,21.566,-0.0109,,,,False,,False,,2025-09-30,2025-12-31,2
"IG Investment Holdings, LLC",ig investment,2,GREEN,0,1,1,1,"IG Investment Holdings, LLC",MSDL,Morgan Stanley Investment Management,Professional Services,21.305,21.48,-0.0081,,,,False,,False,,2025-09-30,2025-12-31,2
"UpStack, Inc.",upstack,2,GREEN,0,1,1,1,"UpStack, Inc.",MSDL,Morgan Stanley Investment Management,IT Services,21.266,21.473,-0.0096,,,,False,,False,,2025-09-30,2025-12-31,2
"Trading Technologies International, Inc.",trading technologies,2,GREEN,0,1,1,1,"Trading Technologies International, Inc.",ARCC,Ares Capital Management,,21.2,21.2,0.0,11/2032,8.04,,False,,False,,2025-12-31,2025-12-31,1
Pineapple German Bidco GMBH,pineapple german,2,GREEN,0,1,1,1,Pineapple German Bidco GMBH,GBDC,GC Advisors,,21.163,22.174,-0.0456,,,,False,,False,,2025-09-30,2025-12-31,2
"BGI Purchaser, Inc.",bgi,2,GREEN,0,1,1,1,"BGI Purchaser, Inc.",ARCC,Ares Capital Management,Consumer Distribution and Retail,21.0,21.0,0.0,05/2030,8.07,,False,,False,,2025-09-30,2025-12-31,2
"Mitchell International, Inc.",mitchell international,2,GREEN,0,1,1,1,"Mitchell International, Inc.",OCSL,Oaktree Capital Management,Application Software,20.856,20.727,0.0062,6/17/2031,3.25,,False,,False,,2025-09-30,2025-12-31,2
Vermont Information Processing Inc,vermont information,2,GREEN,0,1,1,1,Vermont Information Processing Inc,FSK,FS/KKR Advisor,Software & Services,20.8,20.8,0.0,,,,False,,False,,2025-09-30,2025-12-31,2
"Ivanti Software, Inc.",ivanti software,2,GREEN,0,1,1,1,"Ivanti Software, Inc.",OTF,Blue Owl Credit Advisors,,20.633,21.0,-0.0175,,,,False,,False,,2025-09-30,2025-12-31,2
SensorTower,sensortower,2,GREEN,0,1,1,1,SensorTower,BCSF,Bain Capital Credit,High Tech Industries,20.572,10.165,1.0238,3/15/2029,7.5,,False,,False,,2025-09-30,2025-09-30,1
"Bad Vibes Forever, LLC",bad vibes,2,GREEN,0,1,1,1,"Bad Vibes Forever, LLC",ARCC,Ares Capital Management,,20.4,20.4,0.0,06/2032,9.1,,False,,False,,2025-09-30,2025-12-31,2
"Pathstone Family Office LLC and Kelso XI Tailwind Co-Investment, L.P.",pathstone family,2,GREEN,0,1,1,1,"Pathstone Family Office LLC and Kelso XI Tailwind Co-Investment, L.P.",ARCC,Ares Capital Management,,20.2,20.2,0.0,05/2028,8.82,,False,,False,,2025-09-30,2025-12-31,2
"3GTMS, LLC",3gtms,2,GREEN,0,1,1,1,"3GTMS, LLC",HTGC,Hercules Capital (internal),Debt Investments,20.119,20.453,-0.0163,,9.4,939.8,False,,False,,2025-09-30,2025-12-31,2
TaxCalc,taxcalc,2,GREEN,0,1,1,1,TaxCalc,HTGC,Hercules Capital (internal),,20.095,20.075,0.001,,8.12,811.5,False,,False,,2025-09-30,2025-12-31,2
VulcanForms Inc.,vulcanforms,2,GREEN,0,1,1,1,VulcanForms Inc.,HTGC,Hercules Capital (internal),Manufacturing Technology,20.005,20.125,-0.006,,4.25,425.0,False,,False,,2025-09-30,2025-12-31,2
"Securiti, Inc.",securiti,2,GREEN,0,1,1,1,"Securiti, Inc.",OTF,Blue Owl Credit Advisors,Systems Software,20.0,0.0,,,,,False,,False,,2025-09-30,2025-12-31,2
Island Bidco AB,island ab,2,GREEN,0,1,1,1,Island Bidco AB,GBDC,GC Advisors,,19.985,21.14,-0.0546,,,,False,,False,,2025-09-30,2025-12-31,2
"1251 Insurance Distribution Platform Payco, LP",insurance distribution,2,GREEN,0,1,1,1,"1251 Insurance Distribution Platform Payco, LP",CGBD,Carlyle Investment Management,Diversified Financial Services,19.912,19.938,-0.0013,3/31/2031,,,False,,False,,2025-09-30,2025-12-31,2
"Avalon Acquiror, Inc.",avalon acquiror,2,GREEN,0,1,1,1,"Avalon Acquiror, Inc.",BCSF,Bain Capital Credit,Services: Business,19.905,20.052,-0.0073,3/10/2028,6.0,,False,,False,,2025-09-30,2025-09-30,1
"Physician Partners, LLC",physician partners,2,GREEN,0,1,1,1,"Physician Partners, LLC",OBDC,Blue Owl Credit Advisors,,19.744,19.101,0.0337,12/2028,,,False,,False,,2025-09-30,2025-12-31,2
Gestion ABS Bidco Inc. / ABS Bidco Holdings Inc.,gestion abs,2,GREEN,0,1,1,1,Gestion ABS Bidco Inc. / ABS Bidco Holdings Inc.,ARCC,Ares Capital Management,,19.7,10.1,0.9505,03/2031,7.25,,False,,False,,2025-09-30,2025-12-31,2
"Trunk Acquisition, Inc.",trunk,2,GREEN,0,1,1,1,"Trunk Acquisition, Inc.",MSDL,Morgan Stanley Investment Management,,19.675,19.766,-0.0046,,,,False,,False,,2025-09-30,2025-12-31,2
Behavior Development Group Holdings,behavior development,2,GREEN,0,1,1,1,Behavior Development Group Holdings,MAIN,Main Street Capital (internal),,19.486,19.628,-0.0072,12/17/2030,9.7,,False,,False,,2025-12-31,2025-12-31,1
"Akero Therapeutics, Inc.",akero therapeutics,2,GREEN,0,1,1,1,"Akero Therapeutics, Inc.",HTGC,Hercules Capital (internal),Drug Discovery & Development,19.483,19.036,0.0235,,3.65,365.0,False,,False,,2025-09-30,2025-12-31,2
GC Champion Acquisition LLC (Numerix),gc champion,2,GREEN,0,1,1,1,GC Champion Acquisition LLC (Numerix),TCPC,Tennenbaum Capital Partners (BlackRock),Diversified Financial Services,19.425,18.8901,0.0283,8/21/2028,5.13,,False,,False,,2025-12-31,2025-12-31,1
ImageTrend,imagetrend,2,GREEN,0,1,1,1,ImageTrend,BCSF,Bain Capital Credit,Services: Business,19.304,19.5,-0.0101,1/31/2029,6.0,,False,,False,,2025-09-30,2025-09-30,1
Learning Experience Corp/The,learning experience,2,GREEN,0,1,1,1,Learning Experience Corp/The,FSK,FS/KKR Advisor,Consumer Services,19.3,19.4,-0.0052,,,,False,,False,,2025-09-30,2025-12-31,2
Intralot Capital Luxembourg S.A.,intralot capital,2,GREEN,0,1,1,1,Intralot Capital Luxembourg S.A.,OCSL,Oaktree Capital Management,Casinos & Gaming,19.266,14.624,0.3174,10/7/2031,5.5,,False,,False,,2025-12-31,2025-12-31,1
"Sovos Compliance, LLC",sovos compliance,2,GREEN,0,1,1,1,"Sovos Compliance, LLC",OTF,Blue Owl Credit Advisors,Professional Services,19.251,19.207,0.0023,8/2029,,,False,,False,,2025-09-30,2025-12-31,2
Griffon Bidco Inc. (Layerzero),griffon layerzero,2,GREEN,0,1,1,1,Griffon Bidco Inc. (Layerzero),TCPC,Tennenbaum Capital Partners (BlackRock),Electrical Equipment,19.25,19.0617,0.0099,7/31/2031,5.0,,False,,False,,2025-12-31,2025-12-31,1
"River Aggregates, LLC",river aggregates,2,GREEN,0,1,1,1,"River Aggregates, LLC",MAIN,Main Street Capital (internal),,19.23,0.738,25.0569,,,,False,,False,,2025-09-30,2025-12-31,2
Zeus Fire & Security,zeus fire,2,GREEN,0,1,1,1,Zeus Fire & Security,BCSF,Bain Capital Credit,Construction & Building,19.216,19.303,-0.0045,12/11/2030,5.0,,False,,False,,2025-09-30,2025-09-30,1
"Syndigo, LLC",syndigo,2,GREEN,0,1,1,1,"Syndigo, LLC",TCPC,Tennenbaum Capital Partners (BlackRock),Internet and Catalog Retail,19.2035,18.9699,0.0123,12/14/2028,7.82,,False,,False,,2025-09-30,2025-12-31,2
Subordinate debt,subordinate debt,2,GREEN,0,1,1,1,Subordinate debt,PFLT,PennantPark Investment Advisers,,19.149,18.504,0.0349,,,,False,,False,,2025-12-31,2025-12-31,1
"Bobcat Topco, L.P.",bobcat,2,GREEN,0,1,1,1,"Bobcat Topco, L.P.",ARCC,Ares Capital Management,,19.1,15.5,0.2323,06/2030,8.44,,False,,False,,2025-09-30,2025-12-31,2
"SIG Parent Holdings, LLC",sig,2,GREEN,0,1,1,1,"SIG Parent Holdings, LLC",ARCC,Ares Capital Management,,19.1,19.1,0.0,08/2031,8.47,,False,,False,,2025-09-30,2025-12-31,2
Kite Midco II Inc.,kite ii,2,GREEN,0,1,1,1,Kite Midco II Inc.,OCSL,Oaktree Capital Management,Research & Consulting Services,19.067,19.039,0.0015,11/25/2031,4.5,,False,,False,,2025-12-31,2025-12-31,1
"Ascend Partner Services, LLC",ascend partner,2,GREEN,0,1,1,1,"Ascend Partner Services, LLC",MSDL,Morgan Stanley Investment Management,Professional Services,18.967,19.103,-0.0071,,,,False,,False,,2025-09-30,2025-12-31,2
"WorkforceQA, LLC",workforceqa,2,GREEN,0,1,1,1,"WorkforceQA, LLC",GLAD,Gladstone Management Corporation,,18.913,18.877,0.0019,,,,False,,False,,2025-09-30,2025-12-31,2
"Juniper Square, Inc.",juniper square,2,GREEN,0,1,1,1,"Juniper Square, Inc.",OTF,Blue Owl Credit Advisors,Diversified Financial Services,18.754,20.048,-0.0645,,,,False,,False,,2025-09-30,2025-12-31,2
"Axios Industrial Group, LLC",axios industrial,2,GREEN,0,1,1,1,"Axios Industrial Group, LLC",GLAD,Gladstone Management Corporation,,18.706,19.369,-0.0342,,,,False,,False,,2025-09-30,2025-12-31,2
IAMGOLD Corporation,iamgold,2,GREEN,0,1,1,1,IAMGOLD Corporation,OCSL,Oaktree Capital Management,Gold,18.665,17.698,0.0546,5/16/2028,8.25,,False,,False,,2025-09-30,2025-12-31,2
Rocky MRA Acquisition Corp.,rocky mra,2,GREEN,0,1,1,1,Rocky MRA Acquisition Corp.,BXSL,Blackstone Credit Advisors,Health Care Technology (continued),18.632,18.479,0.0083,4/1/2028,,,False,,False,,2025-12-31,2025-12-31,1
"Empyrean Solutions, LLC",empyrean solutions,2,GREEN,0,1,1,1,"Empyrean Solutions, LLC",GBDC,GC Advisors,Banks,18.486,18.566,-0.0043,,,,False,,False,,2025-09-30,2025-12-31,2
Viron International Corp.,viron international,2,GREEN,0,1,1,1,Viron International Corp.,GLAD,Gladstone Management Corporation,,18.475,18.383,0.005,,,,False,,False,,2025-12-31,2025-12-31,1
"Prairie Provident Resources, Inc.",prairie provident,2,GREEN,0,1,1,1,"Prairie Provident Resources, Inc.",GSBD,Goldman Sachs Asset Management,"Oil, Gas & Consumable Fuels",18.474,9.237,1.0,,,,False,,False,,2025-09-30,2025-12-31,2
"Harp Finco, Ltd.",harp,2,GREEN,0,1,1,1,"Harp Finco, Ltd.",BXSL,Blackstone Credit Advisors,Financial Services,18.455,14.508,0.2721,3/27/2032,,,False,,False,,2025-12-31,2025-12-31,1
Blue Bidco Limited,blue,2,GREEN,0,1,1,1,Blue Bidco Limited,GBDC,GC Advisors,Software,18.418,18.718,-0.016,,,,False,,False,,2025-09-30,2025-12-31,2
"Lightspeed Solution, LLC",lightspeed solution,2,GREEN,0,1,1,1,"Lightspeed Solution, LLC",MSDL,Morgan Stanley Investment Management,,18.395,18.573,-0.0096,,,,False,,False,,2025-09-30,2025-12-31,2
"Wellness AcquisitionCo, Inc.",wellness acquisitionco,2,GREEN,0,1,1,1,"Wellness AcquisitionCo, Inc.",ARCC,Ares Capital Management,,18.3,18.3,0.0,01/2029,8.42,,False,,False,,2025-09-30,2025-12-31,2
Bianalisi S.p.A. (Italy),bianalisi spa,2,GREEN,0,1,1,1,Bianalisi S.p.A. (Italy),CGBD,Carlyle Investment Management,Healthcare & Pharmaceuticals,17.837,16.437,0.0852,2/26/2032,,,False,,False,,2025-09-30,2025-12-31,2
"Inhabitiq, Inc.",inhabitiq,2,GREEN,0,1,1,1,"Inhabitiq, Inc.",MSDL,Morgan Stanley Investment Management,Real Estate Management & Development,17.768,17.823,-0.0031,,,,False,,False,,2025-09-30,2025-12-31,2
"MRO Florida, Inc.",mro florida,2,GREEN,0,1,1,1,"MRO Florida, Inc.",OCSL,Oaktree Capital Management,Aerospace & Defense,17.757,17.754,0.0002,10/2/2032,4.5,,False,,False,,2025-12-31,2025-12-31,1
AgroFresh Solutions,agrofresh solutions,2,GREEN,0,1,1,1,AgroFresh Solutions,BCSF,Bain Capital Credit,Automotive,17.716,18.0,-0.0158,3/31/2028,6.35,,False,,False,,2025-09-30,2025-09-30,1
"Ascent Resources Utica Holdings LLC / ARU Finance Corp, Trade Claim",ascent resources,2,GREEN,0,1,1,1,"Ascent Resources Utica Holdings LLC / ARU Finance Corp, Trade Claim",FSK,FS/KKR Advisor,Energy,17.7,0.0,,,,,False,,False,,2025-09-30,2025-12-31,2
"Divisions Holding Corporation, Divisions, Inc. and RC V Tecmo Investor LLC",divisions divisions,2,GREEN,0,1,1,1,"Divisions Holding Corporation, Divisions, Inc. and RC V Tecmo Investor LLC",ARCC,Ares Capital Management,,17.7,17.7,0.0,04/2032,8.17,,False,,False,,2025-09-30,2025-12-31,2
"Conventional Lending TCP Holdings, LLC",conventional lending,2,GREEN,0,1,1,1,"Conventional Lending TCP Holdings, LLC",TCPC,Tennenbaum Capital Partners (BlackRock),Diversified Financial Services,17.6758,17.8006,-0.007,,,,False,,False,,2025-12-31,2025-12-31,1
Project Ruby Ultimate Parent Corp.,ruby,2,GREEN,0,1,1,1,Project Ruby Ultimate Parent Corp.,BXSL,Blackstone Credit Advisors,Health Care Technology (continued),17.638,17.554,0.0048,3/10/2028,,,False,,False,,2025-12-31,2025-12-31,1
Mobile Solutions Services,mobile solutions,2,GREEN,0,1,1,1,Mobile Solutions Services,HTGC,Hercules Capital (internal),Debt Investments,17.616,18.237,-0.0341,,9.21,921.0,False,,False,,2025-09-30,2025-12-31,2
"ZBS Mechanical Group Co-Invest Fund 2, LLC",zbs mechanical,2,GREEN,0,1,1,1,"ZBS Mechanical Group Co-Invest Fund 2, LLC",ARCC,Ares Capital Management,,17.6,3.4,4.1765,,,,False,,False,,2025-09-30,2025-12-31,2
"Helios Service Partners, LLC",helios service,2,GREEN,0,1,1,1,"Helios Service Partners, LLC",MSDL,Morgan Stanley Investment Management,Commercial Services & Supplies,17.561,17.888,-0.0183,,,,False,,False,,2025-09-30,2025-12-31,2
"Elite Sportswear, L.P.",elite sportswear,2,GREEN,0,1,1,1,"Elite Sportswear, L.P.",GBDC,GC Advisors,,17.513,17.514,-0.0001,,,,False,,False,,2025-09-30,2025-12-31,2
"E2Open Parent Holdings, Inc.",e2open,2,GREEN,0,1,1,1,"E2Open Parent Holdings, Inc.",OTF,Blue Owl Credit Advisors,IT Services,17.504,0.0,,,,,False,,False,,2025-09-30,2025-12-31,2
"Altimmune, Inc.",altimmune,2,GREEN,0,1,1,1,"Altimmune, Inc.",HTGC,Hercules Capital (internal),Drug Discovery & Development,17.403,17.437,-0.0019,,2.45,245.0,False,,False,,2025-09-30,2025-12-31,2
"Bending Spoons US, Inc.",bending spoons,2,GREEN,0,1,1,1,"Bending Spoons US, Inc.",BXSL,Blackstone Credit Advisors,Software,17.272,17.489,-0.0124,3/7/2031,,,False,,False,,2025-12-31,2025-12-31,1
"PCIA SPV-3, LLC and ASE Royal Aggregator, LLC",pcia and,2,GREEN,0,1,1,1,"PCIA SPV-3, LLC and ASE Royal Aggregator, LLC",ARCC,Ares Capital Management,,17.2,17.2,0.0,08/2029,8.92,,False,,False,,2025-09-30,2025-12-31,2
"Dispatch Technologies, Inc.",dispatch technologies,2,GREEN,0,1,1,1,"Dispatch Technologies, Inc.",HTGC,Hercules Capital (internal),Debt Investments,17.165,17.392,-0.0131,,7.94,793.6,False,,False,,2025-09-30,2025-12-31,2
"Knowledge Pro Buyer, Inc.",knowledge pro,2,GREEN,0,1,1,1,"Knowledge Pro Buyer, Inc.",BXSL,Blackstone Credit Advisors,Commercial Services & Supplies (continued),17.123,17.235,-0.0065,12/10/2027,,,False,,False,,2025-12-31,2025-12-31,1
Wilsonart LLC,wilsonart,2,GREEN,0,1,1,1,Wilsonart LLC,OCSL,Oaktree Capital Management,Building Products,17.026,17.228,-0.0117,8/5/2031,4.25,,False,,False,,2025-09-30,2025-12-31,2
Dance Midco S.a.r.l. (United Kingdom),dance united,2,GREEN,0,1,1,1,Dance Midco S.a.r.l. (United Kingdom),CGBD,Carlyle Investment Management,Media: Diversified & Production,17.009,16.02,0.0617,10/25/2031,,,False,,False,,2025-09-30,2025-12-31,2
"Montana Buyer, Inc.",montana,2,GREEN,0,1,1,1,"Montana Buyer, Inc.",MSDL,Morgan Stanley Investment Management,,16.997,17.103,-0.0062,,,,False,,False,,2025-09-30,2025-12-31,2
"GULF PACIFIC ACQUISITION, LLC",gulf pacific,2,GREEN,0,1,1,1,"GULF PACIFIC ACQUISITION, LLC",MAIN,Main Street Capital (internal),,16.995,17.619,-0.0354,9/30/2028,10.64,,False,,False,,2025-09-30,2025-12-31,2
"Mango Technologies, Inc.",mango technologies,2,GREEN,0,1,1,1,"Mango Technologies, Inc.",HTGC,Hercules Capital (internal),Debt Investments,16.938,16.929,0.0005,,2.25,225.0,False,,False,,2025-09-30,2025-12-31,2
"Frontier Communications Holdings, LLC",frontier communications,2,GREEN,0,1,1,1,"Frontier Communications Holdings, LLC",OCSL,Oaktree Capital Management,Integrated Telecommunication Services,16.891,16.782,0.0065,7/1/2031,2.5,,False,,False,,2025-09-30,2025-12-31,2
Harbor Compliance,harbor compliance,2,GREEN,0,1,1,1,Harbor Compliance,OTF,Blue Owl Credit Advisors,Application Software,16.794,16.795,-0.0001,12/2031,,,False,,False,,2025-12-31,2025-12-31,1
"Kwol Acquisition, Inc.",kwol,2,GREEN,0,1,1,1,"Kwol Acquisition, Inc.",BXSL,Blackstone Credit Advisors,Health Care Providers & Services (continued),16.749,16.454,0.0179,12/6/2029,,,False,,False,,2025-12-31,2025-12-31,1
"Grand River Aseptic Manufacturing, Inc.",grand river,2,GREEN,0,1,1,1,"Grand River Aseptic Manufacturing, Inc.",OCSL,Oaktree Capital Management,Health Care Equipment,16.69,16.715,-0.0015,3/10/2031,5.0,,False,,False,,2025-12-31,2025-12-31,1
"YA Intermediate Holdings II, LLC",ya ii,2,GREEN,0,1,1,1,"YA Intermediate Holdings II, LLC",BXSL,Blackstone Credit Advisors,Professional Services (continued),16.511,16.498,0.0008,10/1/2031,,,False,,False,,2025-12-31,2025-12-31,1
Cisive Holdings Corp.,cisive,2,GREEN,0,1,1,1,Cisive Holdings Corp.,BXSL,Blackstone Credit Advisors,Professional Services (continued),16.485,16.61,-0.0075,12/8/2028,,,False,,False,,2025-12-31,2025-12-31,1
"Covercraft Parent III, Inc.",covercraft iii,2,GREEN,0,1,1,1,"Covercraft Parent III, Inc.",GBDC,GC Advisors,Auto Components,16.455,16.598,-0.0086,,,,False,,False,,2025-09-30,2025-12-31,2
Chrome Investors LP,chrome investors,2,GREEN,0,1,1,1,Chrome Investors LP,OTF,Blue Owl Credit Advisors,Systems Software,16.407,16.417,-0.0006,,,,False,,False,,2025-09-30,2025-12-31,2
"The GI Alliance Management, LLC",gi alliance,2,GREEN,0,1,1,1,"The GI Alliance Management, LLC",BXSL,Blackstone Credit Advisors,Health Care Providers & Services (continued),16.305,15.233,0.0704,9/15/2028,,,False,,False,,2025-12-31,2025-12-31,1
Drogon Bidco Inc. & Drogon Aggregator LP,drogon drogon,2,GREEN,0,1,1,1,Drogon Bidco Inc. & Drogon Aggregator LP,ARCC,Ares Capital Management,,16.2,16.2,0.0,08/2031,8.47,,False,,False,,2025-09-30,2025-12-31,2
"Tango Bidco, SAS",tango sas,2,GREEN,0,1,1,1,"Tango Bidco, SAS",BXSL,Blackstone Credit Advisors,Software (continued),16.176,15.124,0.0696,10/17/2031,,,False,,False,,2025-12-31,2025-12-31,1
Holding Argon (France),argon france,2,GREEN,0,1,1,1,Holding Argon (France),CGBD,Carlyle Investment Management,Business Services,16.144,15.605,0.0345,4/16/2032,,,False,,False,,2025-09-30,2025-12-31,2
"GPS Merger Sub, LLC",gps sub,2,GREEN,0,1,1,1,"GPS Merger Sub, LLC",MSDL,Morgan Stanley Investment Management,Professional Services,16.061,16.264,-0.0125,,,,False,,False,,2025-09-30,2025-12-31,2
"Island Pump and Tank, LLC",island pump,2,GREEN,0,1,1,1,"Island Pump and Tank, LLC",MAIN,Main Street Capital (internal),,15.992,16.125,-0.0082,5/17/2029,10.4,,False,,False,,2025-09-30,2025-12-31,2
"Unirac Holdings, Inc.",unirac,2,GREEN,0,1,1,1,"Unirac Holdings, Inc.",GLAD,Gladstone Management Corporation,,15.981,15.762,0.0139,,,,False,,False,,2025-09-30,2025-12-31,2
"LeadsOnline, LLC",leadsonline,2,GREEN,0,1,1,1,"LeadsOnline, LLC",GBDC,GC Advisors,,15.943,15.818,0.0079,,,,False,,False,,2025-09-30,2025-12-31,2
Acron Aviation,acron aviation,2,GREEN,0,1,1,1,Acron Aviation,OBDC,Blue Owl Credit Advisors,Aerospace and defense,15.92,15.922,-0.0001,3/2032,,,False,,False,,2025-12-31,2025-12-31,1
Money Transfer Acquisition Inc.,money transfer,2,GREEN,0,1,1,1,Money Transfer Acquisition Inc.,TCPC,Tennenbaum Capital Partners (BlackRock),Consumer Finance,15.7886,15.9089,-0.0076,12/14/2027,8.35,,False,,False,,2025-12-31,2025-12-31,1
"1440 Foods Topco, LLC",foods,2,GREEN,0,1,1,1,"1440 Foods Topco, LLC",OCSL,Oaktree Capital Management,Packaged Foods & Meats,15.747,16.338,-0.0362,10/31/2031,5.0,,False,,False,,2025-09-30,2025-12-31,2
"Bamboo IDE8 Insurance Services, LLC",bamboo ide8,2,GREEN,0,1,1,1,"Bamboo IDE8 Insurance Services, LLC",OCSL,Oaktree Capital Management,Property & Casualty Insurance,15.651,15.77,-0.0075,1/24/2031,5.0,,False,,False,,2025-12-31,2025-12-31,1
"BCTO Bluebill Midco, Inc.",bcto bluebill,2,GREEN,0,1,1,1,"BCTO Bluebill Midco, Inc.",MSDL,Morgan Stanley Investment Management,Financial Services,15.647,15.796,-0.0094,,,,False,,False,,2025-09-30,2025-12-31,2
"Neptune BidCo, SAS",neptune sas,2,GREEN,0,1,1,1,"Neptune BidCo, SAS",BXSL,Blackstone Credit Advisors,Real Estate Management & Development,15.613,14.7,0.0621,4/1/2031,,,False,,False,,2025-12-31,2025-12-31,1
A-Lign Assurance LLC,a lign,2,GREEN,0,1,1,1,A-Lign Assurance LLC,FSK,FS/KKR Advisor,Software & Services,15.6,15.7,-0.0064,,,,False,,False,,2025-09-30,2025-12-31,2
"Grid Alliance Partners, LLC",grid alliance,2,GREEN,0,1,1,1,"Grid Alliance Partners, LLC",BXSL,Blackstone Credit Advisors,Electric Utilities,15.476,15.436,0.0026,7/1/2032,,,False,,False,,2025-12-31,2025-12-31,1
"Regency Entertainment, Inc.",regency entertainment,2,GREEN,0,1,1,1,"Regency Entertainment, Inc.",CGBD,Carlyle Investment Management,"Media: Advertising, Printing & Publishing",15.45,14.714,0.05,6/23/2028,,,False,,False,,2025-09-30,2025-12-31,2
Inovar Packaging Group,inovar packaging,2,GREEN,0,1,1,1,Inovar Packaging Group,OBDC,Blue Owl Credit Advisors,Containers and packaging,15.422,15.291,0.0086,5/2028,,,False,,False,,2025-09-30,2025-12-31,2
"JOBVITE, Inc. (Employ, Inc.)",jobvite employ,2,GREEN,0,1,1,1,"JOBVITE, Inc. (Employ, Inc.)",TCPC,Tennenbaum Capital Partners (BlackRock),Debt Investments (continued),15.3702,15.4595,-0.0058,8/5/2028,7.5,,False,,False,,2025-12-31,2025-12-31,1
"Revenue Recovery Holdings, LLC",revenue recovery,2,GREEN,0,1,1,1,"Revenue Recovery Holdings, LLC",MAIN,Main Street Capital (internal),,15.36,15.42,-0.0039,7/25/2030,13.0,,False,,False,,2025-09-30,2025-12-31,2
"ESO Solution, Inc.",eso solution,2,GREEN,0,1,1,1,"ESO Solution, Inc.",GBDC,GC Advisors,Healthcare Technology,15.269,15.29,-0.0014,,,,False,,False,,2025-09-30,2025-12-31,2
SCRIPPS SPV LLC,scripps,2,GREEN,0,1,1,1,SCRIPPS SPV LLC,FSK,FS/KKR Advisor,Media & Entertainment,15.2,15.2,0.0,,,,False,,False,,2025-12-31,2025-12-31,1
NexTech,nextech,2,GREEN,0,1,1,1,NexTech,OTF,Blue Owl Credit Advisors,,15.128,15.163,-0.0023,8/2030,,,False,,False,,2025-09-30,2025-12-31,2
Whitcraft-Paradigm,whitcraft paradigm,2,GREEN,0,1,1,1,Whitcraft-Paradigm,BCSF,Bain Capital Credit,Aerospace & Defense,15.069,15.155,-0.0057,2/15/2029,6.08,,False,,False,,2025-09-30,2025-09-30,1
SIQ Holdings III Corp.,siq iii,2,GREEN,0,1,1,1,SIQ Holdings III Corp.,BXSL,Blackstone Credit Advisors,Commercial Services & Supplies (continued),15.01,15.011,-0.0001,12/19/2030,,,False,,False,,2025-12-31,2025-12-31,1
"Worldwide Produce Acquisition, LLC and REP WWP Coinvest IV, L.P.",worldwide produce,2,GREEN,0,1,1,1,"Worldwide Produce Acquisition, LLC and REP WWP Coinvest IV, L.P.",ARCC,Ares Capital Management,,15.0,8.7,0.7241,01/2029,11.56,,False,,False,,2025-09-30,2025-12-31,2
"Omeda Holdings, LLC",omeda,2,GREEN,0,1,1,1,"Omeda Holdings, LLC",HTGC,Hercules Capital (internal),Debt Investments,14.972,14.725,0.0168,,8.05,805.0,False,,False,,2025-09-30,2025-12-31,2
"AMCP Clean Acquisition Company, LLC",amcp clean,2,GREEN,0,1,1,1,"AMCP Clean Acquisition Company, LLC",ARCC,Ares Capital Management,Commercial and Professional Services,14.9,15.0,-0.0067,06/2030,7.94,,False,,False,,2025-12-31,2025-12-31,1
"CDS US Intermediate Holdings Inc, Warrant",cds us,2,GREEN,0,1,1,1,"CDS US Intermediate Holdings Inc, Warrant",FSK,FS/KKR Advisor,Media & Entertainment,14.9,0.0,,,,,False,,False,,2025-09-30,2025-12-31,2
"Iron Infinity Buyer Sub, Inc.",iron infinity,2,GREEN,0,1,1,1,"Iron Infinity Buyer Sub, Inc.",CGBD,Carlyle Investment Management,Utilities: Oil & Gas,14.828,14.836,-0.0005,10/16/2032,,,False,,False,,2025-12-31,2025-12-31,1
Slate Venture Holdings LP,slate venture,2,GREEN,0,1,1,1,Slate Venture Holdings LP,FSK,FS/KKR Advisor,Consumer Durables & Apparel,14.8,14.8,0.0,,,,False,,False,,2025-09-30,2025-12-31,2
Scylla DB Ltd.,scylla db,2,GREEN,0,1,1,1,Scylla DB Ltd.,HTGC,Hercules Capital (internal),Sustainable and Renewable Technology,14.759,14.85,-0.0061,,3.0,300.0,False,,False,,2025-09-30,2025-12-31,2
"Proven Optics, LLC",proven optics,2,GREEN,0,1,1,1,"Proven Optics, LLC",HTGC,Hercules Capital (internal),Debt Investments,14.726,14.726,0.0,,7.3,730.0,False,,False,,2025-12-31,2025-12-31,1
Matrix42 Holding GMBH,matrix42 gmbh,2,GREEN,0,1,1,1,Matrix42 Holding GMBH,GBDC,GC Advisors,,14.669,15.167,-0.0328,,,,False,,False,,2025-09-30,2025-12-31,2
"Crow River Buyer, Inc.",crow river,2,GREEN,0,1,1,1,"Crow River Buyer, Inc.",GBDC,GC Advisors,Healthcare Technology,14.655,14.732,-0.0052,,,,False,,False,,2025-09-30,2025-12-31,2
"Team Public Choices, LLC",team public,2,GREEN,0,1,1,1,"Team Public Choices, LLC",MAIN,Main Street Capital (internal),,14.522,14.683,-0.011,12/18/2027,9.65,,False,,False,,2025-09-30,2025-12-31,2
"ProcessUnity Holdings, LLC",processunity,2,GREEN,0,1,1,1,"ProcessUnity Holdings, LLC",GBDC,GC Advisors,,14.403,14.429,-0.0018,,,,False,,False,,2025-09-30,2025-12-31,2
ATAI Life Sciences N.V.,atai life,2,GREEN,0,1,1,1,ATAI Life Sciences N.V.,HTGC,Hercules Capital (internal),Drug Discovery & Development,14.385,14.442,-0.0039,,4.3,430.0,False,,False,,2025-09-30,2025-12-31,2
Gainwell Acquisition Corp.,gainwell,2,GREEN,0,1,1,1,Gainwell Acquisition Corp.,TCPC,Tennenbaum Capital Partners (BlackRock),Health Care Technology,14.3681,15.2299,-0.0566,10/2/2028,8.1,,False,,False,,2025-12-31,2025-12-31,1
Riveron,riveron,2,GREEN,0,1,1,1,Riveron,OBDC,Blue Owl Credit Advisors,Financial services,14.363,14.018,0.0246,7/2029,,,False,,False,,2025-09-30,2025-12-31,2
"Hybrid Promotions, LLC",hybrid promotions,2,GREEN,0,1,1,1,"Hybrid Promotions, LLC",MAIN,Main Street Capital (internal),,14.315,14.4,-0.0059,12/31/2027,12.67,,False,,False,,2025-09-30,2025-12-31,2
"Ushur, Inc.",ushur,2,GREEN,0,1,1,1,"Ushur, Inc.",HTGC,Hercules Capital (internal),,14.289,14.456,-0.0116,,2.2,220.0,False,,False,,2025-09-30,2025-12-31,2
"CVP Holdco, Inc.",cvp,2,GREEN,0,1,1,1,"CVP Holdco, Inc.",GBDC,GC Advisors,Specialty Retail,14.238,14.358,-0.0084,,,,False,,False,,2025-09-30,2025-12-31,2
"PumpTech, LLC and Impel CV-B, LP",pumptech and,2,GREEN,0,1,1,1,"PumpTech, LLC and Impel CV-B, LP",ARCC,Ares Capital Management,,14.2,14.4,-0.0139,01/2031,8.47,,False,,False,,2025-09-30,2025-12-31,2
"Stellar Brands, LLC",stellar brands,2,GREEN,0,1,1,1,"Stellar Brands, LLC",GBDC,GC Advisors,,14.19,14.284,-0.0066,,,,False,,False,,2025-09-30,2025-12-31,2
"Harrison Hydra-Gen, Ltd.",harrison hydra,2,GREEN,0,1,1,1,"Harrison Hydra-Gen, Ltd.",MAIN,Main Street Capital (internal),,14.09,1.436,8.812,,,,False,,False,,2025-09-30,2025-12-31,2
Ignite Visibility LLC,ignite visibility,2,GREEN,0,1,1,1,Ignite Visibility LLC,MAIN,Main Street Capital (internal),,14.067,14.137,-0.005,12/1/2028,8.84,,False,,False,,2025-12-31,2025-12-31,1
Meteor UK Bidco Limited,meteor uk,2,GREEN,0,1,1,1,Meteor UK Bidco Limited,BCSF,Bain Capital Credit,Environmental Industries,14.04,10.533,0.333,11/14/2031,5.0,,False,,False,,2025-09-30,2025-09-30,1
"Alector, Inc.",alector,2,GREEN,0,1,1,1,"Alector, Inc.",HTGC,Hercules Capital (internal),Drug Discovery & Development,13.985,13.974,0.0008,,1.05,105.0,False,,False,,2025-09-30,2025-12-31,2
ViaSat Inc.,viasat,2,GREEN,0,1,1,1,ViaSat Inc.,OCSL,Oaktree Capital Management,Communications Equipment,13.984,13.991,-0.0005,5/30/2030,4.5,,False,,False,,2025-09-30,2025-12-31,2
"SQ ABS Issuer, LLC",sq abs,2,GREEN,0,1,1,1,"SQ ABS Issuer, LLC",BXSL,Blackstone Credit Advisors,Insurance (continued),13.935,13.867,0.0049,10/20/2039,,,False,,False,,2025-12-31,2025-12-31,1
"Viva Railings, LLC",viva railings,2,GREEN,0,1,1,1,"Viva Railings, LLC",GLAD,Gladstone Management Corporation,,13.875,13.875,0.0,,,,False,,False,,2025-09-30,2025-12-31,2
FSS Buyer LLC*,fss,2,GREEN,0,1,1,1,FSS Buyer LLC*,GBDC,GC Advisors,,13.668,13.743,-0.0055,,,,False,,False,,2025-09-30,2025-12-31,2
"Netwrix Corporation And Concept Searching, Inc.",netwrix and,2,GREEN,0,1,1,1,"Netwrix Corporation And Concept Searching, Inc.",MSDL,Morgan Stanley Investment Management,,13.649,13.735,-0.0063,,,,False,,False,,2025-09-30,2025-12-31,2
"Rotation Buyer, LLC",rotation,2,GREEN,0,1,1,1,"Rotation Buyer, LLC",CGBD,Carlyle Investment Management,Capital Equipment,13.627,13.646,-0.0014,12/27/2031,,,False,,False,,2025-09-30,2025-12-31,2
"Serrano Parent, LLC (Sumo Logic)",serrano sumo,2,GREEN,0,1,1,1,"Serrano Parent, LLC (Sumo Logic)",TCPC,Tennenbaum Capital Partners (BlackRock),IT Services,13.6111,13.5288,0.0061,5/12/2030,6.5,,False,,False,,2025-09-30,2025-12-31,2
Ennoble Care LLC,ennoble care,2,GREEN,0,1,1,1,Ennoble Care LLC,HTGC,Hercules Capital (internal),Electronics & Computer Hardware,13.548,13.473,0.0056,,2.6,260.0,False,,False,,2025-09-30,2025-12-31,2
"Chex Finer Foods, LLC",chex finer,2,GREEN,0,1,1,1,"Chex Finer Foods, LLC",BCSF,Bain Capital Credit,Wholesale,13.416,13.467,-0.0038,6/6/2031,6.0,,False,,False,,2025-09-30,2025-09-30,1
"XIFIN, Inc. and ACP Charger Co-Invest LLC",xifin and,2,GREEN,0,1,1,1,"XIFIN, Inc. and ACP Charger Co-Invest LLC",ARCC,Ares Capital Management,,13.4,5.4,1.4815,,,,False,,False,,2025-09-30,2025-12-31,2
Birsa S.p.A. (Italy),birsa spa,2,GREEN,0,1,1,1,Birsa S.p.A. (Italy),CGBD,Carlyle Investment Management,Healthcare & Pharmaceuticals,13.351,12.589,0.0605,6/30/2031,,,False,,False,,2025-09-30,2025-12-31,2
"Quality Environmental Midco, Inc.",quality environmental,2,GREEN,0,1,1,1,"Quality Environmental Midco, Inc.",GLAD,Gladstone Management Corporation,,13.269,13.008,0.0201,,,,False,,False,,2025-09-30,2025-12-31,2
Ansett Aviation Training,ansett aviation,2,GREEN,0,1,1,1,Ansett Aviation Training,BCSF,Bain Capital Credit,Aerospace & Defense,13.234,3.842,2.4446,,,,False,,False,,2025-09-30,2025-09-30,1
"Televerde, LLC",televerde,2,GREEN,0,1,1,1,"Televerde, LLC",MAIN,Main Street Capital (internal),,13.232,4.016,2.2948,,,,False,,False,,2025-09-30,2025-12-31,2
Accident Care Alliance Holdco LLC,accident care,2,GREEN,0,1,1,1,Accident Care Alliance Holdco LLC,BCSF,Bain Capital Credit,Healthcare & Pharmaceuticals,13.212,13.277,-0.0049,8/20/2030,5.0,,False,,False,,2025-09-30,2025-09-30,1
"American Auto Auction Group, LLC",american auto,2,GREEN,0,1,1,1,"American Auto Auction Group, LLC",OCSL,Oaktree Capital Management,Diversified Support Services,13.183,13.11,0.0056,5/28/2032,4.5,,False,,False,,2025-09-30,2025-12-31,2
BNZ TopCo B.V.,bnz bv,2,GREEN,0,1,1,1,BNZ TopCo B.V.,ARCC,Ares Capital Management,Independent Power and Renewable Electricity Producers,13.1,11.9,0.1008,10/2030,8.77,,False,,False,,2025-09-30,2025-12-31,2
ADC Therapeutics SA,adc therapeutics,2,GREEN,0,1,1,1,ADC Therapeutics SA,OCSL,Oaktree Capital Management,Biotechnology,13.067,13.164,-0.0074,8/15/2029,7.5,,False,,False,,2025-09-30,2025-12-31,2
ChyronHego Corporation,chyronhego,2,GREEN,0,1,1,1,ChyronHego Corporation,MFIC,"Apollo Investment Management, L.P.",ChyronHego Corporation,13.045,6.0,1.1742,,,,False,,False,,2025-12-31,2025-12-31,1
EHE Health,ehe health,2,GREEN,0,1,1,1,EHE Health,BCSF,Bain Capital Credit,Healthcare & Pharmaceuticals,13.016,12.965,0.0039,8/7/2030,5.5,,False,,False,,2025-09-30,2025-09-30,1
"King Risk Partners, LLC",king risk,2,GREEN,0,1,1,1,"King Risk Partners, LLC",ARCC,Ares Capital Management,,13.0,13.0,0.0,04/2031,8.22,,False,,False,,2025-09-30,2025-12-31,2
"CFGI Holdings, LLC",cfgi,2,GREEN,0,1,1,1,"CFGI Holdings, LLC",BXSL,Blackstone Credit Advisors,Professional Services,12.837,12.761,0.006,11/2/2027,,,False,,False,,2025-12-31,2025-12-31,1
"Smarsh Inc. and Skywalker TopCo, LLC",smarsh and,2,GREEN,0,1,1,1,"Smarsh Inc. and Skywalker TopCo, LLC",ARCC,Ares Capital Management,,12.8,12.8,0.0,02/2029,8.42,,False,,False,,2025-09-30,2025-12-31,2
"YLG Holdings, Inc.",ylg,2,GREEN,0,1,1,1,"YLG Holdings, Inc.",CGBD,Carlyle Investment Management,Consumer Services,12.766,12.775,-0.0007,12/23/2030,,,False,,False,,2025-09-30,2025-12-31,2
"RF Technologies, LLC",rf technologies,2,GREEN,0,1,1,1,"RF Technologies, LLC",GLAD,Gladstone Management Corporation,,12.735,12.6,0.0107,,,,False,,False,,2025-12-31,2025-12-31,1
Simplicity,simplicity,2,GREEN,0,1,1,1,Simplicity,BCSF,Bain Capital Credit,FIRE: Insurance,12.683,12.775,-0.0072,12/31/2031,5.0,,False,,False,,2025-09-30,2025-09-30,1
"Kura Oncology, Inc.",kura oncology,2,GREEN,0,1,1,1,"Kura Oncology, Inc.",HTGC,Hercules Capital (internal),Drug Discovery & Development,12.484,12.522,-0.003,,2.4,240.0,False,,False,,2025-09-30,2025-12-31,2
Clear Channel Outdoor Holdings Inc.,clear channel,2,GREEN,0,1,1,1,Clear Channel Outdoor Holdings Inc.,OCSL,Oaktree Capital Management,Advertising,12.469,12.454,0.0012,8/21/2028,4.0,,False,,False,,2025-09-30,2025-12-31,2
Fifty U.S. Bidco Inc,fifty us,2,GREEN,0,1,1,1,Fifty U.S. Bidco Inc,BCSF,Bain Capital Credit,Wholesale,12.425,12.5,-0.006,8/1/2031,5.0,,False,,False,,2025-09-30,2025-09-30,1
"ThreatConnect, Inc.",threatconnect,2,GREEN,0,1,1,1,"ThreatConnect, Inc.",HTGC,Hercules Capital (internal),,12.324,12.208,0.0095,,9.15,915.0,False,,False,,2025-09-30,2025-12-31,2
"Ginsey Home Solutions, Inc.",ginsey home,2,GREEN,0,1,1,1,"Ginsey Home Solutions, Inc.",GAIN,Gladstone Management Corporation,,12.2,12.2,0.0,,,,False,,False,,2025-09-30,2025-12-31,2
B-O-F Corporation,bof,2,GREEN,0,1,1,1,B-O-F Corporation,MAIN,Main Street Capital (internal),,12.187,12.183,0.0003,2/3/2030,8.74,,False,,False,,2025-09-30,2025-12-31,2
Optimizely Sweden Holdings AB,optimizely sweden,2,GREEN,0,1,1,1,Optimizely Sweden Holdings AB,OCSL,Oaktree Capital Management,Application Software,12.185,10.78,0.1303,10/30/2031,5.32,,False,,False,,2025-12-31,2025-12-31,1
Torrent Photonics Holdco LLC,torrent photonics,2,GREEN,0,1,1,1,Torrent Photonics Holdco LLC,GLAD,Gladstone Management Corporation,,12.15,12.029,0.0101,,,,False,,False,,2025-09-30,2025-12-31,2
"Propio LS, LLC",propio ls,2,GREEN,0,1,1,1,"Propio LS, LLC",CGBD,Carlyle Investment Management,Healthcare & Pharmaceuticals,12.07,12.028,0.0035,5/12/2030,,,False,,False,,2025-09-30,2025-12-31,2
HAH Group Holding Co LLC,hah group,2,GREEN,0,1,1,1,HAH Group Holding Co LLC,OCSL,Oaktree Capital Management,Health Care Services,12.069,12.197,-0.0105,9/17/2031,5.0,,False,,False,,2025-12-31,2025-12-31,1
"Storable, Inc. and EQT IX Co-Investment SCSP",storable and,2,GREEN,0,1,1,1,"Storable, Inc. and EQT IX Co-Investment SCSP",ARCC,Ares Capital Management,,12.0,0.0,,,,,False,,False,,2025-09-30,2025-12-31,2
"ShadowDragon, LLC",shadowdragon,2,GREEN,0,1,1,1,"ShadowDragon, LLC",HTGC,Hercules Capital (internal),Debt Investments,11.911,11.876,0.0029,,8.83,883.5,False,,False,,2025-09-30,2025-12-31,2
Lsf12 Crown US Commercial Bidco LLC,lsf12 crown,2,GREEN,0,1,1,1,Lsf12 Crown US Commercial Bidco LLC,OCSL,Oaktree Capital Management,Building Products,11.887,11.716,0.0146,12/2/2031,3.5,,False,,False,,2025-09-30,2025-12-31,2
Entrust Solutions Group,entrust solutions,2,GREEN,0,1,1,1,Entrust Solutions Group,OBDC,Blue Owl Credit Advisors,Infrastructure and environmental services,11.866,11.771,0.0081,2/2031,,,False,,False,,2025-09-30,2025-12-31,2
Inmar Inc.,inmar,2,GREEN,0,1,1,1,Inmar Inc.,OCSL,Oaktree Capital Management,Application Software,11.851,11.925,-0.0062,10/30/2031,4.5,,False,,False,,2025-09-30,2025-12-31,2
Acorns Grow Incorporated,acorns grow,2,GREEN,0,1,1,1,Acorns Grow Incorporated,OTF,Blue Owl Credit Advisors,Capital Markets,11.826,11.82,0.0005,,,,False,,False,,2025-09-30,2025-12-31,2
"Barracuda Networks, Inc.",barracuda networks,2,GREEN,0,1,1,1,"Barracuda Networks, Inc.",OBDC,Blue Owl Credit Advisors,Internet software and services,11.807,11.934,-0.0106,8/2029,,,False,,False,,2025-09-30,2025-12-31,2
Peaches Holding Corporation,peaches,2,GREEN,0,1,1,1,Peaches Holding Corporation,MAIN,Main Street Capital (internal),,11.761,7.221,0.6287,,,,False,,False,,2025-09-30,2025-12-31,2
"Project Leopard Holdings, Inc.",leopard,2,GREEN,0,1,1,1,"Project Leopard Holdings, Inc.",MSDL,Morgan Stanley Investment Management,,11.677,12.246,-0.0465,,,,False,,False,,2025-09-30,2025-12-31,2
"Cyara AcquisitionCo, LLC",cyara acquisitionco,2,GREEN,0,1,1,1,"Cyara AcquisitionCo, LLC",MSDL,Morgan Stanley Investment Management,Software,11.53,11.725,-0.0166,,,,False,,False,,2025-09-30,2025-12-31,2
IVCE US LLC,ivce us,2,GREEN,0,1,1,1,IVCE US LLC,OCSL,Oaktree Capital Management,Health Care Facilities,11.53,11.515,0.0013,12/12/2028,3.75,,False,,False,,2025-09-30,2025-12-31,2
"Acumatica Holdings, Inc.",acumatica,2,GREEN,0,1,1,1,"Acumatica Holdings, Inc.",BXSL,Blackstone Credit Advisors,Software,11.486,11.613,-0.0109,7/28/2032,,,False,,False,,2025-12-31,2025-12-31,1
TA/Weg Holdings,ta weg,2,GREEN,0,1,1,1,TA/Weg Holdings,BCSF,Bain Capital Credit,FIRE: Finance,11.441,11.444,-0.0003,10/2/2028,4.5,,False,,False,,2025-09-30,2025-09-30,1
"Doit International, Ltd.",doit international,2,GREEN,0,1,1,1,"Doit International, Ltd.",BXSL,Blackstone Credit Advisors,Software (continued),11.432,11.261,0.0152,11/26/2029,,,False,,False,,2025-12-31,2025-12-31,1
"World Associates Holdings, LLC",world associates,2,GREEN,0,1,1,1,"World Associates Holdings, LLC",ARCC,Ares Capital Management,,11.4,11.3,0.0088,04/2030,8.67,,False,,False,,2025-09-30,2025-12-31,2
Bond Lux HoldCo S.à r.l.,bond lux,2,GREEN,0,1,1,1,Bond Lux HoldCo S.à r.l.,BXSL,Blackstone Credit Advisors,Software,11.35,9.838,0.1537,9/27/2032,,,False,,False,,2025-12-31,2025-12-31,1
Gymspa (France),gymspa france,2,GREEN,0,1,1,1,Gymspa (France),CGBD,Carlyle Investment Management,Leisure Products & Services,11.343,10.606,0.0695,5/14/2031,,,False,,False,,2025-09-30,2025-12-31,2
"Druva Holdings, Inc.",druva,2,GREEN,0,1,1,1,"Druva Holdings, Inc.",HTGC,Hercules Capital (internal),,11.332,2.6,3.3585,,,,False,,False,,2025-09-30,2025-12-31,2
Orthrus Limited (United Kingdom),orthrus united,2,GREEN,0,1,1,1,Orthrus Limited (United Kingdom),CGBD,Carlyle Investment Management,Diversified Financial Services,11.324,11.245,0.007,12/4/2031,,,False,,False,,2025-09-30,2025-12-31,2
Stanton Carpet,stanton carpet,2,GREEN,0,1,1,1,Stanton Carpet,BCSF,Bain Capital Credit,Consumer Goods: Durable,11.311,11.434,-0.0108,3/31/2028,9.15,,False,,False,,2025-09-30,2025-09-30,1
"Echo Purchaser, Inc.",echo,2,GREEN,0,1,1,1,"Echo Purchaser, Inc.",ARCC,Ares Capital Management,,11.3,11.3,0.0,11/2029,9.22,,False,,False,,2025-09-30,2025-12-31,2
"HG Insights, Inc.",hg insights,2,GREEN,0,1,1,1,"HG Insights, Inc.",BCSF,Bain Capital Credit,High Tech Industries,11.28,11.489,-0.0182,6/16/2031,7.5,,False,,False,,2025-09-30,2025-09-30,1
"The Chartis Group, LLC",chartis group,2,GREEN,0,1,1,1,"The Chartis Group, LLC",CGBD,Carlyle Investment Management,Healthcare & Pharmaceuticals,11.251,11.007,0.0222,9/17/2031,,,False,,False,,2025-09-30,2025-12-31,2
PAM Bidco Limited (United Kingdom),pam united,2,GREEN,0,1,1,1,PAM Bidco Limited (United Kingdom),CGBD,Carlyle Investment Management,Utilities: Water,11.216,10.917,0.0274,10/29/2031,,,False,,False,,2025-09-30,2025-12-31,2
"Belong Health, Inc.",belong health,2,GREEN,0,1,1,1,"Belong Health, Inc.",HTGC,Hercules Capital (internal),Electronics & Computer Hardware,11.188,11.35,-0.0143,,2.25,225.0,False,,False,,2025-12-31,2025-12-31,1
"KENG Acquisition, Inc.",keng,2,GREEN,0,1,1,1,"KENG Acquisition, Inc.",MSDL,Morgan Stanley Investment Management,Professional Services,11.085,11.324,-0.0211,,,,False,,False,,2025-09-30,2025-12-31,2
Varinem German Midco GMBH,varinem german,2,GREEN,0,1,1,1,Varinem German Midco GMBH,GBDC,GC Advisors,,10.999,11.922,-0.0774,,,,False,,False,,2025-09-30,2025-12-31,2
"SCP Eye Care HoldCo, LLC",scp eye,2,GREEN,0,1,1,1,"SCP Eye Care HoldCo, LLC",CGBD,Carlyle Investment Management,Healthcare & Pharmaceuticals,10.912,10.941,-0.0027,10/7/2029,,,False,,False,,2025-09-30,2025-12-31,2
"HFS Matterhorn Topco, Inc.",hfs matterhorn,2,GREEN,0,1,1,1,"HFS Matterhorn Topco, Inc.",OBDC,Blue Owl Credit Advisors,Food and beverage,10.875,0.0,,,,,False,,False,,2025-09-30,2025-12-31,2
"Real Chemistry Intermediate III, Inc.",real chemistry,2,GREEN,0,1,1,1,"Real Chemistry Intermediate III, Inc.",MSDL,Morgan Stanley Investment Management,Pharmaceuticals,10.856,10.91,-0.0049,,,,False,,False,,2025-09-30,2025-12-31,2
"Accel International Holdings, Inc.",accel international,2,GREEN,0,1,1,1,"Accel International Holdings, Inc.",MSDL,Morgan Stanley Investment Management,Electrical Equipment,10.849,10.892,-0.0039,,,,False,,False,,2025-09-30,2025-12-31,2
TMS International Corp,tms international,2,GREEN,0,1,1,1,TMS International Corp,OCSL,Oaktree Capital Management,Diversified Support Services,10.829,10.828,0.0001,3/2/2030,3.5,,False,,False,,2025-09-30,2025-12-31,2
Ergotron Acquisition LLC,ergotron,2,GREEN,0,1,1,1,Ergotron Acquisition LLC,BCSF,Bain Capital Credit,Capital Equipment,10.783,10.903,-0.011,7/6/2028,5.26,,False,,False,,2025-09-30,2025-09-30,1
Wings ‘N More Restaurants LLC,wings n,2,GREEN,0,1,1,1,Wings ‘N More Restaurants LLC,GLAD,Gladstone Management Corporation,,10.71,10.5,0.02,,,,False,,False,,2025-12-31,2025-12-31,1
City BBQ,city bbq,2,GREEN,0,1,1,1,City BBQ,BCSF,Bain Capital Credit,Non-Controlled/Non-Affiliate Investments,10.648,10.583,0.0061,9/4/2030,5.35,,False,,False,,2025-09-30,2025-09-30,1
"Purge Rite, LLC",purge rite,2,GREEN,0,1,1,1,"Purge Rite, LLC",MAIN,Main Street Capital (internal),,10.616,6.562,0.6178,,,,False,,False,,2025-09-30,2025-12-31,2
Easy Ice,easy ice,2,GREEN,0,1,1,1,Easy Ice,BCSF,Bain Capital Credit,Services: Business,10.596,10.833,-0.0219,10/30/2030,5.4,,False,,False,,2025-09-30,2025-09-30,1
New Milani Group LLC,new milani group,2,GREEN,0,1,1,1,New Milani Group LLC,BCSF,Bain Capital Credit,Consumer Goods: Durable,10.524,10.625,-0.0095,6/26/2031,4.75,,False,,False,,2025-09-30,2025-09-30,1
"Flint OpCo, LLC",flint opco,2,GREEN,0,1,1,1,"Flint OpCo, LLC",ARCC,Ares Capital Management,,10.5,10.5,0.0,08/2030,8.58,,False,,False,,2025-09-30,2025-12-31,2
"Sail Bidco, Ltd.",sail,2,GREEN,0,1,1,1,"Sail Bidco, Ltd.",BXSL,Blackstone Credit Advisors,Insurance (continued),10.493,8.01,0.31,11/5/2032,,,False,,False,,2025-12-31,2025-12-31,1
"Bynder BidCo, Inc.& Bynder BidCo B.V.",bynder bynder,2,GREEN,0,1,1,1,"Bynder BidCo, Inc.& Bynder BidCo B.V.",GBDC,GC Advisors,,10.465,10.536,-0.0067,,,,False,,False,,2025-09-30,2025-12-31,2
Astro Acquisition LLC,astro,2,GREEN,0,1,1,1,Astro Acquisition LLC,OCSL,Oaktree Capital Management,Industrial Machinery & Supplies & Components,10.443,10.343,0.0097,8/30/2032,3.25,,False,,False,,2025-09-30,2025-12-31,2
"Altumint, Inc.",altumint,2,GREEN,0,1,1,1,"Altumint, Inc.",HTGC,Hercules Capital (internal),Consumer & Business Services,10.424,10.169,0.0251,,3.65,365.0,False,,False,,2025-09-30,2025-12-31,2
Boots Group Finco LP,boots group,2,GREEN,0,1,1,1,Boots Group Finco LP,OCSL,Oaktree Capital Management,Food Retail,10.405,10.401,0.0004,8/29/2032,3.5,,False,,False,,2025-09-30,2025-12-31,2
"Lightbeam Bidco, Inc.",lightbeam,2,GREEN,0,1,1,1,"Lightbeam Bidco, Inc.",ARCC,Ares Capital Management,,10.4,10.4,0.0,05/2029,8.63,,False,,False,,2025-09-30,2025-12-31,2
DG Investment Intermediate Holdings 2 Inc.,dg investment,2,GREEN,0,1,1,1,DG Investment Intermediate Holdings 2 Inc.,OCSL,Oaktree Capital Management,Security & Alarm Services,10.393,10.376,0.0016,7/9/2032,3.75,,False,,False,,2025-09-30,2025-12-31,2
"TA Polaris Buyer, Inc.",ta polaris,2,GREEN,0,1,1,1,"TA Polaris Buyer, Inc.",MSDL,Morgan Stanley Investment Management,,10.327,10.378,-0.0049,,,,False,,False,,2025-12-31,2025-12-31,1
Motor Vehicle Software Corporation,motor vehicle,2,GREEN,0,1,1,1,Motor Vehicle Software Corporation,ARCC,Ares Capital Management,,10.3,10.3,0.0,01/2032,8.17,,False,,False,,2025-09-30,2025-12-31,2
Rydoo,rydoo,2,GREEN,0,1,1,1,Rydoo,BCSF,Bain Capital Credit,Services: Business,10.297,9.189,0.1206,9/12/2031,6.75,,False,,False,,2025-09-30,2025-09-30,1
Signet Marine Corporation,signet marine,2,GREEN,0,1,1,1,Signet Marine Corporation,SLRC,SLR Capital Partners,Transportation Infrastructure,10.291,10.319,-0.0027,6/1/2029,8.5,,False,,False,,2025-09-30,2025-12-31,2
"Perseus Bidco US, Inc.",perseus us,2,GREEN,0,1,1,1,"Perseus Bidco US, Inc.",BXSL,Blackstone Credit Advisors,Pharmaceuticals,10.276,10.29,-0.0014,8/13/2032,,,False,,False,,2025-12-31,2025-12-31,1
"Edmunds Govtech, Inc.",edmunds govtech,2,GREEN,0,1,1,1,"Edmunds Govtech, Inc.",ARCC,Ares Capital Management,,10.2,10.2,0.0,02/2030,8.25,,False,,False,,2025-09-30,2025-12-31,2
"DroneDeploy, Inc.",dronedeploy,2,GREEN,0,1,1,1,"DroneDeploy, Inc.",HTGC,Hercules Capital (internal),Warrant Investments,10.131,9.811,0.0326,,2.45,245.0,False,,False,,2025-09-30,2025-12-31,2
"TetraScience, Inc.",tetrascience,2,GREEN,0,1,1,1,"TetraScience, Inc.",TPVG,TriplePoint Advisers,Database Software,10.114,10.094,0.002,,,,False,,False,,2025-09-30,2025-12-31,2
Tecta America Corp,tecta america,2,GREEN,0,1,1,1,Tecta America Corp,OCSL,Oaktree Capital Management,Construction & Engineering,10.012,9.985,0.0027,2/18/2032,2.88,,False,,False,,2025-09-30,2025-12-31,2
Alsay Incorporated,alsay incorporated,2,GREEN,0,1,1,1,Alsay Incorporated,GLAD,Gladstone Management Corporation,,10.0,10.0,0.0,,,,False,,False,,2025-09-30,2025-12-31,2
"Axonius, Inc.",axonius,2,GREEN,0,1,1,1,"Axonius, Inc.",OTF,Blue Owl Credit Advisors,Systems Software,10.0,0.0,,,,,False,,False,,2025-09-30,2025-12-31,2
"Octave Health Group, Inc.",octave health,2,GREEN,0,1,1,1,"Octave Health Group, Inc.",HTGC,Hercules Capital (internal),Electronics & Computer Hardware,9.943,9.936,0.0007,,2.7,270.0,False,,False,,2025-12-31,2025-12-31,1
"Verde Purchaser, LLC",verde,2,GREEN,0,1,1,1,"Verde Purchaser, LLC",OCSL,Oaktree Capital Management,Trading Companies & Distributors,9.901,9.97,-0.0069,11/30/2030,4.0,,False,,False,,2025-09-30,2025-12-31,2
Akeyless Security Ltd.,akeyless security,2,GREEN,0,1,1,1,Akeyless Security Ltd.,HTGC,Hercules Capital (internal),Sustainable and Renewable Technology,9.895,9.916,-0.0021,,4.0,400.0,False,,False,,2025-09-30,2025-12-31,2
"Heads Up Technologies, Inc.",heads up,2,GREEN,0,1,1,1,"Heads Up Technologies, Inc.",BCSF,Bain Capital Credit,Aerospace & Defense,9.886,9.936,-0.005,7/23/2030,8.18,,False,,False,,2025-09-30,2025-09-30,1
"Trinity Partners Holdings, LLC",trinity partners,2,GREEN,0,1,1,1,"Trinity Partners Holdings, LLC",BXSL,Blackstone Credit Advisors,Professional Services (continued),9.84,9.747,0.0095,12/21/2028,,,False,,False,,2025-12-31,2025-12-31,1
"Magnesium BorrowerCo, Inc.",magnesium borrowerco,2,GREEN,0,1,1,1,"Magnesium BorrowerCo, Inc.",BXSL,Blackstone Credit Advisors,Software (continued),9.77,9.047,0.0799,5/18/2029,,,False,,False,,2025-12-31,2025-12-31,1
RoC Skincare,roc skincare,2,GREEN,0,1,1,1,RoC Skincare,BCSF,Bain Capital Credit,Consumer Goods: Non-Durable,9.756,9.85,-0.0095,2/21/2030,5.75,,False,,False,,2025-09-30,2025-09-30,1
"LeadVenture, Inc.",leadventure,2,GREEN,0,1,1,1,"LeadVenture, Inc.",MSDL,Morgan Stanley Investment Management,Automobiles,9.739,9.898,-0.0161,,,,False,,False,,2025-09-30,2025-12-31,2
"Tectonic Financial, LLC",tectonic financial,2,GREEN,0,1,1,1,"Tectonic Financial, LLC",MAIN,Main Street Capital (internal),,9.72,4.0,1.43,,,,False,,False,,2025-09-30,2025-12-31,2
Pyramid Global Hospitality,pyramid global,2,GREEN,0,1,1,1,Pyramid Global Hospitality,BCSF,Bain Capital Credit,Non-Controlled/Non-Affiliate Investments,9.635,9.75,-0.0118,1/19/2028,5.25,,False,,False,,2025-09-30,2025-09-30,1
"Victory Buyer, LLC",victory,2,GREEN,0,1,1,1,"Victory Buyer, LLC",BXSL,Blackstone Credit Advisors,Machinery,9.619,9.572,0.0049,11/19/2029,,,False,,False,,2025-12-31,2025-12-31,1
"Smiley Lifting Solutions, LLC",smiley lifting,2,GREEN,0,1,1,1,"Smiley Lifting Solutions, LLC",SLRC,SLR Capital Partners,Commercial Services & Supplies,9.577,9.577,0.0,,8.61,,False,,False,,2025-09-30,2025-12-31,2
Vienna Bidco Limited (United Kingdom),vienna united,2,GREEN,0,1,1,1,Vienna Bidco Limited (United Kingdom),CGBD,Carlyle Investment Management,Healthcare & Pharmaceuticals,9.571,9.513,0.0061,8/20/2030,,,False,,False,,2025-09-30,2025-12-31,2
"Brown & Settle, Inc.",brown settle,2,GREEN,0,1,1,1,"Brown & Settle, Inc.",TCPC,Tennenbaum Capital Partners (BlackRock),Construction and Engineering,9.5554,9.2622,0.0317,5/16/2030,6.25,,False,,False,,2025-12-31,2025-12-31,1
"Sun State Nursery and Landscaping, LLC",sun state,2,GREEN,0,1,1,1,"Sun State Nursery and Landscaping, LLC",GAIN,Gladstone Management Corporation,,9.52,9.52,0.0,,,,False,,False,,2025-09-30,2025-12-31,2
Cyncly Refinancing,cyncly refinancing,2,GREEN,0,1,1,1,Cyncly Refinancing,FSK,FS/KKR Advisor,Software & Services,9.5,9.5,0.0,,,,False,,False,,2025-09-30,2025-12-31,2
Wellington TopCo LP,wellington,2,GREEN,0,1,1,1,Wellington TopCo LP,ARCC,Ares Capital Management,,9.5,9.5,0.0,06/2030,8.42,,False,,False,,2025-09-30,2025-12-31,2
"Verona Pharma, Inc.",verona pharma,2,GREEN,0,1,1,1,"Verona Pharma, Inc.",OCSL,Oaktree Capital Management,Pharmaceuticals,9.456,9.005,0.0501,5/9/2029,,,False,,False,,2025-09-30,2025-12-31,2
"Monica Holdco , Inc.",monica,2,GREEN,0,1,1,1,"Monica Holdco , Inc.",ARCC,Ares Capital Management,,9.4,9.4,0.0,07/2030,9.03,,False,,False,,2025-09-30,2025-12-31,2
Wellington-Altus Financial Inc.,wellington altus,2,GREEN,0,1,1,1,Wellington-Altus Financial Inc.,ARCC,Ares Capital Management,,9.4,6.8,0.3824,08/2030,7.55,,False,,False,,2025-09-30,2025-12-31,2
Beneficium,beneficium,2,GREEN,0,1,1,1,Beneficium,BCSF,Bain Capital Credit,Services: Business,9.397,7.497,0.2534,6/28/2031,5.75,,False,,False,,2025-09-30,2025-09-30,1
SynOx Therapeutics Limited,synox therapeutics,2,GREEN,0,1,1,1,SynOx Therapeutics Limited,HTGC,Hercules Capital (internal),Drug Discovery & Development,9.379,9.272,0.0115,,1.4,140.0,False,,False,,2025-09-30,2025-12-31,2
"Alvogen Pharma US, Inc.",alvogen pharma,2,GREEN,0,1,1,1,"Alvogen Pharma US, Inc.",OCSL,Oaktree Capital Management,Pharmaceuticals,9.34,9.336,0.0004,3/1/2029,10.5,,False,,False,,2025-09-30,2025-12-31,2
AmpersCap LLC,amperscap,2,GREEN,0,1,1,1,AmpersCap LLC,CGBD,Carlyle Investment Management,Diversified Financial Services,9.317,9.378,-0.0065,12/17/2032,,,False,,False,,2025-09-30,2025-12-31,2
Lazer Spot,lazer spot,2,GREEN,0,1,1,1,Lazer Spot,OBDC,Blue Owl Credit Advisors,Transportation,9.266,9.264,0.0002,5/2030,,,False,,False,,2025-09-30,2025-12-31,2
"Phoenix Door Systems, Inc.",phoenix door,2,GREEN,0,1,1,1,"Phoenix Door Systems, Inc.",GAIN,Gladstone Management Corporation,,9.14,9.35,-0.0225,,,,False,,False,,2025-09-30,2025-12-31,2
"ICAT Logistics, Inc.",icat logistics,2,GREEN,0,1,1,1,"ICAT Logistics, Inc.",BCSF,Bain Capital Credit,Transportation: Cargo,9.099,9.237,-0.0149,3/1/2029,6.25,,False,,False,,2025-09-30,2025-09-30,1
Olaplex Inc.,olaplex,2,GREEN,0,1,1,1,Olaplex Inc.,OCSL,Oaktree Capital Management,Personal Care Products,9.084,9.072,0.0013,2/23/2029,3.75,,False,,False,,2025-09-30,2025-12-31,2
Allbridge,allbridge,2,GREEN,0,1,1,1,Allbridge,BCSF,Bain Capital Credit,Services: Business,8.922,8.977,-0.0061,6/5/2030,5.5,,False,,False,,2025-09-30,2025-09-30,1
Trugreen LP,trugreen,2,GREEN,0,1,1,1,Trugreen LP,OCSL,Oaktree Capital Management,Environmental & Facilities Services,8.913,8.928,-0.0017,11/2/2027,4.0,,False,,False,,2025-09-30,2025-12-31,2
"Kleinfelder Intermediate, LLC",kleinfelder,2,GREEN,0,1,1,1,"Kleinfelder Intermediate, LLC",GBDC,GC Advisors,Commercial Services & Supplies,8.872,9.053,-0.02,,,,False,,False,,2025-09-30,2025-12-31,2
"Kid Distro Holdings, LLC",kid distro,2,GREEN,0,1,1,1,"Kid Distro Holdings, LLC",SLRC,SLR Capital Partners,Software,8.848,8.848,0.0,,,,False,,False,,2025-09-30,2025-12-31,2
Secure Acquisition Inc.,secure,2,GREEN,0,1,1,1,Secure Acquisition Inc.,OCSL,Oaktree Capital Management,Paper & Plastic Packaging Products & Materials,8.837,8.771,0.0075,12/16/2028,3.75,,False,,False,,2025-09-30,2025-12-31,2
"Tangent Technologies Acquisition, LLC",tangent technologies,2,GREEN,0,1,1,1,"Tangent Technologies Acquisition, LLC",BCSF,Bain Capital Credit,Consumer Goods: Durable,8.824,8.915,-0.0102,5/30/2028,9.0,,False,,False,,2025-09-30,2025-09-30,1
Infostretch Corporation,infostretch,2,GREEN,0,1,1,1,Infostretch Corporation,BXSL,Blackstone Credit Advisors,IT Services,8.804,9.611,-0.084,4/1/2028,,,False,,False,,2025-12-31,2025-12-31,1
"Defiance Integrated Technologies, Inc.",defiance integrated,2,GREEN,0,1,1,1,"Defiance Integrated Technologies, Inc.",GLAD,Gladstone Management Corporation,,8.792,8.792,0.0,,,,False,,False,,2025-09-30,2025-12-31,2
"Clearstead Advisors, LLC",clearstead advisors,2,GREEN,0,1,1,1,"Clearstead Advisors, LLC",ARCC,Ares Capital Management,Financial Services,8.7,8.7,0.0,02/2028,8.23,,False,,False,,2025-09-30,2025-12-31,2
Duraco,duraco,2,GREEN,0,1,1,1,Duraco,BCSF,Bain Capital Credit,Capital Equipment,8.625,8.669,-0.0051,6/6/2029,6.5,,False,,False,,2025-09-30,2025-09-30,1
PS Op Holdings LLC,ps op,2,GREEN,0,1,1,1,PS Op Holdings LLC,OBDC,Blue Owl Credit Advisors,Distribution,8.6,4.3,1.0,,,,False,,False,,2025-09-30,2025-12-31,2
Beren Therapeutics P.B.C.,beren therapeutics,2,GREEN,0,1,1,1,Beren Therapeutics P.B.C.,HTGC,Hercules Capital (internal),Drug Discovery & Development,8.588,8.573,0.0017,,2.45,245.0,False,,False,,2025-12-31,2025-12-31,1
"Thunder Purchaser, Inc. (Vector Solutions)",thunder vector,2,GREEN,0,1,1,1,"Thunder Purchaser, Inc. (Vector Solutions)",TCPC,Tennenbaum Capital Partners (BlackRock),Debt Investments (continued),8.5345,8.4913,0.0051,6/30/2028,5.36,,False,,False,,2025-09-30,2025-12-31,2
Chronicle Parent LLC (Lexitas),chronicle lexitas,2,GREEN,0,1,1,1,Chronicle Parent LLC (Lexitas),TCPC,Tennenbaum Capital Partners (BlackRock),Professional Services,8.5264,8.421,0.0125,4/15/2031,5.0,,False,,False,,2025-09-30,2025-12-31,2
"Leo BuyerCo, LLC",leo buyerco,2,GREEN,0,1,1,1,"Leo BuyerCo, LLC",CGBD,Carlyle Investment Management,Capital Equipment,8.425,8.426,-0.0001,11/25/2032,,,False,,False,,2025-12-31,2025-12-31,1
Formulations Parent Corp.,formulations,2,GREEN,0,1,1,1,Formulations Parent Corp.,BXSL,Blackstone Credit Advisors,Chemicals,8.408,8.341,0.008,11/15/2030,,,False,,False,,2025-12-31,2025-12-31,1
Vantage Bidco GMBH,vantage gmbh,2,GREEN,0,1,1,1,Vantage Bidco GMBH,GBDC,GC Advisors,,8.395,9.232,-0.0907,,,,False,,False,,2025-09-30,2025-12-31,2
Petco Health & Wellness Co Inc.,petco health,2,GREEN,0,1,1,1,Petco Health & Wellness Co Inc.,OCSL,Oaktree Capital Management,Other Specialty Retail,8.369,8.355,0.0017,3/3/2028,3.25,,False,,False,,2025-09-30,2025-12-31,2
PPT Group,ppt group,2,GREEN,0,1,1,1,PPT Group,BCSF,Bain Capital Credit,Capital Equipment,8.359,6.743,0.2397,2/28/2031,5.5,,False,,False,,2025-09-30,2025-09-30,1
Delek US Holdings Inc.,delek us,2,GREEN,0,1,1,1,Delek US Holdings Inc.,OCSL,Oaktree Capital Management,Oil & Gas Refining & Marketing,8.328,8.317,0.0013,11/19/2029,3.5,,False,,False,,2025-09-30,2025-12-31,2
"LLFlex, LLC",llflex,2,GREEN,0,1,1,1,"LLFlex, LLC",MAIN,Main Street Capital (internal),,8.29,8.359,-0.0083,,12.44,,False,,False,,2025-09-30,2025-12-31,2
Igloo Parent Holdings LLC (InMoment),igloo inmoment,2,GREEN,0,1,1,1,Igloo Parent Holdings LLC (InMoment),TCPC,Tennenbaum Capital Partners (BlackRock),Equity Securities (continued),8.2407,0.0001,82406.0,,,,False,,False,,2025-12-31,2025-12-31,1
"COP Collisionright Parent, LLC",cop collisionright,2,GREEN,0,1,1,1,"COP Collisionright Parent, LLC",MSDL,Morgan Stanley Investment Management,Automobiles,8.204,8.382,-0.0212,,,,False,,False,,2025-09-30,2025-12-31,2
"Carbyne, Inc.",carbyne,2,GREEN,0,1,1,1,"Carbyne, Inc.",HTGC,Hercules Capital (internal),Debt Investments,8.171,7.454,0.0962,,3.5,350.0,False,,False,,2025-09-30,2025-12-31,2
PayRange,payrange,2,GREEN,0,1,1,1,PayRange,BCSF,Bain Capital Credit,High Tech Industries,8.092,4.527,0.7875,10/31/2030,,,False,,False,,2025-09-30,2025-09-30,1
"KAMC Holdings, Inc.",kamc,2,GREEN,0,1,1,1,"KAMC Holdings, Inc.",BCSF,Bain Capital Credit,Utilities: Electric,8.021,8.12,-0.0122,8/1/2031,5.25,,False,,False,,2025-09-30,2025-09-30,1
"BG MS US Holdings, LLC",bg ms,2,GREEN,0,1,1,1,"BG MS US Holdings, LLC",OCSL,Oaktree Capital Management,Aerospace & Defense,8.0,7.9,0.0127,10/17/2032,4.75,,False,,False,,2025-12-31,2025-12-31,1
"Erie Construction Mid-west, LLC",erie construction,2,GREEN,0,1,1,1,"Erie Construction Mid-west, LLC",SLRC,SLR Capital Partners,Building Products,8.0,8.0,0.0,,,,False,,False,,2025-09-30,2025-12-31,2
"HighTower Holding, LLC",hightower,2,GREEN,0,1,1,1,"HighTower Holding, LLC",ARCC,Ares Capital Management,,8.0,7.3,0.0959,04/2029,6.75,,False,,False,,2025-09-30,2025-12-31,2
"Kene Holdings, L.P.",kene,2,GREEN,0,1,1,1,"Kene Holdings, L.P.",ARCC,Ares Capital Management,,8.0,0.5,15.0,,,,False,,False,,2025-09-30,2025-12-31,2
"Legacy Intermediate, LLC",legacy,2,GREEN,0,1,1,1,"Legacy Intermediate, LLC",BXSL,Blackstone Credit Advisors,Professional Services (continued),7.987,7.898,0.0113,2/25/2028,,,False,,False,,2025-12-31,2025-12-31,1
"Invictus Buyer, LLC",invictus,2,GREEN,0,1,1,1,"Invictus Buyer, LLC",MSDL,Morgan Stanley Investment Management,Health Care Providers & Services,7.975,8.053,-0.0097,,,,False,,False,,2025-09-30,2025-12-31,2
NS and Associates LLC,ns and,2,GREEN,0,1,1,1,NS and Associates LLC,SLRC,SLR Capital Partners,Consumer Staples Distribution & Retail,7.958,8.076,-0.0146,,,,False,,False,,2025-12-31,2025-12-31,1
BP Loenbro Holdings Inc.,bp loenbro,2,GREEN,0,1,1,1,BP Loenbro Holdings Inc.,MAIN,Main Street Capital (internal),,7.9,8.129,-0.0282,2/1/2029,9.92,,False,,False,,2025-09-30,2025-12-31,2
Sigma Irish Acquico Limited (Ireland),sigma irish,2,GREEN,0,1,1,1,Sigma Irish Acquico Limited (Ireland),CGBD,Carlyle Investment Management,Diversified Financial Services,7.852,7.302,0.0753,3/19/2032,,,False,,False,,2025-09-30,2025-12-31,2
"Cresset Capital Management, LLC",cresset capital,2,GREEN,0,1,1,1,"Cresset Capital Management, LLC",OBDC,Blue Owl Credit Advisors,Financial services,7.797,7.724,0.0095,6/2030,,,False,,False,,2025-09-30,2025-12-31,2
WCI Gigawatt Purchaser,wci gigawatt,2,GREEN,0,1,1,1,WCI Gigawatt Purchaser,BCSF,Bain Capital Credit,Energy: Electricity,7.764,7.841,-0.0098,11/19/2027,5.85,,False,,False,,2025-09-30,2025-09-30,1
"GrubMarket, Inc.",grubmarket,2,GREEN,0,1,1,1,"GrubMarket, Inc.",TPVG,TriplePoint Advisers,Consumer Products and Services,7.758,0.0,,,,,False,,False,,2025-09-30,2025-12-31,2
"Safety Borrower Holdings, LP",safety,2,GREEN,0,1,1,1,"Safety Borrower Holdings, LP",BXSL,Blackstone Credit Advisors,Transportation Infrastructure,7.636,7.614,0.0029,12/19/2032,,,False,,False,,2025-12-31,2025-12-31,1
Nabors Industries Inc,nabors industries,2,GREEN,0,1,1,1,Nabors Industries Inc,OCSL,Oaktree Capital Management,Oil & Gas Drilling,7.612,7.746,-0.0173,11/15/2032,,,False,,False,,2025-12-31,2025-12-31,1
Weee! Inc.,weee,2,GREEN,0,1,1,1,Weee! Inc.,HTGC,Hercules Capital (internal),Consumer & Business Products,7.583,7.472,0.0149,,2.25,225.0,False,,False,,2025-09-30,2025-12-31,2
Valenz,valenz,2,GREEN,0,1,1,1,Valenz,OBDC,Blue Owl Credit Advisors,Healthcare providers and services,7.575,7.449,0.0169,6/2029,,,False,,False,,2025-09-30,2025-12-31,2
"Thevelia US, LLC",thevelia us,2,GREEN,0,1,1,1,"Thevelia US, LLC",BXSL,Blackstone Credit Advisors,Professional Services (continued),7.489,7.391,0.0133,6/18/2029,,,False,,False,,2025-12-31,2025-12-31,1
Enkindle Limited (United Kingdom),enkindle united,2,GREEN,0,1,1,1,Enkindle Limited (United Kingdom),CGBD,Carlyle Investment Management,Diversified Financial Services,7.476,7.183,0.0408,4/16/2031,,,False,,False,,2025-09-30,2025-12-31,2
Carlyle Global Market Strategies,carlyle global,2,GREEN,0,1,1,1,Carlyle Global Market Strategies,OCSL,Oaktree Capital Management,Multi-Sector Holdings,7.459,7.15,0.0432,10/21/2037,7.5,,False,,False,,2025-12-31,2025-12-31,1
"Continental Finance Company, LLC",continental finance,2,GREEN,0,1,1,1,"Continental Finance Company, LLC",OBDC,Blue Owl Credit Advisors,Financial services,7.444,7.438,0.0008,3/2029,,,False,,False,,2025-09-30,2025-12-31,2
"Cutover, Inc.",cutover,2,GREEN,0,1,1,1,"Cutover, Inc.",HTGC,Hercules Capital (internal),Warrant Investments,7.419,7.331,0.012,,5.2,520.0,False,,False,,2025-09-30,2025-12-31,2
"Randy's Holdings, Inc.",randy s,2,GREEN,0,1,1,1,"Randy's Holdings, Inc.",MSDL,Morgan Stanley Investment Management,Automobile Components,7.389,7.577,-0.0248,,,,False,,False,,2025-09-30,2025-12-31,2
"Iris Specialty Acquisiton, LLC",iris specialty,2,GREEN,0,1,1,1,"Iris Specialty Acquisiton, LLC",MSDL,Morgan Stanley Investment Management,,7.338,7.374,-0.0049,,,,False,,False,,2025-12-31,2025-12-31,1
"Flight Schedule Pro, LLC",flight schedule,2,GREEN,0,1,1,1,"Flight Schedule Pro, LLC",HTGC,Hercules Capital (internal),Debt Investments,7.271,7.145,0.0176,,7.8,780.0,False,,False,,2025-09-30,2025-12-31,2
"Disco Parent, Inc. (Duck Creek Technologies)",disco duck,2,GREEN,0,1,1,1,"Disco Parent, Inc. (Duck Creek Technologies)",TCPC,Tennenbaum Capital Partners (BlackRock),Software,7.2466,6.9878,0.037,3/30/2029,7.5,,False,,False,,2025-09-30,2025-12-31,2
Beacon Specialized Living,beacon specialized,2,GREEN,0,1,1,1,Beacon Specialized Living,BCSF,Bain Capital Credit,Healthcare & Pharmaceuticals,7.226,7.369,-0.0194,3/25/2028,5.5,,False,,False,,2025-09-30,2025-09-30,1
"KKR Zeno Aggregator LP (K2 Aviation), Partnership Interest",kkr zeno,2,GREEN,0,1,1,1,"KKR Zeno Aggregator LP (K2 Aviation), Partnership Interest",FSK,FS/KKR Advisor,Capital Goods,7.201,5.906,0.2193,,,,False,,False,,2025-09-30,2025-12-31,2
"Yipit, LLC",yipit,2,GREEN,0,1,1,1,"Yipit, LLC",HTGC,Hercules Capital (internal),Information Services,7.098,7.65,-0.0722,,,,False,,False,,2025-09-30,2025-12-31,2
Chilton,chilton,2,GREEN,0,1,1,1,Chilton,BCSF,Bain Capital Credit,Automotive,7.096,7.164,-0.0095,2/5/2031,5.5,,False,,False,,2025-09-30,2025-09-30,1
DA Blocker Corp.,da,2,GREEN,0,1,1,1,DA Blocker Corp.,MSDL,Morgan Stanley Investment Management,Diversified Consumer Services,6.997,7.07,-0.0103,,,,False,,False,,2025-09-30,2025-12-31,2
Zodiac Purchaser LLC,zodiac,2,GREEN,0,1,1,1,Zodiac Purchaser LLC,OCSL,Oaktree Capital Management,Systems Software,6.966,6.983,-0.0024,2/14/2032,3.5,,False,,False,,2025-09-30,2025-12-31,2
Fortified Health Security,fortified health,2,GREEN,0,1,1,1,Fortified Health Security,HTGC,Hercules Capital (internal),,6.95,6.882,0.0099,,7.64,764.0,False,,False,,2025-09-30,2025-12-31,2
"LHS Borrower, LLC",lhs,2,GREEN,0,1,1,1,"LHS Borrower, LLC",MSDL,Morgan Stanley Investment Management,,6.93,7.038,-0.0153,,,,False,,False,,2025-09-30,2025-12-31,2
"Finix Payments, Inc.",finix payments,2,GREEN,0,1,1,1,"Finix Payments, Inc.",HTGC,Hercules Capital (internal),Consumer & Business Services,6.927,6.927,0.0,,2.5,250.0,False,,False,,2025-12-31,2025-12-31,1
"Vortex Companies, LLC",vortex companies,2,GREEN,0,1,1,1,"Vortex Companies, LLC",TCPC,Tennenbaum Capital Partners (BlackRock),Debt Investments (continued),6.873,6.755,0.0175,9/4/2029,5.0,,False,,False,,2025-12-31,2025-12-31,1
McLarens Acquisition Inc.,mclarens,2,GREEN,0,1,1,1,McLarens Acquisition Inc.,BCSF,Bain Capital Credit,FIRE: Insurance,6.869,6.87,-0.0001,12/19/2027,4.9,,False,,False,,2025-09-30,2025-09-30,1
Howden Group Holdings Ltd,howden group,2,GREEN,0,1,1,1,Howden Group Holdings Ltd,OCSL,Oaktree Capital Management,Insurance Brokers,6.85,6.865,-0.0022,4/18/2030,3.08,,False,,False,,2025-09-30,2025-12-31,2
AI Grace AUS Bidco Pty LTD (Australia),ai grace,2,GREEN,0,1,1,1,AI Grace AUS Bidco Pty LTD (Australia),CGBD,Carlyle Investment Management,Consumer Goods: Non-Durable,6.823,6.733,0.0134,12/5/2029,,,False,,False,,2025-09-30,2025-12-31,2
"Triwizard Parent, LP",triwizard,2,GREEN,0,1,1,1,"Triwizard Parent, LP",ARCC,Ares Capital Management,,6.8,6.8,0.0,06/2029,8.86,,False,,False,,2025-09-30,2025-12-31,2
G-3 Apollo Acquisition Corp (Appriss Retail),g apollo,2,GREEN,0,1,1,1,G-3 Apollo Acquisition Corp (Appriss Retail),TCPC,Tennenbaum Capital Partners (BlackRock),Software,6.7695,6.6925,0.0115,3/10/2031,5.0,,False,,False,,2025-09-30,2025-12-31,2
"KWOR Acquisition, Inc.",kwor,2,GREEN,0,1,1,1,"KWOR Acquisition, Inc.",MSDL,Morgan Stanley Investment Management,Professional Services,6.617,6.713,-0.0143,,,,False,,False,,2025-09-30,2025-12-31,2
"Routeware, Inc.",routeware,2,GREEN,0,1,1,1,"Routeware, Inc.",MSDL,Morgan Stanley Investment Management,,6.566,6.625,-0.0089,,,,False,,False,,2025-09-30,2025-12-31,2
Eagle Rock Capital Corporation,eagle rock,2,GREEN,0,1,1,1,Eagle Rock Capital Corporation,BCSF,Bain Capital Credit,High Tech Industries,6.509,2.429,1.6797,,,,False,,False,,2025-09-30,2025-09-30,1
"Perigon Wealth Management, LLC, Perigon Wealth Advisors Holdings Company, LLC and CWC Fund I Co-Invest (Prism) LP",perigon wealth,2,GREEN,0,1,1,1,"Perigon Wealth Management, LLC, Perigon Wealth Advisors Holdings Company, LLC and CWC Fund I Co-Invest (Prism) LP",ARCC,Ares Capital Management,,6.5,6.5,0.0,03/2031,8.47,,False,,False,,2025-09-30,2025-12-31,2
National Mentor Holdings,national mentor,2,GREEN,0,1,1,1,National Mentor Holdings,OCSL,Oaktree Capital Management,Health Care Services,6.475,6.314,0.0255,12/15/2030,,,False,,False,,2025-12-31,2025-12-31,1
Plentific Ltd,plentific,2,GREEN,0,1,1,1,Plentific Ltd,HTGC,Hercules Capital (internal),Consumer & Business Services,6.475,6.475,0.0,,2.55,255.0,False,,False,,2025-09-30,2025-12-31,2
Camelia Bidco Limited,camelia,2,GREEN,0,1,1,1,Camelia Bidco Limited,GBDC,GC Advisors,,6.474,6.853,-0.0553,,,,False,,False,,2025-09-30,2025-12-31,2
"Blumenthal Temecula, LLC",blumenthal temecula,2,GREEN,0,1,1,1,"Blumenthal Temecula, LLC",OCSL,Oaktree Capital Management,Automotive Retail,6.464,5.06,0.2775,,,,False,,False,,2025-09-30,2025-12-31,2
Electronic Merchant Systems,electronic merchant,2,GREEN,0,1,1,1,Electronic Merchant Systems,BCSF,Bain Capital Credit,Services: Business,6.46,5.698,0.1337,8/1/2030,4.75,,False,,False,,2025-09-30,2025-09-30,1
Discovery Senior Living,discovery senior,2,GREEN,0,1,1,1,Discovery Senior Living,BCSF,Bain Capital Credit,Services: Business,6.407,6.46,-0.0082,3/18/2030,5.5,,False,,False,,2025-09-30,2025-09-30,1
"BridgeBio Pharma, Inc.",bridgebio pharma,2,GREEN,0,1,1,1,"BridgeBio Pharma, Inc.",HTGC,Hercules Capital (internal),Drug Discovery & Development,6.348,2.255,1.8151,,,,False,,False,,2025-09-30,2025-12-31,2
ABC Technologies Inc. (TI Automotive) (Canada),abc technologies,2,GREEN,0,1,1,1,ABC Technologies Inc. (TI Automotive) (Canada),TCPC,Tennenbaum Capital Partners (BlackRock),Automobiles,6.2868,6.306,-0.003,7/22/2030,5.8,,False,,False,,2025-12-31,2025-12-31,1
Zayo Group Holdings Inc,zayo group,2,GREEN,0,1,1,1,Zayo Group Holdings Inc,OCSL,Oaktree Capital Management,Alternative Carriers,6.271,6.277,-0.001,3/11/2030,3.0,,False,,False,,2025-12-31,2025-12-31,1
"VORTEQ Coil Finishers, LLC",vorteq coil,2,GREEN,0,1,1,1,"VORTEQ Coil Finishers, LLC",MAIN,Main Street Capital (internal),,6.25,2.076,2.0106,,,,False,,False,,2025-09-30,2025-12-31,2
Guidehouse LLP,guidehouse llp,2,GREEN,0,1,1,1,Guidehouse LLP,CGBD,Carlyle Investment Management,Sovereign & Public Finance,6.227,6.278,-0.0081,12/16/2030,,,False,,False,,2025-09-30,2025-12-31,2
Medical Knowledge Group,medical knowledge,2,GREEN,0,1,1,1,Medical Knowledge Group,OBDC,Blue Owl Credit Advisors,Healthcare equipment and services,6.191,6.087,0.0171,2/2029,,,False,,False,,2025-09-30,2025-12-31,2
"QNNECT, LLC",qnnect,2,GREEN,0,1,1,1,"QNNECT, LLC",CGBD,Carlyle Investment Management,Aerospace & Defense,6.135,5.972,0.0273,11/2/2029,,,False,,False,,2025-09-30,2025-12-31,2
"Wrangler TopCo, LLC",wrangler,2,GREEN,0,1,1,1,"Wrangler TopCo, LLC",TSLX,Sixth Street Partners,Business Services,6.073,5.889,0.0312,,6.0,600.0,False,,False,,2025-09-30,2025-09-30,1
"Brilliance Technologies, Inc.",brilliance technologies,2,GREEN,0,1,1,1,"Brilliance Technologies, Inc.",BXSL,Blackstone Credit Advisors,Health Care Technology,6.029,5.996,0.0055,3/11/2032,,,False,,False,,2025-12-31,2025-12-31,1
"MajorDrive Holdings IV, LLC",majordrive iv,2,GREEN,0,1,1,1,"MajorDrive Holdings IV, LLC",OCSL,Oaktree Capital Management,Automobile Manufacturers,5.993,6.168,-0.0284,6/1/2028,4.0,,False,,False,,2025-09-30,2025-12-31,2
Albaugh LLC,albaugh,2,GREEN,0,1,1,1,Albaugh LLC,OCSL,Oaktree Capital Management,Fertilizers & Agricultural Chemicals,5.989,6.016,-0.0045,4/6/2029,3.75,,False,,False,,2025-09-30,2025-12-31,2
"Knockout Intermediate Holdings I, Inc.",knockout i,2,GREEN,0,1,1,1,"Knockout Intermediate Holdings I, Inc.",MSDL,Morgan Stanley Investment Management,Software,5.94,5.199,0.1425,,11.75,,False,,False,,2025-09-30,2025-12-31,2
Evriholder,evriholder,2,GREEN,0,1,1,1,Evriholder,BCSF,Bain Capital Credit,Consumer Goods: Non-Durable,5.901,5.937,-0.0061,1/24/2028,6.9,,False,,False,,2025-09-30,2025-09-30,1
"Axiomatic, LLC",axiomatic,2,GREEN,0,1,1,1,"Axiomatic, LLC",ARCC,Ares Capital Management,,5.9,4.7,0.2553,,,,False,,False,,2025-09-30,2025-12-31,2
"Upgrade, Inc.",upgrade,2,GREEN,0,1,1,1,"Upgrade, Inc.",TPVG,TriplePoint Advisers,Other Financial Services,5.879,0.0,,,,,False,,False,,2025-09-30,2025-12-31,2
"Allworth Financial Group, L.P.",allworth financial,2,GREEN,0,1,1,1,"Allworth Financial Group, L.P.",BCSF,Bain Capital Credit,FIRE: Finance,5.862,5.902,-0.0068,12/23/2027,4.75,,False,,False,,2025-09-30,2025-09-30,1
"Oneliance, LLC",oneliance,2,GREEN,0,1,1,1,"Oneliance, LLC",MAIN,Main Street Capital (internal),,5.85,2.256,1.5931,,,,False,,False,,2025-09-30,2025-12-31,2
ENC Parent Corporation,enc,2,GREEN,0,1,1,1,ENC Parent Corporation,PNNT,PennantPark Investment Advisers,Business Services,5.753,6.13,-0.0615,08/20/2029,,,False,,False,,2025-09-30,2025-12-31,2
"Project Boost Purchaser, LLC",boost,2,GREEN,0,1,1,1,"Project Boost Purchaser, LLC",MSDL,Morgan Stanley Investment Management,,5.746,5.786,-0.0069,,,,False,,False,,2025-12-31,2025-12-31,1
"JF Acquisition, LLC (JF Petroleum)",jf jf,2,GREEN,0,1,1,1,"JF Acquisition, LLC (JF Petroleum)",TCPC,Tennenbaum Capital Partners (BlackRock),Construction and Engineering,5.7384,5.7061,0.0057,6/18/2030,5.75,,False,,False,,2025-09-30,2025-12-31,2
Galileo Pharma Bidco S.p.A,galileo pharma,2,GREEN,0,1,1,1,Galileo Pharma Bidco S.p.A,BXSL,Blackstone Credit Advisors,Pharmaceuticals,5.699,4.988,0.1425,10/7/2032,,,False,,False,,2025-12-31,2025-12-31,1
AIP RD Buyer Corp.,aip rd,2,GREEN,0,1,1,1,AIP RD Buyer Corp.,OCSL,Oaktree Capital Management,Distributors,5.698,3.466,0.644,,,,False,,False,,2025-09-30,2025-12-31,2
Advanced Aircrew,advanced aircrew,2,GREEN,0,1,1,1,Advanced Aircrew,BCSF,Bain Capital Credit,Services: Business,5.655,5.648,0.0012,7/26/2030,6.5,,False,,False,,2025-09-30,2025-09-30,1
"Flexport Capital, LLC",flexport capital,2,GREEN,0,1,1,1,"Flexport Capital, LLC",TCPC,Tennenbaum Capital Partners (BlackRock),Software,5.627,5.613,0.0025,6/30/2029,5.5,,False,,False,,2025-12-31,2025-12-31,1
Darktrace Finco US LLC,darktrace us,2,GREEN,0,1,1,1,Darktrace Finco US LLC,OCSL,Oaktree Capital Management,Application Software,5.564,5.508,0.0102,10/9/2031,3.25,,False,,False,,2025-12-31,2025-12-31,1
"Calera XXVIII, LLC",calera xxviii,2,GREEN,0,1,1,1,"Calera XXVIII, LLC",ARCC,Ares Capital Management,Consumer Services,5.4,5.4,0.0,,,,False,,False,,2025-12-31,2025-12-31,1
Cavender Stores L.P.*,cavender stores,2,GREEN,0,1,1,1,Cavender Stores L.P.*,GBDC,GC Advisors,Specialty Retail,5.359,5.39,-0.0058,,,,False,,False,,2025-09-30,2025-12-31,2
Flora Food Management US Corp.,flora food,2,GREEN,0,1,1,1,Flora Food Management US Corp.,OCSL,Oaktree Capital Management,Packaged Foods & Meats,5.301,5.357,-0.0105,1/3/2028,3.75,,False,,False,,2025-09-30,2025-12-31,2
"Guardian Bidco, Inc.",guardian,2,GREEN,0,1,1,1,"Guardian Bidco, Inc.",BXSL,Blackstone Credit Advisors,Electrical Equipment,5.246,5.253,-0.0013,8/30/2032,,,False,,False,,2025-12-31,2025-12-31,1
Sterilex LLC,sterilex,2,GREEN,0,1,1,1,Sterilex LLC,ARCC,Ares Capital Management,,5.2,5.3,-0.0189,09/2030,8.95,,False,,False,,2025-09-30,2025-12-31,2
"Tex Tech Tennis, LLC",tex tech,2,GREEN,0,1,1,1,"Tex Tech Tennis, LLC",MAIN,Main Street Capital (internal),,5.19,2.0,1.595,,,,False,,False,,2025-09-30,2025-12-31,2
"Halo Parent Newco, LLC",halo newco,2,GREEN,0,1,1,1,"Halo Parent Newco, LLC",OTF,Blue Owl Credit Advisors,Systems Software,5.138,5.0,0.0276,,,,False,,False,,2025-09-30,2025-12-31,2
"Bad Boy Mowers JV Acquisition, LLC",bad boy,2,GREEN,0,1,1,1,"Bad Boy Mowers JV Acquisition, LLC",TCPC,Tennenbaum Capital Partners (BlackRock),Household Durables,5.1142,4.8746,0.0492,11/9/2029,6.0,,False,,False,,2025-12-31,2025-12-31,1
Atlas Ontario LP (Canada),atlas ontario,2,GREEN,0,1,1,1,Atlas Ontario LP (Canada),CGBD,Carlyle Investment Management,Business Services,5.114,5.114,0.0,,,,False,,False,,2025-12-31,2025-12-31,1
NearU Holdings LLC,nearu,2,GREEN,0,1,1,1,NearU Holdings LLC,CGBD,Carlyle Investment Management,Consumer Services,5.068,0.055,91.1455,,,,False,,False,,2025-12-31,2025-12-31,1
"UMP Holdings, LLC",ump,2,GREEN,0,1,1,1,"UMP Holdings, LLC",BXSL,Blackstone Credit Advisors,Health Care Providers & Services (continued),5.051,5.077,-0.0051,7/15/2028,,,False,,False,,2025-12-31,2025-12-31,1
"Medrina, LLC",medrina,2,GREEN,0,1,1,1,"Medrina, LLC",SLRC,SLR Capital Partners,Health Care Providers & Services,5.039,5.144,-0.0204,,,,False,,False,,2025-09-30,2025-12-31,2
"ENV Bidco, AB",env ab,2,GREEN,0,1,1,1,"ENV Bidco, AB",BXSL,Blackstone Credit Advisors,Air Freight & Logistics,4.934,4.876,0.0119,7/19/2029,,,False,,False,,2025-12-31,2025-12-31,1
"Tidal Vision Products, Inc.",tidal vision,2,GREEN,0,1,1,1,"Tidal Vision Products, Inc.",HTGC,Hercules Capital (internal),Sustainable and Renewable Technology,4.91,4.968,-0.0117,,2.45,245.0,False,,False,,2025-12-31,2025-12-31,1
ATS,ats,2,GREEN,0,1,1,1,ATS,BCSF,Bain Capital Credit,Aerospace & Defense,4.901,4.95,-0.0099,7/12/2029,5.75,,False,,False,,2025-09-30,2025-09-30,1
ME Equity LLC,me equity,2,GREEN,0,1,1,1,ME Equity LLC,ARCC,Ares Capital Management,,4.9,3.0,0.6333,,,,False,,False,,2025-09-30,2025-12-31,2
"iGrafx, LLC",igrafx,2,GREEN,0,1,1,1,"iGrafx, LLC",HTGC,Hercules Capital (internal),Debt Investments,4.869,4.879,-0.002,,8.61,861.0,False,,False,,2025-09-30,2025-12-31,2
"Sundance Group Holdings, Inc.",sundance group,2,GREEN,0,1,1,1,"Sundance Group Holdings, Inc.",ARCC,Ares Capital Management,,4.8,4.8,0.0,07/2029,8.17,,False,,False,,2025-09-30,2025-12-31,2
"UHY Advisors, Inc.",uhy advisors,2,GREEN,0,1,1,1,"UHY Advisors, Inc.",MSDL,Morgan Stanley Investment Management,,4.792,4.848,-0.0116,,,,False,,False,,2025-09-30,2025-12-31,2
"BR PJK Produce, LLC",br pjk,2,GREEN,0,1,1,1,"BR PJK Produce, LLC",ARCC,Ares Capital Management,Consumer Distribution and Retail,4.7,4.7,0.0,11/2027,10.39,,False,,False,,2025-09-30,2025-12-31,2
"Vistar Media, Inc.",vistar media,2,GREEN,0,1,1,1,"Vistar Media, Inc.",MAIN,Main Street Capital (internal),,4.676,0.767,5.0965,,,,False,,False,,2025-09-30,2025-12-31,2
"Bloomerang, LLC",bloomerang,2,GREEN,0,1,1,1,"Bloomerang, LLC",GBDC,GC Advisors,Software,4.674,4.653,0.0045,,,,False,,False,,2025-09-30,2025-12-31,2
"Dundee Eros, LP",dundee eros,2,GREEN,0,1,1,1,"Dundee Eros, LP",ARCC,Ares Capital Management,,4.5,4.8,-0.0625,,,,False,,False,,2025-09-30,2025-12-31,2
Illumifin Corporation,illumifin,2,GREEN,0,1,1,1,Illumifin Corporation,GBDC,GC Advisors,Insurance,4.462,4.638,-0.0379,,,,False,,False,,2025-09-30,2025-12-31,2
Govineer Solutions,govineer solutions,2,GREEN,0,1,1,1,Govineer Solutions,BCSF,Bain Capital Credit,High Tech Industries,4.422,4.4,0.005,10/7/2030,5.0,,False,,False,,2025-09-30,2025-09-30,1
Pretzel Parent Inc.,pretzel,2,GREEN,0,1,1,1,Pretzel Parent Inc.,OCSL,Oaktree Capital Management,Movies & Entertainment,4.408,4.427,-0.0043,10/1/2031,4.5,,False,,False,,2025-12-31,2025-12-31,1
"Worldwide Flight Services, Inc.",worldwide flight,2,GREEN,0,1,1,1,"Worldwide Flight Services, Inc.",SLRC,SLR Capital Partners,Transportation Infrastructure,4.284,4.331,-0.0109,,9.93,,False,,False,,2025-09-30,2025-12-31,2
"Baxter Planning Systems, LLC",baxter planning,2,GREEN,0,1,1,1,"Baxter Planning Systems, LLC",GBDC,GC Advisors,Software,4.236,4.237,-0.0002,,,,False,,False,,2025-09-30,2025-12-31,2
Clever Devices Ltd.,clever devices,2,GREEN,0,1,1,1,Clever Devices Ltd.,TCPC,Tennenbaum Capital Partners (BlackRock),Software,4.1633,4.0563,0.0264,6/12/2030,6.0,,False,,False,,2025-12-31,2025-12-31,1
Opus2,opus2,2,GREEN,0,1,1,1,Opus2,BCSF,Bain Capital Credit,Services: Business,4.149,3.023,0.3725,5/5/2028,5.53,,False,,False,,2025-09-30,2025-09-30,1
US Renal Care Inc.,us renal care,2,GREEN,0,1,1,1,US Renal Care Inc.,OCSL,Oaktree Capital Management,Health Care Services,4.144,4.241,-0.0229,6/20/2028,5.0,,False,,False,,2025-09-30,2025-12-31,2
"Accuserve Solutions, Inc.",accuserve solutions,2,GREEN,0,1,1,1,"Accuserve Solutions, Inc.",TCPC,Tennenbaum Capital Partners (BlackRock),Diversified Financial Services,4.1265,4.3468,-0.0507,3/15/2030,5.25,,False,,False,,2025-09-30,2025-12-31,2
"Empower Payments Investor, LLC",empower payments,2,GREEN,0,1,1,1,"Empower Payments Investor, LLC",ARCC,Ares Capital Management,,4.1,4.1,0.0,03/2031,8.17,,False,,False,,2025-09-30,2025-12-31,2
"Fetch Insurance Services, LLC",fetch insurance,2,GREEN,0,1,1,1,"Fetch Insurance Services, LLC",MSDL,Morgan Stanley Investment Management,Insurance Services,4.079,4.136,-0.0138,,,,False,,False,,2025-09-30,2025-12-31,2
Odyssey Behavioral Health,odyssey behavioral,2,GREEN,0,1,1,1,Odyssey Behavioral Health,BCSF,Bain Capital Credit,Healthcare & Pharmaceuticals,4.049,3.845,0.0531,11/21/2030,5.25,,False,,False,,2025-09-30,2025-09-30,1
"MEDX AMCP Holdings, LLC",medx amcp,2,GREEN,0,1,1,1,"MEDX AMCP Holdings, LLC",BXSL,Blackstone Credit Advisors,Health Care Technology (continued),4.034,4.037,-0.0007,7/21/2032,,,False,,False,,2025-12-31,2025-12-31,1
"Cyber US Bidco, LLC",cyber us,2,GREEN,0,1,1,1,"Cyber US Bidco, LLC",MSDL,Morgan Stanley Investment Management,IT Services,4.021,4.062,-0.0101,,,,False,,False,,2025-12-31,2025-12-31,1
"Verge Analytics, Inc.",verge analytics,2,GREEN,0,1,1,1,"Verge Analytics, Inc.",HTGC,Hercules Capital (internal),Drug Discovery & Development,4.004,3.103,0.2904,,,,False,,False,,2025-09-30,2025-12-31,2
Orion Services Group,orion services,2,GREEN,0,1,1,1,Orion Services Group,FSK,FS/KKR Advisor,Capital Goods,4.0,4.0,0.0,,,,False,,False,,2025-12-31,2025-12-31,1
"Sphynx UK Bidco, Ltd.",sphynx uk,2,GREEN,0,1,1,1,"Sphynx UK Bidco, Ltd.",GBDC,GC Advisors,Food Products,3.992,4.048,-0.0138,,,,False,,False,,2025-09-30,2025-12-31,2
Magnolia Wash Holdings,magnolia wash,2,GREEN,0,1,1,1,Magnolia Wash Holdings,MSDL,Morgan Stanley Investment Management,,3.986,4.042,-0.0139,,,,False,,False,,2025-09-30,2025-12-31,2
"Anthracite Buyer, Inc. (Coalfire)",anthracite coalfire,2,GREEN,0,1,1,1,"Anthracite Buyer, Inc. (Coalfire)",TCPC,Tennenbaum Capital Partners (BlackRock),IT Services,3.985,3.9854,-0.0001,12/3/2032,4.5,,False,,False,,2025-12-31,2025-12-31,1
"Seven Bidco, SASU",seven sasu,2,GREEN,0,1,1,1,"Seven Bidco, SASU",BXSL,Blackstone Credit Advisors,Software (continued),3.966,3.412,0.1624,8/27/2032,,,False,,False,,2025-12-31,2025-12-31,1
Webcentral,webcentral,2,GREEN,0,1,1,1,Webcentral,BCSF,Bain Capital Credit,Services: Business,3.955,3.607,0.0965,12/18/2030,6.5,,False,,False,,2025-09-30,2025-09-30,1
"High Bar Brands Operating, LLC",high bar,2,GREEN,0,1,1,1,"High Bar Brands Operating, LLC",GBDC,GC Advisors,,3.924,3.937,-0.0033,,,,False,,False,,2025-09-30,2025-12-31,2
"Click Therapeutics, Inc.",click therapeutics,2,GREEN,0,1,1,1,"Click Therapeutics, Inc.",HTGC,Hercules Capital (internal),Electronics & Computer Hardware,3.899,3.324,0.173,,,,False,,False,,2025-09-30,2025-12-31,2
Parexel International Corp,parexel international,2,GREEN,0,1,1,1,Parexel International Corp,OCSL,Oaktree Capital Management,Life Sciences Tools & Services,3.892,3.867,0.0065,12/9/2031,3.75,,False,,False,,2025-12-31,2025-12-31,1
"Garreco, LLC",garreco,2,GREEN,0,1,1,1,"Garreco, LLC",MAIN,Main Street Capital (internal),,3.89,2.4,0.6208,,,,False,,False,,2025-09-30,2025-12-31,2
StubHub Holdco Sub LLC,stubhub sub,2,GREEN,0,1,1,1,StubHub Holdco Sub LLC,OCSL,Oaktree Capital Management,Movies & Entertainment,3.88,3.795,0.0224,3/15/2030,4.75,,False,,False,,2025-09-30,2025-12-31,2
SirionLabs Pte. Ltd.,sirionlabs pte,2,GREEN,0,1,1,1,SirionLabs Pte. Ltd.,HTGC,Hercules Capital (internal),Equity Investments,3.823,3.584,0.0667,,,,False,,False,,2025-09-30,2025-12-31,2
Eternal Aus Bidco Pty Ltd,eternal aus,2,GREEN,0,1,1,1,Eternal Aus Bidco Pty Ltd,ARCC,Ares Capital Management,,3.8,3.7,0.027,10/2029,8.71,,False,,False,,2025-09-30,2025-12-31,2
"Nutpods Holdings, Inc.",nutpods,2,GREEN,0,1,1,1,"Nutpods Holdings, Inc.",MFIC,"Apollo Investment Management, L.P.",Nutpods,3.785,3.854,-0.0179,,,,False,,False,,2025-12-31,2025-12-31,1
Community Merger Sub Debt LLC (CINC Systems),community sub debt,2,GREEN,0,1,1,1,Community Merger Sub Debt LLC (CINC Systems),TCPC,Tennenbaum Capital Partners (BlackRock),Real Estate Management and Development,3.7289,3.6041,0.0346,1/18/2030,5.46,,False,,False,,2025-09-30,2025-12-31,2
"Titan Home Improvement, LLC (Renuity)",titan home,2,GREEN,0,1,1,1,"Titan Home Improvement, LLC (Renuity)",TCPC,Tennenbaum Capital Partners (BlackRock),Debt Investments (continued),3.7133,3.6007,0.0313,5/31/2030,5.25,,False,,False,,2025-12-31,2025-12-31,1
"Palmdale Oil Company, LLC",palmdale oil,2,GREEN,0,1,1,1,"Palmdale Oil Company, LLC",TCPC,Tennenbaum Capital Partners (BlackRock),Media,3.7126,3.5736,0.0389,10/2/2029,6.52,,False,,False,,2025-12-31,2025-12-31,1
"Emburse, Inc.",emburse,2,GREEN,0,1,1,1,"Emburse, Inc.",MSDL,Morgan Stanley Investment Management,,3.678,3.685,-0.0019,,,,False,,False,,2025-09-30,2025-12-31,2
"Coupa Software, Inc.",coupa software,2,GREEN,0,1,1,1,"Coupa Software, Inc.",BXSL,Blackstone Credit Advisors,Software (continued),3.635,3.569,0.0185,2/27/2030,,,False,,False,,2025-12-31,2025-12-31,1
"Monarch Buyer, Inc.",monarch,2,GREEN,0,1,1,1,"Monarch Buyer, Inc.",CGBD,Carlyle Investment Management,Business Services,3.621,3.638,-0.0047,6/2/2032,,,False,,False,,2025-09-30,2025-12-31,2
N26 GmbH,n26 gmbh,2,GREEN,0,1,1,1,N26 GmbH,TPVG,TriplePoint Advisers,Other Financial Services,3.553,0.055,63.6,,,,False,,False,,2025-09-30,2025-12-31,2
"Intercept Bidco, Inc.",intercept,2,GREEN,0,1,1,1,"Intercept Bidco, Inc.",TCPC,Tennenbaum Capital Partners (BlackRock),IT Services,3.5515,3.5194,0.0091,6/3/2030,6.0,,False,,False,,2025-12-31,2025-12-31,1
Ampersand Partners Feeder AIV LP,ampersand partners,2,GREEN,0,1,1,1,Ampersand Partners Feeder AIV LP,CGBD,Carlyle Investment Management,Diversified Financial Services,3.53,0.17,19.7647,,,,False,,False,,2025-12-31,2025-12-31,1
RBS Buyer Inc.,rbs,2,GREEN,0,1,1,1,RBS Buyer Inc.,TCPC,Tennenbaum Capital Partners (BlackRock),Debt Investments (continued),3.4314,3.3538,0.0231,7/31/2031,5.0,,False,,False,,2025-09-30,2025-12-31,2
Elevator Holdco Inc.,elevator,2,GREEN,0,1,1,1,Elevator Holdco Inc.,BCSF,Bain Capital Credit,Services: Business,3.41,2.448,0.393,,,,False,,False,,2025-09-30,2025-09-30,1
"Community Care Partners, LLC",community care partners,2,GREEN,0,1,1,1,"Community Care Partners, LLC",GBDC,GC Advisors,,3.405,3.445,-0.0116,,,,False,,False,,2025-09-30,2025-12-31,2
Jonathan Acquisition Company,jonathan,2,GREEN,0,1,1,1,Jonathan Acquisition Company,MSDL,Morgan Stanley Investment Management,Aerospace & Defense,3.346,3.389,-0.0127,,,,False,,False,,2025-09-30,2025-12-31,2
"AArete Investment, LLC",aarete investment,2,GREEN,0,1,1,1,"AArete Investment, LLC",CGBD,Carlyle Investment Management,Healthcare & Pharmaceuticals,3.274,3.238,0.0111,6/5/2031,,,False,,False,,2025-09-30,2025-12-31,2
ACAMS,acams,2,GREEN,0,1,1,1,ACAMS,BCSF,Bain Capital Credit,Services: Business,3.24,3.337,-0.0291,,,,False,,False,,2025-09-30,2025-09-30,1
"Engineered Products Co., LLC",engineered products,2,GREEN,0,1,1,1,"Engineered Products Co., LLC",BCSF,Bain Capital Credit,Capital Equipment,3.236,3.269,-0.0101,8/12/2031,4.75,,False,,False,,2025-09-30,2025-09-30,1
Utimaco,utimaco,2,GREEN,0,1,1,1,Utimaco,BCSF,Bain Capital Credit,High Tech Industries,3.218,2.576,0.2492,5/14/2029,5.75,,False,,False,,2025-09-30,2025-09-30,1
"Convey Health Solutions, Inc.",convey health,2,GREEN,0,1,1,1,"Convey Health Solutions, Inc.",ARCC,Ares Capital Management,,3.2,2.0,0.6,07/2029,4.77,,False,,False,,2025-09-30,2025-12-31,2
Cowboy Parent LLC,cowboy,2,GREEN,0,1,1,1,Cowboy Parent LLC,PNNT,PennantPark Investment Advisers,Distribution,3.157,3.015,0.0471,,,,False,,False,,2025-09-30,2025-12-31,2
"Crewline Buyer, Inc. (New Relic)",crewline new,2,GREEN,0,1,1,1,"Crewline Buyer, Inc. (New Relic)",TCPC,Tennenbaum Capital Partners (BlackRock),IT Services,3.1544,3.0569,0.0319,11/8/2030,6.75,,False,,False,,2025-09-30,2025-12-31,2
EWMW LP,ewmw,2,GREEN,0,1,1,1,EWMW LP,MAIN,Main Street Capital (internal),,3.144,3.144,0.0,,9.87,,False,,False,,2025-12-31,2025-12-31,1
Shackleton Bidco Inc. (Payworks) (Canada),shackleton payworks,2,GREEN,0,1,1,1,Shackleton Bidco Inc. (Payworks) (Canada),TCPC,Tennenbaum Capital Partners (BlackRock),Debt Investments (continued),3.1388,3.0419,0.0319,10/25/2032,4.5,,False,,False,,2025-12-31,2025-12-31,1
"Allium Buyer, LLC",allium,2,GREEN,0,1,1,1,"Allium Buyer, LLC",BXSL,Blackstone Credit Advisors,IT Services,3.13,3.07,0.0195,5/2/2030,,,False,,False,,2025-12-31,2025-12-31,1
EBS Parent Holdings Inc. (The Difference Card),ebs difference,2,GREEN,0,1,1,1,EBS Parent Holdings Inc. (The Difference Card),TCPC,Tennenbaum Capital Partners (BlackRock),Insurance,3.0848,3.0811,0.0012,7/1/2032,5.0,,False,,False,,2025-09-30,2025-12-31,2
"NTI Connect, LLC*",nti connect,2,GREEN,0,1,1,1,"NTI Connect, LLC*",GBDC,GC Advisors,Diversified Telecommunication Services,3.05,3.058,-0.0026,,,,False,,False,,2025-09-30,2025-12-31,2
"Salisbury House, LLC",salisbury house,2,GREEN,0,1,1,1,"Salisbury House, LLC",GBDC,GC Advisors,,3.044,3.06,-0.0052,,,,False,,False,,2025-09-30,2025-12-31,2
"TG Therapeutics, Inc.",tg therapeutics,2,GREEN,0,1,1,1,"TG Therapeutics, Inc.",HTGC,Hercules Capital (internal),Drug Discovery & Development,3.041,1.442,1.1089,,,,False,,False,,2025-09-30,2025-12-31,2
Philippine Airlines 777,philippine airlines,2,GREEN,0,1,1,1,Philippine Airlines 777,FSK,FS/KKR Advisor,Transportation,3.0,3.0,0.0,,,,False,,False,,2025-09-30,2025-12-31,2
"ConnectWise, LLC",connectwise,2,GREEN,0,1,1,1,"ConnectWise, LLC",OTF,Blue Owl Credit Advisors,,2.967,3.025,-0.0192,9/2028,,,False,,False,,2025-09-30,2025-12-31,2
"Huckabee Acquisition, LLC (MOREgroup)",huckabee moregroup,2,GREEN,0,1,1,1,"Huckabee Acquisition, LLC (MOREgroup)",TCPC,Tennenbaum Capital Partners (BlackRock),Professional Services,2.9269,2.8216,0.0373,1/16/2030,5.25,,False,,False,,2025-09-30,2025-12-31,2
"Carolina’s Contracting, LLC",carolina s,2,GREEN,0,1,1,1,"Carolina’s Contracting, LLC",SLRC,SLR Capital Partners,Diversified Consumer Services,2.912,2.932,-0.0068,,8.72,,False,,False,,2025-09-30,2025-12-31,2
SCIL IV LLC,scil iv,2,GREEN,0,1,1,1,SCIL IV LLC,OCSL,Oaktree Capital Management,Specialty Chemicals,2.86,2.836,0.0085,10/29/2032,4.0,,False,,False,,2025-12-31,2025-12-31,1
SoftCo,softco,2,GREEN,0,1,1,1,SoftCo,BCSF,Bain Capital Credit,Services: Business,2.853,2.537,0.1246,2/22/2031,6.5,,False,,False,,2025-09-30,2025-09-30,1
Pollo Tropical,pollo tropical,2,GREEN,0,1,1,1,Pollo Tropical,BCSF,Bain Capital Credit,Non-Controlled/Non-Affiliate Investments,2.848,2.869,-0.0073,10/23/2029,5.25,,False,,False,,2025-09-30,2025-09-30,1
OGH Bidco Limited,ogh,2,GREEN,0,1,1,1,OGH Bidco Limited,BCSF,Bain Capital Credit,Non-Controlled/Non-Affiliate Investments,2.789,2.356,0.1838,6/29/2029,6.5,,False,,False,,2025-09-30,2025-09-30,1
"SingleStore, Inc.",singlestore,2,GREEN,0,1,1,1,"SingleStore, Inc.",HTGC,Hercules Capital (internal),,2.755,2.383,0.1561,,,,False,,False,,2025-09-30,2025-12-31,2
Trulite Holding Corp.,trulite,2,GREEN,0,1,1,1,Trulite Holding Corp.,TCPC,Tennenbaum Capital Partners (BlackRock),Building Products,2.7376,2.6729,0.0242,2/22/2030,6.0,,False,,False,,2025-12-31,2025-12-31,1
"Infogroup Parent Holdings, Inc.",infogroup,2,GREEN,0,1,1,1,"Infogroup Parent Holdings, Inc.",PNNT,PennantPark Investment Advisers,Other Media,2.735,2.04,0.3407,,,,False,,False,,2025-09-30,2025-12-31,2
"Legacy Service Partners, LLC",legacy service,2,GREEN,0,1,1,1,"Legacy Service Partners, LLC",SLRC,SLR Capital Partners,Diversified Consumer Services,2.733,2.796,-0.0225,,,,False,,False,,2025-09-30,2025-12-31,2
"ABC Legal Holdings, LLC",abc legal,2,GREEN,0,1,1,1,"ABC Legal Holdings, LLC",GBDC,GC Advisors,Diversified Consumer Services,2.657,2.67,-0.0049,,,,False,,False,,2025-09-30,2025-12-31,2
"CKD Holdings, Inc.",ckd,2,GREEN,0,1,1,1,"CKD Holdings, Inc.",SLRC,SLR Capital Partners,Ground Transportation,2.631,2.631,0.0,,8.6,,False,,False,,2025-09-30,2025-12-31,2
Reconomy,reconomy,2,GREEN,0,1,1,1,Reconomy,BCSF,Bain Capital Credit,Environmental Industries,2.605,2.054,0.2683,7/12/2029,6.26,,False,,False,,2025-09-30,2025-09-30,1
"TSS Buyer, LLC",tss,2,GREEN,0,1,1,1,"TSS Buyer, LLC",ARCC,Ares Capital Management,,2.6,2.5,0.04,06/2029,9.34,,False,,False,,2025-09-30,2025-12-31,2
Morrow Sodali,morrow sodali,2,GREEN,0,1,1,1,Morrow Sodali,BCSF,Bain Capital Credit,Services: Business,2.584,2.579,0.0019,4/25/2028,5.48,,False,,False,,2025-09-30,2025-09-30,1
"Wasabi Lower Holdco, LLC",wasabi lower,2,GREEN,0,1,1,1,"Wasabi Lower Holdco, LLC",GBDC,GC Advisors,,2.578,2.61,-0.0123,,,,False,,False,,2025-09-30,2025-12-31,2
Robinson Helicopter,robinson helicopter,2,GREEN,0,1,1,1,Robinson Helicopter,BCSF,Bain Capital Credit,Aerospace & Defense,2.551,0.507,4.0316,,,,False,,False,,2025-09-30,2025-09-30,1
"Power Grid Holdings, Inc.",power grid,2,GREEN,0,1,1,1,"Power Grid Holdings, Inc.",GBDC,GC Advisors,Electrical Equipment,2.522,2.552,-0.0118,,,,False,,False,,2025-09-30,2025-12-31,2
"PDFTron Systems, Inc.",pdftron systems,2,GREEN,0,1,1,1,"PDFTron Systems, Inc.",MSDL,Morgan Stanley Investment Management,,2.519,2.567,-0.0187,,,,False,,False,,2025-12-31,2025-12-31,1
"RMS HoldCo II, LLC & RMS Group Holdings, Inc.",rms ii,2,GREEN,0,1,1,1,"RMS HoldCo II, LLC & RMS Group Holdings, Inc.",ARCC,Ares Capital Management,,2.5,2.5,0.0,12/2028,9.34,,False,,False,,2025-09-30,2025-12-31,2
"RecordXTechnologies, LLC (Ontellus)",recordxtechnologies ontellus,2,GREEN,0,1,1,1,"RecordXTechnologies, LLC (Ontellus)",TCPC,Tennenbaum Capital Partners (BlackRock),Healthcare Providers and Services,2.4937,2.4564,0.0152,5/20/2030,5.25,,False,,False,,2025-12-31,2025-12-31,1
"Procure Acquiom Financial, LLC (Procure Analytics)",procure acquiom,2,GREEN,0,1,1,1,"Procure Acquiom Financial, LLC (Procure Analytics)",MSDL,Morgan Stanley Investment Management,Commercial Services & Supplies,2.47,1.0,1.47,,,,False,,False,,2025-09-30,2025-12-31,2
SVP-Singer Holdings Inc.,svp singer,2,GREEN,0,1,1,1,SVP-Singer Holdings Inc.,OCSL,Oaktree Capital Management,Home Furnishings,2.463,2.463,0.0,,,,False,,False,,2025-09-30,2025-12-31,2
"Archer Systems, LLC",archer systems,2,GREEN,0,1,1,1,"Archer Systems, LLC",MAIN,Main Street Capital (internal),,2.45,1.388,0.7651,,,,False,,False,,2025-09-30,2025-12-31,2
"NH Holdings 2025 SPV, L.P.",nh,2,GREEN,0,1,1,1,"NH Holdings 2025 SPV, L.P.",HTGC,Hercules Capital (internal),Electronics & Computer Hardware,2.439,1.848,0.3198,,,,False,,False,,2025-12-31,2025-12-31,1
CAI Software LLC,cai software,2,GREEN,0,1,1,1,CAI Software LLC,MAIN,Main Street Capital (internal),,2.417,2.142,0.1284,,,,False,,False,,2025-09-30,2025-12-31,2
"Elevation NewCo, LLC",elevation newco,2,GREEN,0,1,1,1,"Elevation NewCo, LLC",BCSF,Bain Capital Credit,Metals & Mining,2.372,2.396,-0.01,8/1/2031,5.75,,False,,False,,2025-09-30,2025-09-30,1
"First American Commercial Bancorp, Inc.",first american commercial,2,GREEN,0,1,1,1,"First American Commercial Bancorp, Inc.",SLRC,SLR Capital Partners,Financial Services,2.361,2.362,-0.0004,,9.0,,False,,False,,2025-09-30,2025-12-31,2
"GFRC 360, LLC",gfrc,2,GREEN,0,1,1,1,"GFRC 360, LLC",GLAD,Gladstone Management Corporation,,2.355,2.355,0.0,,,,False,,False,,2025-09-30,2025-12-31,2
Deepl Se (Germany),deepl se,2,GREEN,0,1,1,1,Deepl Se (Germany),TCPC,Tennenbaum Capital Partners (BlackRock),Software,2.3526,2.3452,0.0032,6/26/2030,5.0,,False,,False,,2025-09-30,2025-12-31,2
"Octane Purchaser, Inc.",octane,2,GREEN,0,1,1,1,"Octane Purchaser, Inc.",BXSL,Blackstone Credit Advisors,Health Care Technology (continued),2.329,2.319,0.0043,5/19/2032,,,False,,False,,2025-12-31,2025-12-31,1
"Olo Parent, Inc.",olo,2,GREEN,0,1,1,1,"Olo Parent, Inc.",GBDC,GC Advisors,,2.32,2.326,-0.0026,,,,False,,False,,2025-09-30,2025-12-31,2
"North Haven Goldfinch Topco, LLC",north haven goldfinch,2,GREEN,0,1,1,1,"North Haven Goldfinch Topco, LLC",CGBD,Carlyle Investment Management,"Containers, Packaging & Glass",2.315,2.315,0.0,,,,False,,False,,2025-09-30,2025-12-31,2
Pure Wafer,pure wafer,2,GREEN,0,1,1,1,Pure Wafer,BCSF,Bain Capital Credit,Services: Business,2.255,2.127,0.0602,11/12/2030,5.35,,False,,False,,2025-09-30,2025-09-30,1
"Contentful Global, Inc.",contentful global,2,GREEN,0,1,1,1,"Contentful Global, Inc.",HTGC,Hercules Capital (internal),,2.228,1.276,0.7461,,,,False,,False,,2025-09-30,2025-12-31,2
Fossil Canada Inc.,fossil canada,2,GREEN,0,1,1,1,Fossil Canada Inc.,ARCC,Ares Capital Management,Consumer Durables and Apparel,2.2,2.2,0.0,08/2030,9.04,,False,,False,,2025-09-30,2025-12-31,2
"PKF O'Connor Davies Advisory, LLC",pkf o,2,GREEN,0,1,1,1,"PKF O'Connor Davies Advisory, LLC",BXSL,Blackstone Credit Advisors,Financial Services,2.189,2.178,0.0051,11/18/2031,,,False,,False,,2025-12-31,2025-12-31,1
"Thrillist Media Group, Inc.",thrillist media,2,GREEN,0,1,1,1,"Thrillist Media Group, Inc.",TPVG,TriplePoint Advisers,General Media and Content,2.184,0.624,2.5,,,,False,,False,,2025-09-30,2025-12-31,2
"Confluence Technologies, Inc.",confluence technologies,2,GREEN,0,1,1,1,"Confluence Technologies, Inc.",BXSL,Blackstone Credit Advisors,Software (continued),2.182,2.164,0.0083,7/30/2028,,,False,,False,,2025-12-31,2025-12-31,1
MMan Acquisition Co.,mman,2,GREEN,0,1,1,1,MMan Acquisition Co.,GBDC,GC Advisors,IT Services,2.18,2.18,0.0,,,,False,,False,,2025-09-30,2025-12-31,2
Paulus Holdings Public Limited Company,paulus public,2,GREEN,0,1,1,1,Paulus Holdings Public Limited Company,OCSL,Oaktree Capital Management,Health Care Technology,2.18,1.421,0.5341,,,,False,,False,,2025-12-31,2025-12-31,1
Grammer Investment Holdings LLC,grammer investment,2,GREEN,0,1,1,1,Grammer Investment Holdings LLC,BCSF,Bain Capital Credit,Transportation: Cargo,2.179,1.095,0.99,,,,False,,False,,2025-09-30,2025-09-30,1
"Dellner Couplers Group, AB",dellner couplers,2,GREEN,0,1,1,1,"Dellner Couplers Group, AB",BXSL,Blackstone Credit Advisors,Auto Components,2.127,2.0,0.0635,6/18/2029,,,False,,False,,2025-12-31,2025-12-31,1
Stonewall Kitchen,stonewall kitchen,2,GREEN,0,1,1,1,Stonewall Kitchen,OBDC,Blue Owl Credit Advisors,Consumer products,2.127,2.147,-0.0093,3/2029,,,False,,False,,2025-09-30,2025-12-31,2
Darcy Partners,darcy partners,2,GREEN,0,1,1,1,Darcy Partners,BCSF,Bain Capital Credit,Services: Business,2.108,1.984,0.0625,6/1/2028,7.74,,False,,False,,2025-09-30,2025-09-30,1
"DTE Enterprises, LLC",dte enterprises,2,GREEN,0,1,1,1,"DTE Enterprises, LLC",MAIN,Main Street Capital (internal),,2.092,0.0,,,9.26,,False,,False,,2025-09-30,2025-12-31,2
Master ConcessionAir,master concessionair,2,GREEN,0,1,1,1,Master ConcessionAir,BCSF,Bain Capital Credit,Services: Consumer,2.081,2.116,-0.0165,6/21/2029,8.75,,False,,False,,2025-09-30,2025-09-30,1
"GarageCo Intermediate II, LLC",garageco ii,2,GREEN,0,1,1,1,"GarageCo Intermediate II, LLC",MSDL,Morgan Stanley Investment Management,Diversified Consumer Services,2.08,2.084,-0.0019,,,,False,,False,,2025-09-30,2025-12-31,2
TL Alpine Holding Corp.,tl alpine,2,GREEN,0,1,1,1,TL Alpine Holding Corp.,TCPC,Tennenbaum Capital Partners (BlackRock),Building Products,1.9883,1.9471,0.0212,8/1/2030,6.0,,False,,False,,2025-12-31,2025-12-31,1
Air Distribution Technologies Inc,air distribution,2,GREEN,0,1,1,1,Air Distribution Technologies Inc,TCPC,Tennenbaum Capital Partners (BlackRock),Building Products,1.9764,1.9616,0.0075,8/1/2030,6.0,,False,,False,,2025-12-31,2025-12-31,1
"Huskies Parent, Inc.",huskies,2,GREEN,0,1,1,1,"Huskies Parent, Inc.",GBDC,GC Advisors,Insurance,1.976,1.995,-0.0095,,,,False,,False,,2025-12-31,2025-12-31,1
"Embark Intermediate Holdings, LLC",embark,2,GREEN,0,1,1,1,"Embark Intermediate Holdings, LLC",CGBD,Carlyle Investment Management,Business Services,1.956,1.957,-0.0005,9/2/2032,,,False,,False,,2025-09-30,2025-12-31,2
"CB Titan Holdings, Inc.",cb titan,2,GREEN,0,1,1,1,"CB Titan Holdings, Inc.",BCSF,Bain Capital Credit,Healthcare & Pharmaceuticals,1.953,0.0,,,,,False,,False,,2025-09-30,2025-09-30,1
PCX Aerostructures LLC,pcx aerostructures,2,GREEN,0,1,1,1,PCX Aerostructures LLC,SLRC,SLR Capital Partners,Aerospace & Defense,1.931,1.931,0.0,12/1/2028,9.32,,False,,False,,2025-09-30,2025-12-31,2
Crete United,crete united,2,GREEN,0,1,1,1,Crete United,OBDC,Blue Owl Credit Advisors,Business services,1.929,1.912,0.0089,5/2028,,,False,,False,,2025-09-30,2025-12-31,2
"SCI PH Parent, Inc.",sci ph,2,GREEN,0,1,1,1,"SCI PH Parent, Inc.",ARCC,Ares Capital Management,,1.9,1.1,0.7273,,,,False,,False,,2025-09-30,2025-12-31,2
HealthDrive,healthdrive,2,GREEN,0,1,1,1,HealthDrive,BCSF,Bain Capital Credit,Healthcare & Pharmaceuticals,1.891,1.822,0.0379,8/20/2029,,,False,,False,,2025-09-30,2025-09-30,1
MW Industries,mw industries,2,GREEN,0,1,1,1,MW Industries,OBDC,Blue Owl Credit Advisors,Manufacturing,1.878,1.849,0.0157,3/2030,,,False,,False,,2025-09-30,2025-12-31,2
"GFP Atlantic Holdco 2, LLC",gfp atlantic,2,GREEN,0,1,1,1,"GFP Atlantic Holdco 2, LLC",GBDC,GC Advisors,,1.85,1.86,-0.0054,,,,False,,False,,2025-09-30,2025-12-31,2
AMEREQUIP LLC,amerequip,2,GREEN,0,1,1,1,AMEREQUIP LLC,MAIN,Main Street Capital (internal),,1.844,0.0,,,,,False,,False,,2025-09-30,2025-12-31,2
Atlas Technical Consultants,atlas technical,2,GREEN,0,1,1,1,Atlas Technical Consultants,OBDC,Blue Owl Credit Advisors,Infrastructure and environmental services,1.823,1.825,-0.0011,4/2029,,,False,,False,,2025-09-30,2025-12-31,2
RoadOne IntermodaLogistics,roadone intermodalogistics,2,GREEN,0,1,1,1,RoadOne IntermodaLogistics,MSDL,Morgan Stanley Investment Management,Air Freight & Logistics,1.817,1.864,-0.0252,,,,False,,False,,2025-09-30,2025-12-31,2
Vessco Water,vessco water,2,GREEN,0,1,1,1,Vessco Water,BCSF,Bain Capital Credit,Utilities: Water,1.804,1.813,-0.005,7/24/2031,4.75,,False,,False,,2025-09-30,2025-09-30,1
"SDC Holdco, LLC",sdc,2,GREEN,0,1,1,1,"SDC Holdco, LLC",GBDC,GC Advisors,,1.78,1.788,-0.0045,,,,False,,False,,2025-09-30,2025-12-31,2
"Crunch Holdings, LLC",crunch,2,GREEN,0,1,1,1,"Crunch Holdings, LLC",GBDC,GC Advisors,Leisure Products,1.756,1.76,-0.0023,,,,False,,False,,2025-09-30,2025-12-31,2
"Aptive Environmental, LLC",aptive environmental,2,GREEN,0,1,1,1,"Aptive Environmental, LLC",GBDC,GC Advisors,Diversified Consumer Services,1.75,1.767,-0.0096,,,,False,,False,,2025-12-31,2025-12-31,1
"Orange Blossom Parent, Inc.",orange blossom,2,GREEN,0,1,1,1,"Orange Blossom Parent, Inc.",OTF,Blue Owl Credit Advisors,Health Care Technology,1.72,1.665,0.033,,,,False,,False,,2025-09-30,2025-12-31,2
"Abacus Holdco 2, Oy",abacus oy,2,GREEN,0,1,1,1,"Abacus Holdco 2, Oy",BXSL,Blackstone Credit Advisors,Software,1.699,1.565,0.0856,8/13/2031,,,False,,False,,2025-12-31,2025-12-31,1
"Partner Therapeutics, Inc",partner therapeutics,2,GREEN,0,1,1,1,"Partner Therapeutics, Inc",MFIC,"Apollo Investment Management, L.P.",Mannkind Corporation,1.694,1.444,0.1731,,,,False,,False,,2025-12-31,2025-12-31,1
Zelis Payments Buyer Inc,zelis payments,2,GREEN,0,1,1,1,Zelis Payments Buyer Inc,OCSL,Oaktree Capital Management,Health Care Technology,1.684,1.683,0.0006,9/28/2029,3.0,,False,,False,,2025-12-31,2025-12-31,1
Nafinco,nafinco,2,GREEN,0,1,1,1,Nafinco,BCSF,Bain Capital Credit,Healthcare & Pharmaceuticals,1.677,1.624,0.0326,5/30/2031,5.25,,False,,False,,2025-09-30,2025-09-30,1
"Ole Smoky Distillery, LLC",ole smoky,2,GREEN,0,1,1,1,"Ole Smoky Distillery, LLC",OBDC,Blue Owl Credit Advisors,Food and beverage,1.659,1.692,-0.0195,3/2028,,,False,,False,,2025-09-30,2025-12-31,2
"RTI Surgical, Inc.",rti surgical,2,GREEN,0,1,1,1,"RTI Surgical, Inc.",GBDC,GC Advisors,,1.659,1.667,-0.0048,,,,False,,False,,2025-09-30,2025-12-31,2
"RSK Holdings, Inc. (Riskonnect)",rsk riskonnect,2,GREEN,0,1,1,1,"RSK Holdings, Inc. (Riskonnect)",MSDL,Morgan Stanley Investment Management,Software,1.652,0.0,,,,,False,,False,,2025-09-30,2025-12-31,2
Energy Labs Holdings Corp.,energy labs,2,GREEN,0,1,1,1,Energy Labs Holdings Corp.,MSDL,Morgan Stanley Investment Management,Commercial Services & Supplies,1.641,1.663,-0.0132,,,,False,,False,,2025-09-30,2025-12-31,2
Disco Parent Inc,disco,2,GREEN,0,1,1,1,Disco Parent Inc,OCSL,Oaktree Capital Management,Application Software,1.562,1.562,0.0,8/6/2032,3.25,,False,,False,,2025-12-31,2025-12-31,1
Gryphon Acquire NewCo LLC,gryphon acquire,2,GREEN,0,1,1,1,Gryphon Acquire NewCo LLC,OCSL,Oaktree Capital Management,Semiconductors,1.562,1.563,-0.0006,9/13/2032,3.0,,False,,False,,2025-12-31,2025-12-31,1
Allied Universal Holdco LLC,allied universal,2,GREEN,0,1,1,1,Allied Universal Holdco LLC,OCSL,Oaktree Capital Management,Security & Alarm Services,1.556,1.555,0.0006,8/20/2032,3.25,,False,,False,,2025-12-31,2025-12-31,1
Flynn Restaurant Group LP,flynn restaurant,2,GREEN,0,1,1,1,Flynn Restaurant Group LP,OCSL,Oaktree Capital Management,Restaurants,1.554,1.557,-0.0019,1/28/2032,3.75,,False,,False,,2025-12-31,2025-12-31,1
Culligan Holding Inc,culligan,2,GREEN,0,1,1,1,Culligan Holding Inc,OCSL,Oaktree Capital Management,Specialized Consumer Services,1.551,1.551,0.0,7/31/2028,3.0,,False,,False,,2025-12-31,2025-12-31,1
Ultimate Software (UKG Inc),software ukg,2,GREEN,0,1,1,1,Ultimate Software (UKG Inc),OCSL,Oaktree Capital Management,Application Software,1.55,1.549,0.0006,2/10/2031,3.5,,False,,False,,2025-12-31,2025-12-31,1
Dayforce Inc,dayforce,2,GREEN,0,1,1,1,Dayforce Inc,OCSL,Oaktree Capital Management,Human Resource & Employment Services,1.547,1.547,0.0,8/20/2032,3.0,,False,,False,,2025-12-31,2025-12-31,1
"Pamlico Avant Holdings, LP",pamlico avant,2,GREEN,0,1,1,1,"Pamlico Avant Holdings, LP",MSDL,Morgan Stanley Investment Management,Electrical Equipment,1.545,1.563,-0.0115,,,,False,,False,,2025-12-31,2025-12-31,1
"Wm. Bolthouse Farms, Inc.",wm bolthouse,2,GREEN,0,1,1,1,"Wm. Bolthouse Farms, Inc.",MFIC,"Apollo Investment Management, L.P.",Bolthouse Farms,1.534,1.46,0.0507,,,,False,,False,,2025-12-31,2025-12-31,1
"CR Fitness Holdings, LLC",cr fitness,2,GREEN,0,1,1,1,"CR Fitness Holdings, LLC",GBDC,GC Advisors,,1.527,1.532,-0.0033,,,,False,,False,,2025-12-31,2025-12-31,1
"Diamondback Acquisition, Inc.",diamondback,2,GREEN,0,1,1,1,"Diamondback Acquisition, Inc.",GBDC,GC Advisors,,1.527,1.531,-0.0026,,,,False,,False,,2025-09-30,2025-12-31,2
QSR Acquisition Co.,qsr,2,GREEN,0,1,1,1,QSR Acquisition Co.,GBDC,GC Advisors,,1.516,1.522,-0.0039,,,,False,,False,,2025-09-30,2025-12-31,2
Northwoods Capital 20 Ltd,northwoods capital,2,GREEN,0,1,1,1,Northwoods Capital 20 Ltd,OCSL,Oaktree Capital Management,Multi-Sector Holdings,1.507,1.487,0.0134,10/25/2038,6.88,,False,,False,,2025-12-31,2025-12-31,1
KUEHG Corp,kuehg,2,GREEN,0,1,1,1,KUEHG Corp,OCSL,Oaktree Capital Management,Education Services,1.505,1.505,0.0,6/12/2030,2.75,,False,,False,,2025-12-31,2025-12-31,1
"The Smedley Company & Smedley Services, Inc.",smedley smedley,2,GREEN,0,1,1,1,"The Smedley Company & Smedley Services, Inc.",SLRC,SLR Capital Partners,Commercial Services & Supplies,1.501,1.602,-0.063,1/2028,4.07,,False,,False,,2025-09-30,2025-12-31,2
"Healthmark Holdings, L.P.",healthmark,2,GREEN,0,1,1,1,"Healthmark Holdings, L.P.",GBDC,GC Advisors,Healthcare Technology,1.492,1.499,-0.0047,,,,False,,False,,2025-09-30,2025-12-31,2
Ben Nevis Midco Limited,ben nevis,2,GREEN,0,1,1,1,Ben Nevis Midco Limited,GBDC,GC Advisors,Insurance,1.486,1.501,-0.01,,,,False,,False,,2025-09-30,2025-12-31,2
Lacker Bidco Limited,lacker,2,GREEN,0,1,1,1,Lacker Bidco Limited,GBDC,GC Advisors,Healthcare Technology,1.467,1.519,-0.0342,,,,False,,False,,2025-09-30,2025-12-31,2
"Complete Equipment Rentals, LLC",complete equipment,2,GREEN,0,1,1,1,"Complete Equipment Rentals, LLC",SLRC,SLR Capital Partners,Commercial Services & Supplies,1.442,1.45,-0.0055,,7.15,,False,,False,,2025-09-30,2025-12-31,2
Stark International Lux,stark international,2,GREEN,0,1,1,1,Stark International Lux,BXSL,Blackstone Credit Advisors,Pharmaceuticals,1.435,1.407,0.0199,8/13/2032,,,False,,False,,2025-12-31,2025-12-31,1
"Whoop, Inc.",whoop,2,GREEN,0,1,1,1,"Whoop, Inc.",HTGC,Hercules Capital (internal),Consumer & Business Products,1.427,0.034,40.9706,,,,False,,False,,2025-09-30,2025-12-31,2
"BlueVine Capital, Inc.",bluevine capital,2,GREEN,0,1,1,1,"BlueVine Capital, Inc.",TPVG,TriplePoint Advisers,Financial Institution and Services,1.416,0.361,2.9224,,,,False,,False,,2025-09-30,2025-12-31,2
HPS Loan Management Ltd,hps loan,2,GREEN,0,1,1,1,HPS Loan Management Ltd,OCSL,Oaktree Capital Management,Multi-Sector Holdings,1.409,1.407,0.0014,7/20/2038,5.35,,False,,False,,2025-12-31,2025-12-31,1
"U.S. Crane & Rigging, LLC",us crane rigging,2,GREEN,0,1,1,1,"U.S. Crane & Rigging, LLC",SLRC,SLR Capital Partners,Commercial Services & Supplies,1.352,1.352,0.0,9/1/2028,8.73,,False,,False,,2025-09-30,2025-12-31,2
"AASC Holdings, LP",aasc,2,GREEN,0,1,1,1,"AASC Holdings, LP",MSDL,Morgan Stanley Investment Management,Aerospace & Defense,1.308,1.155,0.1325,,,,False,,False,,2025-12-31,2025-12-31,1
"Reltio, Inc.",reltio,2,GREEN,0,1,1,1,"Reltio, Inc.",HTGC,Hercules Capital (internal),Warrant Investments,1.307,0.43,2.0395,,,,False,,False,,2025-09-30,2025-12-31,2
RedMed Operations (Collage Rehabilitation),redmed operations,2,GREEN,0,1,1,1,RedMed Operations (Collage Rehabilitation),BCSF,Bain Capital Credit,Healthcare & Pharmaceuticals,1.301,1.306,-0.0038,2/28/2031,5.0,,False,,False,,2025-09-30,2025-09-30,1
"Rent the Runway, Inc.",rent runway,2,GREEN,0,1,1,1,"Rent the Runway, Inc.",TPVG,TriplePoint Advisers,E-Commerce - Clothing and Accessories,1.294,0.0,,,,,False,,False,,2025-09-30,2025-12-31,2
"Fineline Technologies, Inc.",fineline technologies,2,GREEN,0,1,1,1,"Fineline Technologies, Inc.",BCSF,Bain Capital Credit,Consumer Goods: Non-Durable,1.288,0.939,0.3717,,,,False,,False,,2025-09-30,2025-09-30,1
"R1 Holdings, LLC",r1,2,GREEN,0,1,1,1,"R1 Holdings, LLC",BXSL,Blackstone Credit Advisors,Air Freight & Logistics,1.26,1.301,-0.0315,12/29/2028,,,False,,False,,2025-12-31,2025-12-31,1
Boart Longyear Company,boart longyear,2,GREEN,0,1,1,1,Boart Longyear Company,SLRC,SLR Capital Partners,Metals & Mining,1.218,1.218,0.0,,9.64,,False,,False,,2025-09-30,2025-12-31,2
PANTHERx,pantherx,2,GREEN,0,1,1,1,PANTHERx,OBDC,Blue Owl Credit Advisors,Pharmaceuticals,1.213,1.205,0.0066,3/2032,,,False,,False,,2025-09-30,2025-12-31,2
Otranto Park,otranto park,2,GREEN,0,1,1,1,Otranto Park,OCSL,Oaktree Capital Management,Multi-Sector Holdings,1.211,1.05,0.1533,10/15/2039,5.4,,False,,False,,2025-12-31,2025-12-31,1
Lakefield Veterinary Group,lakefield veterinary,2,GREEN,0,1,1,1,Lakefield Veterinary Group,OBDC,Blue Owl Credit Advisors,,1.208,1.205,0.0025,9/2030,,,False,,False,,2025-09-30,2025-12-31,2
"CaseWorthy, Inc.",caseworthy,2,GREEN,0,1,1,1,"CaseWorthy, Inc.",MAIN,Main Street Capital (internal),,1.2,0.571,1.1016,,,,False,,False,,2025-09-30,2025-12-31,2
Nidda Healthcare Holding AG,nidda healthcare,2,GREEN,0,1,1,1,Nidda Healthcare Holding AG,FSK,FS/KKR Advisor,"Pharmaceuticals, Biotechnology & Life Sciences",1.2,1.0,0.2,,,,False,,False,,2025-09-30,2025-12-31,2
"DCCM, LLC",dccm,2,GREEN,0,1,1,1,"DCCM, LLC",GBDC,GC Advisors,Construction & Engineering,1.178,1.184,-0.0051,,,,False,,False,,2025-09-30,2025-12-31,2
"Quip NYC, Inc.",quip nyc,2,GREEN,0,1,1,1,"Quip NYC, Inc.",TPVG,TriplePoint Advisers,Consumer Products and Services,1.171,0.0,,,,,False,,False,,2025-09-30,2025-12-31,2
Sinch AB (Sweden),sinch ab,2,GREEN,0,1,1,1,Sinch AB (Sweden),CGBD,Carlyle Investment Management,High Tech Industries,1.168,0.106,10.0189,,,,False,,False,,2025-12-31,2025-12-31,1
Garda World Security Corp.,garda world,2,GREEN,0,1,1,1,Garda World Security Corp.,OCSL,Oaktree Capital Management,Security & Alarm Services,1.156,1.16,-0.0034,2/1/2029,3.0,,False,,False,,2025-12-31,2025-12-31,1
"Anacomp, Inc.",anacomp,2,GREEN,0,1,1,1,"Anacomp, Inc.",TCPC,Tennenbaum Capital Partners (BlackRock),Professional Services,1.1553,1.2555,-0.0798,,,,False,,False,,2025-12-31,2025-12-31,1
Broadstreet Partners Group LLC,broadstreet partners,2,GREEN,0,1,1,1,Broadstreet Partners Group LLC,OCSL,Oaktree Capital Management,Insurance Brokers,1.153,1.152,0.0009,6/13/2031,2.75,,False,,False,,2025-12-31,2025-12-31,1
Touchdown Acquirer Inc,touchdown acquirer,2,GREEN,0,1,1,1,Touchdown Acquirer Inc,OCSL,Oaktree Capital Management,Commodity Chemicals,1.152,1.154,-0.0017,2/21/2031,2.75,,False,,False,,2025-12-31,2025-12-31,1
Amynta Agency Borrower Inc,amynta agency,2,GREEN,0,1,1,1,Amynta Agency Borrower Inc,OCSL,Oaktree Capital Management,Property & Casualty Insurance,1.151,1.151,0.0,12/29/2031,2.75,,False,,False,,2025-12-31,2025-12-31,1
ProAmpac LLC,proampac,2,GREEN,0,1,1,1,ProAmpac LLC,OCSL,Oaktree Capital Management,"Metal, Glass & Plastic Containers",1.151,1.151,0.0,9/15/2028,4.0,,False,,False,,2025-12-31,2025-12-31,1
Instructure Holdings Inc,instructure,2,GREEN,0,1,1,1,Instructure Holdings Inc,OCSL,Oaktree Capital Management,Application Software,1.15,1.15,0.0,11/13/2031,2.75,,False,,False,,2025-12-31,2025-12-31,1
Nielsen Holdings Ltd,nielsen,2,GREEN,0,1,1,1,Nielsen Holdings Ltd,OCSL,Oaktree Capital Management,Interactive Media & Services,1.14,1.139,0.0009,4/11/2029,5.0,,False,,False,,2025-12-31,2025-12-31,1
"Ironclad Holdco, LLC (Applied Technical Services, LLC)",ironclad applied,2,GREEN,0,1,1,1,"Ironclad Holdco, LLC (Applied Technical Services, LLC)",PNNT,PennantPark Investment Advisers,Environmental Services,1.139,0.525,1.1695,,,,False,,False,,2025-09-30,2025-12-31,2
Lackawanna Energy Center LLC,lackawanna energy,2,GREEN,0,1,1,1,Lackawanna Energy Center LLC,OCSL,Oaktree Capital Management,Independent Power Producers & Energy Traders,1.139,1.141,-0.0018,8/5/2032,3.0,,False,,False,,2025-12-31,2025-12-31,1
Bowlmor AMF Corp,bowlmor amf,2,GREEN,0,1,1,1,Bowlmor AMF Corp,OCSL,Oaktree Capital Management,Leisure Facilities,1.13,1.133,-0.0026,9/16/2032,3.25,,False,,False,,2025-12-31,2025-12-31,1
"TLB Holdings I, LLC",tlb i,2,GREEN,0,1,1,1,"TLB Holdings I, LLC",GBDC,GC Advisors,Household Durables,1.104,1.112,-0.0072,,,,False,,False,,2025-12-31,2025-12-31,1
"Drillers Choice, Inc.",drillers choice,2,GREEN,0,1,1,1,"Drillers Choice, Inc.",SLRC,SLR Capital Partners,Commercial Services & Supplies,1.089,1.091,-0.0018,,10.08,,False,,False,,2025-09-30,2025-12-31,2
Alvotech Holdings S.A.,alvotech sa,2,GREEN,0,1,1,1,Alvotech Holdings S.A.,OCSL,Oaktree Capital Management,Biotechnology,1.087,0.718,0.5139,,,,False,,False,,2025-09-30,2025-12-31,2
"CSC Thrive Holdings, LP (Thrive Networks)",csc thrive,2,GREEN,0,1,1,1,"CSC Thrive Holdings, LP (Thrive Networks)",MSDL,Morgan Stanley Investment Management,IT Services,1.082,0.421,1.5701,,,,False,,False,,2025-12-31,2025-12-31,1
"Bright Machines, Inc.",bright machines,2,GREEN,0,1,1,1,"Bright Machines, Inc.",HTGC,Hercules Capital (internal),Manufacturing Technology,1.056,1.074,-0.0168,,,,False,,False,,2025-09-30,2025-12-31,2
Global Claims Services,global claims services,2,GREEN,0,1,1,1,Global Claims Services,OBDC,Blue Owl Credit Advisors,,1.056,1.043,0.0125,8/2028,,,False,,False,,2025-09-30,2025-12-31,2
"Iracore Investments Holdings, Inc.",iracore investments,2,GREEN,0,1,1,1,"Iracore Investments Holdings, Inc.",TCPC,Tennenbaum Capital Partners (BlackRock),Media,1.0504,0.0162,63.8395,,,,False,,False,,2025-12-31,2025-12-31,1
"Duck Creek Technologies, Inc.",duck creek,2,GREEN,0,1,1,1,"Duck Creek Technologies, Inc.",OTF,Blue Owl Credit Advisors,Insurance,1.043,1.064,-0.0197,,,,False,,False,,2025-09-30,2025-12-31,2
Octagon 67 Ltd,octagon,2,GREEN,0,1,1,1,Octagon 67 Ltd,OCSL,Oaktree Capital Management,Multi-Sector Holdings,1.022,1.033,-0.0106,7/25/2038,7.41,,False,,False,,2025-12-31,2025-12-31,1
Pushpay USA Inc.,pushpay usa,2,GREEN,0,1,1,1,Pushpay USA Inc.,CGBD,Carlyle Investment Management,Diversified Financial Services,1.0,0.99,0.0101,8/16/2031,,,False,,False,,2025-09-30,2025-12-31,2
"Valar Atomics, Inc.",valar atomics,2,GREEN,0,1,1,1,"Valar Atomics, Inc.",TPVG,TriplePoint Advisers,Energy,0.993,0.978,0.0153,,,,False,,False,,2025-12-31,2025-12-31,1
"Eloxx Pharmaceuticals, Inc.",eloxx pharmaceuticals,2,GREEN,0,1,1,1,"Eloxx Pharmaceuticals, Inc.",HTGC,Hercules Capital (internal),Drug Discovery & Development,0.988,0.988,0.0,,6.25,625.0,False,,False,,2025-09-30,2025-12-31,2
"Apollo Group Holdco, LLC (Topsail)",apollo group,2,GREEN,0,1,1,1,"Apollo Group Holdco, LLC (Topsail)",TCPC,Tennenbaum Capital Partners (BlackRock),Commercial Services & Supplies,0.9612,0.957,0.0044,12/26/2030,5.88,,False,,False,,2025-12-31,2025-12-31,1
Hultec,hultec,2,GREEN,0,1,1,1,Hultec,BCSF,Bain Capital Credit,Wholesale,0.96,0.651,0.4747,,,,False,,False,,2025-09-30,2025-09-30,1
UFT Buyer LLC,uft,2,GREEN,0,1,1,1,UFT Buyer LLC,CGBD,Carlyle Investment Management,Environmental Industries,0.942,0.943,-0.0011,12/4/2032,,,False,,False,,2025-12-31,2025-12-31,1
Dye & Durham Corp.,dye durham,2,GREEN,0,1,1,1,Dye & Durham Corp.,TSLX,Sixth Street Partners,Business Services,0.941,0.935,0.0064,,4.35,435.0,False,,False,,2025-09-30,2025-09-30,1
Conviva Inc.,conviva,2,GREEN,0,1,1,1,Conviva Inc.,OCSL,Oaktree Capital Management,Application Software,0.894,0.605,0.4777,,,,False,,False,,2025-09-30,2025-12-31,2
"SimonMed, Inc.",simonmed,2,GREEN,0,1,1,1,"SimonMed, Inc.",OBDC,Blue Owl Credit Advisors,,0.891,0.894,-0.0034,2/2031,,,False,,False,,2025-09-30,2025-12-31,2
Copper Trail Fund Investments,copper trail,2,GREEN,0,1,1,1,Copper Trail Fund Investments,MAIN,Main Street Capital (internal),,0.89,0.89,0.0,,,,False,,False,,2025-09-30,2025-12-31,2
"Entrata, Inc.",entrata,2,GREEN,0,1,1,1,"Entrata, Inc.",OTF,Blue Owl Credit Advisors,Real Estate Management & Development,0.877,0.888,-0.0124,7/2030,,,False,,False,,2025-09-30,2025-12-31,2
"Rally Buyer, Inc.",rally,2,GREEN,0,1,1,1,"Rally Buyer, Inc.",BXSL,Blackstone Credit Advisors,Software (continued),0.869,0.955,-0.0901,7/19/2029,,,False,,False,,2025-12-31,2025-12-31,1
Achronix Semiconductor Corporation,achronix semiconductor,2,GREEN,0,1,1,1,Achronix Semiconductor Corporation,HTGC,Hercules Capital (internal),Semiconductors,0.862,0.518,0.6641,,,,False,,False,,2025-09-30,2025-12-31,2
Beach Acquisition Bidco LLC,beach,2,GREEN,0,1,1,1,Beach Acquisition Bidco LLC,OCSL,Oaktree Capital Management,Footwear,0.858,0.86,-0.0023,9/12/2032,3.25,,False,,False,,2025-12-31,2025-12-31,1
CoorsTek Inc,coorstek,2,GREEN,0,1,1,1,CoorsTek Inc,OCSL,Oaktree Capital Management,Industrial Machinery & Supplies & Components,0.858,0.859,-0.0012,10/28/2032,3.0,,False,,False,,2025-12-31,2025-12-31,1
Eisner Advisory Group LLC,eisner advisory,2,GREEN,0,1,1,1,Eisner Advisory Group LLC,OCSL,Oaktree Capital Management,Research & Consulting Services,0.855,0.856,-0.0012,2/28/2031,4.0,,False,,False,,2025-12-31,2025-12-31,1
Chromalloy Corp.,chromalloy,2,GREEN,0,1,1,1,Chromalloy Corp.,OCSL,Oaktree Capital Management,Aerospace & Defense,0.854,0.855,-0.0012,3/27/2031,3.25,,False,,False,,2025-12-31,2025-12-31,1
Level 3 Communications Inc,level communications,2,GREEN,0,1,1,1,Level 3 Communications Inc,OCSL,Oaktree Capital Management,Alternative Carriers,0.854,0.854,0.0,3/29/2032,3.25,,False,,False,,2025-12-31,2025-12-31,1
Blackfin Pipeline LLC,blackfin pipeline,2,GREEN,0,1,1,1,Blackfin Pipeline LLC,OCSL,Oaktree Capital Management,Oil & Gas Storage & Transportation,0.853,0.853,0.0,9/29/2032,3.0,,False,,False,,2025-12-31,2025-12-31,1
McGraw-Hill Education Inc,mcgraw hill,2,GREEN,0,1,1,1,McGraw-Hill Education Inc,OCSL,Oaktree Capital Management,Publishing,0.853,0.853,0.0,8/6/2031,2.75,,False,,False,,2025-12-31,2025-12-31,1
Cengage Learning Holdings II Inc,cengage learning,2,GREEN,0,1,1,1,Cengage Learning Holdings II Inc,OCSL,Oaktree Capital Management,Education Services,0.852,0.851,0.0012,3/24/2031,3.5,,False,,False,,2025-12-31,2025-12-31,1
Clydesdale Acquisition Holdings Inc,clydesdale,2,GREEN,0,1,1,1,Clydesdale Acquisition Holdings Inc,OCSL,Oaktree Capital Management,Paper & Plastic Packaging Products & Materials,0.852,0.851,0.0012,4/13/2029,3.18,,False,,False,,2025-12-31,2025-12-31,1
PointClickCare Technologies Inc,pointclickcare technologies,2,GREEN,0,1,1,1,PointClickCare Technologies Inc,OCSL,Oaktree Capital Management,Health Care Technology,0.851,0.853,-0.0023,11/3/2031,2.75,,False,,False,,2025-12-31,2025-12-31,1
Univision Communications Inc,univision communications,2,GREEN,0,1,1,1,Univision Communications Inc,OCSL,Oaktree Capital Management,Broadcasting,0.85,0.853,-0.0035,6/24/2029,4.25,,False,,False,,2025-12-31,2025-12-31,1
Awayday,awayday,2,GREEN,0,1,1,1,Awayday,BCSF,Bain Capital Credit,Non-Controlled/Non-Affiliate Investments,0.849,0.853,-0.0047,5/6/2032,5.25,,False,,False,,2025-09-30,2025-09-30,1
STS Operating Inc,sts operating,2,GREEN,0,1,1,1,STS Operating Inc,OCSL,Oaktree Capital Management,Industrial Machinery & Supplies & Components,0.849,0.849,0.0,3/25/2031,4.0,,False,,False,,2025-12-31,2025-12-31,1
Shearers Foods LLC,shearers foods,2,GREEN,0,1,1,1,Shearers Foods LLC,OCSL,Oaktree Capital Management,Packaged Foods & Meats,0.849,0.85,-0.0012,2/12/2031,2.75,,False,,False,,2025-12-31,2025-12-31,1
RH,rh,2,GREEN,0,1,1,1,RH,OCSL,Oaktree Capital Management,Homefurnishing Retail,0.844,0.843,0.0012,10/20/2028,3.35,,False,,False,,2025-12-31,2025-12-31,1
"Bitsight Technologies, Inc.",bitsight technologies,2,GREEN,0,1,1,1,"Bitsight Technologies, Inc.",HTGC,Hercules Capital (internal),Warrant Investments,0.843,0.568,0.4842,,,,False,,False,,2025-09-30,2025-12-31,2
Dexko Global Inc,dexko global,2,GREEN,0,1,1,1,Dexko Global Inc,OCSL,Oaktree Capital Management,Auto Parts & Equipment,0.843,0.844,-0.0012,10/4/2028,3.75,,False,,False,,2025-12-31,2025-12-31,1
Altice France SA,altice france,2,GREEN,0,1,1,1,Altice France SA,OCSL,Oaktree Capital Management,Integrated Telecommunication Services,0.842,0.842,0.0,10/30/2028,5.0,,False,,False,,2025-12-31,2025-12-31,1
"Kenan Advantage Group, Inc.",kenan advantage,2,GREEN,0,1,1,1,"Kenan Advantage Group, Inc.",OCSL,Oaktree Capital Management,Cargo Ground Transportation,0.842,0.842,0.0,1/25/2029,3.25,,False,,False,,2025-12-31,2025-12-31,1
xAI Corp.,xai,2,GREEN,0,1,1,1,xAI Corp.,OCSL,Oaktree Capital Management,Application Software,0.839,0.837,0.0024,6/28/2030,7.25,,False,,False,,2025-12-31,2025-12-31,1
"Coronado Aesthetics, LLC",coronado aesthetics,2,GREEN,0,1,1,1,"Coronado Aesthetics, LLC",HTGC,Hercules Capital (internal),Medical Devices & Equipment,0.836,0.5,0.672,,,,False,,False,,2025-09-30,2025-12-31,2
Ankura Consulting Group LLC,ankura consulting,2,GREEN,0,1,1,1,Ankura Consulting Group LLC,OCSL,Oaktree Capital Management,Research & Consulting Services,0.831,0.834,-0.0036,12/29/2031,3.5,,False,,False,,2025-12-31,2025-12-31,1
Iridium Communications Inc,iridium communications,2,GREEN,0,1,1,1,Iridium Communications Inc,OCSL,Oaktree Capital Management,Alternative Carriers,0.83,0.832,-0.0024,9/20/2030,2.25,,False,,False,,2025-12-31,2025-12-31,1
"Cotiviti, Inc.",cotiviti,2,GREEN,0,1,1,1,"Cotiviti, Inc.",OCSL,Oaktree Capital Management,Health Care Technology,0.816,0.818,-0.0024,3/26/2032,2.75,,False,,False,,2025-12-31,2025-12-31,1
MRP Buyer LLC,mrp,2,GREEN,0,1,1,1,MRP Buyer LLC,OCSL,Oaktree Capital Management,Independent Power Producers & Energy Traders,0.805,0.806,-0.0012,6/4/2032,3.25,,False,,False,,2025-12-31,2025-12-31,1
Red Nucleus,red nucleus,2,GREEN,0,1,1,1,Red Nucleus,BCSF,Bain Capital Credit,Healthcare & Pharmaceuticals,0.802,0.853,-0.0598,10/17/2031,5.51,,False,,False,,2025-09-30,2025-09-30,1
Beekeeper Buyer Inc. (Archway),beekeeper archway,2,GREEN,0,1,1,1,Beekeeper Buyer Inc. (Archway),TCPC,Tennenbaum Capital Partners (BlackRock),Diversified Financial Services,0.8008,0.7924,0.0106,6/30/2031,5.25,,False,,False,,2025-09-30,2025-12-31,2
"BCPE Grill Parent, Inc.",bcpe grill,2,GREEN,0,1,1,1,"BCPE Grill Parent, Inc.",OCSL,Oaktree Capital Management,Restaurants,0.79,0.795,-0.0063,9/30/2030,4.75,,False,,False,,2025-12-31,2025-12-31,1
Lagerbox,lagerbox,2,GREEN,0,1,1,1,Lagerbox,BCSF,Bain Capital Credit,FIRE: Finance,0.779,0.75,0.0387,12/20/2028,3.5,,False,,False,,2025-09-30,2025-09-30,1
Nimble Crane LLC,nimble crane,2,GREEN,0,1,1,1,Nimble Crane LLC,SLRC,SLR Capital Partners,Commercial Services & Supplies,0.762,0.762,0.0,7/13/2028,9.18,,False,,False,,2025-09-30,2025-12-31,2
"Imagine Topco, LP Preferred",imagine preferred,2,GREEN,0,1,1,1,"Imagine Topco, LP Preferred",PNNT,PennantPark Investment Advisers,Business Services,0.744,0.0,,,,,False,,False,,2025-09-30,2025-12-31,2
"AFG Dallas III, LLC",afg dallas,2,GREEN,0,1,1,1,"AFG Dallas III, LLC",SLRC,SLR Capital Partners,Diversified Consumer Services,0.743,0.743,0.0,,11.29,,False,,False,,2025-09-30,2025-12-31,2
"Horizon Avionics Buyer, LLC",horizon avionics,2,GREEN,0,1,1,1,"Horizon Avionics Buyer, LLC",CGBD,Carlyle Investment Management,Aerospace & Defense,0.742,0.744,-0.0027,3/28/2032,,,False,,False,,2025-12-31,2025-12-31,1
"Couchbase, Inc.",couchbase,2,GREEN,0,1,1,1,"Couchbase, Inc.",HTGC,Hercules Capital (internal),Sustainable and Renewable Technology,0.686,0.462,0.4848,,,,False,,False,,2025-09-30,2025-12-31,2
"Events Buyer, LLC",events,2,GREEN,0,1,1,1,"Events Buyer, LLC",PNNT,PennantPark Investment Advisers,Event Services,0.684,0.536,0.2761,,,,False,,False,,2025-09-30,2025-12-31,2
"Stonebridge Companies, LLC",stonebridge companies,2,GREEN,0,1,1,1,"Stonebridge Companies, LLC",TCPC,Tennenbaum Capital Partners (BlackRock),Healthcare Providers and Services,0.6809,0.6691,0.0176,5/16/2031,5.0,,False,,False,,2025-09-30,2025-12-31,2
everdrop GmbH,everdrop gmbh,2,GREEN,0,1,1,1,everdrop GmbH,TPVG,TriplePoint Advisers,Consumer Products and Services,0.673,0.17,2.9588,,,,False,,False,,2025-09-30,2025-12-31,2
Dalton US Inc.,dalton us,2,GREEN,0,1,1,1,Dalton US Inc.,MAIN,Main Street Capital (internal),,0.65,0.72,-0.0972,,,,False,,False,,2025-09-30,2025-12-31,2
"Veronica Holdings, LLC (Vapotherm) *",veronica vapotherm,2,GREEN,0,1,1,1,"Veronica Holdings, LLC (Vapotherm) *",SLRC,SLR Capital Partners,Health Care Equipment & Supplies,0.639,0.33,0.9364,,,,False,,False,,2025-09-30,2025-12-31,2
PDQ.com Corporation,pdq com,2,GREEN,0,1,1,1,PDQ.com Corporation,GBDC,GC Advisors,,0.631,0.633,-0.0032,,,,False,,False,,2025-12-31,2025-12-31,1
"ContractPod Technologies, Ltd.",contractpod technologies,2,GREEN,0,1,1,1,"ContractPod Technologies, Ltd.",GBDC,GC Advisors,IT Services,0.63,0.633,-0.0047,,,,False,,False,,2025-09-30,2025-12-31,2
"Miranda Logistics Enterprise, Inc.",miranda logistics,2,GREEN,0,1,1,1,"Miranda Logistics Enterprise, Inc.",SLRC,SLR Capital Partners,Construction & Engineering,0.628,0.628,0.0,4/14/2028,7.69,,False,,False,,2025-09-30,2025-12-31,2
MRHT,mrht,2,GREEN,0,1,1,1,MRHT,BCSF,Bain Capital Credit,FIRE: Insurance,0.627,0.536,0.1698,11/10/2031,5.0,,False,,False,,2025-09-30,2025-09-30,1
"Edition Holdings, Inc.",edition,2,GREEN,0,1,1,1,"Edition Holdings, Inc.",GBDC,GC Advisors,Media,0.626,0.63,-0.0063,,,,False,,False,,2025-12-31,2025-12-31,1
Rayzor’s Edge LLC,rayzor s,2,GREEN,0,1,1,1,Rayzor’s Edge LLC,SLRC,SLR Capital Partners,Diversified Consumer Services,0.624,0.624,0.0,,8.27,,False,,False,,2025-09-30,2025-12-31,2
Sandisk Corp/DE,sandisk de,2,GREEN,0,1,1,1,Sandisk Corp/DE,OCSL,Oaktree Capital Management,"Technology Hardware, Storage & Peripherals",0.618,0.619,-0.0016,2/20/2032,3.0,,False,,False,,2025-12-31,2025-12-31,1
Pyramid Analytics BV (Netherlands),pyramid analytics,2,GREEN,0,1,1,1,Pyramid Analytics BV (Netherlands),TCPC,Tennenbaum Capital Partners (BlackRock),Debt Investments (continued),0.5979,0.5534,0.0804,5/14/2029,6.5,,False,,False,,2025-12-31,2025-12-31,1
"Mixpanel, Inc.",mixpanel,2,GREEN,0,1,1,1,"Mixpanel, Inc.",HTGC,Hercules Capital (internal),Warrant Investments,0.595,0.504,0.1806,,,,False,,False,,2025-09-30,2025-12-31,2
"ANLG Holdings, LLC",anlg,2,GREEN,0,1,1,1,"ANLG Holdings, LLC",CGBD,Carlyle Investment Management,Capital Equipment,0.592,0.592,0.0,,,,False,,False,,2025-12-31,2025-12-31,1
Windstream Holdings Inc,windstream,2,GREEN,0,1,1,1,Windstream Holdings Inc,OCSL,Oaktree Capital Management,Integrated Telecommunication Services,0.553,0.555,-0.0036,10/1/2031,4.75,,False,,False,,2025-12-31,2025-12-31,1
"Profile Holdings I, LP",profile i,2,GREEN,0,1,1,1,"Profile Holdings I, LP",CGBD,Carlyle Investment Management,"Chemicals, Plastics & Rubber",0.523,0.005,103.6,,,,False,,False,,2025-12-31,2025-12-31,1
Le Berger SA,le berger,2,GREEN,0,1,1,1,Le Berger SA,BCSF,Bain Capital Credit,Non-Controlled/Non-Affiliate Investments,0.522,0.5,0.044,2/21/2028,3.75,,False,,False,,2025-09-30,2025-09-30,1
"Gauge APHIX Blocker, LLC",gauge aphix,2,GREEN,0,1,1,1,"Gauge APHIX Blocker, LLC",PNNT,PennantPark Investment Advisers,Business Services,0.519,0.49,0.0592,,,,False,,False,,2025-09-30,2025-12-31,2
WideOpenWest Inc,wideopenwest,2,GREEN,0,1,1,1,WideOpenWest Inc,OCSL,Oaktree Capital Management,Cable & Satellite,0.501,0.499,0.004,12/11/2028,3.0,,False,,False,,2025-12-31,2025-12-31,1
"AH Holdings, LLC",ah,2,GREEN,0,1,1,1,"AH Holdings, LLC",PNNT,PennantPark Investment Advisers,"Healthcare, Education and Childcare",0.5,0.211,1.3697,,,,False,,False,,2025-09-30,2025-12-31,2
Stonepeak Bayou Holdings LP,stonepeak bayou,2,GREEN,0,1,1,1,Stonepeak Bayou Holdings LP,OCSL,Oaktree Capital Management,Oil & Gas Storage & Transportation,0.499,0.506,-0.0138,9/24/2032,2.75,,False,,False,,2025-12-31,2025-12-31,1
"Solis Midco, SAS",solis sas,2,GREEN,0,1,1,1,"Solis Midco, SAS",BXSL,Blackstone Credit Advisors,Software (continued),0.476,0.417,0.1415,10/8/2032,,,False,,False,,2025-12-31,2025-12-31,1
"Hissho Sushi Holdings, LLC",hissho sushi,2,GREEN,0,1,1,1,"Hissho Sushi Holdings, LLC",OBDC,Blue Owl Credit Advisors,Food and beverage,0.475,0.318,0.4937,,,,False,,False,,2025-09-30,2025-12-31,2
"ARL Holdings, LLC",arl,2,GREEN,0,1,1,1,"ARL Holdings, LLC",BCSF,Bain Capital Credit,Transportation: Cargo,0.454,0.0,,,,,False,,False,,2025-09-30,2025-09-30,1
"Dispatch Acquisition Holdings, LLC",dispatch,2,GREEN,0,1,1,1,"Dispatch Acquisition Holdings, LLC",GBDC,GC Advisors,Commercial Services & Supplies,0.448,0.451,-0.0067,,,,False,,False,,2025-12-31,2025-12-31,1
Ineos AG,ineos ag,2,GREEN,0,1,1,1,Ineos AG,OCSL,Oaktree Capital Management,Commodity Chemicals,0.447,0.442,0.0113,2/18/2030,3.25,,False,,False,,2025-12-31,2025-12-31,1
"Maia Aggregator, LP",maia,2,GREEN,0,1,1,1,"Maia Aggregator, LP",OBDC,Blue Owl Credit Advisors,Healthcare equipment and services,0.444,0.437,0.016,,,,False,,False,,2025-09-30,2025-12-31,2
"Curevo, Inc.",curevo,2,GREEN,0,1,1,1,"Curevo, Inc.",HTGC,Hercules Capital (internal),Drug Discovery & Development,0.426,0.466,-0.0858,,,,False,,False,,2025-09-30,2025-12-31,2
"Edison Bidco, AS",edison as,2,GREEN,0,1,1,1,"Edison Bidco, AS",BXSL,Blackstone Credit Advisors,Software (continued),0.406,0.345,0.1768,12/18/2031,,,False,,False,,2025-12-31,2025-12-31,1
"Newfront Insurance Holdings, Inc.",newfront insurance,2,GREEN,0,1,1,1,"Newfront Insurance Holdings, Inc.",HTGC,Hercules Capital (internal),Diversified Financial Services,0.404,0.403,0.0025,,,,False,,False,,2025-09-30,2025-12-31,2
Liberty Zim Co-Invest L.P.,liberty zim,2,GREEN,0,1,1,1,Liberty Zim Co-Invest L.P.,HTGC,Hercules Capital (internal),Drug Discovery & Development,0.4,0.381,0.0499,,,,False,,False,,2025-12-31,2025-12-31,1
"Summit Bidco, Inc. (Canada)",summit canada,2,GREEN,0,1,1,1,"Summit Bidco, Inc. (Canada)",CGBD,Carlyle Investment Management,Diversified Financial Services,0.399,0.393,0.0153,10/1/2032,,,False,,False,,2025-12-31,2025-12-31,1
"LEP CP Co-Invest, L.P.",lep cp,2,GREEN,0,1,1,1,"LEP CP Co-Invest, L.P.",BCSF,Bain Capital Credit,Services: Business,0.386,0.38,0.0158,,,,False,,False,,2025-09-30,2025-09-30,1
Parmenion,parmenion,2,GREEN,0,1,1,1,Parmenion,BCSF,Bain Capital Credit,FIRE: Finance,0.37,0.295,0.2542,5/23/2029,5.5,,False,,False,,2025-09-30,2025-09-30,1
"EvolveIP, LLC",evolveip,2,GREEN,0,1,1,1,"EvolveIP, LLC",CGBD,Carlyle Investment Management,Telecommunications,0.368,0.152,1.4211,,,,False,,False,,2025-12-31,2025-12-31,1
"Eagan Parent, Inc.",eagan,2,GREEN,0,1,1,1,"Eagan Parent, Inc.",BXSL,Blackstone Credit Advisors,Software (continued),0.36,0.359,0.0028,9/8/2032,,,False,,False,,2025-12-31,2025-12-31,1
"Accounting Platform Blocker, Inc.",accounting platform,2,GREEN,0,1,1,1,"Accounting Platform Blocker, Inc.",PNNT,PennantPark Investment Advisers,Financial Services,0.356,0.356,0.0,,,,False,,False,,2025-09-30,2025-12-31,2
"Pascal Ultimate Holdings, L.P",pascal,2,GREEN,0,1,1,1,"Pascal Ultimate Holdings, L.P",CGBD,Carlyle Investment Management,Capital Equipment,0.346,0.036,8.6111,,,,False,,False,,2025-12-31,2025-12-31,1
"Pearl Acquisition Buyer, Inc.",pearl,2,GREEN,0,1,1,1,"Pearl Acquisition Buyer, Inc.",GBDC,GC Advisors,Commercial Services & Supplies,0.345,0.346,-0.0029,,,,False,,False,,2025-12-31,2025-12-31,1
"CIP Revolution Holdings, LLC",cip revolution,2,GREEN,0,1,1,1,"CIP Revolution Holdings, LLC",CGBD,Carlyle Investment Management,"Media: Advertising, Printing & Publishing",0.318,0.318,0.0,,,,False,,False,,2025-12-31,2025-12-31,1
"Lincoln Acq Buyer, LLC",lincoln acq,2,GREEN,0,1,1,1,"Lincoln Acq Buyer, LLC",GBDC,GC Advisors,,0.298,0.3,-0.0067,,,,False,,False,,2025-12-31,2025-12-31,1
Addev Group (France),addev group,2,GREEN,0,1,1,1,Addev Group (France),CGBD,Carlyle Investment Management,"Chemicals, Plastics & Rubber",0.295,0.293,0.0068,10/28/2032,,,False,,False,,2025-12-31,2025-12-31,1
"Nephele III, BV",nephele iii,2,GREEN,0,1,1,1,"Nephele III, BV",BXSL,Blackstone Credit Advisors,IT Services (continued),0.287,0.267,0.0749,1/14/2032,,,False,,False,,2025-12-31,2025-12-31,1
"Berry Aviation, Inc.",berry aviation,2,GREEN,0,1,1,1,"Berry Aviation, Inc.",MAIN,Main Street Capital (internal),,0.286,0.0,,,,,False,,False,,2025-09-30,2025-12-31,2
"GB Vino Parent, L.P.",gb vino,2,GREEN,0,1,1,1,"GB Vino Parent, L.P.",CGBD,Carlyle Investment Management,Beverage & Food,0.274,0.004,67.5,,,,False,,False,,2025-12-31,2025-12-31,1
"Scientian France, SAS",scientian france,2,GREEN,0,1,1,1,"Scientian France, SAS",BXSL,Blackstone Credit Advisors,Diversified Consumer Services,0.271,0.235,0.1532,7/15/2032,,,False,,False,,2025-12-31,2025-12-31,1
Rotten Rock Hardscaping & Tree Service,rotten rock,2,GREEN,0,1,1,1,Rotten Rock Hardscaping & Tree Service,SLRC,SLR Capital Partners,Diversified Consumer Services,0.269,0.269,0.0,12/6/2027,8.21,,False,,False,,2025-09-30,2025-12-31,2
Ardonagh Midco 3 PLC (United Kingdom),ardonagh plc,2,GREEN,0,1,1,1,Ardonagh Midco 3 PLC (United Kingdom),CGBD,Carlyle Investment Management,Diversified Financial Services,0.237,0.232,0.0216,2/15/2031,,,False,,False,,2025-09-30,2025-12-31,2
Hempz,hempz,2,GREEN,0,1,1,1,Hempz,BCSF,Bain Capital Credit,Consumer Goods: Non-Durable,0.237,0.243,-0.0247,10/25/2029,5.25,,False,,False,,2025-09-30,2025-09-30,1
"Goldman Sachs Financial Square Government Fund, Institutional",goldman sachs,2,GREEN,0,1,1,1,"Goldman Sachs Financial Square Government Fund, Institutional",MFIC,"Apollo Investment Management, L.P.",GAT-Airline Ground Support Inc,0.23,0.23,0.0,,,,False,,False,,2025-12-31,2025-12-31,1
"LeoLabs, Inc.",leolabs,2,GREEN,0,1,1,1,"LeoLabs, Inc.",TPVG,TriplePoint Advisers,Business Products and Services,0.227,0.0,,,,,False,,False,,2025-09-30,2025-12-31,2
"Alcresta Holdings, LP",alcresta,2,GREEN,0,1,1,1,"Alcresta Holdings, LP",MFIC,"Apollo Investment Management, L.P.",Alcresta Therapeutics Inc.,0.201,0.117,0.7179,,,,False,,False,,2025-12-31,2025-12-31,1
King Bidco S.P.E.C.,king spec,2,GREEN,0,1,1,1,King Bidco S.P.E.C.,BXSL,Blackstone Credit Advisors,Professional Services (continued),0.2,0.175,0.1429,6/26/2032,,,False,,False,,2025-12-31,2025-12-31,1
Psychiatric Medical Care LLC,psychiatric medical,2,GREEN,0,1,1,1,Psychiatric Medical Care LLC,BCSF,Bain Capital Credit,Healthcare & Pharmaceuticals,0.2,0.201,-0.005,7/1/2032,4.75,,False,,False,,2025-09-30,2025-09-30,1
PRGX,prgx,2,GREEN,0,1,1,1,PRGX,BCSF,Bain Capital Credit,Services: Business,0.196,0.168,0.1667,12/20/2030,5.5,,False,,False,,2025-09-30,2025-09-30,1
"Reorganized Mobileum Acquisition Co, LLC",reorganized mobileum,2,GREEN,0,1,1,1,"Reorganized Mobileum Acquisition Co, LLC",MSDL,Morgan Stanley Investment Management,,0.187,0.187,0.0,,,,False,,False,,2025-12-31,2025-12-31,1
"CB Sports Holdings Bidco, LLC",cb sports,2,GREEN,0,1,1,1,"CB Sports Holdings Bidco, LLC",GBDC,GC Advisors,,0.184,0.185,-0.0054,,,,False,,False,,2025-12-31,2025-12-31,1
"Muon Space, Inc.",muon space,2,GREEN,0,1,1,1,"Muon Space, Inc.",TPVG,TriplePoint Advisers,Business Products and Services,0.183,0.0,,,,,False,,False,,2025-09-30,2025-12-31,2
Facts Global Energy,facts global,2,GREEN,0,1,1,1,Facts Global Energy,BCSF,Bain Capital Credit,Non-Controlled/Non-Affiliate Investments,0.169,0.092,0.837,6/20/2031,5.25,,False,,False,,2025-09-30,2025-09-30,1
IC Holdings LLC,ic,2,GREEN,0,1,1,1,IC Holdings LLC,MFIC,"Apollo Investment Management, L.P.",Turkey Hill,0.169,0.0,,,,,False,,False,,2025-12-31,2025-12-31,1
"No Limit Construction Services, LLC",no limit,2,GREEN,0,1,1,1,"No Limit Construction Services, LLC",SLRC,SLR Capital Partners,Commercial Services & Supplies,0.166,0.166,0.0,6/1/2028,7.73,,False,,False,,2025-09-30,2025-12-31,2
"Cassipoee, SASU",cassipoee sasu,2,GREEN,0,1,1,1,"Cassipoee, SASU",BXSL,Blackstone Credit Advisors,IT Services,0.165,0.16,0.0313,2/26/2032,,,False,,False,,2025-12-31,2025-12-31,1
Goodfellow,goodfellow,2,GREEN,0,1,1,1,Goodfellow,BCSF,Bain Capital Credit,Capital Equipment,0.165,0.15,0.1,2/10/2032,5.25,,False,,False,,2025-09-30,2025-09-30,1
"BP Purchaser, LLC Rights",bp rights,2,GREEN,0,1,1,1,"BP Purchaser, LLC Rights",MSDL,Morgan Stanley Investment Management,Containers & Packaging,0.158,0.075,1.1067,,,,False,,False,,2025-09-30,2025-12-31,2
Metrodora S.L.,metrodora sl,2,GREEN,0,1,1,1,Metrodora S.L.,BXSL,Blackstone Credit Advisors,Diversified Consumer Services,0.148,0.128,0.1562,7/15/2032,,,False,,False,,2025-12-31,2025-12-31,1
"Stance, Inc.",stance,2,GREEN,0,1,1,1,"Stance, Inc.",TPVG,TriplePoint Advisers,E-Commerce - Clothing and Accessories,0.14,0.041,2.4146,,,,False,,False,,2025-09-30,2025-12-31,2
"Sorrento Therapeutics, Inc.",sorrento therapeutics,2,GREEN,0,1,1,1,"Sorrento Therapeutics, Inc.",OCSL,Oaktree Capital Management,Biotechnology,0.139,0.0,,,,,False,,False,,2025-09-30,2025-12-31,2
Choreo,choreo,2,GREEN,0,1,1,1,Choreo,BCSF,Bain Capital Credit,FIRE: Finance,0.128,0.128,0.0,2/18/2028,5.0,,False,,False,,2025-09-30,2025-09-30,1
"LovePop, Inc.",lovepop,2,GREEN,0,1,1,1,"LovePop, Inc.",TPVG,TriplePoint Advisers,Consumer Retail,0.128,0.0,,,,,False,,False,,2025-09-30,2025-12-31,2
"Scientian 2 Spain, S.L.",scientian spain,2,GREEN,0,1,1,1,"Scientian 2 Spain, S.L.",BXSL,Blackstone Credit Advisors,Diversified Consumer Services,0.123,0.107,0.1495,7/15/2032,,,False,,False,,2025-12-31,2025-12-31,1
"East River Bidco, GmbH",east river gmbh,2,GREEN,0,1,1,1,"East River Bidco, GmbH",BXSL,Blackstone Credit Advisors,Professional Services (continued),0.103,0.097,0.0619,3/26/2032,,,False,,False,,2025-12-31,2025-12-31,1
"Narvar, Inc.",narvar,2,GREEN,0,1,1,1,"Narvar, Inc.",TPVG,TriplePoint Advisers,Business Applications Software,0.102,0.0,,,,,False,,False,,2025-09-30,2025-12-31,2
Avalon Bidco Limited,avalon,2,GREEN,0,1,1,1,Avalon Bidco Limited,BCSF,Bain Capital Credit,FIRE: Finance,0.1,0.081,0.2346,4/16/2032,6.25,,False,,False,,2025-09-30,2025-09-30,1
Access,access,2,GREEN,0,1,1,1,Access,BCSF,Bain Capital Credit,High Tech Industries,0.099,0.08,0.2375,6/28/2029,5.25,,False,,False,,2025-09-30,2025-09-30,1
Cardo,cardo,2,GREEN,0,1,1,1,Cardo,BCSF,Bain Capital Credit,Automotive,0.097,0.098,-0.0102,5/12/2028,5.25,,False,,False,,2025-09-30,2025-09-30,1
"A&A Crane and Rigging, LLC",aa crane,2,GREEN,0,1,1,1,"A&A Crane and Rigging, LLC",SLRC,SLR Capital Partners,Commercial Services & Supplies,0.093,0.093,0.0,3/2028,7.78,,False,,False,,2025-09-30,2025-12-31,2
"Project Affinity, Inc.",affinity,2,GREEN,0,1,1,1,"Project Affinity, Inc.",TPVG,TriplePoint Advisers,Business Applications Software,0.083,0.0,,,,,False,,False,,2025-09-30,2025-12-31,2
"Cubic Corp, Warrant",cubic warrant,2,GREEN,0,1,1,1,"Cubic Corp, Warrant",FSK,FS/KKR Advisor,Software & Services,0.076,0.0,,,,,False,,False,,2025-09-30,2025-12-31,2
"Inotiv, Inc.",inotiv,2,GREEN,0,1,1,1,"Inotiv, Inc.",TCPC,Tennenbaum Capital Partners (BlackRock),Pharmaceuticals,0.0686,0.0292,1.3493,,,,False,,False,,2025-12-31,2025-12-31,1
"Optoro, Inc.",optoro,2,GREEN,0,1,1,1,"Optoro, Inc.",TPVG,TriplePoint Advisers,Business to Business Marketplace,0.067,0.0,,,,,False,,False,,2025-09-30,2025-12-31,2
"Vial Health Technology, Inc.",vial health,2,GREEN,0,1,1,1,"Vial Health Technology, Inc.",TPVG,TriplePoint Advisers,Healthcare Services,0.066,0.033,1.0,,,,False,,False,,2025-09-30,2025-12-31,2
Parcel2Go,parcel2go,2,GREEN,0,1,1,1,Parcel2Go,BCSF,Bain Capital Credit,Services: Business,0.062,0.049,0.2653,11/26/2031,7.0,,False,,False,,2025-09-30,2025-09-30,1
Fiduciaire Jean-Marc Faber (FJMF),fiduciaire jean,2,GREEN,0,1,1,1,Fiduciaire Jean-Marc Faber (FJMF),BCSF,Bain Capital Credit,Services: Business,0.055,0.05,0.1,4/3/2032,5.5,,False,,False,,2025-09-30,2025-09-30,1
"US Chemical Technologies, Inc.",us chemical technologies,2,GREEN,0,1,1,1,"US Chemical Technologies, Inc.",TPVG,TriplePoint Advisers,Aerospace and Defense,0.053,0.0,,,,,False,,False,,2025-12-31,2025-12-31,1
"BCSF ServiceMaster Investments, LLC",bcsf servicemaster,2,GREEN,0,1,1,1,"BCSF ServiceMaster Investments, LLC",BCSF,Bain Capital Credit,Construction & Building,0.049,0.028,0.75,,,,False,,False,,2025-09-30,2025-09-30,1
Pharmacy Partners,pharmacy partners,2,GREEN,0,1,1,1,Pharmacy Partners,BCSF,Bain Capital Credit,Healthcare & Pharmaceuticals,0.047,0.0,,2/28/2029,,,False,,False,,2025-09-30,2025-09-30,1
Fortna AR LLC,fortna ar,2,GREEN,0,1,1,1,Fortna AR LLC,FSK,FS/KKR Advisor,Capital Goods,0.0369,0.0369,0.0,,,,False,,False,,2025-12-31,2025-12-31,1
"Found Health, Inc.",found health,2,GREEN,0,1,1,1,"Found Health, Inc.",TPVG,TriplePoint Advisers,Healthcare Services,0.032,0.022,0.4545,,,,False,,False,,2025-09-30,2025-12-31,2
Bond Aviation Holdings LLC,bond aviation,2,GREEN,0,1,1,1,Bond Aviation Holdings LLC,FSK,FS/KKR Advisor,Transportation,0.0245,0.0245,0.0,,,,False,,False,,2025-12-31,2025-12-31,1
TES Global,tes global,2,GREEN,0,1,1,1,TES Global,BCSF,Bain Capital Credit,Services: Business,0.015,0.012,0.25,1/27/2029,5.0,,False,,False,,2025-09-30,2025-09-30,1
"Aprio Advisory Group, LLC",aprio advisory,2,GREEN,0,1,1,1,"Aprio Advisory Group, LLC",MSDL,Morgan Stanley Investment Management,Professional Services,0.008,0.007,0.1429,,,,False,,False,,2025-12-31,2025-12-31,1
Substack Inc.,substack,2,GREEN,0,1,1,1,Substack Inc.,TPVG,TriplePoint Advisers,Business Products and Services,0.006,0.0,,,,,False,,False,,2025-09-30,2025-12-31,2
Equafin Corp.,equafin,2,GREEN,0,1,1,1,Equafin Corp.,TPVG,TriplePoint Advisers,Business Products and Services,0.003,0.0,,,,,False,,False,,2025-09-30,2025-12-31,2
SG Global Midco Limited,sg global,2,GREEN,0,1,1,1,SG Global Midco Limited,BCSF,Bain Capital Credit,Services: Consumer,0.003,0.002,0.5,12/31/2028,6.0,,False,,False,,2025-09-30,2025-09-30,1
"AI Aqua Merger Sub, Inc.",ai aqua,2,GREEN,0,1,1,1,"AI Aqua Merger Sub, Inc.",ARCC,Ares Capital Management,Capital Goods,0.0,1.0,-1.0,07/2028,6.86,,False,,False,,2025-09-30,2025-12-31,2
"APG Holdings, LLC",apg,2,GREEN,0,1,1,1,"APG Holdings, LLC",ARCC,Ares Capital Management,Software and Services,0.0,7.6,-1.0,,,,False,,False,,2025-09-30,2025-12-31,2
"Actfy Buyer, Inc.",actfy,2,GREEN,0,1,1,1,"Actfy Buyer, Inc.",ARCC,Ares Capital Management,Software and Services,0.0,20.9,-1.0,05/2031,8.47,,False,,False,,2025-09-30,2025-12-31,2
"Aduro Advisors, LLC",aduro advisors,2,GREEN,0,1,1,1,"Aduro Advisors, LLC",ARCC,Ares Capital Management,Financial Services,0.0,8.2,-1.0,07/2030,8.42,,False,,False,,2025-09-30,2025-12-31,2
Aldinger Company Inc,aldinger,2,GREEN,0,1,1,1,Aldinger Company Inc,ARCC,Ares Capital Management,Commercial and Professional Services,0.0,44.2,-1.0,10/2030,8.42,,False,,False,,2025-09-30,2025-12-31,2
"Aledade, Inc.",aledade,2,GREEN,0,1,1,1,"Aledade, Inc.",ARCC,Ares Capital Management,,0.0,17.6,-1.0,11/2028,9.64,,False,,False,,2025-12-31,2025-12-31,1
Arrowhead Holdco Company,arrowhead,2,GREEN,0,1,1,1,Arrowhead Holdco Company,ARCC,Ares Capital Management,,0.0,0.1,-1.0,08/2028,6.34,,False,,False,,2025-09-30,2025-12-31,2
"Artivion, Inc.",artivion,2,GREEN,0,1,1,1,"Artivion, Inc.",ARCC,Ares Capital Management,,0.0,24.8,-1.0,01/2031,8.65,,False,,False,,2025-09-30,2025-12-31,2
"Avalign Holdings, Inc.",avalign,2,GREEN,0,1,1,1,"Avalign Holdings, Inc.",ARCC,Ares Capital Management,,0.0,2.6,-1.0,12/2028,10.22,,False,,False,,2025-09-30,2025-12-31,2
"BGIF IV Fearless Utility Services, Inc.",bgif iv,2,GREEN,0,1,1,1,"BGIF IV Fearless Utility Services, Inc.",ARCC,Ares Capital Management,,0.0,45.1,-1.0,06/2030,8.73,,False,,False,,2025-09-30,2025-12-31,2
"Bambino Group Holdings, LLC",bambino group,2,GREEN,0,1,1,1,"Bambino Group Holdings, LLC",ARCC,Ares Capital Management,,0.0,0.8,-1.0,,,,False,,False,,2025-09-30,2025-12-31,2
BioQ Pharma Incorporated,bioq pharma,2,GREEN,0,1,1,1,BioQ Pharma Incorporated,HTGC,Hercules Capital (internal),Drug Delivery,0.0,0.5,-1.0,,,,False,,False,,2025-09-30,2025-12-31,2
Bluejack Fire Holdings LLC,bluejack fire,2,GREEN,0,1,1,1,Bluejack Fire Holdings LLC,ARCC,Ares Capital Management,Commercial and Professional Services,0.0,7.3,-1.0,01/2031,8.47,,False,,False,,2025-09-30,2025-12-31,2
"Bowhunter Holdings, LLC",bowhunter,2,GREEN,0,1,1,1,"Bowhunter Holdings, LLC",ARCC,Ares Capital Management,Consumer Durables and Apparel,0.0,4.2,-1.0,,,,False,,False,,2025-09-30,2025-12-31,2
CPIG Holdco Inc.,cpig,2,GREEN,0,1,1,1,CPIG Holdco Inc.,ARCC,Ares Capital Management,,0.0,14.4,-1.0,04/2028,11.09,,False,,False,,2025-09-30,2025-12-31,2
"CapLinked, Inc.",caplinked,2,GREEN,0,1,1,1,"CapLinked, Inc.",HTGC,Hercules Capital (internal),Equity Investments,0.0,0.051,-1.0,,,,False,,False,,2025-09-30,2025-12-31,2
"Century Therapeutics, Inc.",century therapeutics,2,GREEN,0,1,1,1,"Century Therapeutics, Inc.",HTGC,Hercules Capital (internal),Drug Discovery & Development,0.0,0.037,-1.0,,,,False,,False,,2025-09-30,2025-12-31,2
"Commerce Topco, LLC",commerce,2,GREEN,0,1,1,1,"Commerce Topco, LLC",ARCC,Ares Capital Management,,0.0,286.2,-1.0,12/2031,8.42,,False,,False,,2025-09-30,2025-12-31,2
Davidson Hotel Company LLC,davidson hotel,2,GREEN,0,1,1,1,Davidson Hotel Company LLC,ARCC,Ares Capital Management,,0.0,8.3,-1.0,10/2031,8.72,,False,,False,,2025-09-30,2025-12-31,2
"Dorado Bidco, Inc.",dorado,2,GREEN,0,1,1,1,"Dorado Bidco, Inc.",ARCC,Ares Capital Management,,0.0,7.7,-1.0,09/2031,8.22,,False,,False,,2025-09-30,2025-12-31,2
"Dynamic NC Aerospace Holdings, LLC",dynamic nc,2,GREEN,0,1,1,1,"Dynamic NC Aerospace Holdings, LLC",ARCC,Ares Capital Management,,0.0,28.6,-1.0,12/2027,10.63,,False,,False,,2025-09-30,2025-12-31,2
"EIS Legacy Holdco, LLC",eis legacy,2,GREEN,0,1,1,1,"EIS Legacy Holdco, LLC",ARCC,Ares Capital Management,,0.0,9.5,-1.0,11/2031,8.38,,False,,False,,2025-09-30,2025-12-31,2
"ELM DebtCo, LLC",elm debtco,2,GREEN,0,1,1,1,"ELM DebtCo, LLC",ARCC,Ares Capital Management,,0.0,5.2,-1.0,11/2031,8.42,,False,,False,,2025-12-31,2025-12-31,1
"ESCP PPG Holdings, LLC",escp ppg,2,GREEN,0,1,1,1,"ESCP PPG Holdings, LLC",ARCC,Ares Capital Management,,0.0,11.6,-1.0,,,,False,,False,,2025-09-30,2025-12-31,2
Endurance PT Technology Holdings LLC,endurance pt,2,GREEN,0,1,1,1,Endurance PT Technology Holdings LLC,ARCC,Ares Capital Management,,0.0,58.1,-1.0,10/2031,10.17,,False,,False,,2025-12-31,2025-12-31,1
Evolent Health LLC,evolent health,2,GREEN,0,1,1,1,Evolent Health LLC,ARCC,Ares Capital Management,,0.0,44.0,-1.0,12/2029,9.6,,False,,False,,2025-09-30,2025-12-31,2
FES Resources Holdings LLC,fes resources,2,GREEN,0,1,1,1,FES Resources Holdings LLC,GLAD,Gladstone Management Corporation,,0.0,0.538,-1.0,,,,False,,False,,2025-09-30,2025-12-31,2
"Fidelis , LLC",fidelis,2,GREEN,0,1,1,1,"Fidelis , LLC",TCPC,Tennenbaum Capital Partners (BlackRock),IT Services,0.0,0.6579,-1.0,,,,False,,False,,2025-12-31,2025-12-31,1
"Forza Insurance Holdings, LLC",forza insurance,2,GREEN,0,1,1,1,"Forza Insurance Holdings, LLC",ARCC,Ares Capital Management,,0.0,38.7,-1.0,02/2030,9.42,,False,,False,,2025-09-30,2025-12-31,2
"Fresh Tracks Therapeutics, Inc.",fresh tracks,2,GREEN,0,1,1,1,"Fresh Tracks Therapeutics, Inc.",HTGC,Hercules Capital (internal),Drug Discovery & Development,0.0,0.119,-1.0,,,,False,,False,,2025-09-30,2025-12-31,2
GHP-VGS Purchaser LLC,ghp vgs,2,GREEN,0,1,1,1,GHP-VGS Purchaser LLC,ARCC,Ares Capital Management,,0.0,14.3,-1.0,04/2032,8.59,,False,,False,,2025-09-30,2025-12-31,2
"GPM Investments, LLC and ARKO Corp.",gpm investments,2,GREEN,0,1,1,1,"GPM Investments, LLC and ARKO Corp.",ARCC,Ares Capital Management,,0.0,9.5,-1.0,,,,False,,False,,2025-09-30,2025-12-31,2
GS Financial Square Government Fund,gs financial,2,GREEN,0,1,1,1,GS Financial Square Government Fund,HTGC,Hercules Capital (internal),Cash & Cash Equivalents,0.0,21.1,-1.0,,,,False,,False,,2025-12-31,2025-12-31,1
GSM Rights Fund II LP,gsm rights,2,GREEN,0,1,1,1,GSM Rights Fund II LP,ARCC,Ares Capital Management,,0.0,2.2,-1.0,03/2031,,,False,,False,,2025-09-30,2025-12-31,2
"GSV Purchaser, Inc.",gsv,2,GREEN,0,1,1,1,"GSV Purchaser, Inc.",ARCC,Ares Capital Management,,0.0,0.1,-1.0,08/2031,8.28,,False,,False,,2025-09-30,2025-12-31,2
"Gadget Guard, LLC",gadget guard,2,GREEN,0,1,1,1,"Gadget Guard, LLC",HTGC,Hercules Capital (internal),Consumer & Business Products,0.0,0.228,-1.0,,,,False,,False,,2025-09-30,2025-12-31,2
"Global Music Rights, LLC",global music rights,2,GREEN,0,1,1,1,"Global Music Rights, LLC",ARCC,Ares Capital Management,,0.0,112.9,-1.0,12/2031,8.17,,False,,False,,2025-12-31,2025-12-31,1
"Goldeneye Parent, LLC",goldeneye,2,GREEN,0,1,1,1,"Goldeneye Parent, LLC",ARCC,Ares Capital Management,,0.0,17.3,-1.0,03/2032,8.47,,False,,False,,2025-09-30,2025-12-31,2
"HGC Holdings, LLC",hgc,2,GREEN,0,1,1,1,"HGC Holdings, LLC",ARCC,Ares Capital Management,,0.0,79.6,-1.0,06/2029,8.24,,False,,False,,2025-09-30,2025-12-31,2
"HP RSS Buyer, Inc.",hp rss,2,GREEN,0,1,1,1,"HP RSS Buyer, Inc.",ARCC,Ares Capital Management,,0.0,16.8,-1.0,12/2029,8.67,,False,,False,,2025-09-30,2025-12-31,2
"Halio, Inc.",halio,2,GREEN,0,1,1,1,"Halio, Inc.",HTGC,Hercules Capital (internal),Sustainable and Renewable Technology,0.0,0.063,-1.0,,,,False,,False,,2025-09-30,2025-12-31,2
"Harvey Tool Company, LLC",harvey tool,2,GREEN,0,1,1,1,"Harvey Tool Company, LLC",ARCC,Ares Capital Management,,0.0,122.4,-1.0,08/2032,8.26,,False,,False,,2025-09-30,2025-12-31,2
"Heavy Construction Systems Specialists, LLC",heavy construction,2,GREEN,0,1,1,1,"Heavy Construction Systems Specialists, LLC",ARCC,Ares Capital Management,,0.0,13.9,-1.0,11/2028,8.42,,False,,False,,2025-09-30,2025-12-31,2
"Helix Acquisition Holdings, Inc.",helix,2,GREEN,0,1,1,1,"Helix Acquisition Holdings, Inc.",ARCC,Ares Capital Management,,0.0,11.9,-1.0,03/2030,10.82,,False,,False,,2025-09-30,2025-12-31,2
"HighRoads, Inc.",highroads,2,GREEN,0,1,1,1,"HighRoads, Inc.",HTGC,Hercules Capital (internal),Equity Investments,0.0,0.307,-1.0,,,,False,,False,,2025-09-30,2025-12-31,2
"Honor Technology, Inc.",honor technology,2,GREEN,0,1,1,1,"Honor Technology, Inc.",ARCC,Ares Capital Management,,0.0,0.1,-1.0,08/2031,,,False,,False,,2025-09-30,2025-12-31,2
KPS Global LLC and Cool Group LLC,kps global,2,GREEN,0,1,1,1,KPS Global LLC and Cool Group LLC,ARCC,Ares Capital Management,,0.0,5.2,-1.0,09/2030,8.42,,False,,False,,2025-09-30,2025-12-31,2
"Kineta, Inc.",kineta,2,GREEN,0,1,1,1,"Kineta, Inc.",HTGC,Hercules Capital (internal),Drug Discovery & Development,0.0,0.11,-1.0,,,,False,,False,,2025-09-30,2025-12-31,2
LCM XIV Ltd.,lcm xiv,2,GREEN,0,1,1,1,LCM XIV Ltd.,PSEC,Prospect Capital Management,Structured Finance,0.0,9.422,-1.0,7/21/2031,,,False,,False,,2025-09-30,2025-12-31,2
"LTG Acquisition, Inc.",ltg,2,GREEN,0,1,1,1,"LTG Acquisition, Inc.",ARCC,Ares Capital Management,,0.0,5.1,-1.0,,,,False,,False,,2025-09-30,2025-12-31,2
"LivTech Purchaser, Inc.",livtech,2,GREEN,0,1,1,1,"LivTech Purchaser, Inc.",ARCC,Ares Capital Management,,0.0,9.3,-1.0,11/2031,8.76,,False,,False,,2025-09-30,2025-12-31,2
LiveBarn Inc.,livebarn,2,GREEN,0,1,1,1,LiveBarn Inc.,ARCC,Ares Capital Management,,0.0,17.3,-1.0,,,,False,,False,,2025-09-30,2025-12-31,2
Mari Events Midco LLC and AE EventsCo Holdings LLC,mari events,2,GREEN,0,1,1,1,Mari Events Midco LLC and AE EventsCo Holdings LLC,ARCC,Ares Capital Management,,0.0,38.0,-1.0,10/2032,7.75,,False,,False,,2025-12-31,2025-12-31,1
"MedeAnalytics Group Holdings, LLC",medeanalytics group,2,GREEN,0,1,1,1,"MedeAnalytics Group Holdings, LLC",GSBD,Goldman Sachs Asset Management,Health Care Technology,0.0,0.009,-1.0,,,,False,,False,,2025-09-30,2025-12-31,2
"Metis TopCo, LP",metis,2,GREEN,0,1,1,1,"Metis TopCo, LP",ARCC,Ares Capital Management,,0.0,13.2,-1.0,05/2028,7.03,,False,,False,,2025-09-30,2025-12-31,2
"Microstar Logistics LLC, Microstar Global Asset Management LLC, MStar Holding Corporation and Kegstar USA Inc.",microstar logistics,2,GREEN,0,1,1,1,"Microstar Logistics LLC, Microstar Global Asset Management LLC, MStar Holding Corporation and Kegstar USA Inc.",ARCC,Ares Capital Management,,0.0,134.8,-1.0,12/2030,11.17,,False,,False,,2025-09-30,2025-12-31,2
"Midco Holding, LLC and Nivel Topco, LLC",and nivel,2,GREEN,0,1,1,1,"Midco Holding, LLC and Nivel Topco, LLC",ARCC,Ares Capital Management,,0.0,26.8,-1.0,11/2029,11.36,,False,,False,,2025-12-31,2025-12-31,1
"Modumetal, Inc.",modumetal,2,GREEN,0,1,1,1,"Modumetal, Inc.",HTGC,Hercules Capital (internal),Sustainable and Renewable Technology,0.0,0.5,-1.0,,,,False,,False,,2025-09-30,2025-12-31,2
"Monolith Brands Group, Inc.",monolith brands,2,GREEN,0,1,1,1,"Monolith Brands Group, Inc.",ARCC,Ares Capital Management,,0.0,15.5,-1.0,,,,False,,False,,2025-09-30,2025-12-31,2
"Moon Valley Nursery of Arizona Retail, LLC, Moon Valley Nursery Farm Holdings, LLC, Moon Valley Nursery RE Holdings LLC, and Stonecourt IV Partners, LP",moon valley,2,GREEN,0,1,1,1,"Moon Valley Nursery of Arizona Retail, LLC, Moon Valley Nursery Farm Holdings, LLC, Moon Valley Nursery RE Holdings LLC, and Stonecourt IV Partners, LP",ARCC,Ares Capital Management,,0.0,20.8,-1.0,,,,False,,False,,2025-09-30,2025-12-31,2
Mountaineer Merger Corporation,mountaineer,2,GREEN,0,1,1,1,Mountaineer Merger Corporation,ARCC,Ares Capital Management,,0.0,5.2,-1.0,10/2027,8.84,,False,,False,,2025-09-30,2025-12-31,2
"Mr. Greens Intermediate, LLC, Florida Veg Investments LLC, MRG Texas, LLC and Restaurant Produce and Services Blocker, LLC",mr greens,2,GREEN,0,1,1,1,"Mr. Greens Intermediate, LLC, Florida Veg Investments LLC, MRG Texas, LLC and Restaurant Produce and Services Blocker, LLC",ARCC,Ares Capital Management,,0.0,48.0,-1.0,05/2031,9.7,,False,,False,,2025-09-30,2025-12-31,2
NMN Holdings LP,nmn,2,GREEN,0,1,1,1,NMN Holdings LP,ARCC,Ares Capital Management,,0.0,115.9,-1.0,07/2031,8.13,,False,,False,,2025-09-30,2025-12-31,2
"Nest Topco Borrower Inc., KKR Nest Co-Invest L.P., and NBLY 2021-1",nest kkr,2,GREEN,0,1,1,1,"Nest Topco Borrower Inc., KKR Nest Co-Invest L.P., and NBLY 2021-1",ARCC,Ares Capital Management,,0.0,9.7,-1.0,,,,False,,False,,2025-09-30,2025-12-31,2
"Omnigo Software, LLC, Omnigo Software",omnigo software,2,GREEN,0,1,1,1,"Omnigo Software, LLC, Omnigo Software",ARCC,Ares Capital Management,,0.0,13.7,-1.0,12/2030,8.7,,False,,False,,2025-12-31,2025-12-31,1
"PDDS HoldCo, Inc.",pdds,2,GREEN,0,1,1,1,"PDDS HoldCo, Inc.",ARCC,Ares Capital Management,,0.0,13.6,-1.0,09/2031,9.72,,False,,False,,2025-12-31,2025-12-31,1
"Petvisor Holdings, LLC",petvisor,2,GREEN,0,1,1,1,"Petvisor Holdings, LLC",ARCC,Ares Capital Management,,0.0,20.9,-1.0,11/2029,9.3,,False,,False,,2025-09-30,2025-12-31,2
"Poseidon IntermediateCo, Inc.",poseidon intermediateco,2,GREEN,0,1,1,1,"Poseidon IntermediateCo, Inc.",ARCC,Ares Capital Management,,0.0,28.1,-1.0,06/2032,8.23,,False,,False,,2025-09-30,2025-12-31,2
"Preventics, Inc.",preventics,2,GREEN,0,1,1,1,"Preventics, Inc.",PSEC,Prospect Capital Management,,0.0,2.465,-1.0,,,,False,,False,,2025-09-30,2025-12-31,2
"Project Alliance Buyer, LLC",alliance,2,GREEN,0,1,1,1,"Project Alliance Buyer, LLC",ARCC,Ares Capital Management,,0.0,10.8,-1.0,08/2031,8.82,,False,,False,,2025-09-30,2025-12-31,2
"Qnnect, LLC and Connector TopCo, LP",qnnect and,2,GREEN,0,1,1,1,"Qnnect, LLC and Connector TopCo, LP",ARCC,Ares Capital Management,,0.0,19.0,-1.0,,,,False,,False,,2025-09-30,2025-12-31,2
"Quirch Foods Holdings, LLC",quirch foods,2,GREEN,0,1,1,1,"Quirch Foods Holdings, LLC",ARCC,Ares Capital Management,,0.0,114.7,-1.0,11/2030,10.34,,False,,False,,2025-12-31,2025-12-31,1
R2 Acquisition Corp.,r2,2,GREEN,0,1,1,1,R2 Acquisition Corp.,ARCC,Ares Capital Management,,0.0,0.2,-1.0,,,,False,,False,,2025-09-30,2025-12-31,2
"RWA Wealth Partners, LLC",rwa wealth,2,GREEN,0,1,1,1,"RWA Wealth Partners, LLC",ARCC,Ares Capital Management,,0.0,9.2,-1.0,11/2030,8.61,,False,,False,,2025-09-30,2025-12-31,2
Reddy Ice LLC,reddy ice,2,GREEN,0,1,1,1,Reddy Ice LLC,ARCC,Ares Capital Management,,0.0,277.4,-1.0,04/2029,9.46,,False,,False,,2025-09-30,2025-12-31,2
"Registrar Intermediate, LLC",registrar,2,GREEN,0,1,1,1,"Registrar Intermediate, LLC",ARCC,Ares Capital Management,,0.0,15.1,-1.0,08/2029,8.79,,False,,False,,2025-09-30,2025-12-31,2
"Reischling Press, Inc.",reischling press,2,GREEN,0,1,1,1,"Reischling Press, Inc.",HTGC,Hercules Capital (internal),Consumer & Business Services,0.0,0.039,-1.0,,,,False,,False,,2025-09-30,2025-12-31,2
"Revival Animal Health, LLC",revival animal,2,GREEN,0,1,1,1,"Revival Animal Health, LLC",ARCC,Ares Capital Management,,0.0,28.5,-1.0,01/2028,9.72,,False,,False,,2025-09-30,2025-12-31,2
"Rhino Labs, Inc.",rhino labs,2,GREEN,0,1,1,1,"Rhino Labs, Inc.",HTGC,Hercules Capital (internal),Consumer & Business Services,0.0,1.47,-1.0,,,,False,,False,,2025-09-30,2025-12-31,2
Rodeo AcquisitionCo LLC,rodeo acquisitionco,2,GREEN,0,1,1,1,Rodeo AcquisitionCo LLC,ARCC,Ares Capital Management,,0.0,60.8,-1.0,07/2029,8.42,,False,,False,,2025-09-30,2025-12-31,2
"SGM Acquisition Sub, LLC and Schill Holdings, LP",sgm sub,2,GREEN,0,1,1,1,"SGM Acquisition Sub, LLC and Schill Holdings, LP",ARCC,Ares Capital Management,,0.0,55.4,-1.0,12/2031,8.72,,False,,False,,2025-12-31,2025-12-31,1
"SSE Parent, LP",sse,2,GREEN,0,1,1,1,"SSE Parent, LP",ARCC,Ares Capital Management,,0.0,3.3,-1.0,,,,False,,False,,2025-09-30,2025-12-31,2
"Sapphire Software Buyer, Inc.",sapphire software,2,GREEN,0,1,1,1,"Sapphire Software Buyer, Inc.",ARCC,Ares Capital Management,,0.0,31.5,-1.0,09/2031,8.87,,False,,False,,2025-09-30,2025-12-31,2
"Signal Advisors USA, Inc.",signal advisors,2,GREEN,0,1,1,1,"Signal Advisors USA, Inc.",TPVG,TriplePoint Advisers,Financial Software,0.0,0.033,-1.0,9/26/2028,,,False,,False,,2025-12-31,2025-12-31,1
Slaine Holdings LLC,slaine,2,GREEN,0,1,1,1,Slaine Holdings LLC,ARCC,Ares Capital Management,,0.0,49.2,-1.0,05/2030,10.47,,False,,False,,2025-09-30,2025-12-31,2
"Snagajob.com, Inc.",snagajob com,2,GREEN,0,1,1,1,"Snagajob.com, Inc.",HTGC,Hercules Capital (internal),Consumer & Business Services,0.0,0.86,-1.0,,,,False,,False,,2025-09-30,2025-12-31,2
"South Florida Motorsports, LLC",south florida motorsports,2,GREEN,0,1,1,1,"South Florida Motorsports, LLC",ARCC,Ares Capital Management,,0.0,5.5,-1.0,,,,False,,False,,2025-12-31,2025-12-31,1
"Spirit RR Holdings, Inc. and Winterfell Co-Invest SCSp",spirit rr,2,GREEN,0,1,1,1,"Spirit RR Holdings, Inc. and Winterfell Co-Invest SCSp",ARCC,Ares Capital Management,,0.0,4.1,-1.0,09/2028,8.27,,False,,False,,2025-09-30,2025-12-31,2
"Storm Investment S.a.r.l. and Atletico Holdco, S.L.",storm investment,2,GREEN,0,1,1,1,"Storm Investment S.a.r.l. and Atletico Holdco, S.L.",ARCC,Ares Capital Management,,0.0,163.2,-1.0,06/2029,3.75,,False,,False,,2025-09-30,2025-12-31,2
Subtotal: Defense Technologies ( 0.06 %)*,subtotal defense,2,GREEN,0,1,1,1,Subtotal: Defense Technologies ( 0.06 %)*,HTGC,Hercules Capital (internal),,0.0,1.284,-1.0,,,,False,,False,,2025-12-31,2025-12-31,1
Subtotal: Manufacturing Technology ( 0.01 %)*,subtotal manufacturing,2,GREEN,0,1,1,1,Subtotal: Manufacturing Technology ( 0.01 %)*,HTGC,Hercules Capital (internal),Manufacturing Technology,0.0,0.249,-1.0,,,,False,,False,,2025-12-31,2025-12-31,1
Subtotal: Media/Content/Info ( 0.00 %)*,subtotal media,2,GREEN,0,1,1,1,Subtotal: Media/Content/Info ( 0.00 %)*,HTGC,Hercules Capital (internal),Media/Content/Info,0.0,0.095,-1.0,,,,False,,False,,2025-12-31,2025-12-31,1
"TW LRW Holdings, LLC",tw lrw,2,GREEN,0,1,1,1,"TW LRW Holdings, LLC",CGBD,Carlyle Investment Management,Business Services,0.0,0.002,-1.0,,,,False,,False,,2025-12-31,2025-12-31,1
"Tela Bio, Inc.",tela bio,2,GREEN,0,1,1,1,"Tela Bio, Inc.",HTGC,Hercules Capital (internal),Medical Devices & Equipment,0.0,0.061,-1.0,,,,False,,False,,2025-09-30,2025-12-31,2
"Three Rivers Buyer, Inc.",three rivers,2,GREEN,0,1,1,1,"Three Rivers Buyer, Inc.",ARCC,Ares Capital Management,,0.0,5.7,-1.0,11/2031,8.6,,False,,False,,2025-12-31,2025-12-31,1
"Tradeshift, Inc.",tradeshift,2,GREEN,0,1,1,1,"Tradeshift, Inc.",TCPC,Tennenbaum Capital Partners (BlackRock),Software,0.0,0.5778,-1.0,,,,False,,False,,2025-12-31,2025-12-31,1
"Truist Insurance Holdings, LLC",truist insurance,2,GREEN,0,1,1,1,"Truist Insurance Holdings, LLC",ARCC,Ares Capital Management,,0.0,0.1,-1.0,05/2031,6.42,,False,,False,,2025-09-30,2025-12-31,2
"Unifi Aviation Canada, Inc.",unifi aviation,2,GREEN,0,1,1,1,"Unifi Aviation Canada, Inc.",ARCC,Ares Capital Management,Commercial and Professional Services,0.0,48.7,-1.0,09/2028,9.02,,False,,False,,2025-09-30,2025-12-31,2
Wingspire Capital Holdings LLC,wingspire capital,2,GREEN,0,1,1,1,Wingspire Capital Holdings LLC,OBDC,Blue Owl Credit Advisors,Asset based lending and fund finance,0.0,431.405,-1.0,,,,False,,False,,2025-09-30,2025-12-31,2
