Quarter,NAV_Bn,Cash_Bn,Facility_Out_Bn,Facility_Draw_Bn,Facility_Repay_Bn,Headroom_Bn,Tender_Outflow_Bn,Distributions_Bn,Credit_Losses_Bn,Scheduled_Repayments_Bn,NII_Bn,Net_Cash_Change_Bn,Unfunded_Draw_Bn,Total_Debt_Bn,Liquidity_Shortfall,Covenant_Breach,Leverage_x
1,29.95995941054787,0.0,1.6050405894521302,0.4150405894521303,0.0,0.8949594105478696,1.575,0.8465625,0.0634780894521301,0.945,0.945,-0.9150405894521303,0.32,7.25504058945213,False,False,0.24215789113845995
2,28.495211678783363,0.0,2.465389538900203,0.8603489494480729,0.0,0.03461046109979677,1.4979979705273936,0.805173909158474,0.0603746343950776,0.8987987823164361,0.8987987823164361,-0.8603489494480729,0.2944,8.115389538900203,False,False,0.28479835947113413
3,27.102075723533947,-0.7745171437861228,2.5,0.03461046109979677,0.0,0.0,1.4247605839391682,0.7658088138673029,0.05742290780645056,0.8548563503635008,0.8548563503635008,-0.8091276048859196,0.270848,8.15,True,False,0.3007149741273503
4,25.77705043233879,-1.5356603232752626,2.5,0.0,0.0,0.0,1.3551037861766975,0.7283682850699748,0.054615491654504494,0.8130622717060183,0.8130622717060183,-0.7611431794891398,0.24918016,8.15,True,False,0.31617271422859755
5,24.51680586274653,-2.2518391270973623,2.5,0.0,0.0,0.0,1.2888525216169395,0.692758230369105,0.051945330576383196,0.7733115129701637,0.7733115129701637,-0.7161788038221,0.22924574720000002,8.15,True,False,0.3324250330824696
6,23.318174873783114,-2.9258720276023826,2.5,0.0,0.0,0.0,1.2258402931373265,0.6588891575613129,0.04940571414717244,0.7355041758823959,0.7355041758823959,-0.6740329005050202,0.21090608742400002,8.15,True,False,0.3495127746538661
7,22.178145166558707,-3.560390089043376,2.5,0.0,0.0,0.0,1.1659087436891558,0.6266759497329213,0.046990260015822766,0.6995452462134935,0.6995452462134935,-0.6345180614409931,0.19403360043008003,8.15,True,False,0.3674788824220056
8,21.09385171401071,-4.157850098990288,2.5,0.0,0.0,0.0,1.1089072583279354,0.5960376513512653,0.044692897865560015,0.6653443549967613,0.6653443549967613,-0.5974600099469121,0.17851091239567363,8.15,True,False,0.38636850730237676
