Quarter,NAV_Bn,Cash_Bn,Facility_Out_Bn,Facility_Draw_Bn,Facility_Repay_Bn,Headroom_Bn,Tender_Outflow_Bn,Distributions_Bn,Credit_Losses_Bn,Scheduled_Repayments_Bn,NII_Bn,Net_Cash_Change_Bn,Unfunded_Draw_Bn,Total_Debt_Bn,Liquidity_Shortfall,Covenant_Breach,Leverage_x
1,28.127927791086144,-1.2170722089138575,2.5,1.31,0.0,0.0,3.15,0.8465625,0.2417597089138574,0.945,0.86625,-3.0270722089138573,0.6,8.15,True,False,0.2897476152716365
2,25.116835613350986,-3.894326552916427,2.5,0.0,0.0,0.0,2.8127927791086145,0.7559380593854401,0.21587935349596782,0.8438378337325843,0.773518014254869,-2.677254344002569,0.51,8.15,True,False,0.32448355061366985
3,22.428080586441823,-6.263076511425062,2.5,0.0,0.0,0.0,2.511683561335099,0.6750149571088078,0.19276948783241085,0.7535050684005297,0.6907129793671521,-2.368749958508636,0.4335,8.15,True,False,0.3633837487157426
4,20.027156546923703,-8.35963313334993,2.5,0.0,0.0,0.0,2.242808058644182,0.602754665760624,0.172133531240467,0.6728424175932547,0.61677221612715,-2.0965566219248686,0.368475,8.15,True,False,0.40694743564342345
5,17.883251213099932,-10.215927520765986,2.5,0.0,0.0,0.0,2.0027156546923703,0.5382298321985746,0.15370665197322309,0.600814696407711,0.5507468050404019,-1.8562943874160551,0.31320375,8.15,True,False,0.4557336863908683
6,15.968850755299318,-11.860053629673601,2.5,0.0,0.0,0.0,1.7883251213099935,0.4806123763520607,0.13725236849880723,0.536497536392998,0.49178940836024815,-1.6441261089076153,0.2662231875,8.15,True,False,0.5103685997751212
7,14.259386696879066,-13.316741874809871,2.5,0.0,0.0,0.0,1.596885075529932,0.42916286404866916,0.1225595146123808,0.47906552265897956,0.43914339577073125,-1.456688245136271,0.226289709375,8.15,True,False,0.5715533334812906
8,12.732920614444089,-14.60777260930723,2.5,0.0,0.0,0.0,1.4259386696879068,0.38322101747862486,0.10943952943262265,0.42778160090637196,0.39213313416417434,-1.291030734497358,0.19234625296875,8.15,True,False,0.6400731023764279
